device_id,customer_id,device_type,os_version,app_version,push_token,is_trusted,first_seen_at,last_seen_at
1,338,android,11.1,4.15.5,d21abb5b9d07a5ebcd4fbc0d4afb7fa7cbec4bc34b6d1bfca8da423d5de0712b,True,2025-05-19 00:05:47,2025-11-12 00:05:47
2,223,ios,11.2,5.12.2,b1db752eafd2a41b2b2fa1cb55fcca12fffd6269f4f62456bb8af6bddd80b04d,True,2025-04-11 18:28:53,2025-08-01 18:28:53
3,89,web,11.0,4.8.4,f0d6d62522f6d797efabef24a903f0da7abf2c91f0df14cd752ef04bbd4c75e8,True,2024-12-14 16:12:28,2025-05-25 16:12:28
4,177,android,16.2,7.6.8,560a4addadbdc61fba0e94baebea2106cdbacd006d0ceddfc8e97ba37412a3a4,True,2025-05-17 04:31:24,2025-10-09 04:31:24
5,571,android,14.3,5.4.3,b1f4785bf706bb5d0350e93daaeceea45a83afa42d0abdae93fa3b03118222a6,True,2025-01-07 19:13:34,2025-02-05 19:13:34
6,665,web,10.4,3.18.3,a9477fd26ef601c52fcf2a5f9e18f1ccddda59f5dcf6de9a6e3e31a86bccdc65,True,2025-11-28 01:23:49,2026-05-07 01:23:49
7,540,android,14.4,4.6.9,dcca6cd6afba83aa7ec60c30fde4c9d9bbfe85a4882aba07c7b9eeddb34dfbbe,True,2025-08-19 11:39:49,2026-02-17 11:39:49
8,840,android,10.2,4.10.5,8dda0b1cbbfae5efed6e7f96de30e1a9aff7aaafdd4bddbebe7ecdce6595ac1c,True,2024-09-01 17:06:10,2024-09-18 17:06:10
9,738,android,17.5,7.20.3,cfdaadc3fb25a45042a86fb34bf586f2baa2fda577cf8aefa1eeb6f9ccc4cadd,True,2024-10-28 17:51:28,2024-11-23 17:51:28
10,844,android,16.4,6.0.5,da4b86acfa4afa0b85fbfca6b5db79cfb9de822231ad53012a942bdc6be9d7c7,True,2025-12-01 09:48:44,2026-02-11 09:48:44
11,501,ios,17.3,7.3.8,7e14aedfccdeab4c8f2fae18b39c4c5c88eefa4eca96dcbf5e5acea9cf48f5b8,True,2025-11-09 13:01:45,2025-12-13 13:01:45
12,614,web,17.5,4.9.5,3bac5b7e3dad966d681027ac930bdb55cbc592cbc42d64ea1e6caffed911c296,True,2025-06-02 15:14:49,2025-08-14 15:14:49
13,867,android,17.4,6.8.3,f2455dadaa2adb8f0fdf20a19c0d4322cf9aa8adbdefccbe4bd4704dffcbd19c,True,2025-12-27 17:30:28,2026-01-13 17:30:28
14,159,web,16.4,6.6.1,3fab2c0babc9dfe564faddb6fab4acdf99dc271cbe59a6d6ff8c44b5dbb8544b,True,2025-08-07 09:18:45,2025-12-20 09:18:45
15,730,web,15.2,4.8.3,eebc91c7cf2d154cd9cbbdb8bde1bfc3246afede05ee7c13ceb6d3b63014bedd,True,2025-01-13 03:36:33,2025-04-19 03:36:33
16,714,web,18.5,7.18.0,cd4cfd4e702bfdd1b5770abb64c59ea7d9101e0862d853690f4aee7cc9a9cfcf,True,2024-11-05 10:41:52,2024-11-12 10:41:52
17,684,android,11.4,5.3.1,bbfb6ff4a3ab4afeb1bc270b1b157eca588deb390d8b1fdbe44c26eda6b1be2d,True,2024-06-29 04:10:32,2024-09-18 04:10:32
18,371,android,11.1,5.9.9,ae8ccf7cd6deabcc062c015efcce687ab73fa9e600bcdeabc68e36ed83adddfd,True,2024-11-26 01:54:45,2025-06-03 01:54:45
19,368,android,15.3,6.8.8,627d7ff7db69fbfb8ebaddaf4a9b1eacd27a44e78f88f4e24d476b296ef42a06,False,2024-07-21 04:12:39,2024-08-08 04:12:39
20,430,ios,14.2,3.6.6,aaee39f1ecb49bdbbded47e2ca0b4f8e5a7f77cca1b0dfcdbafdca2b9f9adbf2,True,2024-10-06 01:06:21,2024-11-27 01:06:21
21,789,android,18.0,3.13.0,eefe918eddb2feb6a0e26d475d32bbad1fb3fa2c6f189bd558c4ad1a4fa0ccfd,True,2025-09-12 21:59:41,2025-10-26 21:59:41
22,497,web,15.4,4.1.3,3ca9e0a6e6ad352b020c6a0dbc995da9922ac81889de73ff4260dcea1babfc7d,True,2025-01-22 08:00:08,2025-04-06 08:00:08
23,668,ios,18.5,7.16.1,aedb8bc6405fd4a6d7c2b172eb9a7bfe8ea4b3fc84dfccc2faedca30963096de,True,2025-11-01 03:26:52,2025-11-18 03:26:52
24,674,web,11.0,7.17.0,e8ccf6b2b449ffdf859bed0bde1a068c63cb222caa781bc3fa3c451ae9cb2a7b,True,2024-12-05 04:31:37,2025-02-17 04:31:37
25,422,android,13.2,7.16.8,fbe3168324fd93cfcfa69f4c8b29cd20d6dbb2f98edfc4bf3466fdebfc5cbe0d,True,2024-05-31 23:52:37,2024-10-15 23:52:37
26,357,android,10.0,7.5.1,2a9ff2647ee2195d7add5027e2fc473ed3ddd3a5e6fc4c8edbbfea8d613cac0a,True,2025-06-01 15:41:59,2025-10-31 15:41:59
27,687,ios,17.4,6.15.1,5a4a69cc6f3dd3a3527f4abfcd2dd13e9a38627ddc8b56204bd36f8af63b5669,True,2024-12-14 08:11:21,2025-04-20 08:11:21
28,261,ios,16.0,5.9.1,7dff6297beebad42cd1c44c4f63fac91c0039c971b0a9f56f08cae5162b8572b,True,2025-06-11 07:17:51,2025-10-05 07:17:51
29,162,ios,17.0,5.6.2,1fc8bb1c8d1ced8ff0aec03bb82dc555a3b2c39a379809cb19273c0dbdf0cb70,True,2024-11-15 06:20:44,2025-03-29 06:20:44
30,65,android,10.1,4.1.1,3dfa65f8d5a11b7d682ca15fffbb4bca35b6b56a4f6baa2a5b8109b127e3c56b,True,2025-01-20 08:06:36,2025-06-09 08:06:36
31,762,android,14.3,7.18.3,ea0bdea4e6adce2c2112cc6e5cbddafac1b61f9aad19be961bfacc3fb849bbac,True,2025-06-10 13:51:49,2025-12-14 13:51:49
32,955,android,15.4,6.2.5,a19afdef30a6278b71393a195aef5aeb3f0ffaf7d09fcbaaefc841cebcc2e3b4,True,2025-05-10 17:07:12,2025-05-16 17:07:12
33,338,web,10.1,7.7.1,445abd2fa6868048ced05ba0dca6dc4b1a2efc5ba3f345f4b8ed75f1d3fcaddf,True,2024-09-25 00:58:38,2024-10-10 00:58:38
34,955,android,17.4,6.15.6,5d5a3dfaa618ed02c1bdbc1adfd2c0dbeb7bf0ab2bda9c64df523fa7bfbaf1b5,True,2025-01-23 03:38:28,2025-07-08 03:38:28
35,127,android,16.2,3.15.9,0ba7d6b3e0d5b2ecd1df8fab0362de5d1aaabca9475187be01888cf6f3ba388f,True,2024-07-05 17:05:50,2024-07-13 17:05:50
36,352,android,10.4,6.18.9,542ab6b186c7b8413cded461e3e3a34c2d64ce98010f3b6d5a7919a1fca8de40,True,2025-05-15 14:29:55,2025-07-25 14:29:55
37,218,android,13.2,4.3.5,9d65d2ac4ec3405fec310dadfade4e245745bee9f4b2afa8faa0bedcafcfe22c,False,2025-10-22 08:41:42,2025-11-07 08:41:42
38,868,ios,18.2,5.1.0,b8de332ea9771cbc62c713d7fbeb92b93b5ba28bb7cc53eb0bfee7a6cd5fc9fb,True,2025-09-24 21:27:10,2026-01-09 21:27:10
39,612,android,11.2,3.7.8,9cf5ccedcb7c37aad5bb0eb91932a8fa8f0f9c5316b0bbda4aae5d9b3c60abfc,False,2024-12-10 16:20:47,2025-06-06 16:20:47
40,341,android,14.1,6.14.8,7dc58beadae1488dd2dcd2db2a1f2b5cce119b7dcaeef8d6da4cadeaca4f7c56,True,2024-09-11 12:28:58,2024-12-03 12:28:58
41,541,android,10.3,6.3.3,3bf79ee6fbfd403e1cadf49fa484adaaf2e6f3db7f1654bffcef62f42636c0cf,True,2025-09-21 22:20:40,2025-09-26 22:20:40
42,227,android,17.1,4.20.3,de41dcec1a353d36ca4fcfd9d0aacef645baca15037a2b7fa49eef9229e520bb,True,2025-01-19 05:25:54,2025-05-27 05:25:54
43,230,android,10.4,4.19.0,b4b17cadf3352c9f5ee64dc2fb459e8e60aea4c9befbb3c92ed2ccdc4cdbfba1,True,2024-07-24 03:19:55,2024-12-05 03:19:55
44,47,android,14.5,3.8.0,32bcc6ba1bad4547a41ecb871be01fcd87f4de3a46b368cea18e0b330dcef8a2,True,2024-12-05 07:20:57,2024-12-28 07:20:57
45,207,android,17.4,3.19.4,3bf492ed8e6af02ec256e72c5cd846a243b6080c60d6cde59b17d3a9ecbca5ee,True,2025-03-28 09:39:46,2025-09-26 09:39:46
46,299,web,11.2,4.19.0,b81224bfcce5beefee7cad7bd8dd17eaa77edbade42fff2eb2a1e1a8c1eb6617,True,2025-07-18 10:03:51,2025-12-04 10:03:51
47,259,android,15.2,6.14.4,5eaec5aebe42f732d7a1cccf6ddbc6e44b6236adef789ea4c47eeb159bbfa12f,True,2024-09-15 07:25:02,2024-12-26 07:25:02
48,583,android,13.0,4.7.4,0beb2bf5dddd207f66bbdf0a1c799e17455d2acb35c4c1e3e051af1daadc6d8d,True,2024-06-12 14:08:52,2024-12-10 14:08:52
49,440,android,14.3,3.1.6,e4fe8ae65acc0dbb1f8f934cb6bf0ef4d8e179bc1ea8aef07fad3b9ec12d38ed,True,2025-06-09 06:41:47,2025-08-11 06:41:47
50,596,android,10.0,7.0.3,5f8a933d4c4e2c4651d36f3f8aae4b3b5c22eafef1ab7faca2e1fcce17b1cbd5,True,2025-07-07 13:45:11,2026-01-12 13:45:11
51,361,android,10.4,7.4.1,e331b9c5d948aa7cad36fec4037bcebb7aeccd1b8e49bd08810dacbbfc4ced8c,True,2024-07-06 03:25:20,2024-07-08 03:25:20
52,779,android,16.3,4.16.4,f9bcab2c52c408e4243ec5fcb7585daca210e391e3458ae6c3dddafc76d05ad6,True,2025-03-07 20:18:17,2025-05-09 20:18:17
53,986,android,17.5,4.3.2,8c7175cbf39af6b8fffd04ee16a8c1be9ac2b71bcaa2fbab71d5dba9c72ddeff,True,2025-07-30 07:48:22,2025-08-05 07:48:22
54,735,ios,12.4,5.17.3,aca290cba24a53f8cf3d92cb9b8047aee7d90cfcb9905f4a8642d5ad66ee117b,True,2024-05-28 07:22:19,2024-09-13 07:22:19
55,432,android,15.4,7.7.8,ed58fbd3bf1820ddb5bfcb5965818d0b96afea74fc7fdb36ea6c75e5fdab81ad,True,2024-08-16 14:25:00,2025-01-30 14:25:00
56,893,android,18.2,6.4.8,3ffa78103b65745c70a56e238bb70ed5cff9db3afb4afce7dd6d4b0636ef01ad,True,2025-04-16 10:29:34,2025-07-20 10:29:34
57,1,android,10.1,5.11.6,5fb8beffae5acd3e277a89cf6ef9c26a78f944f94c70bda035ea33b0bcf8b2ef,True,2025-02-13 16:45:30,2025-05-26 16:45:30
58,239,android,17.2,3.10.8,9ac77feb1c9a8b3a4dcb7ebde7a20a1961f4a1fcd0d0eff8deae848d66a054f5,True,2024-08-01 21:32:30,2025-01-16 21:32:30
59,828,web,16.1,4.19.1,af517fd58a2dcaf240ce65c96657cd5d9ae819ea97b6aa0d316fb0f9da6a4e39,True,2025-03-26 01:23:21,2025-08-29 01:23:21
60,385,android,17.3,4.14.3,ddf5f1edbee8960da1e4432ba9dd529c2fbea95e75317065bf30dcca1a5acfa1,True,2025-11-06 00:20:24,2025-12-05 00:20:24
61,196,android,13.0,4.6.2,51eed93d4be8ae5aff3f9c42f593ed0e3ce11b0f4cca7abefffacde3d04f4be2,True,2025-09-04 04:52:25,2026-01-13 04:52:25
62,737,web,10.4,5.18.7,5ddefa724b807b662e0ad895ba7efc5a6ee1dfd4b4ecbcdefb6948cb3de5bdd8,True,2025-08-06 08:01:42,2026-02-07 08:01:42
63,925,android,17.0,6.4.5,8ebdb3d1afe2f75ecbb2a21199fa9e8fca75ea912dafc2b6204fbf73e9b0d3c6,True,2024-11-29 23:31:13,2025-04-08 23:31:13
64,31,web,14.4,5.18.4,ca31abef9ffbd5bcfa2ba3257dd4bdd1796ba0acccfcb35bb0427f6aafeabaeb,True,2024-06-08 03:46:00,2024-07-27 03:46:00
65,37,web,14.1,4.17.9,214a6a5bfd1b6cd88cdeb97e82f21521c7d3fcffe883eb7e4da6bc3e406e1d03,True,2025-05-17 21:30:26,2025-10-27 21:30:26
66,19,android,14.1,7.13.3,7ebfcd84f9fd5ff73f154e6a6a2fdcd3abcb6fa8efd73eb81678ca15bc31c498,True,2025-10-05 04:31:52,2026-04-05 04:31:52
67,210,android,16.2,4.15.0,c4eebfeaabaa1cde620da8dfbf3e3f7aecd1cd98889aa9aa1721057db7ba6aa7,True,2024-08-25 17:50:55,2024-12-24 17:50:55
68,626,ios,12.4,7.19.1,cfbbbec6c06af8bffb4d06d72c5cb5ba0c8024bccdcdc41c35d84b7d7af0bd43,True,2024-07-15 17:13:30,2025-01-10 17:13:30
69,834,android,12.3,6.1.2,ed3d2a343ac0a14e56f09e17eb2d9bcdea43354cbaecc3c57b5420bc3caceeac,True,2025-08-09 18:17:49,2025-12-03 18:17:49
70,83,web,10.4,4.6.2,abd5b1fcfec7728767ff616aefeaf396ccea00cc64b60f27ad532ee83f4f71bf,True,2025-07-24 16:12:44,2026-01-17 16:12:44
71,949,web,12.4,5.13.0,2eeccd3b9e99a22f1b7aaec0fc14ad1ae991c228f7ee2e8b0a3cd4be817c9c7d,True,2025-05-11 16:22:02,2025-08-10 16:22:02
72,724,android,17.1,4.13.6,6fb224fe53aec32e36dcfa61fb25c0aeaf63c56e5ff0c695ebee806796a7fd0e,True,2025-12-14 14:34:15,2025-12-17 14:34:15
73,500,ios,18.1,4.10.3,bd3fa7ebf3b23aac468d842a14bcaefdb5dca798e8bdcbb09bc16f13a9ae84ce,True,2024-07-19 10:57:17,2024-08-14 10:57:17
74,147,android,17.1,3.17.6,cddf32ab5a1aefdbc7f63d5ea4104eb2e1b80e0b78cd2acecd0b64c40ebc45ee,True,2025-06-01 05:43:11,2025-10-05 05:43:11
75,915,ios,15.1,7.7.7,467be3d1d8e5d2d963d6be9ccfa2d32354e3e58ce4cc4e7d741a4bf0f756afb2,True,2025-08-19 16:44:16,2025-11-22 16:44:16
76,449,web,17.5,6.11.6,5a5dcccbd4ffe352eb9bd70aafe21eedef2bf88fce2cf01cfcd7b43dda68acef,True,2024-08-04 01:43:57,2024-10-28 01:43:57
77,840,web,13.3,7.20.8,cc5aca6d5fee2a3dd4ffaec673ab6aec282edb97eeef0d1f3ec4d2cfa55b5a7d,True,2024-10-08 01:20:17,2024-12-27 01:20:17
78,952,android,13.5,3.7.6,fd28ac0fbbdeebf8be52ba57e1cac1e8ba8dcfe2e229dcb3661074fcd243bb27,True,2024-06-21 00:01:59,2024-10-14 00:01:59
79,611,android,18.0,4.14.0,d3542459a44e7050f53d4cc5f700b015fa7b00f9f57f7bed8377d959175b5e6e,True,2024-07-15 17:23:56,2024-11-07 17:23:56
80,465,android,18.5,6.9.3,bab1faf7cbbb9b3dc4144b80de5f0f9a572e0af02eaaa396fe577cab9048d57e,True,2025-04-11 18:14:33,2025-10-01 18:14:33
81,829,web,14.5,3.16.7,0964a8343067ab32dacfd5a9baeb0cef1cf6caeafaceb4e0dcdcf007859ddecb,True,2024-07-01 08:30:29,2024-12-18 08:30:29
82,130,android,12.2,7.14.5,3ed586ec762e0b4c3cfbfef8d027052c9dbbde274a6a5b81d7f78c482bd8ee85,True,2025-06-28 04:05:32,2025-10-28 04:05:32
83,183,android,15.1,7.7.7,55b8b957fdee7b3f06cd441adcf8a7c5dc7612ab5cd15ea71bcfbe2dc3c91f2e,True,2024-07-30 17:46:36,2024-09-18 17:46:36
84,208,android,16.2,3.19.5,ef4b8df40cfdd567adcf3f9fec7b1cbebff2a0deebe2abec8ec90a99aa4ecc2d,True,2025-08-17 22:44:57,2026-02-03 22:44:57
85,159,ios,15.0,6.10.7,8001bbb6de30bb1fb6b0dccddb337c922ef1b3ab4f27b7f0c7cc5feac7d2f33b,True,2025-11-14 21:55:56,2026-02-12 21:55:56
86,225,ios,11.2,5.11.5,fbaca9bfda26a0e6cf52138bfe1afc318bab3e29ddcf7ac0450f510fb7a11f1a,True,2024-08-02 16:59:25,2025-02-05 16:59:25
87,916,ios,12.1,5.6.3,18adac4ab0977ae8627ea0b98e6417d357ddec283cffd925d2d97d9af616b9b3,True,2024-11-30 22:42:21,2025-02-21 22:42:21
88,953,android,16.2,4.9.9,cdfac3d7dbeff6bfab1c4f08ebfd4301abeac34c9ea1c7190ebadfdcb56ff2a7,True,2025-09-24 04:28:57,2025-11-05 04:28:57
89,621,android,16.2,5.19.5,c1ad79d796f1fbb6cb85394d5e5b1dd027e24d2fe237d26cfb20f68b655bbd9c,True,2024-06-24 16:04:46,2024-08-26 16:04:46
90,572,android,16.3,6.2.6,0da102e5f1ab4727fcf43feb3a3a6fda5bea541eb5d8ec854efa9ed2f9a9e12f,False,2025-10-06 05:02:26,2026-04-01 05:02:26
91,280,android,12.2,5.7.1,fbc5c2b710de9bfaeacdee4d40fbeb27ff544beb6dc8268e5cac831c8f2c38ae,True,2024-12-17 16:55:41,2025-02-05 16:55:41
92,500,android,16.3,6.12.6,032078f1ef0c690b8a2513d3c7d346e9acae82fda19ce2fedd2cc283cee181ef,True,2025-09-01 16:52:05,2025-10-24 16:52:05
93,860,android,13.0,5.4.2,06c78c4f38aa9326a8ffbd5cd716f40d45d2bbd74c7caaac1fc44d4c3c57cda7,True,2025-03-18 06:57:52,2025-07-25 06:57:52
94,910,android,17.4,6.10.0,8871bfe882e8da600ec5d9b7e165a2e2458f32ea6b13ceb382d1bb1dd8fdacf1,True,2024-09-27 20:48:08,2024-10-25 20:48:08
95,402,android,16.4,3.0.6,bea744d0d8c35129b3cd3fcd21a24d046bb4d26a581e4048e78b86c734c0d17b,True,2025-04-02 00:04:39,2025-08-23 00:04:39
96,383,android,12.0,4.3.9,8df8eac3fe18883049bddfae4faebef6acebb75dcda0bd17ddbe96aa0b5fafeb,True,2025-10-01 08:25:08,2026-03-02 08:25:08
97,27,ios,16.4,5.12.6,dfbdedada4bcfe0ac60c40adec3f6831cac3aae61acbfcefc8c902c1e1a29462,True,2025-07-08 13:37:37,2026-01-21 13:37:37
98,743,ios,11.4,6.6.2,dbda9d2b0dd2afdad415f6b140e122df9b8ddfb4ba3ef9dcfda9f0a7b0dacf69,True,2025-06-24 09:54:27,2025-11-17 09:54:27
99,202,android,10.0,7.3.2,47e39c9d882affedb42bd5deec5cf77acb4dc0e14d38df62da8dba833030dc37,True,2025-12-03 16:16:16,2026-05-16 16:16:16
100,320,ios,11.2,4.14.9,873dd6d88b0547d900faeaa6daa7e64e03b0a68b938dba68f0e725f973d932fd,True,2024-11-24 08:17:35,2025-02-13 08:17:35
101,524,ios,11.5,3.15.1,10f462de7162d15b1c2f95ec27ec55f16af6ffd92e9c5f2cf3cdc5db09b51eca,True,2024-12-21 00:34:58,2025-01-25 00:34:58
102,145,android,12.5,7.12.7,b5dcc9fac7ebe04eee8cdd3072c1db4e34cb9c224dbeaed626eddc1ad34fd644,True,2024-08-31 06:18:08,2024-11-01 06:18:08
103,453,web,17.5,3.2.7,0b30bb1cab495cfceddbb3eeeba7e5ff2ab2a88b1cee24e02b6bb3a1efa36bf4,True,2025-06-12 01:22:56,2025-10-29 01:22:56
104,675,android,16.5,3.7.0,aec976dead3c17a2ccaffdef0d0041ebfa09e9f72ede9a57dc9f816cb46ef9a7,True,2025-04-11 11:23:51,2025-10-03 11:23:51
105,701,android,17.1,3.8.3,bf43382bd3b5ad7ef3d54ac1f75d27f1be4d4dcad7dbb0e60cb1ffd2c5efbbc8,True,2025-06-10 13:19:03,2025-07-04 13:19:03
106,838,web,12.3,5.3.8,4e362193fee63ef4bc86fbf52c82f5e11ffd7bdc27a8d658bda3ff737f9ad24a,True,2025-08-16 23:31:31,2025-12-20 23:31:31
107,485,web,16.0,5.2.8,fc1a393789fef7dc0cfce2ae3d9afffbb76cd5fc47e78b7cdd7de2b5f58ef0bd,True,2024-07-27 16:45:21,2024-08-13 16:45:21
108,831,ios,15.3,4.16.0,01c8eceac50ceb87deccde5a3ca522ad8fc9dba9ffe6e5d5b933d28a9d10aaef,True,2024-11-01 19:41:47,2025-02-13 19:41:47
109,798,ios,17.1,3.12.0,d151fe073f4d917eaece4d6def8019cee3b81bfff97bb2afccf3ddbae3c5bc89,True,2025-04-27 07:31:47,2025-10-28 07:31:47
110,483,android,15.3,5.5.9,eed43e66da75c81649bc8c1b23ce9570fb7c8d921dca6e2f44f3fb2e59fe3fc9,True,2025-03-13 15:46:54,2025-05-25 15:46:54
111,175,ios,16.2,7.4.2,ddfcbdc0cf5bebe6cdbb94fdb4f4e4c630d2b75dd7dd14bded27effccc89dc9d,True,2025-02-27 15:32:31,2025-08-27 15:32:31
112,300,android,16.4,5.3.6,fcc6dd9780b7fec14ad25dbbdaa4da611c78b4cbf918eaccdb67c1e9a4936b8d,True,2025-04-07 01:35:55,2025-04-27 01:35:55
113,83,ios,13.1,3.20.3,f9ddaccadc35c442b7dd36a9ceeb8f1f8d21659ae786ba9caa8b6175ebba2fde,True,2025-11-16 08:04:06,2026-04-05 08:04:06
114,235,android,14.4,4.10.4,eed2a1cbf2ff5fe9f46d111cb3ef4f6ca7b3fae54ce46dcfcf9e5cc33bcb41db,True,2025-01-20 23:14:59,2025-05-22 23:14:59
115,37,web,11.5,6.7.9,cbaabd6558f6d68af12e7ce5b2ebfd781b72f4ddf6ddab6f1dc8001f8edd92ef,True,2025-07-26 14:30:42,2025-11-30 14:30:42
116,820,android,18.3,3.13.5,ae1b6eeeba832e66fa53cac3edc6c88cba3fcbb36dfbdca55337643bb7615d1f,False,2024-06-29 04:44:39,2024-11-29 04:44:39
117,934,ios,12.3,7.5.8,aadce32a8c348b1fb2c6fcbe7a411e73104cbcfee208790aebb4a8b5e6a8a6ea,True,2024-12-26 04:10:20,2025-02-10 04:10:20
118,257,android,17.5,7.12.8,7afdf2cbfe78ac18bd6cfd3ab71a7bbff26a81d60b30b2f85fbecce5dff6ecfb,True,2024-05-26 15:55:54,2024-12-12 15:55:54
119,437,android,13.2,6.14.8,89f9f239f63aacc1bd14174a51dd8b209f23e8ef4cbc562afbb9ecb4204efcbe,True,2025-07-23 19:38:57,2025-08-19 19:38:57
120,936,android,18.4,6.11.4,e4e24edfb91909822b6acde46ce690a711eb021dd1d2ef716f6fb1eda9ad27d2,True,2025-04-11 04:49:22,2025-07-09 04:49:22
121,282,android,15.3,5.20.1,0e39ebf1a76f62ca65d8fe0e3f3feff8dfbddc5a417b934bb8aeabcb1ceb7d1b,True,2025-08-09 17:37:57,2026-01-30 17:37:57
122,81,ios,10.5,5.18.1,f9f5cdabdec525b4e3e4c768696e6b2ce2b06f58f6e0d5cc96f5bf6bdb9ecdfa,False,2024-06-18 17:55:34,2024-08-25 17:55:34
123,268,web,12.0,3.8.4,14e4eb92fcd3ae7d08fdceb6eccdfac0b3b63cb744cd8fffc67b866a13daab7f,True,2024-09-19 04:37:45,2024-12-24 04:37:45
124,702,android,14.5,6.5.3,97fd2ecc7b7fe851124d5ecdb1ff15f6d7e8faf5ad789c4dcd61ecdba27adef3,True,2025-10-06 20:20:15,2026-02-15 20:20:15
125,62,android,14.2,4.5.9,f077ffd84caaff50ab8fb65edea7905abf5574d8feef989ed1becc30dc7a9b6d,True,2024-09-26 16:54:50,2025-04-10 16:54:50
126,465,ios,10.5,3.13.3,7217dedd0dbe0bc8a8bcb9aadaa43b87a57fa4da3b3adaadf7ebeefc0cb39ac1,True,2025-06-09 06:22:55,2025-10-22 06:22:55
127,157,android,13.5,7.14.5,6c31bd44e0c8aeeb9bd87e38db7f4e45d07e69b8aca1ddb2c4c4fcc7cb4d029e,True,2025-09-01 05:41:57,2025-09-13 05:41:57
128,800,android,17.0,6.2.8,52af5cd0a6baeec0a2a3d38df3b56f9afc2e89aaccbc4aa16c1aef27fd03adfc,False,2024-07-07 22:33:09,2024-07-17 22:33:09
129,339,android,18.4,4.15.0,cd63bb281ea3ebeff4ba74e0f3b33a0d52b15d4b7d1aedba97bf8e3fc8b3af79,False,2025-01-05 11:06:22,2025-06-10 11:06:22
130,70,android,13.4,5.3.1,d4d2ddafbdaecadf8cdd173d0a8cbb7d1bc8c6c36edfad7d49fbfead236bd0a1,True,2025-07-22 05:37:41,2025-12-13 05:37:41
131,625,android,11.3,7.7.1,3062161fb49c56ffcbeff86cfdb9fb3aa0ec78b06b9dcea05128d01ca16ff5de,True,2024-08-23 14:35:50,2024-10-28 14:35:50
132,340,web,12.3,7.12.0,a2a6504ba0e1932993dfecbf9de42da630c2a4a719cf03ebbaaceffec6d50eb2,False,2024-06-24 17:06:57,2024-12-12 17:06:57
133,759,android,14.3,4.5.7,d3b280b3dabb087ccddbb587dcab7bac677dcfafaca28555eba4741f5c9aec26,False,2024-08-28 20:51:19,2024-11-21 20:51:19
134,880,android,11.1,7.11.3,81923e871d27bdf7afef5b27812d1c68c1e4fbfeab3c99ae2bdddb933bb468df,True,2024-06-16 19:19:24,2024-12-12 19:19:24
135,366,android,14.0,5.8.2,a0b4bddf3167d43fffd3a1c3ea7623561ce3cf8e1d21a4ed7bdda2526e4eec0e,True,2024-06-17 14:02:22,2024-08-10 14:02:22
136,260,android,18.0,5.17.8,27b2227b1892f9a0ecfe1b78b5e7d327fde9d1abf6a206bb515e1d52afcbacaa,True,2025-12-30 20:45:01,2026-07-11 20:45:01
137,619,android,18.4,6.19.0,cbe3cfa4c0dbbbe4ef40102a75ed79cbb4bcdf944bdd22f4bdc9ac09f7bd6bb0,True,2025-06-24 00:28:26,2025-12-28 00:28:26
138,266,ios,16.0,6.20.3,ddea9cc2e7ccf8b69ae7a13fabe19dccc54b633eaddbcc2eae689ec09ebfd352,True,2025-05-19 03:28:36,2025-10-22 03:28:36
139,630,android,18.3,6.6.5,95b9bca3bbee0ed0b6fcc7d3cd0ddcfbafe0b35a35197e51a6fd314c0afb5bf9,True,2024-05-18 12:22:30,2024-08-10 12:22:30
140,908,ios,16.1,4.3.5,763cf44bbcc50990ea5e095ab11ff43acf5adf8e75c9606b2adee129f9c35cf5,True,2024-09-24 08:25:32,2025-01-02 08:25:32
141,97,android,15.3,7.2.6,bb140c7d8ba7fad573c85a5bfaecc83ed3e0989c6daae0edaae2abd4503a65c6,False,2024-09-09 11:06:49,2024-09-09 11:06:49
142,784,web,13.0,4.3.9,ac42b91a34ccad4caca44a4f9e9aa0fc16cadf217c6dfb4fcd79e2cffc1b56bc,True,2024-10-03 12:39:19,2024-12-21 12:39:19
143,537,android,13.5,5.3.2,7ac77ed6db3b36a22ff88d9cb61adbf7bfddbb41bc5c5fcd137bbd93b7bbee96,True,2025-05-21 04:56:23,2025-07-21 04:56:23
144,854,android,16.5,7.17.3,80ab1b8e9465221fcec74c4fdea29cc39aadaacafb0f7703959def1dbb71831a,True,2024-08-20 02:17:18,2024-12-24 02:17:18
145,980,ios,16.2,5.0.5,9ec0e155d0df5eb6354d2ceb5d4dbe8d34512cf55994a955f212efbfdbb78d69,True,2024-11-30 09:57:30,2025-06-14 09:57:30
146,837,ios,16.3,7.5.6,ed662735c7eb21aebe78d0acee411ff7e6f8897b02b5f97e0c75e34b1a6ec37c,True,2024-06-08 13:04:28,2024-11-08 13:04:28
147,810,android,16.0,7.2.0,4eff1ab3afdae8bebfd2cac514e8081abc0efecfbd1cf5272a99fe1dd5debebb,True,2025-03-30 05:13:08,2025-04-19 05:13:08
148,553,ios,13.4,4.1.3,d6be3e2b59cb241b8c7f5b0cba08de7fd40bc7f098cad39e63ead4d02fc14e06,True,2024-05-16 20:29:29,2024-06-19 20:29:29
149,697,web,10.2,5.18.9,cbaf1e7fa00fc0df7995c8c5fcc1bfcd4ebebf186a5dfde2fbfdaf832ddbaa4e,True,2025-05-22 11:30:01,2025-06-19 11:30:01
150,545,android,17.2,7.11.6,d1deb7bc7aaacbdf783ffaf88045e5b814f4fccd0db8aa65093889a85c2deefc,True,2025-07-28 19:28:41,2025-12-05 19:28:41
151,882,android,15.5,7.20.4,40a4ec715baaf26a0cc1d86d3aecfb8f5cd2400ac364ba121b42ec5bde8b62fb,True,2025-05-25 10:49:31,2025-05-29 10:49:31
152,856,web,12.2,4.6.5,0185ee624b489ca7b702fd2b280edd510a6f9cbb53fa4eac476bb366f791dcba,True,2025-05-09 03:22:19,2025-10-02 03:22:19
153,394,web,10.0,5.6.2,d06ccbfb97d2b9f17c3b9de0ee268a403496b721f3e8ddb1e71d5917d3fea8dd,True,2024-12-30 08:19:40,2025-07-10 08:19:40
154,368,web,15.5,6.19.3,cee5e9bcb0fc4777d32139aed94eca55a8ee6dd0fd287409f8b6fd0abf4629a1,True,2025-01-24 22:41:59,2025-05-11 22:41:59
155,167,web,16.4,3.12.8,66cbae5069bf65fda6af8eb4ea60ecf5ac175efa29f3f3fc802ed4b4eaa759c0,True,2025-08-29 10:56:08,2025-10-26 10:56:08
156,668,android,14.5,7.10.4,ab352f014eadaae7d37e49a3c36abab59e2964bfe5d9c7837f58292e07febaf5,True,2025-02-08 02:39:55,2025-03-03 02:39:55
157,570,web,15.5,6.20.7,1106eccbee6ec99d3cdbefbb7234fe9b0ffd37d088fb7aa75ad6eb5cda442b2f,True,2024-07-08 13:31:39,2024-08-31 13:31:39
158,202,web,10.5,6.19.2,db11b0cc4a7db61ba05ce5ee653e1fcef92d9b99ec4dea3af0da4c9b24b73bcb,True,2024-09-26 21:09:33,2025-04-10 21:09:33
159,111,ios,14.1,5.6.0,e8fd403f9d514138bfd4ddcc68d287d10ffcbe4d63dbed6da6cd728da2c9a816,True,2025-12-02 20:55:41,2026-01-26 20:55:41
160,723,web,13.3,4.5.9,90bf8de0b04b33700c046ac22eda9fbbbefa309d6341f743cd4d2acb89eebddb,True,2024-12-08 05:39:30,2025-04-17 05:39:30
161,944,android,14.3,6.9.4,257548fe05d9ebbb8baa574a9178287aefaf764df485c9ddd6ab7e1110b2c8fd,True,2025-11-23 17:33:13,2026-02-09 17:33:13
162,517,ios,11.1,5.1.2,aabbbe517ed6b187e5e4572c1fda2f0c28fe65cbfdcaa2b24fe99a33f5287c4c,True,2025-04-30 09:05:42,2025-11-08 09:05:42
163,657,web,13.4,6.1.6,ebeadbc58bb407b1fbedfb966b688f59e44e3b1159fc7b941dd5d143c7a4e37e,True,2024-09-07 14:53:00,2025-02-03 14:53:00
164,226,android,12.5,6.12.7,fdfece6ce288bae4eed6406e7ddb14129373515a53b43e50802bfdf1bdabe0ad,True,2025-03-20 06:38:53,2025-04-14 06:38:53
165,19,web,10.0,5.16.1,ac19ba8e0ee142e744e9f872efcff5de19cb284bfe7cecc1e9a7e6904dff4f1e,True,2024-12-16 10:45:04,2025-07-02 10:45:04
166,848,ios,15.0,7.3.1,8c212f21c384dc3b07f0df4b78fcbf606abb5ba3baa51a38ae77bedff9cc2bd6,True,2024-12-17 03:00:33,2025-05-24 03:00:33
167,190,android,10.4,6.11.3,760b26bbc65dba5cedae0e66de2cafbacac363e1d1fd0a2ecd846a947c23bfb1,True,2025-10-04 12:52:28,2025-12-11 12:52:28
168,485,ios,14.0,4.15.7,188ea2ba24b64ac557f527d4abdf2caeeab0bfeeea504d9fac4c7ebad5e2f8a6,True,2024-06-20 05:31:48,2024-12-21 05:31:48
169,408,ios,13.4,7.5.4,0aeefecc7f9a3c3a1da3eb2cfe1126ff3f8ed7c8d1e3dbcfc1fb029a7ba4a813,True,2025-05-09 07:20:04,2025-09-26 07:20:04
170,251,android,15.3,3.4.2,81e81acbc3deea11462c7323ef2bdcd5126e56e3c929a0fb1afd3bedefeae0cf,False,2024-11-16 01:03:21,2025-04-02 01:03:21
171,217,android,11.0,6.16.7,7dea3cc1a9c16dd4cd8a2b53f4a8fe6ea8167ccab091be1bc7c5cf412d4ecbf2,False,2025-07-27 07:05:15,2025-09-12 07:05:15
172,891,web,17.4,5.9.6,cdcc1f47b5f1e7c0f4eb4fba5fe6fb26fba80cadc3be9eb56ca2ffcacb5fcf29,True,2024-10-08 07:37:04,2025-04-22 07:37:04
173,489,android,15.5,6.7.6,c3c95dce4fce7c40c9fa6ab999fd890618f1512e08f0419a448b28cbeee56a55,True,2024-12-04 07:13:32,2025-03-06 07:13:32
174,230,android,10.0,4.1.0,0edad1c359dd15ade4641c0ed928dfaacbf096dd0db58bab5fbbbbeabeb0eb9f,True,2025-01-15 12:46:01,2025-02-02 12:46:01
175,683,web,12.3,6.9.4,fe2a7cc0f637f87eb39018ded19c7a80fe1da883b56af4e2e0d5798902eefca4,True,2024-09-07 15:48:06,2025-03-13 15:48:06
176,581,web,11.3,7.4.8,97fcac930afed2ca99b7ebc131d4aa474b139feffd880cbf2e0af02afcf338b1,True,2025-02-01 20:48:54,2025-05-23 20:48:54
177,249,android,13.5,6.12.3,b47df7c7cfad97edcd312aa1caff7ac977e4c3cd221bceffffa32be39b271dbf,True,2025-03-12 22:27:44,2025-06-30 22:27:44
178,406,ios,11.3,5.8.8,d75f567aedc90c26a6fb116d09daefdcb8ed09f6bbd0b0ae64bc9d41a5c2ee51,False,2025-10-19 15:59:08,2025-11-25 15:59:08
179,108,ios,14.1,6.12.8,d63ecec1d40c533d831823be3dfcda5c040ea7ebdc9c1d5f542bfddafb6f7a2d,True,2025-11-17 17:42:18,2026-03-06 17:42:18
180,886,android,18.3,5.13.9,dbac98a39eb4e8ee29bbe0c6b49cfdfbedf5e248dd79102de60dfc7acf1beec0,True,2024-05-14 18:19:59,2024-05-17 18:19:59
181,480,android,17.4,4.4.5,dd7add953dddebc2a0fcfce6eccdd5bff4f965a086d97b1e20459afc59eb0a63,True,2025-12-15 09:06:03,2026-05-09 09:06:03
182,200,web,17.5,6.17.6,5d0baa84ac6f3208420cae424b4d6cbc8cea1f7d1c335fa5ddb9ad66a2a9e9bf,True,2024-08-25 04:44:40,2024-09-21 04:44:40
183,724,android,10.1,5.10.4,9f8e77ad8aa2df6b7beee97b4527b4faa7eabed0b2a74c0924daeb9d38eb03fc,True,2024-07-12 19:02:42,2024-11-15 19:02:42
184,247,android,14.4,6.19.5,587b90d819e73a2ecb802bea0aec0ffd1a71b82ac5eb0bb11c29fd795740cb5b,True,2025-06-24 11:18:40,2025-12-18 11:18:40
185,811,android,10.5,5.2.9,33bc1d8fa01feaec110dfde1088b537d2cdfd2ef5591e8aedee25c1ded2d8e22,True,2024-12-25 06:19:50,2025-02-23 06:19:50
186,903,android,13.1,7.20.4,bff94db99462de4ffddfb4efcdca3df0df23bbbecefaaf9d699e12de7f7bebfd,True,2025-08-15 03:28:35,2025-12-28 03:28:35
187,737,web,15.4,6.3.2,8d4dafb8189bc2c038abe3ba5c0f1eacca987e4e30292f029ac940dec30707fa,True,2024-12-14 07:19:46,2025-02-21 07:19:46
188,520,android,11.3,4.19.2,df7a84c0fccfa1d0f7e6efdff065a078a31d1a77ae36e542e4cb34ec9da2a9cb,False,2025-08-21 18:08:45,2025-10-03 18:08:45
189,862,android,17.3,6.2.0,72e8c2a0cfdeb6fa5bbeb0feebdff524c4a68ce382ccc658a5a13bfbd69ca6a6,True,2024-06-21 10:57:39,2024-12-03 10:57:39
190,262,android,11.1,6.3.9,ceffe1bfba6b67de2c6cb9acdedbba1bfdbe9add2423c1d3a3dd91d9e8ddfdbb,True,2025-06-22 21:42:53,2025-09-24 21:42:53
191,131,web,14.1,3.19.0,1ea58edd52d4b7c3dc5983aebc83c66cfbafe3bb8dba6ec1fdacafa9aaaefd11,True,2025-09-02 20:25:53,2026-02-16 20:25:53
192,718,ios,17.3,4.5.9,a8f4cc9a1bc057485df2e5d0033f7f038aff1c94c57dca5d8cbbbd6a2ae568bb,True,2025-05-02 15:39:45,2025-11-15 15:39:45
193,59,ios,15.1,4.8.8,0ffb93afc98ce256ab5cfde89efe577a1ccccf8ffcec10ff02c76ecffcca5e3e,True,2024-07-24 22:58:00,2024-10-05 22:58:00
194,88,android,14.1,5.8.2,84fa4009fb09a31c7484a6acf8bddc3918ff38c7c97c206ae7a43d102fa1b3df,True,2025-04-29 23:41:16,2025-08-21 23:41:16
195,815,web,13.3,4.11.7,607dfb0f2b237ca8c3edfbdb738befe6a8b8d51c9e1f1e24a7e6e46fd4abec9a,True,2025-06-24 15:19:11,2025-11-28 15:19:11
196,737,ios,12.4,7.12.4,566baab88dd4d80faef0ae11ee96b84758ef8aafa5b5b6ff2fcb487db5ab7c4b,True,2025-08-26 15:57:49,2025-09-15 15:57:49
197,745,android,18.2,3.12.7,16c5d7f9fecbdda032958c185d8774f8ee79bbcedc5a5342a8ce4307fbd5639e,True,2024-07-14 12:48:27,2024-10-30 12:48:27
198,320,ios,13.4,6.19.6,fecb30bb5be41cf6cd5bab0acecb9d690b2b0956419aadcfacb1eecece3c4fc9,False,2024-10-07 13:22:26,2024-10-14 13:22:26
199,642,ios,16.4,3.13.4,499ca41d65aad5c1912d9dbe3bc9d9dd25031f68dee7ceb6edefaa1909697caa,False,2024-07-24 20:27:03,2024-08-12 20:27:03
200,370,android,13.0,3.6.2,8aacfec7cca69fa3cab0c1dac8096360fcd5a49a86acd4d07edbddb3a5a0f19c,False,2025-05-29 20:29:38,2025-08-27 20:29:38
201,837,android,17.4,3.19.9,bae6af3fa8b7bff039de5d950a88ff7facbdbe843cbcd6e40fce7dcdf58cc6a4,True,2025-12-10 00:29:53,2026-04-04 00:29:53
202,401,web,13.0,3.9.7,fdfce8b3c3b74c17f979783edff62cd5ce6cf03eb3b75879ba6efda63ef2d163,False,2025-12-06 17:21:31,2026-01-02 17:21:31
203,369,android,18.4,7.4.4,c660de048bb4a81ececc45c27f8a382cbebe1dd1553dbdfaf8eecbccd5bddc1e,True,2024-07-05 09:16:49,2024-08-21 09:16:49
204,762,android,10.1,5.9.0,a9bd2beb5d4275effbdff9f97abe85fd8c64ade517d772111b25bd63d43a3861,True,2025-04-13 07:51:53,2025-05-28 07:51:53
205,198,ios,13.5,3.11.9,eb5b4204bf53810ba8f8afecc65b9ccdc0e4eaefe48eef502dd1deff0fcec04e,True,2024-07-28 10:06:04,2024-08-02 10:06:04
206,310,web,12.5,4.19.0,8edc70542e446ccabfa1edec563cb09e6e9a2aea2be6dbeceae7468fd6882fef,True,2025-07-20 05:51:55,2025-09-13 05:51:55
207,645,android,17.0,3.5.0,de65bbbb3ff2fad5bce0ffab23c9dfae31eb0dbfcff222ddbd4cd7ef1cd2b0cc,True,2024-07-10 20:42:14,2025-01-01 20:42:14
208,34,android,18.3,6.9.7,cd95aceb9bbedc8b65acf7d8d7febc05eb05831634fa8063f636571ebb41ee4b,True,2025-08-18 15:45:47,2026-02-23 15:45:47
209,455,android,18.5,4.17.3,94efd78a02231ba7a22890d396bde45d5bdbcbfb5eef136d7ccd40ffbd431e76,True,2025-06-08 18:15:35,2025-08-26 18:15:35
210,121,android,15.2,7.18.9,d0f9f8cbf03cc9bdbacca63363af1cad0fcdf5d1ac6c82cfdbca8da8d356dbbe,True,2025-12-18 08:04:57,2026-05-11 08:04:57
211,477,android,12.2,5.12.7,47b5d2c6a0c87b83b03f77be7849e6eaca5f538ffd77ed45de9dcdbea8a964af,True,2024-10-13 12:21:41,2024-11-11 12:21:41
212,795,android,17.0,5.5.7,e3eada5b6a5dbbe0f33ad8babb8f7ce91ca2e169e71a4bc6ab6b4bfc61c15fc2,True,2025-05-18 19:37:30,2025-07-29 19:37:30
213,774,ios,12.4,3.11.4,f2d7b51f11fa99cbacff3dbee10d4e9a2fa26bd4bdce4ff24e78aa1de1fe0df9,True,2024-07-04 18:54:04,2024-10-17 18:54:04
214,806,android,12.4,6.7.5,3c4d7cc2713b080fb422cebafbbfaaecdefde5e05c9a2be859b7232bf99eb22f,True,2025-07-21 13:38:06,2025-10-15 13:38:06
215,712,ios,15.3,6.18.0,fc2aff175005dad0f1cffae54ff3d3d6aecff1ebe38afbb9d9eac5ebbaaf84ec,True,2025-03-19 06:57:14,2025-06-14 06:57:14
216,899,android,14.5,3.9.3,dbffcaaad7cf345a3aecec6e61a9b2fa8bd2baa199f4dbe1df9327fceaa9a99f,True,2025-12-17 20:21:45,2026-02-25 20:21:45
217,781,ios,17.4,6.3.9,76500d1daa6327dab5ff9edd66e28eecbecf384f12f4ca32f31263b1e246ccad,True,2025-10-20 20:02:35,2026-02-23 20:02:35
218,622,android,12.1,5.17.8,55eb03efb3b23fe7eee5a89d91b4fc99acc904dcefd2ecafeeef1b0242eebcbf,True,2025-07-27 11:42:03,2025-08-23 11:42:03
219,128,android,17.2,3.16.8,dd6a3ee77bb52edd27c6b9fb25be753d0e4ea666bcdab54054d23e4c8be1a12c,True,2024-10-24 14:07:50,2025-01-22 14:07:50
220,456,ios,11.3,4.14.8,780ac8feb3c7ee9bcf971e7e65ecee9d29b6c702ca2177405ca1fc09cea0cbd7,False,2025-10-29 19:35:09,2026-03-17 19:35:09
221,696,android,16.1,6.12.2,cadb6f6f5b5fa66bcca6e6fdbafb5f042f88faba2eccb9db8cb7f51f6ffce75c,True,2025-10-01 15:25:46,2025-10-02 15:25:46
222,314,ios,14.2,3.7.5,69f234eb5e3bac09585e4c2dd9f6d1ee4de369aae0122b9b0bbf3f1dbc8fedb8,True,2024-05-22 15:08:22,2024-11-25 15:08:22
223,704,web,12.3,5.19.4,bb20262b0eecbeefb9d4d16fb5969d10fb9e12baac2e34533e57e8a57c3e22ae,True,2024-05-15 08:40:39,2024-10-31 08:40:39
224,55,web,10.5,3.6.4,09befff89f7b24ab0dccce9bdf09ed76be5c3feb827ca9fe20fdc0cb09dd1f8e,True,2024-07-27 08:32:46,2024-11-28 08:32:46
225,352,web,13.4,7.17.0,0bedca5cc55a6bb43beb688f9dbdebedeebb49b1bd25b4c0a0d0adbd53da413b,True,2024-05-10 20:49:15,2024-07-13 20:49:15
226,401,web,12.3,3.20.7,1ab7f7ca1ec8fd8a674babb26080ece0134078ede3d0cbddafd245807ddd7daf,False,2024-10-26 07:32:23,2025-04-14 07:32:23
227,969,web,18.5,4.14.1,95d9a63d1a979efc7ecaffacf19d42bc5dff26691cb1182245fbc3cdcbbb3af0,True,2025-12-25 06:07:47,2026-04-28 06:07:47
228,784,ios,17.2,7.17.1,d0f0be92d4d160eb01bf5fbba22e1a9a3b3a44de9ad1e09bbef2f07ba1bcd19d,True,2024-12-03 19:51:56,2025-05-23 19:51:56
229,754,android,13.5,4.2.0,e024fccddf097a5cdd7e1eaad5f49d1f7fea3cfab9f37c6d6d0ae6f7446d2aba,True,2024-11-29 23:22:53,2024-12-13 23:22:53
230,354,android,13.4,3.20.1,90459d118ced3aafb2ccaecc5c48d8fc840bb940cdd18fb33ded8dc4ccbe56f5,True,2025-06-12 21:43:33,2025-10-17 21:43:33
231,969,android,12.3,7.17.8,c23946dc7cab0bcc11d0aee0eee67dfbca5ad9ab75ba199db898c3c0f0dde032,True,2025-02-06 18:20:46,2025-02-18 18:20:46
232,347,android,13.1,3.4.8,0207aee07f086baabb3de8173709f19eb3acfcd3aaf0ceb6e1d3c9a710c0f683,True,2025-02-13 07:25:18,2025-03-14 07:25:18
233,53,ios,11.0,6.9.9,eec2f3efadd6baebea3e816163f08d3cbc8fd9061bac1ffd39929be35f914f22,True,2025-09-13 09:45:53,2025-10-21 09:45:53
234,5,android,17.5,3.10.8,10c3bc9a6d09cf22ca49dfe8bf1f29acc7f2b5aab2ddcd89a60ec123efd44b18,False,2024-12-23 14:15:42,2025-01-26 14:15:42
235,881,ios,18.4,4.18.3,ab8affebbb7ee6d187cffddaecb99ecbacb6c74c0e1ccb6cee4858d93a0aabdb,True,2024-09-06 23:13:12,2024-11-28 23:13:12
236,254,android,16.5,3.14.0,751fe2a845dbdc55fcaa7ed8f2ef615fad5c44a2e5cbd6cdb9b57ce8dc82dea7,True,2024-09-20 02:51:08,2025-02-18 02:51:08
237,586,android,16.5,6.14.2,ba75f278d5960f63ad2c3419a2a2e1afa3ca03d8ab4abeb328bcbf1d2dcf04c7,True,2025-08-04 10:06:22,2025-08-26 10:06:22
238,160,android,18.5,7.3.8,a5a1cc62ff9d746b9abcbfd7969bc2e9ad56fbb8c086746b4a5e7dc65ff50eef,True,2025-03-14 13:40:14,2025-05-09 13:40:14
239,108,web,11.3,4.10.1,f28aadbc6c60f29f8e4a0f0ec9d5f7e22dbcf8fcba17ca511fd8bf1e26c18dfa,True,2025-01-18 20:04:46,2025-06-15 20:04:46
240,794,android,16.1,4.15.2,eaf007b6bed5747cd8dfe68e3ddcadeb91a8b1babadb1da6c2d54a68cd73c23c,False,2024-07-07 05:29:54,2024-11-12 05:29:54
241,746,web,13.1,4.14.3,faa9baaad2abf28c6d05ae570adead29ad8ff9ce0ae60dddeb25d6affc3a24c7,True,2025-09-16 02:39:18,2026-02-03 02:39:18
242,271,web,16.4,5.20.9,c8ed8cffac984392cf3bdc3533b7dfba4ddfbdef1febcd2392d5bb2e2e76d6f3,True,2025-05-16 00:06:41,2025-09-16 00:06:41
243,593,ios,10.5,7.12.1,2ca1c7ca8f045fcd03a09862fa26d7e1f5daa4d8d02da6c1294f79ff8c5216ba,True,2024-05-16 12:16:00,2024-09-03 12:16:00
244,499,android,16.1,7.18.6,a5deab7b957fe1ccc6fdffce39ded36a148cbac92011b4a2c4abb3db80f1b25d,True,2025-09-06 19:58:38,2025-10-06 19:58:38
245,234,ios,13.5,6.12.9,6f2b5c0d9e57aeabd5cce6b5fdd2d8051d99f0dab456be7e95c32e9f8f2c5ba3,True,2025-06-05 23:24:11,2025-10-08 23:24:11
246,242,web,17.1,3.1.1,bf4435fbf380b47528fab2c4ec9c34efcee8e4eacb6afcacbe9bdf33e7adbec2,True,2025-02-24 11:16:55,2025-03-10 11:16:55
247,763,android,16.3,4.13.6,dd30c026c7b01f6cbf46eac63a8e3129eded7fbb2f78df380261fd85baeabac8,True,2025-09-10 09:13:21,2025-09-24 09:13:21
248,825,ios,17.4,7.16.0,adcfc11da3becbb820dac2bd864f4c8cd4ab9d95fcb2e46357d827ba2747edfc,True,2025-06-25 20:14:07,2025-10-18 20:14:07
249,789,android,10.5,6.17.3,0c7269eee2da40a3bc501fcc3ba8b2126ac7ba1dbe4b54258bc49430d5e82c8e,True,2025-11-15 15:29:48,2026-05-08 15:29:48
250,344,android,18.0,6.3.8,971ccbdfe3ad82fedefac78f68a0a4b2e8eaad4cdefeadd6e5a1efafccd94eae,True,2025-09-13 03:07:44,2025-09-13 03:07:44
251,343,android,10.2,3.20.4,ed5daee6abfd4d0f2b9985cacfeb1ed68fab047bef8b53e0f8cb8b769cd696fc,True,2025-07-12 04:50:57,2025-07-18 04:50:57
252,619,android,16.4,7.1.8,fcf77fa8ff2bfecdeacde6ea59086abd7feeae4d35ac0cbbd1bf8ecb3dbbdeaf,True,2025-04-13 11:17:06,2025-09-16 11:17:06
253,745,android,16.2,4.12.1,1f47b237affaaf0a4aeff7d4d6bcffc0d77403d2dff0cef2bc4fc80e2e290d3e,True,2024-11-19 14:31:42,2025-04-19 14:31:42
254,866,ios,16.3,6.1.8,8fe0016bae58c791cc7a0863f4a066c54ed36fa2c967eaf1df6dde50a5cab855,True,2024-08-10 12:14:13,2025-02-13 12:14:13
255,546,ios,14.5,3.16.0,64475aaa37c3afcdcfa1cc167eacadbdbe9565adc0160af0debfd2d602adb8dc,True,2025-07-31 01:18:22,2025-10-10 01:18:22
256,158,web,15.3,4.9.0,c74fcdfde9e53701165d9eebebdd8b89c0a480e8bafe7eb09e9c5aff5d8dcb3d,True,2024-11-12 18:19:19,2025-04-28 18:19:19
257,719,android,16.1,4.8.1,e36c6bce909eab7af16830f095c4ab2a2e467c3e1a2f0db6abf83e3a2868ac0f,True,2024-05-09 14:00:39,2024-06-11 14:00:39
258,655,android,18.0,7.3.2,4feacef457ecdc4fb6ece8e03d0d346d03c5faae36a48eb2ff449d3bddad87d5,True,2025-09-14 02:38:13,2025-11-26 02:38:13
259,576,android,15.5,4.3.4,029bd9ff3da8b46dda2c49ae1d5251c84fed92ccec5c9f30c8ee46ce9ae0b6d4,True,2024-12-03 20:10:01,2025-01-09 20:10:01
260,123,web,11.3,7.16.6,dde95e618dec87959e9deabe66abd1be3f2396c61beb20893a555a9c4ceb24fa,True,2025-02-04 10:55:28,2025-02-19 10:55:28
261,110,ios,13.4,4.20.1,cef0bfe5f2cc03625baff684fcddb02f1b237d199dabdef7a7c7e22c51894e2a,True,2024-12-09 17:28:23,2025-03-22 17:28:23
262,632,android,15.1,3.0.1,86e8cdb0f0455d3558edefb4ddcdfbb6ea86ed160be2cda9d18b7cb352386ed6,True,2025-02-14 09:14:29,2025-07-11 09:14:29
263,785,ios,12.3,4.7.1,c4fddf61ab3c941a10f9ced7e05d5ef4df0fe3be9a7fdebaa5fa2c4ac09fde71,True,2025-08-26 17:44:26,2025-10-09 17:44:26
264,505,web,13.0,7.9.5,be9e6bc894bf8f46bab116413c2599ecc8cbbddfaa4c6ed8f07d58c82adccad9,True,2025-02-02 08:17:24,2025-03-16 08:17:24
265,741,web,16.5,4.9.9,ffee72f1bedf018eec5b1880b4fe6aa21fc4dd5e0dd856c638d9d0745eaabc9d,True,2025-05-15 12:44:48,2025-11-13 12:44:48
266,556,android,16.5,3.5.2,ffc6e98eb4ce203919e7bffb9cf060560010f5fb79dbfab3d8789a8aec749f86,True,2025-02-05 04:21:36,2025-02-19 04:21:36
267,699,android,18.2,5.2.4,4dfcc81cea05baf0b3e2c1f0b5c2ad50a182afc325e15eaedabc8d4e878abadf,False,2024-05-14 20:37:16,2024-09-02 20:37:16
268,358,web,18.4,6.16.8,426b1fbacda38f2eee59b1a365840ad3fe7ab81f0fbbb57a9dc7c1cd39860b2e,False,2024-09-03 18:18:20,2024-11-07 18:18:20
269,180,android,17.3,3.3.4,4c8af37bd86faccefa87559732cd3d67caafa2ac15221b35b1a1799cebdadbc6,True,2025-08-07 21:00:01,2026-01-21 21:00:01
270,842,ios,18.4,3.5.7,89c8be377bbbef89b0eea5b4350e5cb1d2d4674a0f8ec429bbdebefcbc1bb921,True,2024-10-19 05:36:25,2025-03-25 05:36:25
271,21,ios,16.5,7.2.8,ffd24bf9c2f22b9cbfca41bf2ffadccdc91d1d88d1d7ba4c56dca725564c2f9d,True,2024-07-11 14:59:13,2024-12-26 14:59:13
272,728,web,12.1,6.19.3,59ad5ded8cd6ce6cd524da32eba69a5f1aaaebeb0ca49cd2cf3c829cb5da3be7,True,2025-09-05 22:02:22,2026-03-22 22:02:22
273,704,android,18.0,7.9.8,31acacf7cc2eca738b463bbbff06949f0dafcb0b79a4d977ae5fe4c17cd0a8da,True,2025-11-28 10:58:15,2026-01-25 10:58:15
274,860,web,17.5,5.2.7,044e7a59603ca4aeb1ac0eb5dfb8d8af983c11ca753afcc2acc7eb1fc7ee886a,True,2024-12-16 22:45:19,2025-06-12 22:45:19
275,690,android,10.4,6.14.3,acd6ac4b3eda1fa4fb39accd2047cda620537356f78570f889b88eee27c3e29a,True,2025-10-03 00:40:59,2026-03-18 00:40:59
276,14,web,11.2,5.4.6,2cc6dba1bbec4a2d12c92aebdc9b23f1ac7880c15b8d7c1ded096cbd2a3f3d0c,True,2025-11-21 16:54:32,2026-05-29 16:54:32
277,44,android,16.2,3.3.5,d16a586b3baffc2bbd5d82a8e5ebaa44df4c940c6b3aeb6bce0ef9506a1df4e6,True,2025-06-27 10:36:16,2025-07-22 10:36:16
278,698,ios,15.3,7.8.9,d87c77b164f8c2bca46782db9b5f2c054bf22b9e90d1a0a5c75ebf81ebca09fb,True,2025-11-17 19:43:28,2026-01-02 19:43:28
279,605,android,13.2,7.5.1,56abb28dbec08c6bb4cf5d1dcdce3b78c46b6e57f0b7145bc8733b0d68e49b7d,True,2025-03-21 22:28:51,2025-09-14 22:28:51
280,475,web,18.0,6.4.5,caebc70bfd48dbe43f0aa2c43687ccd25fa95caa487ca8ffcdac8db3dbaebd2b,True,2025-03-19 08:33:49,2025-06-05 08:33:49
281,843,android,12.4,4.7.9,02bddad7b7c11ff1cd67335d1cd6b1e1f0faac5be5003bdbdadee915f71fe583,True,2024-12-13 23:13:13,2025-06-30 23:13:13
282,97,android,16.3,3.9.9,defddac286865046cf4bcffb2a924452bd5dfb4f5aaea4a1d7fc07dea9723be5,True,2024-06-21 12:00:40,2024-09-05 12:00:40
283,409,android,17.2,4.5.8,dac2de2e465a48940fd25af1d9eccbd2cc68feedb5240b8909acbc6779ccf0b9,True,2025-06-15 02:28:39,2025-11-24 02:28:39
284,446,web,17.5,3.5.2,2e5a1eb457de2a27fda4ec9bdaddacaa3bf7cb06b81d233c2d349713453bc7ba,False,2024-10-20 01:50:53,2024-12-11 01:50:53
285,602,android,10.1,6.19.9,dea9c811c3e0bcabbc39dbec1144047ca3bdc9b46428ccf8ef655e21a8ab1e9a,True,2024-06-17 08:12:03,2024-11-27 08:12:03
286,696,android,16.3,7.8.9,bbfe01feb66cddc6e9d68fb9a0bbe0fb52a55dfba749e7afdcded515aacced3c,True,2025-09-03 01:37:32,2026-01-12 01:37:32
287,112,web,16.2,6.0.8,66ff24c3dadcecfe588ba3d6bea1cec2acbccbea8f83fcbaac8c024542d9f5f0,True,2024-12-28 18:56:43,2025-04-24 18:56:43
288,262,android,17.3,7.3.6,1cbc1269b8c4e59f1febf1cb00cbd7fdac2d7a9505be5ecbca88dcbbb4a66abf,True,2024-07-05 23:00:59,2024-08-28 23:00:59
289,487,android,18.4,5.11.0,df59f7233ff161e676936c5bbc7a7ca1d2b87a9ded842f6ed5a6b3bfe05dfcf1,True,2024-06-19 10:17:45,2024-11-28 10:17:45
290,494,web,15.2,6.12.7,ce71ee133de5ecfaa2dd3f6f60c9a4eabcbe2335bbfb6226f011e35feb5cb944,True,2024-07-24 06:13:45,2024-10-07 06:13:45
291,861,android,14.4,4.8.9,be7d84d529c4cafcfc0c754f4af9af763f320a8a6315f7ee0ffbffcaf4ac24f3,True,2024-12-04 13:15:33,2025-04-24 13:15:33
292,91,android,14.4,4.6.2,268bbfd2da95edadb7ddfc5c7ca0c7e993c861ce4fe8e45a9eb26f2e088aaeb0,True,2025-12-26 10:36:01,2026-06-13 10:36:01
293,455,android,14.5,3.9.1,b1f26edebbe4cde4fa91aa7778e91d12a2fc44fd8baf2393c87ddcba0cfad5c5,False,2024-07-30 11:40:09,2025-01-22 11:40:09
294,294,android,17.1,6.15.3,b7d28f138b16defeaedefd6aad07dbd4122fd0f9babe8df9bc5050f5b5ecf7f1,True,2025-06-10 20:06:38,2025-06-13 20:06:38
295,831,android,17.5,6.16.0,e91be4bb474cce240acfea337ae42fc6c2ced8e548aa3fe6be77ed7a9a8fb51b,True,2025-04-08 20:52:48,2025-06-14 20:52:48
296,242,web,13.3,6.18.7,cd21bbc7eb4cbb8cebfdea006deea8cf3cd628cfcde109fbc0b55cfa3e0e0a90,True,2025-09-14 21:42:33,2026-03-22 21:42:33
297,508,android,10.2,7.13.9,b02ebcb4cd8ae25a873e8f1c3e72f008fcc0f2602af6e26e2ead7bf86ebf7acc,True,2025-04-24 15:33:10,2025-10-29 15:33:10
298,245,ios,11.4,4.18.0,53510ca3608d2df1fb91ac9cd6e6ff7f81a045ee487bfac6ac689d22824ad0dc,True,2025-12-11 01:33:40,2026-06-16 01:33:40
299,730,ios,17.0,6.14.9,959af67dbd1bc62f0f1e1d400bcfabf2f2daa3511aac2fad4ab2e33b47428f6c,False,2025-10-29 11:11:37,2026-01-12 11:11:37
300,31,android,10.0,7.20.7,7cfcd6cff7d8a24edaccefe57e80cb7cad9b539dafa7fd840cad098b84adf6f6,True,2024-05-25 03:47:05,2024-11-06 03:47:05
301,102,ios,15.3,4.9.8,4da132909fa05eea2d0fab9c24ce5364eb8eba50c6f92d6ecd637f83cdf169fa,True,2025-02-02 10:44:22,2025-05-30 10:44:22
302,439,android,18.0,4.4.3,3face2d2034e7f1313e1af65bc19d560c0fc5efd6cce547341c02fbea5cf3fbb,True,2024-08-01 15:33:53,2024-08-28 15:33:53
303,458,android,15.1,5.8.2,09ffeeafca0f1e4ad72208da9bcc9bf75c2c8a5b4f7ed75cb9fabdb996b46c21,True,2024-08-21 14:39:07,2024-09-21 14:39:07
304,949,android,16.1,5.8.7,65de169e36fd8aa0f006dc51d5c93fdbeca5de6cfb221c0fd94d13b13ecd8212,True,2025-09-20 00:52:13,2026-03-27 00:52:13
305,180,ios,12.3,5.11.4,f18b8b07bf3dd8cca9e2d20ca3ab3c8eabadc6b76d41f2edefca89a6afd44c2e,True,2025-07-06 05:24:57,2025-10-15 05:24:57
306,192,ios,13.2,3.5.7,b85c90ceceecce1edb3fd4b4f69ddd30379aeccd0ea5b2bf9ba0ec6e8af25fe4,True,2025-09-07 20:51:03,2026-01-18 20:51:03
307,52,android,14.1,6.3.3,b04b179b0aefab6b13accbc7e35bf6e55156ac6acfbdaf8247f30dae727849de,False,2024-07-16 03:04:13,2024-12-04 03:04:13
308,869,android,14.4,4.12.4,cde6f4ce4ff0b2c4fd41d8ca3fa7e84abdb7b2dea3d9b014d9e706ca0129af5d,True,2025-03-02 23:02:13,2025-07-11 23:02:13
309,23,android,10.0,7.5.4,fbdfb104d3d3a09ac9fcbbc1caf386f902d26bd0b0bf4f50959dd23ffcb8cbe6,True,2025-01-12 16:02:48,2025-04-22 16:02:48
310,477,android,16.0,5.10.4,b23914bdb0a43dffb3fc0b5eeafd41a70c892d7dba3bebad703fb18e433cfbe3,True,2024-06-30 15:34:14,2024-12-03 15:34:14
311,297,android,15.4,3.9.3,59aef17cbd9cdbc64c7fd4dbbcb1d3f332fba3bcbe97cbcafdaf91f20bae8fcd,True,2024-07-14 18:17:10,2024-09-10 18:17:10
312,529,ios,16.2,6.18.0,ea8cd50c6457350ce79adef618ef9e9a2292c7ee27fb2794984a9af3fa2ce439,True,2025-12-28 01:40:45,2026-03-04 01:40:45
313,148,web,11.0,3.16.3,9adbddfc7394a35ddae0ebe9d9dce4e779d4bf7ebdeb55bfa4403e1d4c4c6fcf,True,2024-10-15 15:13:38,2025-03-03 15:13:38
314,629,android,11.1,7.2.1,1199bc46cf056ba53ec2d4bbec1cf5043576f9ecdc4ffffbffa8b51bab85bdba,True,2025-02-20 13:41:15,2025-02-20 13:41:15
315,851,android,12.5,7.1.8,bfbadc3ec692acb073fee9e1b381bd7ecbc1ab1f270be1a5cf509ca5cbdd5add,True,2025-07-30 07:36:20,2026-01-03 07:36:20
316,77,android,16.3,7.9.0,7deabb75ddea5ce483e6f123bea17ede97a02909cd2823bde3b8627cdbf3bd70,True,2025-07-14 22:38:43,2025-10-10 22:38:43
317,196,android,17.3,5.19.1,09083f5cb39c9e7cbbeeb799c19ca6cf3a3e4eb986278aca0ace70abf8fee2d8,True,2025-07-31 15:32:18,2025-12-03 15:32:18
318,20,web,13.1,5.18.6,83efd0bfdfca7b24fdb65e811be4df9a9d18c3bfb8b37182fac05abbcc1c64ea,True,2025-12-05 21:10:36,2026-06-22 21:10:36
319,94,android,11.1,4.11.3,f94ca7dbccbe04edb4a266bed3a6ada4ae39cae627dcac27bf5db00e96b7b2ae,True,2024-08-17 23:26:20,2024-12-05 23:26:20
320,622,android,11.0,4.15.1,1eee688b2e4cd7b0902e7e4baae3c7e18fafcec8fd69e0bbdff1abd4ab8fdffc,True,2024-05-20 20:54:14,2024-10-01 20:54:14
321,921,android,16.5,5.3.9,984dc94e84fa19ca31bf2cfca52f7aafc0aab0d1f2a62e329151bfcc1ad3c2ae,True,2025-05-02 02:49:33,2025-05-19 02:49:33
322,394,android,18.4,7.16.5,eda82ab17ebd09150eeaccfeddbcccfb2beec31fa1f39b5adaa07a2cfd13cd97,True,2024-12-04 16:21:32,2025-02-20 16:21:32
323,994,ios,15.5,7.9.2,131dfddcd6c79c17dbb1b52c6d4cd267adcb2b079a6835f89ea18b20ddf24c5c,True,2025-01-31 16:02:09,2025-06-08 16:02:09
324,840,android,18.5,7.2.8,a772beb78aae62c1a55fc8ad9d5adc879ebe671be4e3a7e80c8d1d38ea69ebab,True,2025-03-05 13:12:08,2025-05-31 13:12:08
325,332,android,10.0,7.10.5,eae2d2afb1d66e79d4abb4f9baf5bab1ee639048d0ecd8aeb4f4cc83d323c73f,True,2025-12-06 07:23:03,2026-05-18 07:23:03
326,783,android,10.5,4.20.6,2ecbfdffef5cfab5dcba68e54da76be5c7cdab3b4f1b72eb3672edc66e34e6e7,True,2025-10-27 01:16:49,2026-05-04 01:16:49
327,362,web,13.2,4.11.4,d7afbbaea621f6cbbded7fec9ea0ea6487a8ecf3addbaffcc10e9a8641bd61dd,True,2025-11-23 03:24:36,2025-12-26 03:24:36
328,849,android,17.4,3.8.0,5e4db38da74a5f6c0ecf26f64ea39d9e9a51bc9bf3c4448f5cbcfed549bdffcd,True,2024-12-31 09:12:53,2025-06-07 09:12:53
329,359,android,13.0,3.18.9,720fb3061ce4cdd003aade33308f90ecef5bc05bc7fa2ccc609415a73d1c06cd,True,2025-12-02 17:19:35,2026-01-29 17:19:35
330,559,web,15.0,5.8.6,fe93fb04dadcba1e75f3cfc5558447cdebb9ce9cfca52f440bc3eb0ee2e1caa3,True,2025-11-26 07:14:34,2026-04-04 07:14:34
331,815,android,18.4,3.15.7,d7ebafdd1c3cdb74fc3bc0c121869fec0dea3db6483fe1e8ea4e8ae1ee1faa16,True,2024-09-05 23:20:13,2024-12-03 23:20:13
332,469,android,13.3,3.2.6,cd4baaf11e8bad8fa38219f0778ca6d8bacb7bc0a145c10e7e90fd18d9f8f243,True,2025-04-10 06:54:06,2025-10-09 06:54:06
333,899,android,15.0,3.9.9,b3f157b4eabbe0be6ac6836dfebe0c06cfe5b4afbae57b47290a778b6fed2543,False,2024-07-17 08:21:12,2024-11-07 08:21:12
334,782,android,18.5,4.4.9,5adfd6abba5905bea67aa4b10f4ed5da48f4addce235ced37d2949f8ac2cb46e,True,2024-10-20 01:00:53,2025-05-06 01:00:53
335,627,web,17.1,3.11.7,aa6c5fcfc4bb9ade240b5cd2becefbd7afb511fab7989d1bcbbefaa9bffe11e9,True,2024-12-21 13:22:34,2025-04-17 13:22:34
336,334,ios,14.0,3.0.4,feb54f3d5cab7ec2eca52ea18c6a8aaa4c78edba3f90301a0afc7e0848f68bc1,True,2025-03-18 03:59:35,2025-06-05 03:59:35
337,6,android,17.4,3.2.9,7c54bd7cbce2ddb01f5ea03ffe66c9cc5fb21f01b4cc0cc821ec304252e3bd7c,True,2025-04-30 18:00:22,2025-11-13 18:00:22
338,475,android,12.4,5.7.1,fdeba6fefcfb8bffbdeaadbe6989910d0a2c09baee47e59c1efbe22b174a21c6,True,2024-12-29 06:01:02,2025-02-14 06:01:02
339,405,web,17.2,7.5.0,ae32c43cdd1cefaa443afb12e93eddbd4f4c1ee7de7eb27dd48e7dadeee7e1ad,False,2025-11-23 19:42:05,2026-04-10 19:42:05
340,874,ios,10.3,7.9.1,dbdcecac4e5c9ee8d71fddd8fb3eab61c42b6fcf54f3a56d165a71d2ea1d5ec4,True,2025-11-10 14:51:16,2025-12-23 14:51:16
341,375,android,15.5,3.20.8,db2a9e0cdfa07e8bd37e0d4138ad959811e57d2ddaaaafa2ac482ec4bb5e7efe,True,2025-04-07 03:33:09,2025-04-15 03:33:09
342,284,web,10.0,7.16.1,e9d53ebd8f3cd214da8d75abbb4b68d457b15d1dce8fcd6ad010ad9fab0892be,True,2024-05-27 16:23:52,2024-10-31 16:23:52
343,729,android,13.5,5.6.9,c3b5ab41edf1cceaaeba6bbcc12b03af2dcaeef1fb4aa5817f00123913ef12f9,True,2025-06-08 14:35:10,2025-09-02 14:35:10
344,653,android,14.5,4.13.5,0cfed7cac65131dc4e05cd6ffd6cd2eecaf0a71340c3e5a2cca3ccc00e8deedd,True,2025-08-17 02:08:30,2025-12-28 02:08:30
345,840,web,13.2,3.13.8,dada3e8da9162ed7b5ef18b5781b3fbb2bb7bde4acff5e1292ea2ce39be5f0ab,True,2025-03-09 06:39:17,2025-07-21 06:39:17
346,888,ios,16.0,6.13.4,3f2fddb9e17935c658c0e9f08a78cfd5cff5b8dcdeda171a9acbb76edaacafad,True,2024-08-14 07:53:20,2025-01-19 07:53:20
347,93,web,16.5,5.15.5,df549eb1f98a6a35bd1ed135a2f297ca0f40d684273b0be3fb203f66d86ba58f,True,2025-01-18 00:57:31,2025-06-21 00:57:31
348,180,ios,16.5,5.18.4,bf95bf933de93bddb3e8f64d63c08bd5e225589097be78daf6ba2ca974f9560a,True,2024-12-19 09:42:11,2025-05-25 09:42:11
349,536,android,12.4,5.5.3,aad5f6af3b156bdc78ccbd7df003a4e7a3559809b05a5cccbb3d221e148cdc1c,True,2024-06-20 23:49:41,2024-08-25 23:49:41
350,265,android,11.4,5.6.3,f3dfb257b7b122bad2a3bc7dc4cd0af9a7ad83ddf2ee0dacdc9f0debe74db3b1,True,2025-06-28 10:23:56,2025-07-13 10:23:56
351,613,web,10.3,6.20.4,221bdcab4a14bc104fe2ccb1ee3d77bb5d0bb97356fbcadefcad2fe9aa7bfe12,False,2025-05-25 17:07:59,2025-09-05 17:07:59
352,611,web,16.2,4.9.7,cffd147dcc970afc5d3b2bef5ae0eb797e9737c97f9e8c8ac6fbd2505fe46001,True,2025-06-17 17:16:21,2025-12-04 17:16:21
353,411,android,15.5,3.11.1,4446563b8dbdd4db7ebcec6d2bab1e1ffc80fd8deef55b74120dfb0a814f411a,True,2025-11-21 06:27:28,2026-05-12 06:27:28
354,35,android,12.2,5.0.0,cb5fb4f9bc8cf1e5579d79eb4ccf5c12b7b992bb3bc7e8d74bcef0ace6a69c5a,True,2025-05-17 17:09:45,2025-06-17 17:09:45
355,893,web,12.0,3.7.8,5f82273de43bfcae035aa69e68455ea60e6c91f1260a95dfca4fee152d9aadfe,True,2025-11-07 06:43:40,2025-12-04 06:43:40
356,945,web,15.0,4.12.9,5def84a47c314f25d6febbb57ecb5acfdd39753a7b3baa8ca8bee36f37ee4f00,True,2025-10-21 13:19:24,2025-11-23 13:19:24
357,351,web,12.0,4.20.3,1afedffaec7153aa8bbcfbb54442c6d1a8426b8da1bd54a6a6d1d2c4d9e9b88a,True,2025-01-31 23:26:22,2025-02-14 23:26:22
358,576,ios,14.3,6.10.5,a12cc34f75756bccdb5dd346fa69ab83db6bdccf59c4cf0dbf07df9abdb5fdbf,True,2025-11-05 15:53:23,2026-04-04 15:53:23
359,174,web,14.3,4.12.5,43ab3a093086dd148b13dacb2cf8d8fcaabbb7e5f691a3d0e32b8ecdef54d664,True,2024-12-04 02:01:42,2025-02-04 02:01:42
360,820,android,14.2,4.20.6,16106ff312bfdafdc3fa6dedcba51b748ca4edd88eed5f2de712ccb1dd4cf0e6,True,2024-08-06 12:06:05,2025-02-13 12:06:05
361,987,web,18.2,5.14.1,de9be0a63f861c262fd8e9b0cde86e2f5b71ffa74eeefbccc66261b5cbb787b9,True,2025-03-11 15:00:15,2025-04-07 15:00:15
362,264,ios,12.0,7.11.3,c88d7e55c0b7bf254c63faade95365fa4ccbcebba47ed3c4acc4cd98ecdc0806,True,2025-02-28 07:06:38,2025-03-08 07:06:38
363,59,android,15.4,6.8.6,a910afbe87cf86bfa8564ac6e96b6c1aa0fdd2b7afe73cc1e3cca4fc2b6cc760,True,2025-06-27 23:09:05,2025-11-23 23:09:05
364,113,android,12.2,5.2.4,bf2ecfcef91aae1eeddb98bda5eaeebfe793eeff0c8dbf0dfc806bcf8c3f7167,True,2025-09-17 05:15:11,2026-03-17 05:15:11
365,16,web,18.5,5.6.8,645bd9b3c3f9d6f4fdfd1fec9edcdcbdaab2cedecf11af74bdad84ea675bd4b8,True,2024-11-25 10:59:57,2025-06-11 10:59:57
366,688,android,13.5,7.11.3,e1f23eb7008c23ac9b23910c9da2bf5d5b58e4e30c893ceb4e5bcf5d8d74cc39,True,2025-07-13 06:29:46,2025-08-22 06:29:46
367,825,ios,13.5,5.15.1,c8fbebf800a70496ee5bc59a8c1fa6ce0b6becfc2dad8abefefb331dcef1d5ff,True,2025-04-26 22:41:40,2025-05-27 22:41:40
368,41,android,12.5,4.12.9,dbb1191bde66bc7afa0ad6cbff069f8afcdab1fe1e32c2e75b46e1faaa6d76dd,True,2024-10-09 03:37:34,2024-12-26 03:37:34
369,333,android,12.3,5.2.4,335d8a10d23d3db4bda0b7f3ed72fb44df7ca6b86c88ba4cc2ef4fbb9bab3b60,True,2024-08-09 15:32:05,2025-02-05 15:32:05
370,925,android,12.2,4.7.2,8bfdede4fe46619af1eea34ceae4ed2d2e1c7fe0f8353d9323cf47c1780ae5e6,True,2024-09-22 22:43:41,2024-12-02 22:43:41
371,759,web,15.1,4.6.2,66cfa3fbbefe9b98c5c1d66c28be02ce1b05c6d94e1b3d89e56caf48cf3c333c,True,2025-12-02 08:30:35,2026-05-21 08:30:35
372,725,ios,18.5,4.7.8,1ccbde4c1dfbcb7b73fedefe30652cdefaf7862fbaa57b0bce2338a8cf1ef5cf,True,2025-10-29 01:40:34,2026-02-18 01:40:34
373,39,android,12.1,6.2.6,d4b4cea77ad5eec4d3e9cb59a468bd953c228e60fac4d63f02c0fea0aac6433f,True,2024-09-19 07:40:34,2024-09-20 07:40:34
374,864,ios,16.0,4.9.7,27c35d2b094e9b1106fafd0a26e83fded3ce34ae261575f2b4f1b7fc106fc4b8,True,2025-10-18 04:28:11,2025-12-02 04:28:11
375,862,android,10.4,4.0.0,a1bb32aeefd5e5e75ed2eed2e5816a9eee2dd2abf5fc30f7a3c0d2dd3baedcee,True,2025-02-04 02:14:19,2025-07-16 02:14:19
376,477,web,16.5,7.8.3,fe810bec2e7417fb01f2ffb01fa01b1ba9d10b19e8b538d348cc0f9db80f2340,True,2025-05-15 02:16:58,2025-05-21 02:16:58
377,681,web,18.3,7.2.7,fadaba1ca0ebc1c7b85e6269fedd8ab76bee83cfd746fbefd9cd95a7e1aa2fbc,True,2025-01-16 16:11:14,2025-05-23 16:11:14
378,789,android,11.0,7.4.0,3cb59fcffb4cfa46fe193ddcea98ab51adfe97d1bbce66e2a5f0da53fafcdbdd,True,2025-11-18 15:50:00,2026-06-01 15:50:00
379,458,android,18.2,3.16.6,e5d14bf31f4a9bf157e7bb5aaa93dcdc8de2e7a1b5a9c1aacdae610dbdb18ded,True,2025-12-09 17:12:30,2026-05-01 17:12:30
380,178,android,17.1,7.9.1,5e38eb77eac02f71bb63f5de1aa5a09e26acd9951afadaafb3d883acad8ee04c,True,2024-07-07 08:03:45,2024-07-24 08:03:45
381,565,android,11.5,5.18.5,fb3b234622eaaf0cd26de20bcdb6adcbb57fbfc527f16a5e8d35d45c7c77fc61,True,2024-08-18 10:00:26,2025-01-11 10:00:26
382,779,web,18.0,4.1.4,bee3adc41971a376aae896bcd926f25110f52504cb96d5beab8fe3aaf21b9dd4,True,2025-07-03 15:38:00,2025-12-13 15:38:00
383,131,ios,13.3,4.3.0,e252c68d4f78ee66186d25bdfdaa77429a9dc024c59bdb6faa29d1d60410221c,True,2025-01-05 19:06:56,2025-06-29 19:06:56
384,575,android,17.5,7.10.4,6d61def4ba7a9ae0ed7f62380b3b84c63cf8aaea55e1dfcdf87ff8e13b7cbaf7,True,2025-04-19 03:11:48,2025-10-20 03:11:48
385,750,android,14.1,6.19.4,1f5ed8add80dc89f4e06d0aa1f368e3f2e4ad9da08aa9e38ebe8bcec1d5a448a,True,2025-01-19 02:02:06,2025-02-13 02:02:06
386,358,ios,13.3,7.4.5,0f5d2b55e295c6aba53de8dbe1686ba6e49a352dcadaa108ce7e0d45aaecef3b,False,2025-07-15 01:06:30,2025-11-02 01:06:30
387,362,android,11.2,3.6.1,7435b7b37ab4c658ebd9e9c7e11e65dccc2d6c8bd3ccfa6fa2df40a5d5d59a0f,True,2024-06-01 04:11:35,2024-12-12 04:11:35
388,70,ios,10.1,3.13.1,d789dc21bb2cfe32d7c8cfcd3aba2e687be40e1a248aad95fdfbed55dd8704ef,True,2025-07-29 06:28:08,2025-12-10 06:28:08
389,168,android,13.1,5.13.1,1faacbc34e69fdda528c2fcdaecdefacb3ec67d6a8b75cdbdc1de8ad7a972f3b,True,2025-01-30 18:36:44,2025-08-09 18:36:44
390,283,android,14.2,3.11.5,b2e5480ecd7c0d1bcd62b2d447db0f2f7c0b21ccaacc8fffec858a1bc9b4b5fa,True,2024-06-11 09:24:04,2024-08-07 09:24:04
391,642,android,18.5,3.3.3,71b27ead62cab1e6514eee76b255a54fd9e8a9ef8c8f45dc6cdedc88c42f41e7,True,2024-06-27 02:27:31,2024-07-25 02:27:31
392,355,android,15.5,6.9.6,315cdeeaeeed26ed78a74e6ff9df6e3c1423f0653ef9fafb9f8387c59c14e82c,True,2025-03-14 06:13:29,2025-05-28 06:13:29
393,330,android,18.0,5.0.5,3681f8be6d6c2ee0a5ddf1dfcb6c4a9b6b2b60dcdc6dfdbfaef2fb6ef41afc87,True,2024-07-15 16:27:40,2024-09-07 16:27:40
394,794,web,11.1,4.10.6,299cdbbccdb22a99a2cbf7bb40eaf2b27bb9c9ec10fccde4b46e9e07b271ac8f,True,2024-11-07 20:59:22,2024-12-22 20:59:22
395,236,ios,17.3,5.16.0,e2cdb15b760faafcdcdaaae533072a5a4fb8870cbcaf6b74c71cad9a6cd0655b,True,2024-11-05 23:43:28,2025-03-14 23:43:28
396,73,android,16.0,3.14.3,845fead2db3cfbaabbb3cbadb6ec0deef7dd84255f99b2364fab582c4abea656,True,2025-03-24 20:36:08,2025-08-30 20:36:08
397,932,android,14.2,4.13.0,527f4d76d43feebe2aefee3fdc25ba109fffdfa2aa89ad66f6a5ab832bba142a,True,2025-05-30 19:42:46,2025-10-28 19:42:46
398,793,android,14.2,4.1.1,fa8ddf7a49edeb78b72e4fa76a54a5ea136afea6b9fa8c87d9a7d7efd45fc82a,True,2025-02-09 16:34:51,2025-04-05 16:34:51
399,248,android,10.0,7.8.4,17f996fed6b8106b434db7b66a50ca6f147b82a1d3bff7af7e7e1d0ed62eee87,True,2025-07-09 20:31:03,2025-08-14 20:31:03
400,928,android,13.5,3.14.4,efcf1a5e7fc3f5e6c1fa3caacdd0ecf72fe5cf7842dfee3dc5d4d3eaf67d325e,True,2024-09-19 03:12:50,2024-12-16 03:12:50
401,720,android,10.0,5.11.6,7db8bee61fd39786a1e46bd2358e1c6d16a3cc8c3dbe0b10f0edbeeed56d3ebb,False,2024-07-08 12:10:20,2024-10-19 12:10:20
402,701,android,14.4,4.2.9,e3e18ba6d4d474eacbecfd9f7e2fda521e3c6adfc8fabdf92bdac57d4aa039cb,True,2025-11-06 08:59:36,2026-05-07 08:59:36
403,607,android,10.1,4.15.9,cfd7e8fdfe9c1b0f5cae7fde396088ef5fc8e2c3138d3dcc5f24fb553386d96a,True,2025-02-24 14:08:47,2025-03-26 14:08:47
404,141,android,12.1,3.6.8,cde6dc3ab286491fedea94fb154f5ee26ea6fb32acd1c2a1e7ebb5cec5305c13,True,2025-02-16 14:23:51,2025-03-08 14:23:51
405,948,android,10.5,6.8.4,ae60cdabaafcecefa2bac228aaff74fe9ec1cb5ef9bfaf678dac98420c26fe15,False,2025-09-14 18:57:31,2025-10-06 18:57:31
406,700,android,13.3,5.15.6,a9cae21b6bcd46ac6f4c1a72e7929491cc1e652e1a62659102aabdd50698bfaa,True,2024-10-24 17:05:56,2025-04-13 17:05:56
407,424,ios,16.3,3.11.6,bcabbfe5fed91baeac4c3acea7e3b94fe9c2cdaac00e6bafbbddc74ab631d908,True,2025-03-13 18:20:21,2025-03-27 18:20:21
408,38,android,18.3,3.19.7,da56fafdbcc5fee9b55fdd0fad96c50ccbaf738adedd67f3f3b5ef39d2fbb2ee,True,2024-10-20 20:50:16,2024-12-08 20:50:16
409,964,web,15.0,3.20.2,eeffc32054fc320b31bd7f9cc81faf2cbdb30c4a74fe47040a418f4c3d407aef,True,2025-01-22 08:01:17,2025-03-27 08:01:17
410,301,ios,16.5,7.4.0,39c1beb4cf212c0c1e0fbde0c009d49c7615c3aba48a7eb4507d9a384cad6e5b,False,2024-05-25 17:31:17,2024-11-20 17:31:17
411,311,web,11.1,6.20.1,aa4df9e4d56df64d44e5e1cafab91feebe7bf1cafc531a0de444da2c7eead9df,True,2025-02-24 04:54:35,2025-06-22 04:54:35
412,296,ios,14.5,7.18.6,d4f11d5a4b269f7a36a76afaea60e2ed4e4f514dd67ed0b6a3aab789edc5d1de,False,2025-04-21 03:36:19,2025-09-30 03:36:19
413,223,android,16.1,4.10.6,baaa41d9d1afebcacf9f94056dbbb97b3b5afbdfa150aee65808e8f65afd77bf,True,2024-08-19 04:25:55,2025-02-14 04:25:55
414,74,android,15.3,6.3.6,f216edd76f81f20a65dac1c4aecabe356bbcea28a601f28386f57fce20a09eed,True,2025-10-03 09:15:36,2025-12-19 09:15:36
415,834,web,11.0,3.0.2,c1780ed800cb720eadda23cffe2e53eb2adfab27abbbb28bcda89c1cdac1fec7,True,2025-04-27 23:37:51,2025-07-25 23:37:51
416,34,android,12.4,4.11.6,2f1aba1b4fbbb0b7ae6bebee54bd514c3f07facfa326d7eff4fca0b3e3c1d657,True,2024-07-05 21:48:47,2025-01-16 21:48:47
417,667,web,10.1,5.16.2,7be7eb51d4bf6e5d3beea1ffb13ecd30aabcf1518721943373453e6bbe3cd159,False,2025-03-23 16:05:39,2025-04-01 16:05:39
418,43,ios,17.0,4.9.1,ce9c70c15bbfee6c8abadfccde76c5ba40ba7abead290d6af21433aadce1f6da,True,2025-09-27 08:13:00,2026-02-07 08:13:00
419,938,android,17.1,3.9.8,ebc8bcf39999330b8065eecfc5d9ff2b5f02e5c3fcfec3dc3cccb52417512d0e,True,2025-12-30 06:32:11,2025-12-31 06:32:11
420,639,web,18.1,5.18.4,b3accbd15dd8ceaeed64ece0c0a8dc8ed21d0581ecbf786cb2dc05bd1be41ccf,True,2025-09-03 22:46:02,2025-09-12 22:46:02
421,902,web,17.1,3.7.9,075ea73eb0aabbaafc7e8b4dc7a3f032b26d5eaec4ec7b4e6facbb54f0bc2fda,False,2025-05-23 09:24:40,2025-07-31 09:24:40
422,447,android,16.3,7.14.5,fe34d9d2b93ac8bed84dbdccfdcabb5bfa538cf59cdfeecc09f52fb7bfc1ddbb,True,2025-10-09 10:10:16,2025-11-17 10:10:16
423,350,android,13.1,3.19.3,8fca9f8c4bb44fb8fbe85a3ec0dd3ff904c47fb35434bfe3bd0fa6a2c7cd5fcb,True,2025-07-23 15:23:16,2026-01-18 15:23:16
424,319,android,16.2,4.15.2,21dd12f39af0c8f8c3eab46edc34c9da68fc43a9d24eaff5f8cdf5eb0f2fd159,True,2025-04-19 13:54:46,2025-07-19 13:54:46
425,1,android,16.2,4.9.4,a26c35ff3fb43c9eb87ecfd6e3e01bbebd54ebc745a6976993c9bf7efdbb730f,True,2025-04-24 17:01:08,2025-10-05 17:01:08
426,345,android,13.3,4.11.5,a7f2ddc833a82c19b24dac3c289e69d01a9d1c0f024bcf97c2bbffb9e6aebb4e,True,2025-04-05 09:41:30,2025-04-05 09:41:30
427,676,ios,11.5,7.18.5,ecb2f9e0ba1bad6ceec8f9d5ec47615c4dcaeb8bfbe6f5c81bcbdebcec469cdd,True,2024-11-06 10:44:21,2024-12-26 10:44:21
428,282,android,12.2,4.6.7,b11a86efd551ab2cbbffbfbb832dba64dc6bcb7829fc1fc90eaee3d0b0b2c0fa,True,2025-11-02 03:11:45,2025-12-16 03:11:45
429,369,web,12.0,3.19.8,99f088cef30a5a78edec79ba64f96e390bcf5c8abb2c3fb6dff685eafd578d69,True,2024-05-27 22:19:34,2024-09-27 22:19:34
430,588,ios,15.1,7.5.0,e88ff9be1947e4b92b4c0b81fcf2ff7323119dcb6c25dfc1e943fed3bbb766ba,True,2024-08-05 05:16:13,2024-09-29 05:16:13
431,248,android,18.3,5.12.8,637b2fb3af1f88ed972ccd3bba7d614cd0c296d2290a9bfbaec1b88802fe99b0,True,2025-06-28 16:29:07,2025-12-25 16:29:07
432,428,ios,10.1,3.2.5,28f4fdb7a8705d2deefeb4deb102bce6fa8ad26bfd5a6721eed0ef6a13dfbfc3,True,2024-05-27 00:33:32,2024-08-14 00:33:32
433,763,android,16.5,4.12.9,b0bd26e85c45b3ffccfcfb6e6ca1e7220fcfdef46ccd3aa421744e3e8cf2ceba,True,2025-10-20 01:12:02,2025-10-21 01:12:02
434,544,android,18.2,6.13.8,2db1e546b8906c0c2e4a9fe3adca284aeaafd9f3a28e2830209b5bbcf2eecffb,True,2025-09-04 04:42:49,2026-03-06 04:42:49
435,771,android,16.3,4.13.4,ac21bfff084e4bdbeefa9dcedfbfbb473ea6e1b15eda4e52771accbbaccee060,False,2025-01-01 17:17:59,2025-06-10 17:17:59
436,826,android,11.1,4.18.3,ce15496e3d36f5bcfdb93a8b5baefebe7aa5638023abdbfb57e4cecfeacf5b21,True,2025-11-28 11:08:07,2026-02-11 11:08:07
437,832,ios,11.2,7.16.4,238d628db9ddbf6eb297bcf1aaaaafcc9f57aec4bc7e83e6e398f9ea6abbc7b1,False,2025-07-27 06:38:41,2025-10-02 06:38:41
438,576,android,17.0,6.8.2,a2cfc74efe29dd4dd34bac3fb805db9a5bf8788ddadbad0c4dbcab6bb6ba7e0d,True,2025-04-29 08:48:49,2025-08-14 08:48:49
439,753,ios,11.3,3.4.5,58ccf0498a9e16a54f5bfd70fdc8a019f07ecb6ffcfebec7ff3a46bfcbbb36ea,True,2024-12-06 11:43:29,2025-04-14 11:43:29
440,48,android,14.1,3.2.2,aec8370ad9cf19b20d0acae0f6a4da1eeeca582f8b888ffaf51f247cb3b1db11,False,2025-01-31 09:11:22,2025-05-25 09:11:22
441,240,web,11.4,4.8.7,0bd6dfbffded0edbceffcec1d63f9d0f1cc8bf6fea1f7a9dd7e8b7fa6aadaba1,False,2024-05-24 05:56:36,2024-08-02 05:56:36
442,598,android,14.2,6.0.1,eb9bc48e568bc09b2dda32b3dc3712f86cbe6efecb795b82df6c784dfe87a8f4,True,2025-08-28 03:15:22,2025-11-21 03:15:22
443,38,android,12.5,7.3.0,929efc5576ef7ba839a565ae8e4ad8b6cb7ccda2cadccabb90f0cd4772faae47,True,2025-08-09 16:01:30,2025-09-14 16:01:30
444,700,web,12.0,7.1.7,9fb9b1ebc01ad44defc0c6100a791d3c436ced6dc9c2ffcde93a4ec4a54ec914,True,2025-03-09 20:08:10,2025-08-01 20:08:10
445,412,android,14.5,6.20.2,acfcbdead7edf7cebbd957cc565e064a2a5da4acbab5fc212c6bec724993fb59,True,2025-08-08 12:28:30,2026-01-18 12:28:30
446,110,ios,17.0,6.9.3,cbaecbb107e9b88d8adaaf14fcf7e83d4a4b7eeffabfe3c5a7f3c9d6561afcfd,True,2025-12-21 20:43:18,2026-01-03 20:43:18
447,342,android,12.2,5.2.3,5f2cadcc2669ec21fbd2712cd0dfcfe7ac47cfd8c9edb72da369d9ecafe31e64,True,2025-04-25 15:31:20,2025-05-17 15:31:20
448,897,ios,18.2,3.0.6,3a02f168c409fead845f37bbc55e9541aa8ae6cbbde5de9deb5aca5cea484374,True,2025-06-24 05:33:43,2025-09-22 05:33:43
449,389,android,10.5,5.11.1,a4f6defe78d8fcec10ceb4aa6fffdf0dae255bed9fcc9e3bb80fc5d30a358b4b,True,2024-07-15 04:45:25,2024-12-06 04:45:25
450,483,android,17.3,3.9.5,aaa0ffdbed4fb0ec9bd1cb1acc1655c9144adf4cfbcd36ecdada62ce1ef7ba8d,True,2024-08-06 14:52:41,2025-02-09 14:52:41
451,834,android,10.2,5.4.1,cf77f376085f31abfcdd7ec3a86fbfb37f23e2776f2bf4c9d5c90da9f00f4497,True,2025-12-18 21:00:41,2026-05-07 21:00:41
452,825,android,13.5,5.13.1,a3efea5c446bbb7b9a6acca3effcbf6ec49581e4b81bcdb054f6c5aeccc1dce2,True,2025-04-03 06:31:08,2025-04-07 06:31:08
453,565,android,15.0,6.1.2,c48ff8b1b216640a4add22dafd45bdd1a7a49279a982232e8043cbbcebada997,True,2025-04-14 05:20:20,2025-10-10 05:20:20
454,973,android,10.3,6.9.6,386646cdb1bee2bd7e36f6f5c8c4af0d81b53e47f0eb07dbe3699f6e67719157,True,2025-05-03 22:12:48,2025-08-24 22:12:48
455,228,ios,17.0,4.2.5,46bcf8edc43c5ecd64be113eea1727573fdfffa19b22a22feadc2c0b0882f31f,True,2024-06-18 00:20:28,2024-12-30 00:20:28
456,92,web,14.2,5.19.5,d53ee9ebcfcfecba273b5efbbfb5cc067160dfe51f53c8fcb531daef647e2f88,True,2025-12-28 23:00:32,2026-04-16 23:00:32
457,99,ios,14.2,5.9.6,db112f7decbbc0e1efc529a3aed5b7c02fc8d08832fc206e5fb19a29bc6b6ffe,True,2025-11-18 13:33:18,2025-12-07 13:33:18
458,785,ios,12.4,7.15.7,2d89abfef3ced63aec44de618020e97fc7e5da980bfd6e458ceb8fbe5fcee6b6,True,2025-12-19 15:11:18,2026-02-12 15:11:18
459,399,android,14.3,3.1.6,3b7c6da40b3d8785d84333f03946cb3b64bae2add5aa4a6b9a43bb62ccf9ea9a,True,2025-02-28 04:09:47,2025-07-18 04:09:47
460,698,android,18.3,5.2.6,d762bca60537ba0c2f636e2a0246cac5bfddedceae141ce913d634ca7113e1ee,True,2025-06-04 05:58:35,2025-11-14 05:58:35
461,110,web,11.3,7.19.5,dd42c2f654f59bb2c993ac9e0c8b5bd2553adabe20bdea4abec79c9fde3dcbaf,True,2024-06-02 05:38:51,2024-06-09 05:38:51
462,719,ios,18.2,4.11.9,6e006e2cb1f74f4bb91efedbfae7cc6f92e7a765e937cfdb6dc4448edc5d6e4a,True,2025-01-28 11:13:49,2025-05-21 11:13:49
463,68,android,18.5,3.2.8,ed69a962ce6881e40a1bec98acfe39feb649a59cd4be16d98933131faaba3fb0,True,2024-10-03 21:04:35,2025-02-22 21:04:35
464,354,android,10.4,3.9.8,dca3ef6caa3f75bdedb6adc37d43ce2eeb9c6ba9f35bf47d5cc46d5a52ceafe8,True,2025-01-22 02:50:52,2025-05-31 02:50:52
465,656,web,11.1,4.11.4,c33ebd2b6a905db0c1a516bf16fac02e9d3d6feedaaf7feabbac41c4763693b7,False,2025-03-12 03:14:31,2025-05-28 03:14:31
466,384,web,12.2,3.9.6,cddc7e1586cee5d96d5d9cb48bad37cfffe9f4cc5a6ca558226d1764addcf37a,True,2025-03-11 20:10:21,2025-03-24 20:10:21
467,356,android,17.4,4.10.7,9e7ccac9fddb4785a5eaab718df0d83cbadfe3a4fd4abedd85ae1afc8539874c,True,2025-07-28 19:57:11,2025-08-30 19:57:11
468,776,android,11.5,4.5.9,12bef5b3fcca4a7c2ff5f2dccc0eee99bcffc4fffe5ee3ff0c0f43b06572468e,True,2024-10-30 20:03:43,2024-11-18 20:03:43
469,536,android,14.2,3.2.1,c79f1cad9f2ddfbbd1dc400b2abca97e30743a3decdb69c645fcfda066eac0b8,True,2025-03-25 12:23:42,2025-09-02 12:23:42
470,284,android,13.5,7.12.3,e94b14addeac2ac6169b8f0ec4adaa8eeb17b1ed6e3e36b3c4db3d69e805fd80,True,2025-03-28 16:08:24,2025-07-22 16:08:24
471,348,web,15.0,4.15.0,f476d5c40bde9dd9d75ee4ecc17315c7ed23cba18975cc9a74745bcb8bede6e2,True,2025-04-03 20:35:16,2025-06-30 20:35:16
472,660,web,13.5,3.2.0,94cddc0a9ffc023ced26f166fb97d892d9e6dddb3fd4dde54122ba60fbfc326b,True,2024-05-13 06:54:46,2024-05-23 06:54:46
473,234,android,13.3,7.0.6,fd555bca33a3b41f7d2abc309fa81676903801fd6b2c74b8b19c12cb8bdf0ec0,True,2024-07-15 16:03:56,2024-08-09 16:03:56
474,899,ios,16.1,5.19.8,4767abcedec3c9c2020face0cbfc172d655da14385bebf6a228ec9c4d2eda9ae,True,2025-01-17 18:50:31,2025-07-01 18:50:31
475,666,android,12.0,6.2.3,ed7c15db51bcdc0bd861c4edc2ffe98b1d4c57e7ebea5df29e1caf8151abf840,True,2025-04-08 00:46:17,2025-08-16 00:46:17
476,220,android,11.4,7.18.2,08bfe81ab1ebba7672f5d54d7ccf44a638be7dbd68a7acd2f5bc55a269d53b7c,True,2025-10-31 08:49:54,2026-02-09 08:49:54
477,273,android,17.0,7.16.5,6fac62535e7b497c6bcbcff3ff96eea2a67dca46b1019ae71c842eeee2abfc93,False,2025-12-17 22:14:03,2026-03-13 22:14:03
478,346,android,18.2,4.5.7,cef71a2aafadb0eca6d9eac89bb27f82960e9e0b320e6ea4cc8ce60de4882e00,True,2025-05-27 02:53:48,2025-12-12 02:53:48
479,406,ios,11.1,3.19.4,a1cf2fe33c6a8ec80d7fa20dbbb9f363e8a1bfa1d548edcd10dce335dae50caa,True,2024-11-26 08:19:35,2024-12-21 08:19:35
480,370,android,18.5,7.2.8,1f68cb80e2f6fce789583fdfbb5b47fb8fe202e20cbe5db2ebb6ee4cd9ea1dea,True,2025-05-18 14:40:41,2025-08-21 14:40:41
481,38,android,10.5,5.19.8,e7fba9decbdc7e543dfbf94a3442eb9d55d1eabdad659393c2ff05a6ded68cee,True,2025-01-07 15:30:53,2025-01-19 15:30:53
482,269,ios,13.5,5.7.8,5b8de1a0d4aae373fa0d1e9fd71b00d337fdb4e69e6a3faecffdc8efb1ddbd32,True,2024-07-02 04:39:13,2024-11-26 04:39:13
483,611,android,17.4,5.13.0,71fcd27cd6abd515bafe7df3d5ce1fd58398a31bec71f3c834e783cacdaae0d3,True,2025-05-14 14:57:15,2025-05-17 14:57:15
484,751,web,11.0,5.16.7,64e126a83bbc53fa44c8ecccd9c482575ff5ecfb14d76d0496eaabdc2caee28c,True,2025-07-04 18:37:27,2025-11-22 18:37:27
485,342,web,10.3,5.13.5,6c1b5bacaafd86a3d3ce101da2de3ea1d8e5ff510c80eed8dfc83b5def3cdcaa,True,2025-10-12 19:35:12,2026-04-28 19:35:12
486,94,android,18.4,6.16.1,daededa4bc5abbd36ccdb99275ebe794ed3e7dba111ae1ab5db4078429495eeb,True,2024-12-31 20:23:47,2025-01-15 20:23:47
487,186,web,16.2,4.16.0,679f671282d0da7cd4e00ec3559e6b67ce6fbbf8afadb78fbf339252352df8fe,True,2025-01-28 08:36:45,2025-03-07 08:36:45
488,955,web,11.3,7.10.7,caf4fe52abbf69bde30fcffdb21ad9a217aad32a198dde6b13babe132ec3afbc,True,2025-12-10 11:38:08,2026-05-04 11:38:08
489,258,ios,17.5,7.20.7,53608ff5c6dc3f34aaa96e60844cb9a47bcaaee4154bbc7ddecc7dfdadcb1ee7,True,2024-10-20 05:51:31,2024-11-25 05:51:31
490,832,web,12.1,4.7.5,0ff373c82213234fddfc4effff0ee5c6f63ec1374779bd21dceb5ade2023edca,True,2024-06-04 07:54:21,2024-09-02 07:54:21
491,76,android,15.1,5.6.4,d9bc44e6a03f6c80ecff9ff1aeb14fda67c7fefdce38be96fcd1dc2fe5867b8e,True,2025-09-04 02:14:36,2025-12-19 02:14:36
492,24,android,10.2,4.17.5,d4154b67a3ce3d8a3e380411ace82069a15f0db203ffa5304bcd69ce65ae6bda,True,2024-10-30 01:35:01,2024-11-20 01:35:01
493,760,ios,18.1,7.8.6,aadb94cf0cfa8bc18a4e4c0f35927c0ea3b3d2e7b9090445e8fa5f627ff4d40c,True,2025-02-15 23:35:00,2025-06-11 23:35:00
494,866,android,17.4,3.11.5,cd1793ff72af80f6cff5b7da4b9af9aa8dacf3d9bfa3fac5bcab3b6be369c2f8,True,2025-04-14 16:06:57,2025-10-26 16:06:57
495,960,ios,15.2,6.4.7,742a0d779dfdfe4d06e3da064e03bf790452afdebc54ea9caaf62ddfcd49a050,True,2025-05-03 08:22:20,2025-07-31 08:22:20
496,394,android,13.1,7.5.3,4d6bab65b4078e1e9fffafd7debaa5aa9b6db54b24ee3bc6eff837b6fbd6f32f,True,2024-07-20 16:36:53,2025-02-03 16:36:53
497,448,android,16.1,6.12.3,b0c8e29e4c1dd49a6afb97bbbb8bb79aafdef21ab9ab9b96aaedea51e4c1a9cc,True,2025-12-06 10:05:45,2026-06-09 10:05:45
498,445,android,17.1,5.0.3,58aec5beaba5dbaeb593fbb5169ccc9593dff5bb3cb1e00eccc3f736d1cd0450,True,2025-11-06 11:21:30,2026-04-08 11:21:30
499,46,ios,14.5,3.6.8,0faa9f9d3660fe061ff6ed20f611a71de2afdd19ee2efcef24dbf617bffb3c5e,True,2025-02-06 06:27:21,2025-03-22 06:27:21
500,733,android,18.4,3.4.5,67d632da8ebd2ffbd905aacdb38aabaffbeebf6cfd77a7b1f6ee44d3ccc04fa0,True,2024-09-18 01:36:32,2025-02-18 01:36:32
501,197,ios,18.4,4.11.5,cd9db418389bbdda1510fddcbebcf325bda0cdca63055e9eaf6a1fd2d8eede9d,True,2024-06-15 03:55:34,2024-06-28 03:55:34
502,944,android,13.5,3.10.8,01c46cf86f251fcdc37592edd7f8abda8f087eccaae02c4a3b93f8ed7ddf1200,True,2025-02-19 13:00:01,2025-06-18 13:00:01
503,881,web,11.0,7.1.8,fb8cc28ea8b9bc29b940dfaf02fd000e9fbc28e6b87bbaef7dbac097f1a3eae8,False,2025-07-31 17:09:07,2025-09-23 17:09:07
504,610,android,14.1,5.4.9,ecbddcc590e636eafb97ecf46fbb2bd70afc397babbaaf1dabdd69ab59a5ba98,True,2025-07-18 05:23:51,2025-11-13 05:23:51
505,876,ios,16.0,5.14.9,5855eedbc5cbf1d49abbce8f5a2805ef3a9e68e687ec9080e1f1ed20ae5bd80c,True,2025-06-16 06:55:42,2025-07-29 06:55:42
506,695,ios,13.1,3.15.0,ea886a9e9bd3e7ebfa1bbfe1ecac5ad2c244c4bf90ce4acc6ee3a5e84baa1dcf,True,2024-08-29 21:43:22,2025-01-17 21:43:22
507,573,android,14.4,3.17.4,369f5aca5af0abfef1b5842804e6cb7e7facf61da14ee4ccb6eb41fbbbef4def,True,2025-10-23 12:15:34,2026-04-21 12:15:34
508,295,android,11.4,3.13.2,faaba51e8df4c35517932c1dc3237f778d55fab2c1eb628dc87e3a12fe573b1e,True,2024-07-11 18:32:14,2024-07-21 18:32:14
509,237,web,18.5,4.10.6,fefb0d1dcd9c2b4feacaf654cfb04cd598ece8f8db850fa0e26addbaf3abac00,True,2024-08-27 10:10:45,2024-10-19 10:10:45
510,919,android,15.0,5.20.1,efddc35a81cd737b7cd89b8ed4d977ea0df2ac3cf6e2eceacfcbe1ff43b5b7ee,True,2025-11-27 14:47:45,2026-02-03 14:47:45
511,856,web,18.2,5.0.8,ed964f0cc7dc3ababe8ea04b7d49c7e1bbdebab886a57d36faccf752c5f2dd4d,True,2025-10-23 13:59:56,2026-01-03 13:59:56
512,411,web,15.4,5.19.1,3f51d3b96bd2bc866a6badaa1f640bee3d8cfd25fcb4ad3ed8636afdcc65c0bc,True,2024-12-20 16:33:59,2025-01-30 16:33:59
513,695,android,10.5,6.3.1,bed8136c02fa06cfe9ab24b41d1078df3a617929eda94f74b3addca1dc3b2bb6,True,2025-04-16 17:37:49,2025-06-25 17:37:49
514,867,android,10.2,3.18.5,2ed84a8df5f437ce56acbf439bf7802ff899a055fa1ce97fb3e9ced704ef66fe,True,2025-09-08 10:55:00,2025-10-06 10:55:00
515,724,android,15.4,3.5.4,41dbfa5619c0a79eb2e7c1c916b4ecb654eaa03bf8eaaef8e3badebcaeefef93,True,2024-11-28 21:22:23,2025-02-25 21:22:23
516,970,ios,10.5,4.8.5,cadfa06600019f86d710d69e8f5d9b70c5b699a4e87c4eb47a3d03baebdafbad,True,2025-05-01 16:46:53,2025-08-23 16:46:53
517,497,ios,17.1,7.13.1,115b17cc997f57cff9aabcc8bad21c23a0ade33c6cc1b08ebb460a4ece14a247,True,2024-05-29 02:39:38,2024-07-04 02:39:38
518,812,android,10.5,7.2.1,81b2bc8ac0ac94f1bbc992ebfb2b76f6ec4bcc1913d8b94e49a5aade6e9d5cfb,True,2024-07-27 09:03:04,2024-08-16 09:03:04
519,363,android,13.3,4.1.7,da686e8165832dbc0ce6fab1a9a81f6f8be8859edacb22ab2301eca2190a15cc,True,2024-11-01 11:01:59,2024-11-17 11:01:59
520,115,android,11.0,6.12.3,522bfbcecfafc4e4e1ef8ecdcc19c42d365ee66efcb4a43ba8ca22c527dad996,True,2025-10-16 19:14:31,2025-11-01 19:14:31
521,318,android,14.3,5.12.9,4033ddf2cef138c7ddca0dcfcf7763454d5b2cf0ea238d422841773c6aac724d,True,2025-09-11 07:04:35,2025-09-17 07:04:35
522,674,android,11.5,4.1.0,efe83d1e951fa9bc31ecf5a961dcfab2ae4cf75aad66dd1addde7dd1a8c14c9d,False,2024-06-28 23:06:30,2025-01-04 23:06:30
523,989,web,14.5,3.7.2,ea9d7686ac83fe3dcdd4cfef367fc5bced1586c2bea5ba0a0c2b971bebfeb1f1,True,2024-10-22 22:57:24,2025-04-13 22:57:24
524,948,android,17.3,6.19.2,15abce3bcc9f5563f0bed4ad0ffe16cfea8fec7a7ffa5b8f11c511cb384b7d9d,True,2025-08-29 05:13:03,2026-01-01 05:13:03
525,376,web,15.4,5.18.9,18a4d0fb3f686a8f66cef9d5cb0e58d9e2aab3fa93a8a8abad80cddf2a6d5bab,True,2025-02-23 13:51:56,2025-06-11 13:51:56
526,103,android,16.5,6.0.4,af85ade0c86c4098366bbd405f4bc3ae3a1fbdeb45bbbc70235be8a1fa1e6b8a,True,2025-11-06 05:31:51,2025-12-23 05:31:51
527,256,android,16.4,6.12.2,bccbfd5592df0bb4de935eaad25b7afdabce8974e1abd4dce0f7aaaa30be3786,True,2025-11-25 06:16:19,2026-05-27 06:16:19
528,230,android,18.1,5.20.5,1fddfe1a0bdaad6f3b5c382da5badfab4be1ac71d0532fe2dfda4bd5febeb6aa,True,2025-12-15 07:01:59,2026-03-20 07:01:59
529,21,web,17.1,4.6.0,80c285eb5c4db9a12db06aed7b36c741593eef293e787a37ed203780dbaf2bcd,True,2025-01-23 16:25:44,2025-06-04 16:25:44
530,650,android,16.1,3.8.4,feca72b0e8303c05fa5afae009a83a4f5c539e0aff5197df783d593acc17ad52,True,2024-08-26 14:18:43,2024-10-27 14:18:43
531,827,ios,10.4,7.18.8,1eb450ecab6ca0ac2bafc6bd343bf4268bedf0baa37db73bc4444bf66e33edeb,True,2025-11-25 12:45:19,2025-12-09 12:45:19
532,934,android,13.3,7.14.5,59cc835975a9bd9573a2c5306d4f189c1b0d8ddc0eb9b7fcdacf68d4286edcd7,True,2025-07-11 13:54:07,2025-10-05 13:54:07
533,174,android,15.5,3.0.6,112ece2cc08ce90fb18dff5eadc68db807b5eeedbaf941f3c63849f6572d88ff,True,2024-08-27 11:04:16,2025-01-24 11:04:16
534,454,android,14.3,6.4.8,dfe94be5dcc61c2e0fefaedd22c970c2b8cec5d14d36833b17bedf7dd467fc60,True,2024-08-03 20:20:18,2024-10-19 20:20:18
535,230,android,14.5,7.10.1,5a72f7e4ebe3965dbefaed4aaaefa85d5c7fce8ad199decafd3f288f4fb3cead,True,2024-11-16 23:30:51,2024-11-20 23:30:51
536,97,android,14.5,5.17.4,aa7f698f81ce8a9efa69bcff7145f80a92adaa40633c09e9b75bad7b1d980b1b,True,2025-10-08 04:32:18,2026-02-03 04:32:18
537,915,web,14.5,5.2.7,4bae9ced2fc0ff0fa771305ae4ce6ffcb41b9d48c86a402a9cd2404782cf6a70,True,2025-02-28 16:53:48,2025-05-28 16:53:48
538,204,ios,13.5,3.14.2,023ca1c8d4607ce3f873cd7aa7aaae43fc3b7fda9c65af87bdaeb77edafec9cd,True,2025-12-03 11:20:22,2026-02-14 11:20:22
539,810,android,18.1,5.19.1,4cbcee93c20d2b227d140c91559dba9e7eef225869f340db88b37936816cbe25,True,2025-04-03 18:03:46,2025-08-01 18:03:46
540,943,web,16.1,3.3.2,b3ecc68ffcdfa3cab4a1139e3d4032ff4e93ac4f2e65afcc7cba4ed79eb24d13,True,2024-11-05 13:15:41,2025-01-12 13:15:41
541,953,android,18.5,7.19.7,463ef1e6f1b6d9fd034deaf9f1edc72bdc1cbfa7fbf079ce3deb8ceb18afc5eb,True,2025-06-30 08:33:40,2025-11-03 08:33:40
542,913,web,13.5,5.17.1,3cd5b3fafcad7f418b84caa3f9db1ae45b23b93ddcea7da5f8ae9e85e0a767b4,False,2024-11-17 21:36:03,2024-12-29 21:36:03
543,690,android,15.5,5.2.5,9af8e3ecdcdc82e69be7e87c39f23d41e1c70f16396b5defda83d00b3cc3cdca,True,2025-09-18 09:24:33,2025-10-20 09:24:33
544,437,android,17.2,3.20.4,4c1f54e10859d2fffa76dea4e54cf8e6ccf8aec5527c2db6ef8ef7a4ce2eeea5,True,2024-12-26 07:34:38,2025-01-09 07:34:38
545,197,android,15.1,5.10.0,d1aec98feed0ef95d57ddc5e8bef7b8bec8a6c8e3fba2dc153af2fb06b6dc68c,True,2025-03-19 11:46:29,2025-09-24 11:46:29
546,765,android,14.3,4.9.0,daebc7d11eac1d7e6aeb1fd1652f1d19489928c42e4acbe0b165a4c7deb16dac,True,2024-06-11 08:47:46,2024-06-19 08:47:46
547,575,android,13.4,3.19.0,ffafdaba39eb4eb667a77dafd39df3e09edb38da9d0a86d0fafbcaabcafd1d7e,True,2024-12-23 01:37:02,2025-01-13 01:37:02
548,68,android,17.2,7.8.8,8016fb53a66b1bd7afefd71e8a1ef9ad1b9c30d03d9ed9bd3adcc0feb8feac5e,True,2025-08-11 01:57:25,2026-02-05 01:57:25
549,943,android,11.2,7.13.4,3673b5fefefa8d6d4b5ffd1d5aefa2ceecf05adde04f7fe8fe3c5beedf6205cb,True,2025-04-13 15:26:48,2025-07-24 15:26:48
550,906,android,14.2,4.2.2,0598f29ccec2776fca4f1d259494f17e2eed49ed6dcbcedce9dbda4c1c9ef04b,True,2025-04-13 02:41:39,2025-05-08 02:41:39
551,694,web,16.0,3.6.6,1fb46adf82a241ebb5c2fc0f966f2aaa1f34625ff98a0a5de1afca4f5eafc4f0,True,2025-06-26 03:29:29,2025-12-18 03:29:29
552,987,android,15.5,6.19.3,5dee6e3dcfdeeb4ca2df978ede1ac00f77a8d0ddae0cc79aa32e3697c32fff30,True,2024-06-14 14:02:22,2024-12-29 14:02:22
553,923,android,12.0,6.16.4,4b9a17b5318e553e4db7ec6b5bf0a5fbe7f351ebddec65ac0b3fa4e21ca7cbec,False,2025-02-08 21:56:52,2025-08-02 21:56:52
554,610,android,13.5,7.11.6,ca21ff41c5df298a0c5221abcfcb199f01ddea1df209df9aa6a0dbda35e47dc5,True,2024-06-26 04:05:25,2024-10-20 04:05:25
555,19,android,14.4,3.19.6,c4d18bc207c4f8e50f0d65fe16b0dbbc9d30da3de5eef4adad5cbd22a1d4acb7,True,2024-08-13 04:16:03,2024-12-05 04:16:03
556,735,android,18.2,5.18.2,d8cdc2a399a3ad3dcaf0a8038bf6f26df2a6e3c7c459c83fdbf462490533ca3e,True,2025-12-03 14:31:21,2025-12-16 14:31:21
557,682,android,11.3,6.16.1,b221e83dfb2ebd1e7d1f0a6c5dcdd009bc89fee6ab8f31aebc47f14dfe0603bc,False,2024-10-29 09:57:30,2025-04-16 09:57:30
558,357,web,18.4,7.13.6,0e55230f88afe2c5eccf9fefb07dc3fa3c85e8abbebab75ecf14e10baebc0e64,True,2024-09-29 11:06:48,2025-01-11 11:06:48
559,673,android,18.5,7.10.4,0caff12913e4e438ca72fa6a86a48cb0fdaa20df12c80ffb595fef4cbcdadb89,True,2025-03-03 19:19:21,2025-07-07 19:19:21
560,483,ios,17.3,5.8.8,dbc9ee828ab8dfd5abdaeafcac0cdf48f3ba1cd10afee17fa895cfd0fabc5d95,True,2024-11-13 06:44:37,2025-05-11 06:44:37
561,518,android,14.1,6.15.0,b3e7abf97fa1337215a34a27705bbada04eaff28a4bfc8c26de222c9e7abd75d,True,2025-03-24 06:36:02,2025-05-21 06:36:02
562,152,android,14.1,6.6.4,aaccec8019d7d9bc5e37dfd0f1b3ec2bd26f46caf452b1e0d7feabab7e6cd405,False,2024-05-24 13:02:11,2024-06-28 13:02:11
563,527,android,10.3,3.3.3,778b1c822ef34c7cbe4ca5dfab1debf3324bcabb8395cb8bcecd4490061f735b,True,2025-04-22 11:08:04,2025-10-07 11:08:04
564,721,android,16.2,7.8.4,4acbf2213e8de821afb31d64cfe393fd01f15aafeab9bdc2aded61bf446ad9b1,True,2024-05-22 00:19:17,2024-08-14 00:19:17
565,203,android,10.1,4.8.9,7d4bde5195ffeeb81fdbc89ddde69fb0dcc5b0e6d6daecbea8a9b65fdcbc9b17,True,2025-01-22 01:28:20,2025-07-17 01:28:20
566,547,android,13.3,3.6.3,2eba3cdfef621483301eeb665da0014e501fbb06f4dff3aafc4474dbaab6cfb2,False,2025-03-30 01:51:12,2025-08-30 01:51:12
567,676,android,10.0,4.12.9,d4a5c648e86e4aabad6e3deb48c4e820ac110def9deb1bfb73ccb90d6ec2a114,True,2024-05-22 21:14:36,2024-08-16 21:14:36
568,349,web,12.1,4.18.7,76ba0611418bdebc72ba789b8ce3dbeeec8ac1d0b0b29304aa04ebcefd24f7f2,True,2025-04-15 01:53:32,2025-06-07 01:53:32
569,548,ios,18.5,6.15.7,ab08bd76cf28c1ec5d9576d014c5b739d68e132809d600bccbb1f7e4059187d8,False,2025-03-20 14:54:31,2025-09-21 14:54:31
570,634,web,15.4,6.15.3,4bfffca484d70f113064f52d706b0b2bfddcabf21bc64cacfabb6ee47fafa2c2,True,2025-08-02 18:11:20,2025-08-30 18:11:20
571,113,web,10.2,7.12.7,aa196ebf54c6f4c10cb5d3a9ebfa4c0aeb4cddb151bdb9fb5cfcda86adfe4ad4,False,2024-11-08 07:24:56,2024-12-03 07:24:56
572,953,android,14.0,5.0.0,2bd40cc51be6f908b00cc4dddef2ccf49a74332a0e80fefe8b653fcb730f167a,True,2025-04-12 11:52:36,2025-08-28 11:52:36
573,249,android,16.2,6.7.0,07cfa88bfac7136b96c5eceea81f1881fbabc8d501f3bcebe68cedd0ae5c4c4f,True,2025-07-19 10:00:30,2026-01-17 10:00:30
574,35,android,14.5,3.5.9,23bd3cbf3b46f2d4ffeeabefaa7e5cf0ff118ad0e4ddcb919ba40bbb78eac4c5,True,2024-12-31 22:08:25,2025-03-26 22:08:25
575,708,web,12.2,4.7.5,159075beba5b54f16b5ce314ffb2413d7aafdfc55f0c87d64ec331bb9f679e5f,True,2025-09-28 18:59:14,2026-02-03 18:59:14
576,483,ios,17.3,5.1.8,76d3bb9cd3ea2688cb1fd1ada2b3e1bcb4e228dd7d367a3f5d8ecafc4e93cfed,True,2024-12-12 21:04:40,2025-02-17 21:04:40
577,965,android,18.0,4.19.6,51cf5e9f1d250e9f288e4b0e3adcadf67f8fc7e5d87bae1bedb28a8b81d2ceee,True,2024-07-10 15:27:15,2024-11-03 15:27:15
578,364,ios,10.1,7.10.0,a0d1d4a58d3ef0ccd014f452da9afac4eb5dd2e7ebd48ba44af31ac2ca7e850a,False,2025-09-07 00:02:41,2026-03-13 00:02:41
579,676,web,11.0,7.6.0,66c0a4c4a6c4f5affcce7f9eed85d6feb7867dc4d2827aad2faa7f9ffdecbfde,True,2025-01-21 22:04:38,2025-03-26 22:04:38
580,125,android,10.2,4.13.9,ce9114d9054fdffeeefbefbc6cdef0eafd626bc533fad36ac4d5c52fc0773f6a,True,2024-11-25 23:16:53,2025-03-22 23:16:53
581,801,ios,11.1,5.12.2,bf9d56e1b7cbf7af74c1e166f7e4783f33b8efa25ebffec0ce26caf714aca370,True,2024-05-09 13:18:16,2024-10-21 13:18:16
582,904,web,15.1,7.18.6,baffba873d36af81eeb2701adb53c6eefceafced3176b6fe80899d040fbd1acb,True,2024-09-10 09:00:24,2024-12-01 09:00:24
583,998,web,11.3,5.13.5,ecb9cfe37feaeaffdec4a0fa7ac9f4b58da957922e0eb18bfe8e5b14e8ccd9b0,True,2024-12-30 09:04:01,2025-06-03 09:04:01
584,39,web,14.0,6.8.4,057f21dcd63af2e6d5a66fc37fc8551ea2ddcd0d5a2dad33a60f07b89c55c5d5,True,2025-05-26 12:14:44,2025-11-20 12:14:44
585,136,web,15.4,7.14.5,cecf71ba3fb2c989a338ecc0accb598e811dbd3de86f77e202bbd9ef63097aea,True,2025-01-18 16:35:01,2025-03-01 16:35:01
586,930,web,16.0,6.15.3,9600bdfa1146d430e540437b9df4f8b78740ce5edd8f193bf5afe890cbf56e72,False,2024-07-31 01:01:28,2024-12-12 01:01:28
587,270,web,13.5,6.17.3,2a0daeb93fdc8bebd4cb7baec224b4db9d9adcffad0df5e1c15c8cde1fc5a1cd,True,2025-08-29 01:12:33,2025-09-21 01:12:33
588,659,web,14.5,5.19.8,163e441ffdc61dad191b5feeb0fa6abddb9bdead2f38a236e0ac6608dcc5fcdb,True,2024-09-22 17:14:55,2025-01-13 17:14:55
589,543,android,15.2,5.19.9,deceaefca52cd2eaf8c8d15c0dbfddbcdeab4b980bdbc6e96bfb0b4c6ca8bafb,True,2025-03-02 13:55:42,2025-07-30 13:55:42
590,642,android,17.3,7.13.6,f8d1e0d8262fd2601f1e5dff409ff1f22ba8aeb13e0a0e6f12a14ac05365f4fe,False,2025-10-13 13:42:46,2025-12-16 13:42:46
591,321,android,15.0,3.18.9,7596da07e46dbafb31b60bdf1d8ccaeafcedce07b2db39bb01f9fcaa782da042,True,2024-09-11 11:51:27,2024-11-29 11:51:27
592,518,android,18.1,7.14.2,dea0e20f329ea4a0ac5b3c4c76adc09491e1a1fffda51512c8b43fad3e7f12de,True,2025-02-04 23:56:58,2025-05-28 23:56:58
593,757,android,12.4,7.19.4,ffdb64ccbe44b4d7cc4bbae955d0ede3f0f0acecb74d4eaf8fb7ecc91eac28ef,True,2024-12-07 09:52:19,2025-01-20 09:52:19
594,916,android,17.4,4.16.2,a10b61e9884addd18c1c43ead2f9c60d2d0bfad24f8f26ec11d2c8ba61e9bd91,False,2025-05-21 00:04:24,2025-09-25 00:04:24
595,352,android,12.1,7.10.3,40b6fb0f35b47b8dcfc8e9cc247ef0bfaf7635c8bda723e80bad5cdcc4867445,True,2025-03-19 13:28:08,2025-03-22 13:28:08
596,238,ios,15.0,6.16.9,763c70f8e2a4cb070e32bb4b4fc59b3b0bfbdbd437e6de7b65a65e05ed5e70fb,True,2024-08-28 02:23:50,2025-01-20 02:23:50
597,827,ios,10.1,4.17.6,ebb8b0e27b22d6ba8fa20aef5ae1ac488dadde8bcfb38d1a2c975ebe3dc7eb2b,True,2025-09-29 06:14:23,2025-11-19 06:14:23
598,389,android,15.0,7.10.9,22af64b6fdd3df09f092aae2c7cc8e0a74afa326ba38d645beba05feb3df9bc8,True,2025-06-01 20:21:21,2025-07-23 20:21:21
599,517,android,12.3,3.9.2,b020e3b8c87aa2fa6ddc18d50c7df5238b997a3c74ddf6d9c19f14c2f0c5a1eb,True,2025-05-23 15:07:14,2025-08-19 15:07:14
600,771,android,10.3,5.13.9,e020b7cd6da2da3bfc42a35f479a7a61ade67a94833a876fddc0abba7e4bc105,True,2025-03-25 20:01:51,2025-05-12 20:01:51
601,630,android,12.4,4.15.7,cb0f739b2dddcfeacbe138ee5fc5fbc742befa8b04fe11c3fcde7abb5a7c65fc,True,2024-09-28 18:32:28,2024-12-13 18:32:28
602,28,android,15.5,3.5.0,c24c6acf0b7fe102b2aaba00487ad5d7e4ea57ed89dec6f1c4e6fbfadd25bd9e,True,2024-07-09 14:09:50,2024-12-08 14:09:50
603,396,ios,11.4,5.20.7,605fab7b5a1ba247a7dbfe0ba64ed8c6448b5dc04ff8e528cfda3b1500ed04f0,True,2025-09-27 16:33:46,2025-10-14 16:33:46
604,990,android,16.3,5.6.8,eaba6fe457aba25b8f74cf4c73563bd80a5dcdd01c9e5fbe5d79bf7a3ccabc2d,True,2025-06-19 18:38:41,2025-09-09 18:38:41
605,874,android,11.0,3.7.8,9acbdebab5b03ddaa574f93fa19ea17b233e93eb06bdad8b7f24d319acba5ddc,False,2024-08-13 05:19:02,2025-01-31 05:19:02
606,369,web,17.2,7.4.0,6d0def7a94aa5e310b19bc63aaa341ad6e9457cbc33e096facf2ecb7cfeea2b5,True,2024-08-04 03:58:46,2024-11-11 03:58:46
607,532,web,13.0,7.12.3,18ca9d9d043e3e1ec29760bfc8e233cc4cece834e4df5e2fa8eb0d2d599c6492,True,2024-09-27 01:00:54,2024-11-26 01:00:54
608,152,ios,16.2,5.8.4,d20f7f351e2b62f4e04f217e4d953bfbbde1af6d7a2bbf5f3bb07c5baaf45ca6,True,2025-01-13 01:03:28,2025-04-11 01:03:28
609,938,android,13.4,6.17.1,21aee3b4b58317b1ddc2ed0bbedbdeb6ffd6921a08b53fd5c71d7bfbc54457d3,True,2024-08-01 01:27:17,2024-08-16 01:27:17
610,320,ios,18.3,7.10.8,8775a52f1cdca6bbaa7dde284d1a3ba1d90be93e7a2bae94cfccbaa3e76f7ce2,False,2025-04-27 23:19:15,2025-10-31 23:19:15
611,814,web,11.5,6.18.6,4a1a0c06cbeee6dee31dcb6de8fbafcc6a758dcbb4faa1aabc95152fbe6cf9ae,True,2024-10-19 12:58:55,2024-11-12 12:58:55
612,223,web,17.1,7.14.8,dfe4f5c1870cb3d2e82cec525b7bacf7ebc83bf5f8f454782fbbf0ef42f04ebb,False,2025-01-16 05:20:43,2025-04-01 05:20:43
613,498,android,11.3,3.9.5,db9d6a3b39eebfb6dadaed80afa748cd94d048b438f51a9d1cc9419adabc886e,True,2025-04-09 08:24:12,2025-10-09 08:24:12
614,562,web,14.0,7.7.4,0f6cdaee3a199a972a3f82b81b76618e96701a1d75e419956ca34c75206aceed,True,2025-07-29 07:33:40,2026-01-06 07:33:40
615,890,android,16.2,6.0.5,bc5dd7a2ce9c9ce0f1faeccea6cf62c243bdc3a0eb317f180bbc49ef8cdb75e6,True,2024-12-23 08:47:51,2025-03-06 08:47:51
616,936,android,12.4,5.0.0,feb8f99e904f508ad02839f5ce219c0a784e96fbbbbce5ba67595a6c3efb1e14,False,2025-06-11 00:43:42,2025-09-24 00:43:42
617,117,android,10.5,3.6.8,b1c08ed7ea4b8e2cd37f8f8fea6d0e4232adba6ee24a69c8a0ee657acfa1fde3,True,2025-10-07 05:52:14,2026-01-02 05:52:14
618,935,android,13.2,5.16.2,a5a31e2904bdb352a2d7ffc23eeb2ac1fc7fc1fcb770df3cead70d4f436b70be,True,2025-09-03 07:45:00,2025-12-24 07:45:00
619,734,web,13.3,5.3.3,3fdfc25bfec5fb3d1cae79e22f8111da1d5b80ae9e7ead1e74b7f39ace97df6d,True,2025-09-03 13:44:22,2026-03-05 13:44:22
620,391,android,14.5,4.18.2,e8fc1010a426acee9a2862ca1c11da1c0f421ba0bd539eb948bbe0b1c5ccead7,True,2024-11-22 18:16:56,2025-04-27 18:16:56
621,147,android,16.5,4.14.1,44745dff8b068ac3b37a0eebdcd2e9effee7eb69aefead57d89c038ce7fa610b,True,2025-04-27 17:05:51,2025-10-23 17:05:51
622,526,android,14.2,3.18.9,e83d37e5171dc2c8d68db21d965c7fee3cc30bc18d0c6ac0c84bbc55d1690fed,True,2024-07-19 01:48:39,2024-08-22 01:48:39
623,929,web,10.4,7.15.9,b57b76d0ad2c8de4f939c2b60b3f2a054c0c2c479b74b59384d5ac24d1b0b4eb,True,2025-08-07 19:50:16,2025-08-11 19:50:16
624,414,android,18.1,4.15.1,5031e511ba1bd8091add84cb992dc7d7f949be87fad6cf7cd3abeb9c26cae538,True,2025-01-10 00:45:18,2025-07-24 00:45:18
625,126,android,10.1,4.0.2,3e303c4ef5bb7c6c0470f0dea2bfbdfb7ca7d1f6cb2e1f9acbd2e3dcac38367a,True,2025-06-11 02:54:50,2025-11-28 02:54:50
626,68,android,13.4,7.18.9,afeddec0d9eed6fa00c0a685582e72bdc158bfeac209ae5fcd0c0ebbcfa45eb6,True,2025-10-05 00:53:57,2025-10-07 00:53:57
627,988,ios,13.5,7.14.7,a6ddec8d5eac2cd92c45d38a9e50a0774a79e4edbba7f0d82d8ce562a6fc905c,True,2024-09-05 02:09:09,2024-12-19 02:09:09
628,408,web,16.0,7.2.7,8f1ce85fd0b0f5cb3bf182ee2c0fbcbfc9dabfadf8bffcf1286ad25b8fdd6efd,True,2025-08-09 12:12:27,2025-08-25 12:12:27
629,154,android,15.0,5.20.4,c379ecd4df5ce5bdcc6f9fdb1adfa9d795a69fdabb76dbcb4cbc7f81bee81afa,True,2024-10-24 10:35:13,2024-11-11 10:35:13
630,208,android,15.1,5.5.5,6de097120cbdcaab2bbaaeea0187badfacf2ec17fedae5ecccefd0d3beafbd2d,True,2025-08-03 05:32:17,2026-02-07 05:32:17
631,58,android,12.4,4.18.2,8eeaec9ad08b0fa8ec9c5c32bf5ab3ac9b7ccbaaacbd1afa02cec330cdec1dff,True,2024-06-16 00:28:41,2024-10-05 00:28:41
632,386,android,17.2,6.5.9,f4941aa4acd7cc4bccdfe6a3fbc528ee5f0c46c873e5c70b2d6a62d43c33ea56,True,2025-09-12 20:06:34,2025-09-29 20:06:34
633,447,web,17.1,3.17.0,a0eb58bebeffb2056df42cae3be2f1ad9f288887b5541925a81fb768ecad3efb,True,2025-03-25 14:27:40,2025-09-20 14:27:40
634,765,android,11.1,6.14.2,edbe099a50a5dac92de53266cebeb47cf52cec5eed4ace44a0de006eadff86fb,True,2024-11-16 10:39:10,2025-03-27 10:39:10
635,701,android,16.3,4.16.5,cdbeda34cac5d2cf608f7ba53a7d96bb1bd1deac2ede7f9fddd1489ef35b9cb4,True,2025-01-21 04:32:43,2025-03-19 04:32:43
636,153,web,15.3,5.17.7,2fbdfde20d6ffb0337cc0dcc1e8cdbd1ea0fd8b013c138df99c1aba2efae0282,True,2024-12-10 17:59:55,2025-05-06 17:59:55
637,431,ios,15.0,6.16.2,eeec0cff9f4993ac991d23cb1f2276a528e6ba4cd1d1ef826e4ccbf9d3a1f99f,False,2025-06-29 01:38:27,2025-10-21 01:38:27
638,670,web,13.4,6.17.7,ee25ffdc61016d0a918a8f58ae9cfec561ac5aa7bb64a6c53cfb54b8ff2cee7f,False,2024-07-03 07:51:54,2025-01-19 07:51:54
639,629,android,13.3,6.1.2,969dd4eeb937e80369dfdd89ff7eac3ea41fafc4514eee65ff99436ea285e67e,True,2025-03-01 13:46:38,2025-08-19 13:46:38
640,191,android,10.0,5.6.6,cbb2deb0fbda10f9a2b11d21fd3dac85fe25bcbddee5ee7776f0fe73b7a97ff2,True,2024-12-21 00:21:26,2025-03-18 00:21:26
641,300,android,18.5,3.3.9,4ff6f89fa694f484e45a93b38083a4e808b976fd8af2d5ac31c8b1d4aa7ebeb1,True,2025-01-04 22:31:06,2025-02-22 22:31:06
642,35,android,12.1,5.7.6,98dc8d2d35a672d0d899ebd7d5bcaed3ac6f6eff52bdbdd8dab53f7b9f8b4af1,True,2024-10-09 02:59:09,2025-03-29 02:59:09
643,852,web,14.2,5.13.5,edcf7fdf9bfd77d2e75ffdf193b00e60f7d8bbcbe9f20dbe4e02aa05a9ddad61,True,2025-12-15 23:51:40,2025-12-21 23:51:40
644,252,android,10.3,5.5.5,f97a15fa6281e82d2eddba831ae208ce3d8e0065b9f72fcbccec8c5e0f3ec83f,True,2024-11-23 05:28:58,2025-01-18 05:28:58
645,283,android,15.2,7.20.3,67b59ad7ae918b3cbab8f8b33fe9efe69f7dedc7abeed8ebe1cff04dcf99ab5b,True,2025-01-10 19:00:08,2025-04-28 19:00:08
646,617,web,14.1,3.16.3,221c70d1cacb8a1698fdcb51dd1ebc1cd0cdec1b3b135ffc60ebbf9bededb6fc,True,2024-08-14 10:50:51,2025-02-04 10:50:51
647,105,android,16.4,7.16.5,d0dab8c7fd29d3a860ddc92f7b38afaabded76414fafbdf84fadbeacff28544f,True,2024-07-16 01:43:59,2024-10-17 01:43:59
648,363,android,16.2,4.12.7,0d9a703b4d6bba20bbbd3744ccb8f67bc16bed91bf5b127490fe6c90acad7d3e,True,2025-03-08 06:50:18,2025-07-12 06:50:18
649,426,android,12.3,7.13.4,b368e9fecf6e5a68fb89f2ecb2de83ddded6e346336d22c250ffa5278ce401d7,True,2024-07-19 01:05:29,2024-08-25 01:05:29
650,406,android,13.2,3.10.1,997b4cf4beb07f82bc5bac28ede44abb06daf1ff3efaa452a750d606fe31a0e3,True,2025-08-23 23:01:41,2025-10-26 23:01:41
651,563,ios,10.1,6.13.2,0547aef6cea95cddf677c1b3015d001deb5cd81d114479040faaa94c61e93d2e,True,2025-08-12 18:13:41,2025-11-16 18:13:41
652,450,android,15.3,6.8.2,e94f475d3ae9e3bdf8acf9817a1fccea70a03abcadbbfeacebaf4ce93ba9a4de,True,2024-08-31 17:02:15,2024-12-01 17:02:15
653,911,ios,16.2,5.3.3,eec969f1b88a62b07d6ddadbfd4ab1159fa4a9bccfdcac5ee381d1effec5c8f3,True,2025-11-13 17:09:05,2026-04-30 17:09:05
654,727,android,17.2,6.18.2,5eded046dd20a6485c3202facc3eaafda8e9a4fc0b5c8e919bf36ab1ac2dfeda,True,2024-10-09 22:11:20,2024-11-09 22:11:20
655,980,android,12.2,4.13.2,9a7f9ebdb2503f1e390f86dac1d40298af7a2acf526afe4cf6c4ee63463fbc71,True,2024-08-16 00:42:32,2024-09-22 00:42:32
656,824,android,12.4,5.16.0,a9eaefe98a2c70791ed1ab5ce74fac4521afdee503e569bf41cf57bddff4a527,True,2025-02-24 23:01:16,2025-06-15 23:01:16
657,662,android,12.1,6.13.1,7ef01eed5c32d344c9d2f8bcea29df6b8d62fd7e31ad4d3171e811cfdb08fe4f,True,2025-05-12 05:29:11,2025-09-04 05:29:11
658,216,ios,13.3,4.14.8,3d9c0cd2b64bbb73c8c7c51854bae661ad3cad1fe0a33bfcfec6ca3aacd9ecbb,True,2025-11-21 00:24:13,2026-01-05 00:24:13
659,658,web,17.3,7.19.6,bffd7eb85ada85bdf52dab425d4dd8dc2e8c53f966cffc09d8f8e6ef14b1b8af,True,2025-01-22 06:36:45,2025-07-04 06:36:45
660,806,android,16.5,5.5.0,b98ec2334466cbfb6acf8b7d7e48ec8efa9c1faca9ddbbdab85b7f720ac77bde,True,2025-08-06 04:26:58,2025-10-16 04:26:58
661,536,android,17.1,6.0.5,fdd2bab362ee68b121aeceb87d4d7e6ea8cfdc327339046bf206d955dad5dba0,True,2024-06-05 06:41:52,2024-06-14 06:41:52
662,597,android,10.0,7.5.5,2aac6db0bb7e15e9c3bd2aea8c1b5e0aea0afc8d83bc08efad47ee3bd6bdb166,True,2025-12-19 11:23:38,2026-01-09 11:23:38
663,223,android,11.2,4.7.2,c89c4fb7af2b2aa3f1d51ca94bcb8f714f485622eb6f64ece9f3f80ee6a06f8c,True,2024-10-11 12:51:51,2025-03-02 12:51:51
664,638,ios,17.5,3.11.3,cabef5f11e1dffc7a6d6beaefad0edf0dd81f56ba3d79beffeb0ee9738b16aaa,True,2024-08-26 00:36:33,2024-09-18 00:36:33
665,6,android,13.4,6.0.9,f33fbf6e4fdc90abecdfab3863e7b90c4ed268bedac7b8d56fa8fce46cf3c406,True,2025-11-07 22:48:54,2025-12-29 22:48:54
666,736,android,14.3,6.1.2,5fbfa6e873a9eaacef0ca3bd2a9b8df3a4f571854eef7e9dbbf4bfd96d13bd3d,True,2025-07-29 01:32:37,2025-10-16 01:32:37
667,215,android,15.1,6.3.5,92cefec3d80e345d7cdd3b0dedbd67e8b1e738ee590260d4835d0f65f5d7cfc5,True,2024-12-02 09:29:31,2024-12-05 09:29:31
668,540,ios,12.2,4.15.8,9ca5e30bbb6f4ba4fb5f23fb3c0bd095eecc0fcee09eac4ea7bfde9b5e9f9070,True,2025-11-10 04:12:49,2025-12-22 04:12:49
669,896,android,14.5,6.4.3,bdc6a401731c6f4e64d89dba63f053974f69b14faa20d5cd84b6b08f5bcecba6,False,2024-06-09 13:15:34,2024-11-18 13:15:34
670,454,web,14.3,3.11.7,cfbadee55f75defdc44e79ffd4b9fbfd4af4c2cb2bc0cfa38ea9056bba7aab43,True,2025-12-02 22:47:15,2025-12-17 22:47:15
671,401,web,14.1,4.14.3,8902bfafc5116772fed0da6d41f49e9670f9bb72cbe2724babd4debb7de29882,True,2024-09-20 20:24:37,2024-11-05 20:24:37
672,984,android,11.4,4.2.0,e1ebbcd2ddaefd1af5fcf786cbd0f7d3e5b19b2a21f4649d429d0a54c8bafe8d,True,2024-10-18 23:17:04,2025-03-05 23:17:04
673,538,android,10.4,5.9.2,18aac24ccdbc1e7994d1df0ea7baf6b9cf1cdc5c8f581fc97adc847aa349ccdd,True,2025-05-23 12:22:31,2025-08-05 12:22:31
674,183,ios,16.5,7.17.9,f4c72b2a0a7a1faeface7e53d5b1daf9aefebafa217b08ed4fd66b106a954793,True,2025-01-24 07:12:33,2025-08-02 07:12:33
675,751,android,15.2,6.6.1,0e7ddbc3db0ac3baf89fd44d0ef1b7970e8fcbb704381a1ca4c07e5f5242ba16,True,2024-10-12 11:33:59,2024-11-18 11:33:59
676,949,web,12.2,5.13.7,a4e8dff46ca4c6125f7930ffcdec5eecdbb5fcc9931d4e4cddc436c6f73ac562,True,2024-07-05 07:36:52,2024-09-08 07:36:52
677,422,ios,13.2,4.9.2,24df4bba7b8b498dad3cddfa3cf269b5a55b4b9e6b4ed12b184f6510ffbf7ade,True,2025-09-16 06:08:44,2025-09-18 06:08:44
678,326,android,12.1,7.10.8,490e66009c6b3fd2ce2b8a21f9082a8fc94feccdc805d1fd4e81bc7ce5ef31db,True,2024-08-18 14:22:51,2024-11-07 14:22:51
679,616,android,17.2,6.15.9,2aa0e5822bc175497d57ab7cde57604a2dba6ec1b34ed0f500bba8cd72f3ab4a,True,2025-01-13 15:08:36,2025-04-25 15:08:36
680,755,android,18.5,7.14.7,ba0ce6bec7f91d0edddb2be81d558571a1ffdcfcb1fcc4e634ebc40f86df5ab2,True,2025-05-08 09:35:46,2025-05-21 09:35:46
681,199,android,10.1,5.0.9,d462cc7f0a75d109ecd6ec274afa03e9efe72df79092fecafc5a21618d9c5b08,True,2024-10-14 23:27:56,2024-11-07 23:27:56
682,323,android,16.2,7.20.8,b5ee95bd3d7e9fe30ec639085caa8a98ddb9bed1f158e9e7ee1daf005bfa9645,True,2024-09-10 07:27:03,2025-01-25 07:27:03
683,247,android,12.1,3.19.5,2ce1aa6ddca71300437a2c51596917efaade3e8fbcadefd09dc19ae26f825a6e,True,2025-07-04 05:06:30,2025-09-15 05:06:30
684,641,android,18.2,5.13.9,87f3d0fa96ced8abfdaf294d5c2e38ab44c40e43aacadde9bbf94c9beebeddd3,False,2024-10-30 11:53:36,2025-01-27 11:53:36
685,242,android,17.2,6.10.2,c9fb3577fade44714160115b91aa1e4292fb9a3d120fb1a9c5af43e9f398c5a9,False,2024-08-19 05:18:57,2025-03-04 05:18:57
686,216,ios,10.1,5.14.1,b17e6a77aef35d3fa55fb4da4243e4e8ff4eb3d09fcac7fccdeb5970cffaadba,True,2024-07-01 16:41:18,2024-12-21 16:41:18
687,933,android,10.3,7.14.7,19bbdb8cefbdadc12d412de8f4e1aabb5decde87566ff1dbe9fcadeaa438c188,True,2025-05-30 06:04:02,2025-09-17 06:04:02
688,478,ios,17.3,6.14.9,6ae0ee49caf6adbaf5055c03e8c1fb09f0ee0c3ff11edec3cdcfedff206e1d3b,False,2025-08-28 18:37:44,2025-11-04 18:37:44
689,527,web,10.5,3.13.4,740aedbbd2bb4dddbbfa74270edf12b8eda096d7c9ffb9ac0042aa509b92213f,False,2025-01-03 16:26:33,2025-05-26 16:26:33
690,635,android,13.0,4.5.8,be21a95b7bccdb0aab6de7cabf85aadf66b766362e145531fa8babcabcbb3745,True,2024-06-16 08:45:59,2024-07-04 08:45:59
691,354,android,13.1,3.16.6,bab833ae96f72cb0def73ae5c9deaa76fbc95bcf03a755bb3fc8d0ccba16dbfb,True,2025-06-15 14:21:52,2025-12-25 14:21:52
692,485,web,18.4,4.17.4,d915f5fdaeb3d07b27b5ef1bd681df1ec0d9dd92fd021cbda8addfeb4de77957,True,2024-11-24 22:04:21,2025-02-19 22:04:21
693,295,android,16.4,7.10.6,61eace172f161873de60a7c0d648cca2bca1259afb339ec7fb46d76ad93dbad0,False,2025-03-03 10:39:27,2025-08-16 10:39:27
694,366,web,16.0,7.3.6,e04ede060fec6e6cd2acdabce64b387567acc69f3cc5bc78901c51b3dc8c8155,True,2024-07-15 11:15:58,2024-12-26 11:15:58
695,558,android,18.0,3.3.4,dbc8fbb00b40f6dc87ce7fe4f21fa9fbdb5f0679e7b47a99acaaac3228ece7ef,True,2025-07-09 15:34:42,2025-09-30 15:34:42
696,102,android,10.4,4.6.4,3aa1df7fc6c3038bddf4482b1af50efef3ad2b734ca47faf77abaa174485f222,True,2024-12-27 08:17:22,2025-01-01 08:17:22
697,987,android,13.3,4.8.8,18ad9d1a1b42babe4d16efc273f13ce7a476c753d9bf7c44dff2af2fbbb452c5,False,2024-06-28 21:17:27,2024-12-24 21:17:27
698,802,ios,16.4,4.5.4,04ee4eab559c51baf732eecb0ff7afaeaceebe0d158caee44e26a97fbb7a4c90,True,2024-08-11 15:40:24,2024-08-31 15:40:24
699,654,android,13.0,7.7.2,d94b9da54f10a9f9c3450bbf53fbe1efe546f1d8bc7cbf3d69f2a98c66838b1e,True,2024-11-02 07:26:57,2025-04-29 07:26:57
700,816,android,16.1,5.16.0,cd9fe3db5c3336f28eaaff623efbbc03e5bface531cbd0d98ccb2a1e4db8c0de,True,2024-07-24 14:49:48,2024-11-29 14:49:48
701,470,android,16.1,3.19.4,ef9775a7bfc090bfe2e0bbdf30372fc51ce01e4deeabbc04035de00ae0bd4f76,False,2025-08-14 13:30:39,2026-01-30 13:30:39
702,401,android,16.2,5.5.5,58c5fd46fbb211ad634c3e5d1bd065de8032d4cc52f89efbd395005d094acb4a,False,2024-11-25 07:23:14,2024-12-22 07:23:14
703,79,web,10.1,6.12.0,4145badea0d05ecf5f6602cece08f5a500f06fc2623a65cc2cd4c9a5a62f9bdd,True,2025-07-12 13:03:00,2025-11-09 13:03:00
704,28,web,17.4,3.0.9,1f014becdd005feccfbb66bd3f830baa3acdd0dbe99ddd8d31b5cdf8389ab7ad,True,2025-08-21 11:59:26,2025-08-29 11:59:26
705,72,ios,11.1,7.9.6,e7f9fd8b72eeda7bdafff1ce10edf1d4be923ddccc51dce9c2201eadb521b8be,True,2025-02-17 17:13:54,2025-09-04 17:13:54
706,438,web,13.1,3.3.1,5aefae6adf0b7a2fde19a4649313daad29abccbddfd1629e2172bddbeda5a8d3,True,2025-08-31 08:34:30,2026-01-10 08:34:30
707,453,android,10.4,7.9.8,d3dcdb718bd2f69eb4e9eee47cdd0a302bb9bace0febf287c3dcc6e0bcbaead3,True,2024-07-17 12:19:10,2024-11-19 12:19:10
708,651,android,12.2,5.0.5,d8da5741094e4096b191dfccf3e5defc1c7ca69b8046ea0f0f4cbbbaaf3db67c,True,2024-10-20 21:50:55,2024-12-18 21:50:55
709,893,android,12.4,3.20.3,35cd225e063cbbbec1cc1aa92adc7a8dc9f13a69a85ffebe8ef50983ceddd97a,True,2024-07-25 07:55:39,2024-10-22 07:55:39
710,727,android,17.4,4.14.8,25948b7dc3ab6f9751ba577b8fc1995cfe701df6bd9f01c3a0c6fcbe08ba6cdb,True,2025-02-15 04:29:51,2025-08-30 04:29:51
711,213,ios,13.0,6.10.0,cd708a5ea2dbf361ea4b7d916f06d2bdac3adb2fceee9cb9a53ceccace03af2a,True,2025-12-25 22:31:20,2026-02-21 22:31:20
712,791,android,17.2,5.6.6,adedbcc451d0df3fbfbce887c4f61ebb6375dbccebb54238612adaa1c2a2f4f5,True,2025-12-30 19:42:02,2026-01-03 19:42:02
713,364,ios,10.0,4.4.3,800173c4c1f0f7c53cfb127e6cdf722d6337f2f892d9abb81cafcffcafaa972c,True,2024-07-25 16:08:54,2024-09-19 16:08:54
714,948,ios,16.0,6.6.2,697dca8ee5cfaee42ff54cdb15cb305d6866a36521341ce838a86caa4ef1e7e6,True,2024-07-18 05:28:13,2024-10-07 05:28:13
715,499,android,12.5,5.17.7,afdeb198d8de2f5f9f6c7d7bff462ecb521f90cd9c84cc6e46737c9cecda8b75,False,2025-07-12 20:41:36,2025-08-28 20:41:36
716,773,android,13.0,3.18.2,cdb003a6fb6267e722dc7429e839ef12cdf6d80de60f8b0de7529e4dc75ac91c,True,2024-06-13 13:50:33,2024-08-17 13:50:33
717,772,android,15.0,4.0.0,7f74a6e83ded3dfcde80c50ceead4fcefd2d4ebd37f77f8fe513ab7dea671c6c,True,2024-09-14 08:29:48,2024-12-16 08:29:48
718,228,ios,18.0,4.10.5,baabe37e9d6dad38f5f73dfd76de21abb2f7a8ed5abbaa8cbefed2efeb3416c5,True,2024-08-10 14:27:30,2024-10-12 14:27:30
719,841,android,17.3,4.12.4,53a586c6d77edb81ce9aadeeffaf5c86cf3a55b49a0cbbdca1afba8edfcee5c3,True,2024-12-23 13:41:02,2025-02-23 13:41:02
720,752,android,17.4,4.4.1,2aa03d4b9c1decf20c21ddce1dad823cbc1dd64db4a66ecde6a5cacba0fbe94b,False,2025-07-04 07:32:14,2025-08-01 07:32:14
721,278,web,11.0,5.0.3,5e9efbaed3a0fc485cde6e41cda7eda9d68cd89f0df5bfddd57e92107bcc7abf,True,2025-02-14 19:16:35,2025-03-10 19:16:35
722,270,android,17.5,6.6.6,0ad8c40cb6dc20cc4f9d6aab8c3ca10ed8cf36295fbe7cc45bdca09ff658e912,True,2024-11-24 03:44:09,2024-12-12 03:44:09
723,501,android,10.0,6.8.3,b94a9fd707bc9c9cc3be7ed72f2b34dc83f71d738d2afed84fcadf66bfba42d8,False,2025-09-08 18:59:55,2025-09-18 18:59:55
724,317,android,10.0,3.16.3,bf5fa4523c076cb04bb0c50e71ef402cf55e4fda6be6bd4acd6031a9a3bdacca,True,2025-10-08 11:45:36,2025-10-08 11:45:36
725,742,android,18.3,6.5.7,cfcb1bcfcbacb75fb86e45f00b26cf0cb208f1b92b1f996a9d40ef6d0500baf8,True,2025-12-29 17:34:10,2026-06-02 17:34:10
726,51,android,12.5,5.17.7,aab69cef63599b6aabbeb03fb7a4d84a12e075bd7cd6fae7dcb14c0f4e89dee8,True,2024-12-02 15:09:13,2025-03-15 15:09:13
727,810,android,15.2,5.14.6,76dde474189afd794bc10f1169d9dab28a43b00f69d0ea3a1cc08adf859a043e,True,2025-01-16 01:13:32,2025-07-05 01:13:32
728,42,android,12.4,5.4.2,badcb7ee5be9f5cc7ba9e3cc7abfec8c485e4eb5c31cbc55fb21cebbcfaa7df9,False,2025-11-21 00:25:20,2026-04-28 00:25:20
729,151,android,15.3,7.13.7,c1ff5cc1841b9e5ed11f4dcbb9dcdf7d33747eda762ec1d0c38dec1b79650f25,True,2024-07-29 16:45:23,2024-10-09 16:45:23
730,546,android,17.5,5.8.3,cbdf0c9f97caf752fcded0ae676c3e92af6cf49fbc92a7e34acbcea3bfa7cc58,True,2025-02-02 15:47:18,2025-07-23 15:47:18
731,970,web,17.5,7.9.7,5aecbf0c892b67eeabc96adeba03b2c8a41fc2e74e4d04574fe9f0cab4a8ed95,True,2025-06-29 03:01:57,2025-09-05 03:01:57
732,946,android,11.1,4.4.0,ad82a671ae71dc18a1b2c4e94056abe63db2c2280d87a03f1ba5bcd43f136d22,True,2025-04-12 00:18:53,2025-04-30 00:18:53
733,847,android,11.0,4.17.0,b1af8eeafdad06e3b5c99daa2c1cb3a8af32b436c00f75a8ca1dd95ac8ba14c4,True,2025-07-23 20:58:31,2025-07-25 20:58:31
734,981,android,15.5,6.10.5,f4b4aaa28f9ceaccc581bba323e7f5e03cec9c21d300f8cdcbbb9faf6badbf46,True,2025-07-15 16:14:32,2025-08-25 16:14:32
735,765,ios,10.2,5.8.9,eff3172abcfe4a6aaec7385db6af4ed7fdf9cfdcd7f61ea7cceec23b11d886d2,True,2025-11-19 20:16:00,2025-12-03 20:16:00
736,859,android,14.4,6.8.7,ff3b56a36ea25177e5859d6f7a7e58902363eeadbc767db8aabdce9eddeb8494,True,2025-09-30 08:39:05,2026-03-10 08:39:05
737,877,android,13.1,6.7.5,f4cbd3ac998f0287d1ee52ee605c87efd491adcf11bc3ac2aca00ecee1ba0bd3,True,2025-12-28 15:11:31,2026-07-08 15:11:31
738,491,android,12.0,3.20.1,df68ff69e1f537c103af72b0a785e766fddef4acbf974b8c56e50e26bba1e1a5,True,2024-12-06 16:29:38,2025-04-16 16:29:38
739,367,android,17.5,4.14.2,de2a82c22ebad3edacc68e6e93a6126dab5542cb1dd46ca2bd36f5dbe596e1fc,True,2024-09-16 13:47:48,2024-12-08 13:47:48
740,161,android,13.4,6.8.2,4340af790a704e7fcbd6b1819c53a4b4fc51ccb17e8bcff20f8ad0dfcf01a3cc,True,2025-01-11 20:57:31,2025-07-07 20:57:31
741,53,ios,17.3,5.8.2,a4263bef1edf4ac2702c6a24b044063d4aafbc6b85f5ccfd5a0a26ed8c08c6c2,True,2024-07-13 12:12:33,2024-08-14 12:12:33
742,513,android,13.3,7.9.1,bb5cee8a14d597992a9d10edf4a44cf48c407f01a05dff95ca2e9b896bac7adc,False,2024-09-10 19:38:27,2025-01-10 19:38:27
743,331,android,11.1,3.16.4,c5fa2abf0a2f41bb0e0ecdff5a2ac5eeaf8e28c7ab28e9e47768eaacacc83e3d,True,2025-12-03 15:28:51,2026-03-03 15:28:51
744,579,web,18.0,4.18.5,aa113767b5adefd85c97fb5af6c2afff6aed6cee1b2b3b75de82ad6ccddb2fa8,True,2025-12-28 14:19:01,2026-05-07 14:19:01
745,720,ios,15.4,5.4.9,699aaae4157dee95df21a7201d0c7efcea4d0feba9d07e1c3e37ee8c6d94c76f,True,2024-07-30 06:55:40,2024-12-14 06:55:40
746,876,android,16.4,4.15.7,358cfcdb3ee16cac10dde2dc1facc441a3b1321b717e2f0ada12fcb37fcb52c7,True,2025-10-14 22:17:40,2026-03-27 22:17:40
747,982,android,16.2,3.3.2,0d03facc5d4fef003588fb6915c473bce02fde8d09a7d2abfe64dbe7ddbea6af,True,2025-06-22 06:46:31,2025-12-14 06:46:31
748,885,android,11.1,3.18.6,8b8a5beda5a0b5b4df15a7cbf2ed3b04ad31dcee33fc7d11ecffff80ef08fa15,True,2025-02-16 08:06:11,2025-03-02 08:06:11
749,984,web,12.3,7.19.2,c6d1601dcdefe436b4b4dccb831043048bfc183ba7cbff4b0d9dbcd9c5bf1bd2,True,2025-04-10 06:08:31,2025-08-27 06:08:31
750,538,web,10.4,4.17.0,9d9eeed2fec5ebe46dd3bdd1c79edc65ed31b0ac85268da8fee7cea90acdf2dd,False,2025-11-25 18:17:37,2026-03-11 18:17:37
751,251,android,13.4,6.5.8,dc67fcfe8567ac44cdda0f33214da53a8acbafd3be86bf7b2b5bbdce371e743c,True,2024-11-29 08:48:32,2025-04-23 08:48:32
752,298,android,17.3,6.13.0,eabc12ff0edd7cdfb023c6d9fd93e6bd2f2f61defeebddcfdb5d6c2cbf1faaed,True,2025-05-14 12:30:23,2025-11-05 12:30:23
753,278,android,16.2,6.19.7,277cf681ece5cabcb8d3d2c23ae3fa9b4defa3bb47a33fabafe2faa7c0fcc63a,True,2024-05-30 06:11:18,2024-06-09 06:11:18
754,191,ios,16.1,4.1.5,dc9fca3f7bd7b86a0aabd7c8ff64fba21e850a18b6fdada652e559d4f4cdbd57,True,2024-10-17 11:12:49,2024-12-16 11:12:49
755,81,android,10.0,5.14.4,929bfcbf38873d2f98e6a381e8d6f5c3c0ff78d1c877d1c454fd2ace9bf5caf6,True,2025-11-05 12:54:58,2025-12-02 12:54:58
756,803,ios,14.2,4.13.1,da18e3bf2f6909dbf6e2dcdec7e305124f06b4f75d24897dff7ea4c19d021101,True,2024-05-18 15:59:06,2024-06-06 15:59:06
757,869,android,16.1,5.15.7,be10e5f1c8b65c0efa9f008a79a5f8837bb1b909133641440aec4a12e01af2ae,True,2025-07-08 15:04:04,2025-08-03 15:04:04
758,549,android,11.5,7.8.7,fd07e75fdbaf6ef962472affab002256ad3e55179e01635cfbca7bcbd21c4cf4,True,2024-12-31 19:05:18,2025-06-13 19:05:18
759,71,android,13.0,3.4.2,7dde8473553cf171188428e4cb6855bcd1ebaffb1efbf1cdeaf7a86fd594c4bf,True,2024-08-13 21:21:36,2025-02-22 21:21:36
760,922,android,10.5,6.19.7,77d458af558fbaafbac4aef7ea136edbf3bb2240defb0b9a6b59ae1cd429de54,True,2025-10-16 03:47:06,2025-12-10 03:47:06
761,424,android,14.4,4.20.3,c0fd7ef3e6cef2152e4fbc88bc170eafff8edf665df8b10b1a369f4ecd9fe6ff,True,2025-04-22 12:19:43,2025-09-28 12:19:43
762,215,ios,16.5,5.10.8,fa16f6daa0f5df12dd5d0cdbf5cea3be9b61db5c1c3ff1bed24e0b0531614a3a,False,2024-08-12 20:00:16,2024-09-09 20:00:16
763,747,android,14.4,4.5.6,5b8555990c6db96b4b02a04eebdb0c0fbf1ac7da68efaf0fdb0877c5a7ac9a53,True,2024-08-27 08:17:04,2024-09-22 08:17:04
764,290,android,10.5,7.9.4,fb6913dfcef0f6b07d2a9ba2d14e778eee9875c64acb0c40ea4ac47b2e8dffe6,True,2024-08-12 16:57:32,2025-01-26 16:57:32
765,294,android,12.5,6.5.8,bcd3caeb3e943e18fb81c33db8d4c4fbedb2a1c0bdec50da1b43a61b4a72e765,True,2025-04-15 13:13:53,2025-09-24 13:13:53
766,960,android,12.3,5.17.4,09e0b58b692f9d46debcc9bedab010b74fcdedbef41daef4ee3de3ff39ceaceb,True,2025-01-15 19:13:13,2025-04-07 19:13:13
767,102,web,13.0,7.3.7,25daeb5d06d37df2bdece49b5fcb1fdaf50a102dcd7cfed3c3ae8f8a6e8d28a3,True,2025-09-03 20:30:32,2026-01-17 20:30:32
768,46,ios,11.5,7.10.5,e26cbb2ec76f77aeeecbca6d9e0a08f5c4ddd07b14e9ea18d9fa3a7afaaeda4f,True,2025-07-21 04:31:31,2026-01-31 04:31:31
769,385,android,14.5,6.15.7,ea2aba7adce4b3d9cdddefbcfb7a325c61cedb6b8024d5550cf4f41ee638da45,True,2025-01-01 16:39:59,2025-06-13 16:39:59
770,216,android,16.4,6.7.5,d21d76c7ef77ee740cb72e7779bca6733fcbe885d4ca4d9da011a27ccc4b25b2,True,2024-12-02 02:10:50,2025-02-16 02:10:50
771,347,ios,17.2,5.14.7,daf98347ed68e6993a1ba6e4d7c725abaedabaeeed21472e7346ecd4610eefd2,True,2024-07-11 04:59:11,2024-12-01 04:59:11
772,212,android,13.5,6.11.1,86705d507accea03be00aaaa5a37aac3bfac6dc3faf9daf54da4b27aef2d84b8,True,2025-06-06 14:08:45,2025-08-27 14:08:45
773,217,web,14.4,4.20.8,17b8c8cdc82ccfacd37e38de2a4543c614f31b5deffae0f602df038f05330cea,True,2025-07-20 17:21:41,2025-08-29 17:21:41
774,757,android,13.4,6.19.5,f32b66aa8cba5abc49ea19e8e765d6ee2ca94cf0b6c96a5eecde60ed5dcd7b4b,True,2025-07-28 12:59:08,2026-01-06 12:59:08
775,328,web,15.2,3.2.7,bcdff40f7eadb1ada1aa6ac1df1f7fbd30c5534997af3bed6642ff7962e0bcfb,True,2024-11-16 04:42:27,2025-02-01 04:42:27
776,186,ios,14.2,6.13.9,27c4ddacf5a51f8e9debba0bcf2ffaa9379d0fbbc5686eb14c77e0d4bc16c7fb,True,2025-10-23 21:32:59,2026-02-20 21:32:59
777,24,ios,11.2,7.17.5,3deccbd0bb38cfdc4bd14f45e0b7bca81b112dbeafd6fb2aad91a496cb4c978f,False,2024-06-08 07:54:30,2024-11-07 07:54:30
778,534,android,17.2,5.14.2,4eef4e6e89bbecde1cd01f7b21db534dbb4d5ab4bfa5aa09d5d61f60b2d01f14,True,2025-06-22 20:23:24,2025-09-22 20:23:24
779,828,ios,14.4,6.20.1,3111f88dc3ec2fc632e1a7bf92d8e8a9dc2fdbb6f04699adbaea9ad881aaf3bb,True,2024-12-23 04:53:42,2025-02-25 04:53:42
780,417,web,15.1,4.3.7,fe1ae86b99fb390a0d7bcf2fdcacfc73dbab4e5db4ddd5efead1cee2c80893f3,True,2024-05-25 13:21:55,2024-09-25 13:21:55
781,396,android,18.0,5.18.1,edaf18347dd8caa0f21933ef49f283bfdbdb8b29567fb1aeee877cca113f5e55,True,2024-12-20 21:12:30,2025-04-08 21:12:30
782,312,web,13.3,5.0.4,b7ef0dfa6a44dd5fc99dcf1e53cffa706e9b15a552c7a02b5d47652f7eef8bb1,True,2024-06-20 11:22:07,2024-11-26 11:22:07
783,359,android,14.0,5.14.0,bbe3e498a9a8b5a99afed9112fc9dbfe2d6ee4f7fd9bcf065d4daaff51e97f8e,True,2024-10-11 01:09:37,2025-01-02 01:09:37
784,609,ios,10.3,6.0.8,9fcb9d66cb71fe82a0fc24fa5e3c2a5aa2faa1caae14fe439eef52ae7442eeba,True,2025-08-22 01:08:34,2025-10-19 01:08:34
785,25,ios,18.0,3.18.1,79095aac4f0c68ea9ee5ce2ccd591958c181cefbfd6edab69ccd4933abfef53d,True,2024-11-08 00:49:43,2025-02-24 00:49:43
786,756,android,11.2,6.12.5,a86e4a1fc7c20aa0572dcdb09817abac7d9daf593ac8148fccaf74029ec7d5bd,True,2025-04-24 23:50:26,2025-06-25 23:50:26
787,532,android,10.1,6.11.6,3ad6ebb127f66ffaec618bb329e7746ea10038ce1eeda4ca7be368ebaddee391,False,2025-09-27 20:32:23,2025-11-23 20:32:23
788,396,android,10.2,5.14.4,f8db479391eae3e3acec3e7acba69c2cb15472a4b194ecab17f5ea0af5ce32de,True,2025-09-26 01:15:46,2025-12-04 01:15:46
789,892,android,13.0,3.17.1,ec368cdf2a8f1ff1f403f6cbdb3f7effd55bfcea5e09ac233109ce1e6c23da7d,True,2024-09-04 13:43:03,2024-11-11 13:43:03
790,899,web,15.2,6.1.2,f35ab7618eedb9a25cb6aa4cc1dc52ca238aaea17ec13ecf81d649c1efef0955,True,2024-10-24 17:19:56,2025-01-30 17:19:56
791,996,ios,13.1,5.12.8,6fad6dfed43d5334fb85bc4e1a83ceae957bdcbe2bdda189bdf6ff6f575aea37,True,2025-12-27 16:35:10,2026-05-11 16:35:10
792,456,ios,13.5,3.20.3,ff67a388c86c2a9b08d70f99b3cfc413ceb5cdba9728ceedfffedb8acb1fd0e6,True,2025-12-12 01:51:10,2026-04-09 01:51:10
793,336,web,17.3,7.12.9,ac0b4afd2f5ea1f7fc19d1b7b8c2bfba42ead6ffe1bcb8b674c170ecd6fad07e,True,2025-03-31 21:07:22,2025-09-16 21:07:22
794,755,android,10.3,7.16.5,acae10df5ed53c6d0fd38adb51cbbbdf23ac0b96f4c2bbb163907bafe5316b76,True,2024-07-09 20:50:27,2024-07-23 20:50:27
795,565,web,16.4,7.13.6,d4b127044ffd2ab28eb3ea2b7b24c5fdac18a3dc0f59dd2bdfe98f2f0ce9e1fe,False,2025-04-08 16:22:10,2025-05-13 16:22:10
796,327,android,15.0,6.13.6,fd6bee3fef8ed134ee7db6bccd3ffc45eedcacdfdaeebdb1ce69c839ec9db4ce,True,2025-03-10 13:32:25,2025-08-11 13:32:25
797,659,android,14.5,4.11.3,32ff0883d8abec5581f4d92adf3f4ce85c7ecece47260de3a186c65ccd3eb359,False,2024-05-31 14:26:57,2024-11-21 14:26:57
798,243,web,14.1,6.9.0,5c36e55a6a3a296fa094ab458c858fee08b2fb528c52deafceccfde2478f24fa,True,2025-01-23 09:39:23,2025-03-21 09:39:23
799,65,web,14.1,5.20.4,f9eea3b9b41096ad4222df61bec0a66eb5f96697ca6d36bae7b82bb8c8bfea1f,True,2024-09-11 07:48:09,2024-09-23 07:48:09
800,151,android,12.5,7.0.6,8bf56ff4d52dff4c1b686c8ca3fbd0acde9abdaaf50aaebc4bea1fbffd61381c,True,2024-06-09 06:23:12,2024-08-25 06:23:12
801,361,ios,16.0,3.12.5,c43bc16e44fd2b91f3ebe6bdcee7eda9eadf4edb76afef8cbe7341a60039a0a9,False,2024-07-18 07:26:11,2025-01-11 07:26:11
802,69,web,15.5,6.6.9,feecaf83ee6ec60eb1a93b7c184346b8b0c1cbfe0e8cec26d7fe9caf6cd3740d,True,2025-02-03 19:01:20,2025-07-04 19:01:20
803,669,android,11.2,3.16.0,db8f5086f004efddb59c7f8acac0d8b609b04f7d26eecd4610ef54bef47f56ff,True,2025-04-26 06:41:21,2025-08-03 06:41:21
804,417,web,11.3,4.11.0,beed52ed1a1d4943afd1aaad584ab1ea4ccbdc5ffc6cdf13c4569c932fee80e5,True,2024-07-16 14:10:28,2024-08-28 14:10:28
805,312,web,11.2,7.1.1,b1fce0dfedcf3c81b111bcb56ea7a48d6a87c05e933edfcbe9fcdbfd29f16ffd,True,2025-03-09 02:00:12,2025-06-12 02:00:12
806,687,android,14.5,5.14.2,afcedb8fed8cf4b0bead9cfe2d5bcae2c84b0e94e6eada71aee9aed9aeaba31b,True,2024-11-21 09:31:49,2025-04-23 09:31:49
807,617,android,11.5,7.5.4,73b32c0f11d0b9011cd3f4bf3c63bfbeee13fde69dacded9cb1f2fdbdc7bab21,True,2025-04-03 14:51:33,2025-09-30 14:51:33
808,364,ios,13.0,7.17.0,a59c62d75d0ec5e1b5c0b783cc3638fc22f0d2cf4beaedb9b17dfdabc36ce76f,True,2024-08-10 02:55:41,2025-01-25 02:55:41
809,691,web,15.0,4.14.7,b8c83dc0a894acef2f5f2f197b1aaacc087f8dd499f024d8bcd27fabfe595dd3,True,2025-10-21 21:43:31,2026-04-17 21:43:31
810,284,web,15.3,6.14.2,d909fe86b0d4cfe0dd931e7b0fafee40ba8ee0e8d0f78e94f0dafce94a25ff79,True,2025-12-10 10:40:26,2026-06-28 10:40:26
811,882,ios,11.5,7.6.9,fb1be61aa9edf5c40de4069cdded5f2c62c0052ccdfb7065f6f20fe12ae2f409,True,2025-03-09 01:59:09,2025-09-06 01:59:09
812,518,android,13.0,5.18.0,5bb81c8d81daca3d1609aee70458a5e6a2edcd7a6dac8f1d43d2617cef46b6c6,False,2025-09-18 18:50:32,2025-11-23 18:50:32
813,922,android,14.3,3.8.1,ede0ab7bfb8cb9df43a01d65fa44c066535dcaeee5fc1aa2b11b3fe07c54bccf,True,2025-06-22 16:35:53,2025-12-06 16:35:53
814,710,android,11.2,6.5.6,f030e88ec30942bccedbff0f23f7cb46dc118e4d2034a8b37de024cc0ca4d3e8,True,2025-08-15 02:25:15,2025-11-02 02:25:15
815,85,android,17.2,7.19.3,d5eeff0bafcbdddcabaecd400966ddbd5bc20dd10b1f7b2326e4dca8dd5b0388,True,2025-07-26 16:36:18,2025-08-02 16:36:18
816,986,android,17.2,7.20.4,b2fbd5aebd2a228ed43abeb36bcfeec7d9a4ebd5bf6e7bcecdfc4ebdfa41f3de,False,2024-12-08 08:34:55,2025-04-02 08:34:55
817,15,android,16.1,5.5.7,58d4dd9d6dad2eca7ea17cecbcdbeddeecb5c56d07df0af12cef4fb4ac4ff0d9,True,2024-07-23 01:24:09,2024-12-09 01:24:09
818,630,ios,18.1,7.7.1,3b43ee16aeb61be7b3fb9ca2efc7ca30bdbf01fbe5ffaaba0ffebda6e664adb6,True,2024-05-28 20:19:56,2024-11-28 20:19:56
819,374,android,16.4,3.14.9,a0102a8f5ffea4c6c6fbccf0bcfcbef6d7eb6008b2d5cfba1c56e0277a03fe2c,True,2024-10-24 02:05:16,2025-05-08 02:05:16
820,958,android,17.0,3.15.0,9ad271ffd86352e1efece9adcfd6ec67147e88255af83140e7a5862ee992fd6b,True,2024-09-21 18:27:18,2024-12-15 18:27:18
821,253,android,16.0,5.0.4,a712ecd5bb1d9427bcfcdc0de4dada839430ae8ee66f542069fcfaed4309b148,True,2025-07-02 06:31:21,2026-01-09 06:31:21
822,583,web,10.2,3.15.6,71fb82a4ad06cfc6287ce3cbabad09a53d08ee8d6accf81d46aa26fabddb28be,False,2025-01-04 18:16:01,2025-04-06 18:16:01
823,107,web,15.4,5.17.1,fcb57e4a544dfdae3cba1bd5fa43f2f71fcfdba31574a9ad1d6527ef7f8ddbee,True,2025-01-22 14:39:51,2025-05-25 14:39:51
824,764,android,15.3,7.15.4,0e48bbd003eab9c237efe2fae8e7eef3bacebefe26fbd0bc29d35aea725bf9ac,True,2025-01-22 18:46:37,2025-07-27 18:46:37
825,939,android,18.0,5.14.8,155ae5a84c1fe1cbb5aceccfc98facfacbdfa0dcdeffeb5aecc3034f59e27d89,True,2025-04-18 19:18:19,2025-06-07 19:18:19
826,357,android,10.2,5.12.1,8d60aaebd30c5fa6de20eeb59dc863c8d8c7c28baced56c10dfa3bad3d5bca65,True,2025-05-24 06:21:55,2025-09-11 06:21:55
827,366,android,13.0,6.3.4,99efffe12583a4834da50a0cb06f33b416baa9f7bd1abfc05d4bb4fbfcb03eb8,True,2024-07-26 03:41:15,2025-01-08 03:41:15
828,988,android,11.2,6.10.5,8fc6b6dbecf366facb4ce95af2babdca462e29e7bcceabcf94aabd1de6bb372f,True,2024-11-26 03:59:14,2025-06-08 03:59:14
829,434,android,13.4,4.9.5,d181fa95caeda511fc8bdf2ad2cd6dd75dfebc80ea2ddb96ec180f1bd929fb9b,True,2025-09-07 11:34:11,2025-12-01 11:34:11
830,84,android,14.5,4.16.2,2681f2cb8d43c88883a08f843aab045db7d3fe53b527cd4bad3df5afd9191f08,True,2025-03-02 04:03:48,2025-06-24 04:03:48
831,650,ios,11.5,6.2.3,caea9a1a8d1b0b1fea7aef17ee34f7c074243ab1ebb5da6b7ac35f8bda00a2f8,True,2025-12-21 05:36:29,2026-03-03 05:36:29
832,670,android,16.1,7.9.5,c7c7f26e3530ef42210af9aa8baf60a66278eb6c9fbb35a9b51fa373e6ac4ba9,True,2025-04-21 01:01:09,2025-10-18 01:01:09
833,291,ios,14.4,3.19.9,cd4af949dc7f8bb1e1d8eff8ce7a8b8a9e9b07d902cfe6a794d34d8f1bf53d4b,True,2024-06-12 14:03:39,2024-10-03 14:03:39
834,254,ios,16.4,5.7.5,e581a62bceedb0afbc2718ef5f5ff505effda9fd9f9b70cecfb97f2f2fa6a6ff,True,2025-07-30 00:50:12,2025-08-22 00:50:12
835,549,ios,18.4,7.10.1,ceb828eaeaeea3fa8ccb84fb6f5b6d2b1bf4c16c5a0606ebb08aba99948afcd1,True,2024-10-13 13:18:45,2025-04-30 13:18:45
836,505,android,13.1,7.7.8,ed3ebc7fcf21ed3ef5a1b45fb853edfc0f9d1ed256949827bac7feecafb596fa,True,2025-10-14 15:35:37,2026-04-10 15:35:37
837,16,ios,11.3,6.4.5,4e23a6c015a012edb4f3bed5c3ca3379758b6fd7f2ffcc6f64cf9bfcb79f686c,True,2024-12-03 03:11:24,2025-05-12 03:11:24
838,297,android,11.0,3.2.7,5f7affb9b42cf29fef2d1ca9ba17b35cacffcfbba52d9d15f7160ae7a70dffd8,True,2024-05-10 17:05:29,2024-06-10 17:05:29
839,400,web,11.0,5.12.5,d7b596a7cffdada65dc7f0b93ab4b3fa841d02b8badeacdc8d47fda337ccbad2,True,2025-08-13 06:13:02,2025-10-18 06:13:02
840,442,android,10.0,6.3.3,908ed7fdd4fbd1e0761ebf04fcc3d1c1bcbfd052dcdea06a469d02810dedf6c7,True,2025-09-05 14:47:26,2026-02-13 14:47:26
841,392,android,15.3,5.5.0,37fce2d5a7b3ac3dc8317fbd1a1a4625c093aeccc12507c80876c6a59398a0cd,True,2024-10-23 12:04:07,2025-03-03 12:04:07
842,418,ios,10.4,5.16.0,11cbe5f4d1ec3a03e08101cff26bd14def7d24864dcce49b1b7250e2f65afeee,True,2024-05-30 17:33:47,2024-09-13 17:33:47
843,463,ios,15.0,3.12.8,735cfe4dd81bcbc2ac5ce3fd2a26d3b2fccc2a5bd09cbebafcfabbbdec93fe1a,True,2025-09-14 09:14:20,2026-02-15 09:14:20
844,200,ios,13.5,6.7.5,0fbd42a534d2eef5cee9bc909705cb808df5bb3dc71feaa54e7a007e4f8ebe0c,True,2024-05-17 11:42:42,2024-09-09 11:42:42
845,501,web,17.2,3.19.6,1f1e1c5fcc43c3abb60fbd585aed8f40efeac97f7318ff8ac4abc514fb2cc2fe,True,2024-09-04 04:30:18,2024-09-12 04:30:18
846,851,android,12.2,3.3.3,b5edd849dfba40c8fc019c5ded21b8fdef290da5f67ff58eaf81babd310c63e2,True,2025-04-07 22:24:37,2025-05-07 22:24:37
847,725,android,13.3,5.7.0,464b01bd1b270d38c77c40ff23c9c2f81bfe5dbcd656f4e55dafe31da1bbaadf,True,2025-05-28 22:26:35,2025-06-20 22:26:35
848,33,android,14.5,5.1.1,28d9223bd76c15bfb1ad3c4366cdf0f184e0b795fe6b4ea19fbeb1eda5ad320e,False,2025-04-18 21:34:06,2025-05-24 21:34:06
849,992,android,14.2,6.3.7,1ecdbe7a0a032eeddadb70bccefafc64dfea88c25aaeaaf4f644b49b7afa0cd7,True,2025-01-21 09:15:50,2025-06-10 09:15:50
850,73,web,17.1,5.1.3,bb10e56b2f7ae31d99ffddf3ff13a3dc3269ffabcac51ba3aa4a6dd922a33bfc,False,2025-05-25 19:44:11,2025-08-23 19:44:11
851,388,ios,11.5,7.0.3,ca1a5d11ca604bd3fffa5be4c9ec53ab5e7d07d8a1b217cddfce5022f9cec0aa,True,2025-02-01 08:19:01,2025-05-02 08:19:01
852,473,android,13.3,5.7.2,a58ebb2de7424f547ebd7ce468c8c3bdd3f1a59ba55f86736008f3669bda3c10,True,2024-06-19 20:28:24,2024-10-27 20:28:24
853,795,web,10.2,4.9.3,1ce4f8b86df08724727b8dbc75fbc53bebd3c7742f64dab0aa61ced5bd375d82,True,2025-05-25 01:43:21,2025-10-29 01:43:21
854,473,android,12.5,3.14.6,06a6ddb3084b63f8468a5ff0fd2ffa89a4a9d30f3fdc9d492bc9513e07dcab2b,True,2025-08-15 01:21:40,2025-11-26 01:21:40
855,926,web,18.4,7.4.8,fac4d60aead6d220e003b2bc5eff4d5acaf80c4aded44fcd669a300c5accaedb,True,2024-08-07 05:00:53,2025-01-03 05:00:53
856,129,android,13.2,5.0.6,3e2c3db30729e2e75ea6113b8189afb47ba4f2c97ec1e352e0d42406673f17ee,True,2025-10-20 02:36:31,2026-01-26 02:36:31
857,60,ios,18.1,6.2.2,cdd59ac2750feedeedbd336e1465fccc6a2fa171ac3129beb8c004eea25fc6ac,False,2024-08-02 19:14:55,2025-01-18 19:14:55
858,676,ios,13.0,6.13.1,a8f6aaae0e54e2f345eec0db88d65adbea7b00ed1ae9d4f8a9ead521f3cbc9fa,True,2024-10-27 04:36:00,2025-02-25 04:36:00
859,378,android,18.3,7.15.2,801a0eb22ed9fbaefc4a9ee0067f311d1cfaadddadb731c1ec998c53da1b3d3d,True,2025-12-01 07:07:18,2026-02-12 07:07:18
860,243,ios,10.1,3.14.6,5278b3c7a8a2a3442b0b7921efffad7e1f7acffd3d54ba6d97fbac6bea1e0fb6,True,2025-06-25 23:07:25,2025-10-27 23:07:25
861,542,android,15.0,4.0.1,235654ae07b28f7cb6bceffd7a9ae10e0cebbe4b251fa175ab27fb9594cbeaa8,True,2024-11-24 16:23:53,2025-04-26 16:23:53
862,510,android,13.4,3.5.1,db3ee6fcc63ea8ba5e9304b0132a2ab7a6f715ebb18f5333d229c784fa1aae8d,False,2024-06-20 20:01:43,2024-08-20 20:01:43
863,39,ios,10.0,4.6.8,e6128da0e2db865b7105a624e9eae28afd43af5dec27a405f26d473c9b5795b6,True,2025-10-21 06:47:00,2026-02-12 06:47:00
864,83,android,17.4,7.19.9,3fc8eeabadc0ebc225d0c9a0baaf1bfa0fadde4fa8d8579a1b41bcb9a7fa14a3,True,2025-11-25 14:11:02,2026-05-01 14:11:02
865,480,android,11.5,7.8.3,0b3114f0fcaeaf2d523364de0d000fcf38c1876fbc3d73b5e4a59f9fb5f3e3dd,True,2025-01-30 08:48:56,2025-05-21 08:48:56
866,115,android,10.5,7.16.7,4ec73b77efd08dabaaa18130bd0ef5f0b2ac84cd3c03e65cb12b43a62b81c636,True,2025-08-10 21:35:53,2026-01-24 21:35:53
867,897,android,10.3,3.16.7,e073673bf9e968a6ea3aeca66c32e4ccc6e9eaf135d40fcabee9426fcbdab28b,True,2025-04-04 04:43:52,2025-05-18 04:43:52
868,467,android,13.0,5.11.4,2ad05eeff7dfa017abdfe4976c9cf094df3e71ec0cefeb97508ddd2cedbf1c05,True,2025-12-21 03:26:42,2026-03-31 03:26:42
869,678,web,17.1,3.4.9,caac1834f52df2f4c47f395c89ace6ba0fab531e4bfbf02bddfb59106fc0b398,True,2025-03-13 18:02:12,2025-04-02 18:02:12
870,489,android,16.1,6.0.5,f1bbfc65ed4efd1ffe3eaf04a180d6c4e9eff669b2e39e297ed5e067e7848f91,True,2024-06-11 21:30:35,2024-08-01 21:30:35
871,191,android,11.4,4.18.9,db5da8569f88a9a7ddd7bf7ecbb0f3c74faa93f50e4ffb6c9eafb349b416d860,True,2024-09-21 20:57:23,2025-02-03 20:57:23
872,686,android,17.5,5.0.0,ffaf1da41a664df3ead2bad5dd4ab6e3d5fcddfad614cec9fa87ba879cbdc92c,True,2025-11-26 19:20:01,2026-03-19 19:20:01
873,414,ios,14.4,4.11.6,3f5e14c4f67f2bff8ebcbc9dcfc15096aeb4aa2aa159aad48b00ae51d61fb23b,True,2025-04-08 05:03:09,2025-08-06 05:03:09
874,934,ios,18.5,3.12.5,5ecea6b55fc74faacc5b439fdc656ebd5fde37c22f1d1e88a66f50dae2e9e79e,True,2025-05-29 09:12:43,2025-08-04 09:12:43
875,416,web,16.1,6.16.7,0435a16adcbeac0def6da739f1df745465acf20da0bc4fcfeacf32eb79cbfcb0,True,2025-06-14 11:38:33,2025-06-22 11:38:33
876,501,android,13.5,7.8.8,f1d61b3d20cddc38c29a9b8b14accf97e6d8b2ba52bfd7a28538e24dd2aaebc7,True,2025-08-22 05:42:03,2026-02-11 05:42:03
877,599,android,10.3,3.16.6,26291a0c4c1a04b15a2daebcabfa9ac2b8fbdd7c590bedcd40cacb3a93ecbccd,True,2025-07-21 02:25:27,2025-09-28 02:25:27
878,249,android,10.1,5.12.4,94674bdaec39aabab1e80d3c14bd6dfdaa5cfcb9bb73f63c4885dc5a1dcec97b,False,2024-07-02 08:24:41,2024-07-26 08:24:41
879,630,android,11.0,5.10.1,40c2aeaa4ebd2adfdb0a93af7be4cdfdd3a0fb9a041e5d83c452bbbdcc6fdbed,True,2025-06-19 19:17:38,2025-11-06 19:17:38
880,376,android,18.4,5.20.2,20ec5df0dec0ae551ec3e74097fcdcbddcb06b5611fcbfa775b1b8abeb0aa0c7,True,2025-07-30 04:56:50,2025-08-02 04:56:50
881,768,android,16.3,4.1.2,72bf3564e4aad5c00ebf0c12062f2cdf0fa60d7ccafcb76b3cdfd7620d8e3848,True,2025-09-12 18:49:26,2026-03-06 18:49:26
882,407,android,17.2,6.20.2,abb17bcac40cf8ef621eb2ccecae39bfab8fe8aff637eecf3ccc5a41156aaa8d,True,2025-03-11 04:41:32,2025-07-04 04:41:32
883,613,android,17.1,4.14.5,ced5ea7fd5df2c9efedc81fb929dbffef7dc60da76aada2bc045bafc21b875d4,True,2024-10-26 22:24:57,2025-02-18 22:24:57
884,147,android,13.1,5.2.3,4ed31ebdefcaa0ffcf57e4bdabf7f2626796e721c5abead2b73570cf4edcd4bb,True,2025-06-14 18:47:09,2025-12-01 18:47:09
885,797,android,13.5,7.16.1,5c2620c9eb160d8002ff6f96a1a42f78df0aebff4684e4e8d5bfabfeabb21778,True,2025-08-29 02:23:44,2025-09-07 02:23:44
886,71,web,14.0,4.7.3,4d20f99bfcde20e9da3d3c9cdebd25f09bdb0dec097385a0dae2a0f0f0d6bb03,True,2025-02-13 19:07:39,2025-07-26 19:07:39
887,775,ios,15.2,5.3.9,b07f5fa591f96de4f0af38a27a8bd95fcb32bdcf9ace3d7ac4778deb8ca69be4,True,2024-12-10 15:02:11,2025-02-25 15:02:11
888,893,android,18.0,6.16.3,33fc1fa709ef84a1264b90e46dd41a2cf2d391ecc9a59cdd435b1c2daf160a36,True,2025-02-16 12:54:58,2025-04-26 12:54:58
889,144,android,10.3,5.9.3,c9de21ebb0dbdbbffa73ea7ff60fbd698fd5e8aa9901138aafac1194feaee8b8,True,2025-10-07 17:29:16,2026-03-22 17:29:16
890,811,android,15.3,5.17.0,d5eabce5588db9ed2edceeaa5d1f7186a4a7bbdbd96afc4729a0e8bebd93c26e,True,2024-11-06 18:31:17,2025-03-26 18:31:17
891,634,ios,14.3,5.20.3,0196beedbd1ec31efbed49cd94a931e9dccc212ca3966a62eacb1afddf65dbaf,True,2025-11-24 06:38:06,2026-05-03 06:38:06
892,406,android,18.3,7.6.1,c744239ba32c9bf93896c47cc6f162a50d751eeedd9ebecbf1096bf86dc1dd33,False,2025-09-21 09:46:49,2025-12-19 09:46:49
893,522,web,14.0,5.13.9,d7dcf46526aff0cfebcde8d27b0ee101f4afe6accecb2fadf4f8b94a023b0bc8,True,2025-05-25 23:46:51,2025-05-30 23:46:51
894,322,android,18.2,4.7.3,fffee7f1bd342bbd0cdef5f543343ddd54feffebeb4d686374bc75ae41c5935c,True,2025-03-12 13:44:39,2025-07-22 13:44:39
895,565,android,13.2,3.0.1,1ccbab55acfe664ba491ddfea9ad5bf1eac30975a78d6a09acce7e7e1785da72,True,2025-11-29 00:55:31,2026-03-03 00:55:31
896,931,web,18.3,3.10.5,62a3aac0cdcd87ee9cd6c7c381adf60cf6b7fcb1547dbda0c6a36bfcccb0ebe4,True,2025-04-16 09:57:19,2025-06-16 09:57:19
897,831,web,15.5,3.11.1,b4344fc45c267d1dd0b8cc99c40ecc9b88ad4dbebaeaeb362e33d76daa8b051a,True,2024-08-14 11:17:27,2025-01-23 11:17:27
898,513,web,16.2,5.8.6,47cdc8c4a8ccfcbad6973e090ea3efac7fe4c8b3719b94ade2e7a4746d025562,True,2025-05-01 21:47:49,2025-09-01 21:47:49
899,580,android,11.0,4.6.1,f6eb6797efdb85a1acbfaf5a0d87f5f963fd4a8e67a810bbff7c0bc0ac5ebd35,True,2024-12-24 17:50:26,2025-05-26 17:50:26
900,530,android,14.4,4.9.3,8bacfccf3d3b68bceb2ac8cdcdcfdccbc44c78cf2b76557033f7ccef9cb5b5eb,True,2025-05-15 13:32:24,2025-06-13 13:32:24
901,351,android,13.2,7.19.2,e7deffab6a1ea5c48ad8fd8fedd9d3b7b38fd12d3ae35b1f8bfd72da64fe9ea2,True,2025-06-28 21:18:39,2025-07-01 21:18:39
902,747,android,18.0,4.15.7,e226feda0f71e428b6297ef486ebb524a6866d2fadbb42f5e9eb90baad63cdf5,True,2024-06-11 23:09:24,2024-06-12 23:09:24
903,547,android,10.0,3.15.6,f2e9a8fa438a39f4fd7eeb9d868a2e46f03fbd843c17ec42083c6e70f10e5feb,True,2025-11-20 07:27:16,2026-03-28 07:27:16
904,532,web,13.1,7.15.6,ecf065e3a82018763b24d3dcb7177a402f9ebe3facadb0ecfcc9ec81da6f2bfa,True,2024-05-09 10:28:21,2024-07-09 10:28:21
905,233,android,16.5,7.18.6,89becaba9ece9aaa6e311bc38b15f9ffb4b18bf46f22c1dcba0bad51dbabbf6b,True,2024-12-25 19:47:54,2025-05-18 19:47:54
906,48,android,17.4,7.0.8,fd72d675ee4a699beeca48cbcccbf128fdadbb06d6dfb4a9eafd750aa8f2e3f1,False,2025-10-24 14:45:26,2025-11-15 14:45:26
907,977,android,15.5,6.11.7,2ab8bc0fe723cab48de968a1d455eadce2e5baa2cb45cf38ffbadeed1df491e7,True,2025-05-27 17:41:39,2025-11-01 17:41:39
908,439,android,17.5,3.15.0,e8fe4efa443aa61b96add5f06fded3bf7cfc643525f467dd91c4d3dd0beebdef,True,2024-12-09 00:18:35,2025-05-10 00:18:35
909,616,android,10.5,4.10.5,7b5ed05ab16cac0e50f7744f8ac8d3fcd9508d2da3be08ddf08ab8cc5cabae7c,True,2025-07-01 20:12:55,2025-08-21 20:12:55
910,962,android,16.3,5.8.5,6120d6e983eeaeb5bce4afefd7ce5d5b58bca96eab9fc2d0b88dfaba8b3e54ba,True,2025-02-06 21:20:23,2025-06-15 21:20:23
911,766,android,16.5,3.9.1,7eade7c5ddc5f67c2d4effe00dbd36cebd5910bfa6becc0dab43aea8e06bbbdd,True,2025-01-19 21:17:37,2025-06-07 21:17:37
912,543,android,12.1,4.18.9,9abddae2fea38f6bdefcbae95dc7731ccc3af3bf86d9dcb2edd97aadfeacbf10,True,2025-02-26 09:37:10,2025-06-02 09:37:10
913,512,android,18.4,3.5.3,ef0a81fad19efea6767ffc6aeb5efb9b29bec7943fece6debed1a487a8b49b8e,True,2025-09-16 13:52:39,2026-02-27 13:52:39
914,638,android,15.5,6.12.5,0c1601a2dc1be7775cf42dea6fec3d85b600b49c260ee8accd6fcd0833dddeaa,True,2024-11-21 13:05:40,2025-02-01 13:05:40
915,39,android,14.0,5.5.4,5e97abc5a72cee570cc9a97febeedbccbdaf2e21aeaeaf3f6c5a9c3a7249b05c,False,2024-11-25 10:04:50,2025-02-26 10:04:50
916,338,android,15.0,3.0.5,795cbec8c0f31b11fdcbaed0e46caa79de0ad4e6c5a56aac0a2f480ccd81154d,True,2025-08-03 12:12:50,2025-09-30 12:12:50
917,312,web,17.4,4.14.2,dd743421ec128a6d146a83098bd4c48cf5df563e7acb2c28a05838aabde9dba1,False,2024-08-25 09:50:45,2024-09-17 09:50:45
918,238,android,14.4,4.0.9,c27ff3debbbac82dacd289f4ca1fef5fe6faac0ea9a0ffca6ecae17aba2f7bb3,True,2025-11-16 01:29:12,2026-01-13 01:29:12
919,285,android,17.3,7.6.4,e86d79aff75a093ffedfc1a067790c96a3d4a851ba89c1bfecada3f50c17c87d,True,2025-06-17 19:12:50,2025-11-18 19:12:50
920,527,android,11.2,7.6.3,8db2e3821408b7fa4f9390a7ff93dd45a10ebe8cc4cb57eba4edcb6bff6923ec,True,2025-06-17 00:40:21,2025-08-18 00:40:21
921,538,android,16.3,3.14.5,6e99530f93ceedade5c9bdcca5a881c4e877b954c1eed7624da0a5f6fbbdfed2,True,2024-08-03 11:45:02,2024-08-24 11:45:02
922,383,android,13.2,7.2.8,5a95d45a0fcfeb6edff4e5d7a7eed6dc61f04e79acf3cbd22a2fc4e32b905ba6,True,2025-12-24 16:15:36,2026-02-20 16:15:36
923,616,ios,10.5,3.8.0,adbb8cba13631bfcd8ff4ac079e03de9aa9b6decc5ee66d0c7d53c9b239ea581,True,2025-03-25 11:14:03,2025-10-09 11:14:03
924,32,android,15.1,7.13.9,fdc1cfe0fc8bb8fde900ece6e4a5e9ac2aea4c9063096b4f2238f546eeca76b4,True,2024-12-17 09:13:49,2025-06-11 09:13:49
925,900,android,12.2,6.17.2,3bcdfc2c4a18ffbbf3262aed3b86a133abe19febbec7d80b1aeb245398e7fbaf,True,2024-08-23 08:59:07,2024-09-18 08:59:07
926,547,android,10.0,5.17.9,6b57bfd41ae3470d22f86ab6e450068d22e4ae90eaba30c839ae150cad137fe2,True,2025-07-18 17:00:50,2025-10-11 17:00:50
927,230,android,12.1,3.8.7,1f65b51cccc0faf4d3bdac8fc92a75e3ae8cf6321cbd6cc5edd84bd0ece93e55,True,2025-06-19 00:01:25,2025-08-21 00:01:25
928,612,android,16.5,3.6.1,0affbf254777a330e88f6fb7005d5e1b3eaaab801aa9cc1cdebe734376e6a98e,True,2025-10-31 13:15:18,2026-01-18 13:15:18
929,413,android,13.4,6.18.5,f6cd1b0ef8fbd1b51c63e7add4c9a4ce7bc0ab405ee64a405edac6325cec2b59,True,2025-01-07 00:30:29,2025-06-20 00:30:29
930,459,web,11.4,3.1.2,b107dac5ae793af93f90f5cdba71d25f012b3cff48efb7319c4c68ab8ffe2b00,True,2025-01-13 03:43:22,2025-05-26 03:43:22
931,653,android,15.3,7.0.3,fdbd3eb5bfee8d8be790bf496d552daded9a0ae6cefab31a4e7f96b1aaabdf43,True,2024-07-19 15:00:06,2024-09-13 15:00:06
932,754,ios,15.2,6.13.4,4ecaac2e6d7cf854beac67a2b185a41c32d4e0fe23e54c15fb0f7daa9cfaacdf,True,2025-08-09 01:50:43,2025-10-29 01:50:43
933,343,android,14.4,5.12.5,9bbfe28a8c2b67c4beed63a2ad3f9d520efebc795cec67d3565df7cd4d0fec61,True,2025-03-21 05:50:21,2025-03-30 05:50:21
934,596,ios,13.5,3.6.5,4ee4bfabb1d4db1b94cfcec3ff369a54ee042fbaaef3515a3a8c3a3eb5e1abdd,True,2024-11-20 11:45:04,2025-03-24 11:45:04
935,109,web,11.0,7.14.6,d58afac7a17cbaef5dc5153b6f6731a989519ac6bf56f06d7bdfde9ea16bee08,True,2025-09-06 18:40:59,2026-02-24 18:40:59
936,271,android,14.2,7.17.2,26edd1cbc5f71febe3c6eecbdd914e6c4eae6ab5b40feccad31d8bce8b177b74,True,2025-02-05 16:48:59,2025-08-19 16:48:59
937,627,android,13.5,7.0.6,d765dcf7fceefedcb77e89bb25cb07ceeef1aff26ca0a6f4d130dffeb6d9efae,True,2024-07-12 05:19:48,2024-08-12 05:19:48
938,249,android,18.0,6.6.4,35febee33ba2c5aadfe2aeceba27573a60ed4b048ea47920f581af9bf9309cb1,True,2024-11-17 08:01:36,2025-05-26 08:01:36
939,712,ios,12.1,3.14.6,cf000bdcdc12798b2ad35cf55ce4beffccfe383ce51fcddbeb36bc24b15cfd42,True,2025-06-18 13:48:32,2025-08-10 13:48:32
940,884,web,12.2,5.7.6,0509dc98efcf2bac27380f0ad734a9be0891f5b3eebc5fafca53bedbde1f212f,True,2025-05-09 04:49:57,2025-07-12 04:49:57
941,745,web,13.2,3.16.4,3fb999d5af20ff08e93951500f33b22cffae866ec85d0943bcb2eb61fcc38228,True,2025-07-17 02:06:59,2025-10-16 02:06:59
942,980,web,14.1,6.0.2,e8cc4beacbdbf7e3d7be05ebc07ddd0fcc8edf6f66f48452cf1b6ecbe419beb8,True,2025-01-01 19:37:59,2025-03-25 19:37:59
943,708,android,11.4,3.0.5,ec3ce72c899c5a5fc9ddecdb10faf3b7c93cb072ddcbd484ebc4bc9b9618dad7,False,2024-08-09 13:16:35,2024-11-09 13:16:35
944,644,android,14.3,7.20.6,6edd68fad305c163ac28a537e2fd27c3c8a81fedd49892bf6aeb47b1de9ac28a,False,2024-07-28 18:25:00,2024-09-11 18:25:00
945,585,ios,16.2,7.14.2,80e0919b94e1ce14b8ccaedaea5af0d0037aca87dd2c456cf8a0397aba11c7bf,False,2024-12-11 21:51:35,2025-04-23 21:51:35
946,946,android,11.4,7.20.5,af2ccfb39187c5de59c22e2bd7b874185f49a3d4e6afa13df4ebf1d1c1eaa625,True,2025-06-09 10:41:15,2025-06-18 10:41:15
947,459,web,14.1,7.14.4,169738cdc5b5de949e27ad4eecd2bb375f6fb9cddaba7eba1348afa08b3bd64c,True,2025-11-06 19:21:21,2025-12-12 19:21:21
948,920,ios,17.5,3.10.2,bac095c78b3640b2cb0aff834af0ef9d89e3dc82e11cddb3ab198b8a6ef926d7,False,2025-07-22 02:11:03,2026-01-21 02:11:03
949,997,android,17.3,6.8.4,edde68214bdee8dee5cda51c0fee5a38a3cfbd02e6ddadd7dbc77fde756278d8,True,2024-12-07 21:28:03,2025-03-26 21:28:03
950,78,ios,12.1,6.20.0,c0f4ffd5c6db515505cdaaf7673bbfb719ec6ebdee294eb6dd3ba1028e2cbc3e,True,2025-07-20 11:42:13,2025-10-19 11:42:13
951,24,android,18.1,4.10.7,7d46dbe4ec1dc4fb3c33b9b0c0e8f2a9cbebdca1c59aa9d8fcbf5dfc26236ffa,True,2025-06-14 11:32:48,2025-11-30 11:32:48
952,272,web,14.2,7.12.9,e99dedbcd23ddf9fcdfa9cfa01caca1be374ececb55dff4aaa399ebb9a2d6e9b,True,2025-05-04 11:12:03,2025-07-13 11:12:03
953,227,android,12.2,6.7.4,b7e7a604cf4fed15cba8599dc93f3b6ebf11e018d81e4df3c6f3121debddfe14,True,2024-12-23 07:49:06,2025-01-24 07:49:06
954,37,android,14.0,7.10.4,0eda2e6c530c56c1fb5baa1282efdfbd0ee3cdac85bff8e6eb4ee1af3d06aaaf,True,2025-09-14 00:16:01,2026-04-02 00:16:01
955,560,android,14.5,5.8.0,769dbb8688c98cf686dbdc1bc333efbc26ffe1cea364e89b0aeffab9ecb93ded,False,2024-10-24 03:53:13,2025-01-30 03:53:13
956,464,web,17.1,6.8.3,fd9c92d66d6a265fd32cd8de72514b8c036bb94c249a65ac1cfb1dfa8e9d0f99,True,2024-08-03 06:52:20,2024-12-16 06:52:20
957,457,android,18.4,6.14.5,fa3f5b8bf7bdb9be6b4b2d52ffcf4afc25d43623c0b5defc3ed188ca5e3f50c3,True,2025-10-04 22:04:02,2026-03-29 22:04:02
958,761,web,10.0,7.8.9,b003a5c9a4dcd3754764ed4ba17c3efb4f4fccf4cddcaca8a9aeb78521490ddb,True,2024-06-21 13:30:25,2024-08-06 13:30:25
959,407,android,17.1,7.3.2,8125f2dda55ab982c569e69ef7db1787eb7e74141c9ffd2b5cefaad9fac8dbd9,True,2025-05-26 15:31:39,2025-10-07 15:31:39
960,186,android,16.0,7.10.6,dc09bdf17ab878ef55d1bf0febf3bb4de300f42b25cb3fa4dbe44f5e4a90b2e5,True,2025-03-16 11:37:56,2025-05-18 11:37:56
961,262,web,15.3,5.11.8,0dee635a6f7e9baf4de5ed4d2da949e7913fb3a6ef47d0d6450ff2ffcd46dbc1,True,2024-08-13 18:37:19,2024-09-16 18:37:19
962,478,android,13.3,3.11.8,326043ae4681f86c60a04c3e6fb87faa0a61413556d2c7806bf0295fae73beae,True,2024-06-13 00:56:04,2024-11-13 00:56:04
963,764,ios,15.2,5.0.7,dceb5b4253e10b7843df870ca5be53db07c7fed91bedabf65fd33d0bd26ddee8,True,2025-06-15 05:39:58,2025-11-26 05:39:58
964,642,android,15.1,7.5.1,cd48eead9d7cf97b4c4fecad7aedc65f2fd97fb03e150bced99bd49acaf73496,True,2025-08-07 06:52:24,2026-01-03 06:52:24
965,705,android,18.1,4.9.4,2cbbbbe986470df53dad8eb96f3c7f12b6cabbdcd571b0d7017bfcbece5a1ddd,True,2025-07-18 08:05:11,2025-09-26 08:05:11
966,803,ios,11.3,4.1.3,2aafd7bdbdcffe32f5c50ee5e1e9f5ba3c6773b94d7100a3b6addc5b0089075d,True,2024-06-06 15:43:13,2024-06-21 15:43:13
967,419,android,11.3,7.14.5,0ea6bee577405bd5fce439d25c9e1cbbdf2e07a3cf195fe506b4113ec077f8db,False,2025-04-03 11:04:33,2025-06-14 11:04:33
968,802,android,16.5,4.10.7,de1fab846313f572ccd10ec5bb5b2f8cc03dd1e560ddfca6bfd4faec7af7b5f6,True,2025-05-05 00:48:07,2025-05-18 00:48:07
969,328,android,13.3,5.18.1,09b801e79055d360ca5f2fc0d269daccadbdb0fc76eee43c6f511b40cb1efa5a,True,2025-05-09 12:58:42,2025-06-20 12:58:42
970,286,ios,15.4,5.5.8,a715731f3e5b1a7a294ad840dbf78f1bcc38fbfb8ef17abae8419bbb79cfa6be,True,2024-06-02 01:25:17,2024-11-02 01:25:17
971,199,web,11.1,5.12.5,3be556c384cb6ba4afb75f9afcde2ad64f43d8eabee6a0ffd650a9b6ff19ea5a,True,2025-05-02 20:08:37,2025-05-27 20:08:37
972,118,web,17.3,6.8.6,e35b1fea4c3e3fe63479fffb282ca0239a02ae5aebb7eecffcd9d06a65fa7de1,True,2024-07-02 07:39:24,2024-07-24 07:39:24
973,383,android,18.1,6.10.9,4509aba26ebe34af4ae0f2ed0cc77d46d5e2fa0694f9b4ababddd619a5bb8690,True,2025-02-13 17:33:16,2025-06-17 17:33:16
974,673,android,13.0,7.3.9,700f19cedd96fabdaefea4ba4de4fcab23c6a0ef54d7aac7c17dddebeb63bcbe,True,2025-04-21 11:47:06,2025-07-27 11:47:06
975,610,android,17.0,6.4.6,da1db00a5bc0c860b2c240b83ded60a9f6c1c8aded26f3806ce8d99d42fbaade,True,2025-12-21 22:03:50,2026-05-20 22:03:50
976,734,android,14.0,6.17.2,4bd9222c3e3aa0ce1ba4ad653eaa8bf617bc72f64d50f6dfeff1456c4deec671,True,2024-11-27 16:44:02,2024-12-09 16:44:02
977,844,ios,11.0,4.10.8,a8b1ad8adce9c45a34d37fbb32eb120de9dde621e63d1a85bd899aa361e7fd4f,True,2024-08-07 03:13:54,2024-12-18 03:13:54
978,593,android,14.2,5.15.7,d13f756a036cfc52e11be2ab9a61f643fce06c50b6f31ee2aec1da5afdb66231,True,2025-08-03 10:10:38,2025-12-08 10:10:38
979,422,android,17.3,7.18.2,cccda4ab57aaf7f4ce06ebdd4684dabe9e428a0fa798f1aededed46b2a47a0ec,True,2025-03-21 23:43:31,2025-07-19 23:43:31
980,772,android,11.4,3.9.6,eabbeaec23db9930a33ba5fd054d5d34eb01ee65b6ed4ceeb6f6a7c4cc78a613,False,2025-05-16 17:56:34,2025-11-11 17:56:34
981,923,android,17.2,4.0.3,7eadcafae8dcbcf9669fff8d7a3e39456556ebcbdff769b6a0ca70d8a97effcd,True,2024-11-16 00:11:03,2025-04-27 00:11:03
982,779,ios,11.4,5.15.9,fa64f66d8afdebb0dabb345eb50ec9d6aedc27ea5bd2a17e2f199cbbee30a822,False,2025-02-18 10:44:38,2025-08-09 10:44:38
983,458,ios,18.1,6.13.7,f2dff3cfc9fd08bae4df9d1a81523ffe1ca47f3ccc1ecd1b2e80fd9e297a9d2d,True,2025-05-15 17:22:35,2025-05-25 17:22:35
984,303,android,11.3,5.7.1,eea1c3fca5db9c7ea092266b70cb6833ddd5b0bb3daea35c7cd8c5a8c70f6ddd,False,2024-06-03 06:33:38,2024-11-12 06:33:38
985,610,ios,10.1,5.14.9,f4fcd71675fd07cfb49257f762b4d87bf13163f0ed2c3b1afb77c0bbcde4a525,True,2024-10-11 10:38:58,2024-12-25 10:38:58
986,107,android,18.4,3.0.6,fc8fd8fecf80ab2b199f91c6cc8ef5d60ba374aca8bb42c7ff6cdcef9f8d160a,True,2025-06-13 02:22:59,2025-07-04 02:22:59
987,563,android,12.1,5.3.2,ecb7a24c26cfd62c5fddea72d2ced9ba3b5dce30dac4a5a311aaba09ff7ef8ae,True,2025-06-26 07:43:16,2025-07-17 07:43:16
988,219,android,17.0,6.16.0,6d1ef4df9e1ba4ed5fb65ebb0e3df37713d8ecca5a889ee0fc22a78f4fbe1cb6,False,2025-10-26 08:10:49,2026-01-22 08:10:49
989,351,android,17.2,5.12.4,3dcc058ebdbb3c54f8ef0af65296f4cfae82c1eeed3dd472be7ed9cabd470a74,True,2025-12-12 23:54:37,2026-01-19 23:54:37
990,418,android,10.5,5.11.7,c49fea02fcda561cbf1cfb03d9a88db5563f4d4acbfedbdfd1cc0f47e7a62919,True,2025-08-17 11:21:28,2025-09-28 11:21:28
991,903,android,13.5,4.14.9,1ec836893fb5e3ab1cfabee6ae6ab70e5ea0fa8a8d516cce73ad095ca5e221ab,True,2025-06-05 21:54:59,2025-11-05 21:54:59
992,425,android,13.2,5.18.5,76d11ec340baac7f73aaddb27b14778218becc81ad1de6aedcbd647b074ea0f1,True,2025-10-28 11:22:44,2026-03-06 11:22:44
993,771,android,15.4,7.3.8,a8cbaf2af0dae1e6d9d16b3310f5cf2e017cc1c5623d4c5c39adf9fc9b3dfdc4,True,2025-11-08 09:38:43,2025-12-21 09:38:43
994,652,ios,13.1,4.16.2,be6bffa985b4f32ac074bc1a80b23cbf6a9aeeaaac7abbabfaef1cadb43d6d7a,True,2024-10-13 06:00:24,2025-03-21 06:00:24
995,216,android,15.0,5.2.7,b25dbf58d7ff6dbc6e8bfba514fdfbe9e914424e999a1edd5aad63c72a31c594,True,2025-04-23 20:48:31,2025-09-10 20:48:31
996,507,web,14.1,3.11.8,5fffa37efbad10ec8ecdf646fb0d24fd5abd9ff4ba21a3f9f6d77a4399dd7fd0,True,2024-05-26 06:45:14,2024-11-30 06:45:14
997,466,android,14.5,5.18.8,26625ba6ec9c488edaa2d84bb0f0a2891ef6d9fa0561b1c6af26663934746b42,False,2024-09-14 13:24:34,2025-03-27 13:24:34
998,943,android,12.0,3.7.6,0d999d26c128d88bfaa7fc1fb38cdabd00c20ddb4390ba48c3ecafc1facbc03f,True,2025-04-29 17:18:49,2025-07-03 17:18:49
999,435,ios,16.1,5.5.5,c8f6e7206caed8f69ec9c5e4a5a26298b96611af856ce52d48f3aa45bdb53b89,True,2024-06-12 00:34:16,2024-10-31 00:34:16
1000,935,ios,15.3,6.14.9,deca2acdddccc67da7535ccacbbd0c67badb1a39b1127d1ddbd2ebeaa8fdfec4,True,2025-07-07 04:43:11,2025-07-08 04:43:11
1001,461,android,15.4,6.12.8,bea2fcd13dbcd86aa2ffd643cbd9061611cace3e683bc4c91a4beeaf5cf66bca,False,2025-03-27 10:49:02,2025-09-14 10:49:02
1002,889,web,10.1,6.20.7,de45aed4acf1d834d5eb1cae8e81c9a5b95decdfbbcf0afd2dfaabf2c2362329,True,2024-10-30 13:33:56,2024-12-18 13:33:56
1003,30,android,15.3,3.17.7,43bd7aabdd342a5a2ae533027953ca9e618dd2c82bbd2c3a1ce6a4cfa69780cb,True,2025-04-25 18:35:05,2025-06-23 18:35:05
1004,732,web,11.0,5.10.7,ef9daaead1df74d6dfac87f89b4bfce7aa0f6104175c7bf7f14edae64fb4ce62,True,2024-08-08 13:50:53,2024-12-05 13:50:53
1005,614,android,18.3,3.3.4,efac3329cf80cb7cbaefb7cccd1c8b14fac70035ecd251d2fd5f9d0cf82cdcaa,True,2025-11-25 18:45:40,2026-03-10 18:45:40
1006,78,android,16.2,5.12.3,48f0c7ede7ce3b6e34c8ac7bc3ccebc2c3efdaebdf0cadaf83eeca1aa4ec1cfd,True,2025-01-05 02:25:12,2025-06-25 02:25:12
1007,443,ios,16.3,7.19.1,ccc4816ccdcb0bb8362c6cddc2fabc4c2a0fff4e5b6fcc6ebbb8b20a2bbb70c4,True,2025-03-15 12:47:41,2025-03-24 12:47:41
1008,575,web,16.5,6.8.7,025fb62cde888aaadfda704a0fa77eea4aaf1f10bf8961b551ad6a83cac38f29,True,2025-08-30 08:13:11,2025-10-11 08:13:11
1009,15,android,14.4,6.1.3,ab22cf1f381c0d84534a7edf56d61fa60a9f0d29eb3bbdb477fbe314d991e4a7,True,2025-01-15 15:09:34,2025-04-21 15:09:34
1010,174,ios,10.3,3.16.2,cce84ddfe7facbd20bd4db0dadbbbf354cc08cfff0ccc33cabbf2e7a6d204d2f,True,2025-01-22 23:25:22,2025-02-20 23:25:22
1011,677,ios,18.4,3.6.4,ea32cc09fda483e163b520ebcd3a49e1ccadade38edd67faf46cc21e3cdf447e,True,2025-06-18 20:15:40,2025-12-04 20:15:40
1012,918,android,13.1,7.1.6,eb3ee02c0cbe2fddd61a2eaeec3adf07af03c7fcd6d476e16c6f0743bc478feb,True,2024-08-13 01:54:50,2024-09-12 01:54:50
1013,363,ios,12.3,7.1.6,fecadc49e0a51ce02c384a2fbdffaabe51e06caeb89adffe39adda173e8d19c8,False,2025-06-13 12:16:47,2025-11-08 12:16:47
1014,346,android,18.4,3.1.2,be3dff6f8748377e59f2b794a0f1fccd9ac6e3feb184ba08bba925de4dac55f5,True,2025-01-23 15:25:41,2025-05-10 15:25:41
1015,262,web,11.5,3.4.0,d5d37cf5d4c73dee03981911d0c0ae75b79c4a3a2b61dd4a592acbffdbded8ec,False,2025-11-27 01:26:47,2026-02-20 01:26:47
1016,879,ios,18.5,4.11.6,42ce253c8b9277ae0c12256f167a53fa88cd52d5461931b9cfc9adef47ce6bd0,True,2025-10-11 04:27:07,2026-04-22 04:27:07
1017,261,android,18.4,4.15.4,1d0f74c06410e8a014172baeda4b12961acd7ecba146a5afcb377c5d60c4e62f,True,2025-06-10 09:47:40,2025-10-09 09:47:40
1018,299,web,15.1,3.4.7,a3f4c75aa1ae8ba4605e07dc5c7ffcb1e6cfb29aeaf283f7b5f881eea854ac50,True,2025-10-27 01:55:44,2026-05-10 01:55:44
1019,728,android,13.0,5.5.6,24bf4eaceb4e9ff2470eeba975b9bbc5e0cac1baa4ebf88fc0c29a5d8040ed6c,True,2024-10-16 21:12:57,2024-10-30 21:12:57
1020,145,android,14.2,3.19.3,a8cc2b6c31b82ed6dfe91acb8dbe08f90cfade4e2f60f3ccedb73e9d6eeb854b,True,2024-08-05 17:19:41,2024-09-15 17:19:41
1021,478,android,14.3,7.9.9,cdfe1be52d1acc699d9d2aae7a10a9ff2d835ab8fe0b7c5f6dae8cf4afdbc3db,True,2025-11-17 01:42:28,2025-11-26 01:42:28
1022,665,ios,18.1,4.18.7,5ed14ece3eed627c6ac4cdc4bcacb4afece05db052d0ce2daf6e3833e0989c03,True,2025-11-16 09:56:48,2026-02-10 09:56:48
1023,427,ios,17.3,5.13.5,8d7622e0ed273dbac314b37ddef0a418a4c9bbae1fdfed94d9fbb043e629a0ce,True,2024-10-27 23:32:23,2025-02-10 23:32:23
1024,15,android,10.2,7.3.7,a37d30c2f4cf6e1fa48d65caebf573adbf7f8c8b5edee8b3deb018435871bc20,True,2025-08-27 05:40:52,2025-12-01 05:40:52
1025,343,android,14.4,6.4.0,0bdafb7cba3f43423d28498abb9edd1a4eb121b6ac2dfe6faf4b4ca9c5f71d99,True,2025-07-31 18:10:10,2026-02-08 18:10:10
1026,623,web,13.0,3.19.0,a74788fbceb861faafa0ff3bc7af5619ca86d1cea395ceedbebea069ee5bb6eb,True,2024-06-18 12:00:15,2024-09-16 12:00:15
1027,154,web,10.1,6.20.9,e784e0f3f08ec742be39bcbb8d9e99a4ac2974202eb5e894b8c9f6ee3ae9ca0d,True,2025-02-09 17:43:00,2025-06-08 17:43:00
1028,484,android,12.2,6.1.8,e6addc18b2c79a9a5d522a55360513fbebda8c1cbb4f5efd570d721d3d1cb1dd,True,2024-07-10 23:23:28,2024-08-08 23:23:28
1029,105,ios,15.2,6.8.3,bf60b0be7ec8ea5b79edd429df7afe7ddc998fb43d10fbd4fff3b4ebeea180ab,False,2025-07-30 02:11:33,2026-01-08 02:11:33
1030,34,ios,14.4,4.17.0,54eb80bcb2019b6df849aa88b0df11eafca6fbb6f394e2dbbc542edbf4f71e28,True,2024-06-14 09:26:18,2024-08-09 09:26:18
1031,890,android,12.5,3.18.7,cbe8cd94e8b2bcebcd1d4bcefd5cebacddcc7d8c3dfcaf0cffece39c99f49847,True,2025-02-02 09:04:45,2025-02-12 09:04:45
1032,983,android,14.3,7.1.0,bd4a0ad69c8cf5dca9e66fbcc10e53800fa2eaad2a2ef2bb7b9da33dc12fcb6c,True,2025-02-28 18:24:54,2025-08-23 18:24:54
1033,990,web,15.5,3.18.4,edbf0cca3b07ae01efd9b1ee4fc7c64f12e79c3e0e06773b7b000c0e9cfa29fa,True,2025-07-24 09:50:26,2025-09-28 09:50:26
1034,138,ios,17.4,5.5.0,edfeba4becbbcdb75a06bf265b8db79d23c83f31ed96eb39bddb7e4fc2febddd,True,2024-08-04 12:06:41,2024-10-05 12:06:41
1035,314,android,12.0,5.13.1,6cff78ffca58a3ee2ffaa5f8b14aecbdacee221bf3cce81dfcbbffb78735fd47,True,2025-12-30 23:20:39,2026-01-13 23:20:39
1036,853,ios,12.1,7.18.5,e29c6d0adef3fb7525f7bb3cb0aea8fcaea8d8187a8a25801bee1d578ee3f6c9,True,2024-12-21 03:09:45,2025-01-29 03:09:45
1037,184,web,10.1,6.8.6,cfa8dd40f1e83dc9b4abd6c6663868bfa2ffdccaecfffe3a2d609f49cb8ad36e,True,2025-06-06 13:47:52,2025-11-14 13:47:52
1038,846,ios,17.3,4.11.3,fe294178ddd62fbed601840afdb9dc1796edcea1302c4cb0cf58b4dcbe238d1a,False,2024-08-14 15:01:00,2024-12-20 15:01:00
1039,403,android,13.4,5.14.9,d2f75d7d8795ad2d2e69c91dd6a19aa229505075d2fa260d3f4b952e40a8d3ca,True,2025-11-26 15:19:53,2026-02-15 15:19:53
1040,246,web,15.1,5.8.0,bdd5e33ae99e904ea7489fefcc0e05cc1e22cf0fac79ca914e82e5a3685b4b9e,True,2025-01-16 19:31:07,2025-05-06 19:31:07
1041,238,android,14.5,6.17.8,c95cdfcd6dbcb4c6d2cdaa1f9be68eaeef5ded716c5cfecd87eb04d44d2b0ecf,True,2025-11-10 04:30:57,2026-02-15 04:30:57
1042,497,web,15.0,3.2.5,cbcd99e7b45aa0ae3e1eeaad9ef069eabb2a67bd8f17ccf248cfd276da906dac,True,2024-12-26 14:26:51,2025-06-01 14:26:51
1043,194,android,18.4,5.20.4,25fe0e94a7dafc7e8abbdd8794e947f8e9d1fb4bab971e3f07eafcc1c44a905b,True,2024-09-20 06:56:58,2025-02-05 06:56:58
1044,584,android,15.3,7.19.1,f7fc97972bfc396df70b8cbf8f0fdcf05daa8ddc55bbb3af67df3ad76a6d94cf,True,2025-03-09 10:20:23,2025-05-14 10:20:23
1045,580,android,16.1,6.1.7,2eeccecdca11cffb52eabf5aa0f41dfdd93a897e7d5a06ee3f77e65ec5ceec96,True,2025-04-11 16:54:03,2025-07-27 16:54:03
1046,908,android,15.3,7.6.9,ce807be7fc9a7e253116ea67c08c1dc105a69b0ff772ec4debb36ffd2961c3d2,True,2025-11-12 20:50:26,2026-04-11 20:50:26
1047,759,web,14.1,7.3.1,5dcd46e4a0629cfb5aedff5acc291a6ffb093cc202a89f8bd88744bcc4de50c1,False,2025-11-10 01:41:31,2025-11-20 01:41:31
1048,130,android,17.3,7.12.3,657fa492ed9fbdcc2ad2d8d313beaa6d532de0f8da5280fc9fde60fdebf6932d,True,2025-09-24 19:14:34,2026-03-28 19:14:34
1049,794,ios,15.0,7.8.3,5db2bdc006e62fb1798d71b4f3c7ddead08af951f2efd4fcab88c7dcc234d9bc,True,2025-10-12 00:39:40,2026-02-27 00:39:40
1050,39,android,14.4,6.8.2,deea118afba427138a86505a965b9b9faef86402dbee132b9f8cb74c2fbc756e,True,2025-04-06 21:09:39,2025-04-08 21:09:39
1051,418,android,17.1,4.2.5,a2751e7b9b30cf6de5ba7ec6bbd9ecebe3c14f175441aef8cbb31fa95ab6dd62,True,2025-02-01 06:50:44,2025-06-07 06:50:44
1052,873,android,14.1,5.5.0,72ebf91ae5ebd2aa7ff94985c3388379b33e83d3c18db77ade9d6587a650253a,True,2025-02-08 06:56:09,2025-04-08 06:56:09
1053,79,android,13.3,7.2.9,37253e2965e0de15e21c1e9b8b9dad2c5bacedbaf17cfc0136feff901ffb315c,False,2025-01-16 13:13:59,2025-05-29 13:13:59
1054,376,android,13.3,4.3.7,8422adcacaabf8d069aeb0480aed258f37c2fb1bb67eedd9fe5f3fde739ce5df,True,2025-08-21 18:22:40,2025-11-17 18:22:40
1055,354,web,13.0,5.20.5,74a7aca5ffccb9bdcd727e0cadce8785896960c9be18206a77f6a82aed59b1f4,True,2025-08-25 09:19:31,2026-01-30 09:19:31
1056,266,web,11.1,7.20.5,1538be3da54dcad78ad8baabdcca6e7e7f2d3aa9a95442afa3a4cce1aa5e1c44,True,2024-10-01 22:34:44,2025-03-06 22:34:44
1057,847,android,15.4,5.6.9,d21d0b2ddc4ee81a6923ad75561fee07f10af43caecf71bef248fbd279db4a59,True,2025-08-14 22:39:33,2026-02-08 22:39:33
1058,295,web,15.3,7.7.9,8f1ee6bfbcfc6d935bc02846aed1916e6cbd51a32a9ea23a33aa3cae1dc5d6e1,True,2025-07-09 14:45:23,2025-10-09 14:45:23
1059,954,ios,16.3,5.11.6,829fb80cbdc5bb1d0f40d8ad8509bb4411cabd3cac38ffdb74fcbeccbef390d3,True,2024-09-02 19:18:23,2024-11-14 19:18:23
1060,636,android,14.3,4.12.5,acade5f7510d8fa916b38fb17e90136aafaaa417fa6ed19bebc6f8a5ee60f35d,True,2025-04-04 07:36:11,2025-08-21 07:36:11
1061,619,android,10.1,4.17.4,daef7ff72241d05e1dc638d01bc7dc3ae3accce14f86ae237cda25d8d6e2bc5a,True,2024-08-19 13:13:52,2025-01-03 13:13:52
1062,249,android,13.3,4.9.0,de8d9ffd6c8fc3876b8abf0dac167a1fabbbb01adc6c4ddf7614c1fcca6a2955,True,2024-07-02 14:59:03,2024-08-16 14:59:03
1063,867,android,18.2,4.2.6,4cd0a6f10a0e22fd72af50dce4fbf22f66d748f7fd30ff48bdc3c0de3a851e94,True,2025-12-26 22:20:42,2026-06-30 22:20:42
1064,454,ios,15.0,3.17.1,9f74bcea1dbfdf79cb1e10bf045b1d6b7cdd35af0ab1d67dabde8cd2503c9ecd,True,2025-06-06 08:42:36,2025-06-23 08:42:36
1065,846,web,10.3,5.5.7,e75212acf7ef4e9bb9d04eabdd5c992fd3dbcce0ccbf2356b6bde76e679438f8,True,2025-11-23 17:57:12,2026-04-10 17:57:12
1066,221,ios,15.0,6.13.5,a3b4fff9d602b42d2f0e2b8cd813ade4e9a8312b0bbcb0aec95eb25d383c3de6,True,2025-02-09 20:47:42,2025-05-20 20:47:42
1067,656,web,18.5,3.15.1,32e1edcd340e00116ac4af5cdb8b576efd5c2226fd3ca7e284ea0684bb00bec4,True,2024-05-11 08:47:37,2024-10-20 08:47:37
1068,754,android,16.3,6.11.0,bc2da78ebce8aba96af63f1981d1fdaadf5ab4e2ad46aacd1abec19c3ad00653,True,2025-05-13 13:48:11,2025-06-24 13:48:11
1069,644,android,15.4,5.9.2,effcbb47398038bca06c088d2f4ad4275debf327a4a12770edb64bc0aad968ea,True,2025-08-17 14:15:18,2025-11-19 14:15:18
1070,330,android,12.2,4.18.7,7c41fda33bcfbeb64be2e5dfece9c5dfc67c3bdeed7c94d7c3efc97dcb883ac6,False,2024-06-10 18:54:50,2024-06-25 18:54:50
1071,207,android,12.4,4.7.2,b9a683ccad7db9a928ba75c9aaeab0d5a9db34af9adcaaacae4c9368b49370e5,True,2025-06-19 07:59:51,2025-10-09 07:59:51
1072,748,android,10.0,7.7.8,6981dbf4afdea39922adfd72b99eb8a9fbaf2343cbcee39f7144a6df9fd65dce,True,2025-06-20 05:00:27,2025-09-20 05:00:27
1073,496,ios,10.2,3.3.7,4db0c27fb04fcf32db4c5aa7b6cfed6e34fdb59eaddbab043cfcd953a7aafb50,True,2024-11-27 02:57:39,2025-04-29 02:57:39
1074,158,ios,14.2,7.6.4,0fed7843b3fdcd32eedeff269d5cbdcd42e80bd79868ba2a34df02108afdaaea,True,2025-03-29 16:17:42,2025-05-06 16:17:42
1075,632,android,15.3,4.3.1,2cc9be27f99e579fedfb62c5e7f2b2dfe7a8cf2101386a2a6ccfc0dacc63a50a,True,2025-11-10 12:19:45,2026-01-31 12:19:45
1076,252,android,15.3,5.14.6,bbe846bee2f3cf02a2a2676d5cc7ba6361d3f97dbff75df8efcddbcdeb0cbd76,True,2025-09-20 06:25:34,2026-04-03 06:25:34
1077,867,android,11.5,3.4.6,c0f50eee34e6ed5a1afdbf7f7116ff534e84ce7ec338e71fbb2c4e88ae8bfecb,True,2025-12-19 21:16:28,2026-04-29 21:16:28
1078,664,android,10.2,6.12.0,f2ecb58ab915d2bc1c6a8c68c0efdb11a9c0bf03bfa0986d90fec4dd0c062db2,True,2024-11-23 19:30:04,2025-02-06 19:30:04
1079,597,android,13.3,4.6.1,d885e85b8548a4a799ab050eb345ffb734972e3b310eac66aadbbd4dcb57c018,True,2024-09-28 20:55:36,2024-11-26 20:55:36
1080,274,android,14.2,3.15.5,3961ccec83ad5ccbfb2ba6a9bcc4b1ed267e4251cbccf26feb7a040ffdee24fe,True,2025-12-17 10:53:32,2026-04-19 10:53:32
1081,202,web,12.1,5.9.4,2eebfaa24d3d9a6433c1b7957afadfd5243ad4d4c02bd3e400b260fbd7dc3d14,True,2024-07-03 10:19:39,2024-10-20 10:19:39
1082,441,android,13.1,6.11.7,98c83d7a1071ae4cefbaec1b5bccdc4b7bf842b0f27f94fcbdfcfccbfd908de5,True,2025-11-27 23:39:32,2026-01-27 23:39:32
1083,291,android,11.3,3.7.3,5e19ebfceaf724ac0be4ddd17cc8adf94c87cff4943c37b1ac6fc423cc070a04,True,2025-12-04 01:10:56,2026-03-09 01:10:56
1084,578,android,13.3,6.1.2,9369dee0bb3aff1ca307ad01cd26eed6efb735cc3fdc1a71fbe7fcbed9b1dc3a,True,2025-11-12 21:20:38,2025-12-11 21:20:38
1085,856,ios,17.0,5.8.8,faaf1deeafef869ddbdf11deeb4e27dd40c560eec7c3f6606d557ed0641ef9f3,True,2024-08-10 00:20:43,2024-09-07 00:20:43
1086,935,android,12.0,4.13.4,ace6eadaeb93b406acfede93beef43d1ab6c0bbae74efc97edb607e73ec9a8f1,True,2025-09-08 21:46:10,2025-11-01 21:46:10
1087,714,ios,14.1,6.11.4,6bdbcdbdfc5a16edeb3d5fde393b8eebd927260c6b2f0bdab7f9a885cdbb60ad,True,2024-05-10 06:35:15,2024-07-03 06:35:15
1088,534,web,11.4,5.7.7,bee3cd1c22bbfeab4aceeafcc9e7bdb2aef9e2bebbe71f0fb6b7911768a7c5c8,True,2024-12-29 14:05:15,2025-03-03 14:05:15
1089,750,web,17.5,6.2.7,7ecc34caffd8e07fe5eba7e5e0ba9c3e9d04abe10aeab4a8bdbbdec4cef0e9cd,True,2025-06-01 20:58:18,2025-10-27 20:58:18
1090,34,android,12.0,7.0.3,b06be41c98fe68ed098a51ac9de13df369abdcd6c1de31e2c893ff4ea9ed40a9,True,2025-10-22 18:22:22,2026-01-18 18:22:22
1091,435,android,12.4,6.17.2,dababa9daa57cc65e42f8f692e3971f1dbf7809887f57c761bca8aac2af5c03f,True,2024-06-19 08:26:17,2024-12-18 08:26:17
1092,629,ios,13.1,5.1.1,6057cd5ffe3e0a5419a421d4c1f51dcdd21e3fcfe0c931ecfdb0e6be8f1fbc6f,True,2024-12-11 03:55:38,2025-06-07 03:55:38
1093,41,android,17.4,6.1.2,45a7fbdccabee39d45e389f4281f6fe944ebe0fea8ebbdaaa62d91e8db0804bb,True,2025-09-15 13:51:39,2025-12-26 13:51:39
1094,629,ios,14.5,4.13.6,cb6737bc7dd7cad4f275f5edccb6c8d828f533eae3d8fc85c49588e2ebdf0ec2,True,2025-03-13 12:11:21,2025-06-18 12:11:21
1095,631,android,15.1,4.2.1,cb16aab3bf9c474706ae8455a9a98cd7e9c90725f719e8edcafe8b50cd9f498b,True,2024-09-08 17:38:47,2025-03-23 17:38:47
1096,48,android,13.3,3.16.6,246a7ba706dbf053ebfdea7aefb79346373dffbd5c606817d2be3edde9b749a7,True,2024-09-19 15:47:32,2024-09-22 15:47:32
1097,347,ios,16.0,3.8.7,999b8dfcdddfbd78d3badbc48b9ec7dda655b03cb4671282ef3f375fd22fc47b,True,2024-12-19 12:32:07,2025-06-11 12:32:07
1098,817,android,12.1,4.5.1,fefe9dcbdec31f3125abfafb8d801bc6b14c9733309f4b1a1fde4a3dfab0f64b,True,2025-11-23 19:09:40,2025-12-14 19:09:40
1099,461,android,13.0,3.8.0,c35f754eac5e8a9c8fafd2ac2fcd37a753fedfffe253ae5c97b27d4cbdac3494,True,2025-02-25 19:32:52,2025-03-07 19:32:52
1100,462,android,13.0,5.7.1,f8bd80db188d8bdde08fe2a66f3fd1f2e90caeabe4bce2fcbce3abdfc0fd96ca,True,2025-09-14 08:14:23,2026-01-16 08:14:23
1101,486,android,17.3,7.2.9,349cbd5f7e4ab8ed28bdcce790eeecc87e8c88c15cdbf7df1f5206bf5e17da83,True,2025-02-01 04:51:12,2025-07-07 04:51:12
1102,560,android,10.5,3.14.0,afbed33eb5bfef7b7ace25a37a753d80baea43adcd8f19515eddc48b3459caa5,True,2025-08-04 07:38:59,2025-12-31 07:38:59
1103,527,android,17.0,3.2.5,5ca63c1ce7bfbdced6cd95ef08f244ddece2fa0caaccba810cfb63feef00cece,False,2025-05-31 12:15:05,2025-11-14 12:15:05
1104,815,ios,17.3,6.1.0,731de25ab5ff069dc0aecfb3a3dfccf0a1328d382a95dcefeed6a5fd3115e2da,True,2025-03-07 11:23:54,2025-08-03 11:23:54
1105,97,android,18.1,6.12.1,a0e46b35a2ef5cc802c4dabcdee64fc762435c2be51074a2bbbebb6dd3a21afb,True,2025-08-16 11:50:25,2025-09-03 11:50:25
1106,575,android,13.3,4.14.7,185e2d5e218c16efbc3f121c0a98fbcbe2c39de924a3d0c9124eaffaa1aacf0d,True,2025-03-24 21:11:12,2025-07-08 21:11:12
1107,792,web,10.1,3.17.6,2b4b4957ca3ee44cd25f79cf37bdfa1b6cc8cc1b1c991e96fbcb4bf14b6df3a1,True,2025-11-26 14:20:13,2026-05-21 14:20:13
1108,676,web,14.5,4.15.2,b1be8bd92abfb6c3b0ac0afafce4d1ca7e8e0d3dd63f85b0c167e28b286ae24c,True,2025-10-05 17:20:03,2026-03-09 17:20:03
1109,313,web,12.2,6.9.8,e1deafac5478dfc03dc6abbe97eab233edba075bf52e5dff3cdfbbbadabbce03,True,2025-09-19 21:50:16,2026-03-16 21:50:16
1110,902,ios,13.5,6.2.8,ab8e1e06f94ecd4af47214ceca870de207fefb54bf8ee48f9ebdc0bdef39bcca,True,2025-09-12 08:16:43,2026-03-23 08:16:43
1111,968,web,10.0,3.18.0,a1a1f91a3bbd6c2db3283ac1ee1c70adef461adc1feb3f4e6aba01d0ada96a18,True,2025-02-05 09:39:49,2025-08-08 09:39:49
1112,241,android,11.3,3.14.3,2498dbae2ea357dbc0af2f586fbaebe3fd4613daa384735abf14bec09df86ab4,True,2025-06-13 03:32:32,2025-08-05 03:32:32
1113,695,android,11.5,7.2.3,fcc0b0ad05b65daeba92ef9cf6a1b5cab251dbddb0c330de26d40e9becc381e9,True,2025-08-30 15:01:21,2025-09-04 15:01:21
1114,858,android,12.5,5.20.5,12ade5ca68eaaace1ccfe9dde1bfbe1f9cddfb11a5e11e7cbceec29f863b9cfb,True,2025-03-03 11:11:35,2025-08-13 11:11:35
1115,761,android,11.5,6.7.3,4efe030acfedd295e4c7fa9db717e4d5e17fdcd4831ab40facc5776b7300a484,True,2024-06-03 11:57:21,2024-07-22 11:57:21
1116,546,web,15.2,4.6.2,daf37ee7b5ddedc17fa3d3f4eeeb4fbd8b2acfec1cef027682af3ebb14bd14fa,True,2024-11-04 12:15:59,2025-03-09 12:15:59
1117,398,ios,15.1,4.5.9,cff47da5ee9dd1149f9c85ffbeab6c3ebb64a4fbdfebdee48dc25321b5ba29b0,True,2025-08-25 21:06:12,2025-09-17 21:06:12
1118,803,android,10.2,3.5.0,a84c668bbe540e5fb81ef5d76776bf5c3bbcd8bf1946ccfb7efcceddcc8bed1e,True,2024-11-02 03:51:27,2024-11-18 03:51:27
1119,939,web,17.2,5.6.9,7b8a4dbd275680ead98dc24fb41a47fcedb70aabcb8ce27feda239aeabc8b5bf,True,2025-09-27 02:28:53,2025-11-13 02:28:53
1120,123,android,15.4,5.13.1,2e9feb801316cb84ae23fcdaecf003baeaca52ca95f7078f7dda372daa27cedb,True,2024-11-05 22:28:56,2025-01-31 22:28:56
1121,764,web,12.4,4.0.0,c53d4acd2d99a7b891df3d23adf4cbf2bbcfb29c32f9aecf6b00c7575a2d6760,True,2024-10-18 20:27:07,2025-02-04 20:27:07
1122,614,android,14.2,3.20.0,5237cb8fec7d4e370c402b4ea3d18f37c26ce61a06e6ed26eaea0deabfcfe6df,False,2024-12-26 12:57:16,2025-04-29 12:57:16
1123,130,web,15.3,7.17.6,c7d0febbe691711e53b90ffc4f229dc896ed5ab58eccfafc3fcfe94ae6b2c8ec,True,2025-01-19 09:45:51,2025-04-13 09:45:51
1124,182,android,10.0,6.14.6,9155bcf4556c9ce804b6cf0bfff08caf24dfeabab99fe5c39450d5cda3f46d9f,True,2025-01-14 08:49:01,2025-05-16 08:49:01
1125,625,android,14.3,3.19.4,7ff3c6cb2cb9b2fc5abe70ce9facd46abcaac94e6eaddcd5bdebd0d83eee9cff,True,2025-09-30 15:42:01,2026-03-20 15:42:01
1126,696,ios,13.0,3.12.1,965d7c783a2eedec668fc5ec244a2b9ccedccf9acbccefd1e25add1b57d89ec7,True,2025-04-19 18:41:35,2025-05-05 18:41:35
1127,930,android,17.1,5.1.6,ef17fff22c6b1da5aeb9f0c721e16fff856ff2cea8237aee2df4cda2cff6cc24,True,2025-10-29 13:34:44,2026-01-12 13:34:44
1128,59,android,10.3,7.12.7,6c22ba3a89bcaedc149002d2bafb78c6a86fa56b7b1e0bbb3dfeb8cc8dec92fa,True,2025-12-13 12:31:51,2025-12-19 12:31:51
1129,539,android,16.5,5.12.9,c913fe4cd5dd4f57abc1c010c1b01aa66ccf0cde2fcacd279bffc95d5852afa4,True,2025-12-22 23:42:29,2026-06-27 23:42:29
1130,500,android,13.5,3.11.3,1a838195da8aacd6cf4032323ee5c5ba758cfd2051d30c39a84de6d5bdab15dc,True,2025-07-22 10:39:36,2025-12-09 10:39:36
1131,435,android,13.3,4.3.3,a557ef59a2de521cace888b1d0498ac04a522ef1e26f5c26aead9df9b7ea5df4,True,2025-02-11 14:07:54,2025-05-14 14:07:54
1132,114,web,14.5,5.15.9,27dbba07d472dedd250fa056fe9dfc2c11dbaafacebf8a50aafea3cd9eae75b5,True,2024-09-10 16:46:39,2024-11-26 16:46:39
1133,899,android,18.0,7.20.3,6ef1aae7059d4de0fcabe28147c21d61db749fc24cd62e57a8a7f9dea5bc310a,True,2024-11-09 05:13:11,2025-05-06 05:13:11
1134,172,android,10.1,4.17.6,eb91bba5adc330bfb06fdf61b7fffdda7d9421f2faefaa6261ffd10e3e7f1319,True,2025-01-18 15:04:01,2025-03-08 15:04:01
1135,235,android,11.2,5.2.4,4ceb6302e7bb16a20ffc9b2ac48cfeffacd7ddc17dc384cdaf21b880f41cf7d5,True,2025-12-25 12:13:53,2026-02-25 12:13:53
1136,302,android,15.2,5.8.9,2fc1edeadeff501b86a2bacdcaf05db863c1ad743ccccd20ff8abb54ea5d475c,True,2025-04-26 21:32:09,2025-11-09 21:32:09
1137,391,android,11.4,6.14.9,ccfcb5589be29bd56fe4854832e1585d8549daeebd8b1b5e43b1aedab9b5ba92,True,2025-04-11 14:33:21,2025-07-16 14:33:21
1138,855,android,15.5,7.3.1,ca9ddcada6199baadb72bc9e78c6aacdeabd8dd121cdcee922b6fe6be2b4c2ae,True,2025-04-18 22:21:44,2025-09-10 22:21:44
1139,611,ios,10.0,6.1.1,5f3e4b60d2e885c1cedec14dffbef9cdebd9d9f78de4e763b283f8a2b2ffcea5,True,2024-11-14 00:59:27,2025-04-01 00:59:27
1140,446,android,18.4,6.2.5,2da705bdc24dcfec6cfa78fcf8e40adc27b06bf5b92faa9634c286aeacb6ac8e,True,2025-01-20 00:47:03,2025-08-07 00:47:03
1141,728,android,17.4,7.17.2,2544d1cfbe949e6a4100ad5fffa3915a87ddc42bdebdc53ac0abdfbe05edafbb,False,2025-03-31 16:09:34,2025-09-09 16:09:34
1142,561,ios,15.0,4.6.4,9af440eecdbb2eded7f6bfa39fd573d33afa0cb76f580762450fbba10fda80ff,True,2024-12-29 04:36:27,2025-02-24 04:36:27
1143,687,ios,11.4,6.10.4,db89aae54c5458f7b9c5cd9f6f5c2a557db84af4cd1cb47ce4879dfa976a9a3b,True,2025-06-24 15:50:46,2025-06-25 15:50:46
1144,283,android,18.0,7.16.1,4fad8ffbde1edc70af3f44aebdf7d71fcc325efe219eb72baeacdbd6b002669f,True,2024-10-08 03:02:33,2024-12-15 03:02:33
1145,888,web,13.5,3.17.5,48f9b0af6fb8a3d2e89eb965b755cbcc6727d5b87a4fd83dc5eecff845699414,True,2025-02-04 13:19:04,2025-03-11 13:19:04
1146,835,android,18.3,4.12.4,ae6ac01a5bb5e62c9ac6aff3c8dcf17333ca5ca74726b88e0ca5415d29f9ab76,False,2025-01-15 07:57:59,2025-04-11 07:57:59
1147,488,android,15.5,6.2.7,7c2a1efcc0e437af800abaddf8b3b8cae23542ad2206be947fff5b1ea910af89,True,2025-04-26 15:08:40,2025-09-20 15:08:40
1148,504,android,11.1,5.0.5,1ce6efa69c0844b77bdb2cefd1a3f46fa58534d59a04ce5dcc5a42a70ef10dbd,True,2025-11-18 19:19:54,2025-12-01 19:19:54
1149,665,android,15.0,7.0.7,ad638fee84bcf78e0a0ae1825f9eaafa93eb9ddebbde37eaec9ee4edce8fdb54,True,2025-10-25 18:59:35,2026-01-11 18:59:35
1150,151,web,11.0,7.18.2,bbbf4bb33e5f6faa999fcde2a7c62432c1e2e315ae8f2f4d12dbde6c3ad3ddfd,True,2025-06-20 08:34:40,2025-08-26 08:34:40
1151,491,android,18.4,5.13.7,3dc1b11f96d3bfce8e028565fea78a0ee3eecaf16bccd4af2ab66f6a65dac4a3,True,2025-12-23 06:17:05,2026-02-01 06:17:05
1152,698,android,13.4,6.11.1,9ed113a9f9a111adffead05ffdabc6dd7cfadc9d0be5b2ceaeac3de61ead47cf,True,2024-06-06 15:56:55,2024-08-04 15:56:55
1153,127,android,13.1,5.18.4,390aad2b59e3b533a4aae88dfacfefc5d58340beabddcdecb2fdcf499b9f6fec,True,2024-08-17 07:17:43,2024-09-20 07:17:43
1154,53,android,10.4,6.2.8,aadef25b0b667afa05ac1fabc2e1eaef2d67d2df20bf1dc4fe69a0d2dc4ecf36,True,2025-11-06 08:02:56,2025-11-16 08:02:56
1155,385,android,16.0,3.12.2,4babeb26785e8713fc2a3c2bcfafaa735f3d26ebcf69ef4e2ae942a8d8bd7de5,True,2025-02-09 20:48:39,2025-03-30 20:48:39
1156,443,web,17.5,5.1.9,c6a5dd44d1e8f9488b5d0cfee3e72bf9d816a1ece34b4ce328a6b2db0d082cbf,True,2024-09-01 09:05:31,2024-09-09 09:05:31
1157,25,android,10.5,6.17.5,a9ecc45d9fceebbff73d344ca489bfced0a3bce1625dbfc5eec6e1cfd35ec4bb,True,2024-12-13 13:59:50,2025-04-30 13:59:50
1158,850,ios,12.0,5.18.7,d2e2fc3cadb2ec3f4f8cad2b507a9de16c28cfabbc44d1c47fbfaaf7eaf8be27,True,2024-07-19 11:25:42,2024-09-25 11:25:42
1159,349,android,10.4,6.6.5,3d05f5d91af3baec3358fe16fc206b39eae5140c52109785db5c00cc3b907bff,True,2024-11-16 00:43:20,2025-02-27 00:43:20
1160,687,ios,14.2,5.6.4,ddec3bbeded0fc388776070e9be2c95efafb7be14a0235daba10aabf20b0c53e,True,2025-02-18 06:51:51,2025-06-12 06:51:51
1161,438,android,11.5,4.18.8,daa4da10173cff91d5bee830328eaf1ed48af1f0a4f05f4c4f012ee6fda2c6e2,True,2025-12-28 04:05:15,2026-01-28 04:05:15
1162,573,ios,17.3,4.3.5,c987d275f6aa4bea6e70785a3e5e2b25619de3ed8b5678ebbd5e90a3a8dde5da,True,2025-06-02 06:48:11,2025-12-12 06:48:11
1163,928,android,18.2,6.12.8,161e0cd7ef4440a733c686deb1cd59ff34acbcfdbcf3e81e688e2fe9f1fd4bb9,True,2025-12-02 22:08:42,2026-03-16 22:08:42
1164,372,android,10.1,5.18.7,3ca6c52cee8e1b0ac7dcf1e7dfdac50cffef3eedfdeebadf51b87d0dc6efccf4,True,2024-12-20 13:13:10,2025-04-02 13:13:10
1165,775,ios,18.1,5.18.1,c5a2a0057c852b8a0c8fcc1aafa3d6b7d8bcc104917ef54ea37cacbe55e4fce3,True,2024-08-06 09:20:05,2024-09-15 09:20:05
1166,399,android,11.5,5.18.3,dab819d95cccd86bd98bc6ebfd74387fe8e7c2d2896dfb2ce96a9bea3a7d9eac,False,2024-10-12 17:04:56,2025-01-10 17:04:56
1167,525,android,18.4,4.18.7,2ebd4cfc90a68ec79bc6e739e65fface5febfa9ba34bc45cbdb2fa1323da0eef,True,2024-05-18 02:44:40,2024-08-10 02:44:40
1168,101,android,17.5,6.7.7,fecafd328df883dc89fae1f80ecefa07d77fd986cc6e38e1e39131ecda62f47f,True,2024-08-26 23:18:46,2024-10-24 23:18:46
1169,934,web,17.1,4.13.8,fc10845f4e0f9afecfe33dda2bbdda17e5bf3562c3ec18293a750b59abeae60e,True,2025-08-05 06:04:40,2025-08-27 06:04:40
1170,862,android,16.5,5.2.6,dbb37e1ca71c865a92c0f16ce4cbf1a6a3dbcc5019bfd09af37baf7fc78e3e85,True,2025-05-14 10:06:19,2025-06-24 10:06:19
1171,873,android,15.4,3.15.9,d81f65add984fc6738addc2cffc6ef0d3a9fed109735b2b8a651a6edbe218d4a,False,2025-07-26 20:30:01,2025-10-08 20:30:01
1172,703,ios,14.5,3.4.5,792083ec815edc5abd7bff9aa5e8deda0adbcfdeeaf91ecb8bb2495a72efdefd,True,2025-04-12 03:11:55,2025-04-26 03:11:55
1173,268,ios,17.4,6.3.2,c195e92b5aa96d1d5a3bbcc3edf1c12b9e19cc62f1cc66a89a8cb9dfe76dadad,True,2025-02-13 19:07:57,2025-05-27 19:07:57
1174,469,ios,13.4,5.5.8,a7883347b4dbee263fb560db48db6e9b2f0ce6df50abdbcbf7db5dc8c7ea12b2,True,2025-11-04 13:13:09,2026-01-29 13:13:09
1175,693,android,13.2,6.18.6,dcf2dcdb82e4c23312e7da0d8b46ad703e67adb4b8ce8cd4431f3dc0f8e6afbd,True,2024-09-20 17:09:40,2024-09-22 17:09:40
1176,368,web,14.0,4.17.2,d089fafac0b69a5ca556edeba6677abd59e823684c66fc79fd94aaedfdbdf163,True,2024-11-22 23:46:22,2025-05-23 23:46:22
1177,935,web,14.3,5.8.4,61c5dfdf2bb3e7d7cc968ae8c91aaf0eeb87dabe7feccfcf3d0d99cbede0cd85,True,2025-02-20 08:28:09,2025-08-18 08:28:09
1178,415,web,18.4,6.18.2,f78f8e9f514eb59ecdd0fbbae1c0ec41f7dc2358ce7a6810ab70afafddab4ebe,True,2025-04-17 16:12:40,2025-09-14 16:12:40
1179,695,android,14.0,4.12.9,f8be16691bebcc0de5c4332ce94838d20cedd82ebb5afb1da2d6a4b9c2f7dac5,True,2025-09-22 05:52:13,2025-10-07 05:52:13
1180,60,android,10.4,3.11.1,d378c0aa9e0f45ab5b7df4ac5a11db6b1cf76d7122213c5c93ab4fd34caf752e,True,2024-11-25 17:25:33,2024-11-27 17:25:33
1181,333,android,15.2,5.5.0,66e5b7abc028cbe52fce604dd5aaa8d915d821ef34da67248d3fbed3dee75e5c,True,2025-10-06 13:38:42,2026-04-23 13:38:42
1182,20,android,17.2,7.14.2,e98fb870a8aedfeb5316e775bbac2e9ededa34cf12a0fe7be19bad053f193ba0,True,2024-09-03 12:51:44,2025-02-03 12:51:44
1183,897,android,13.1,4.16.1,dd0288723467d534bf6469a50efdaf4c0ef832bcfcbde0314ad7dce2ec46b09b,True,2025-06-18 17:05:34,2025-10-19 17:05:34
1184,834,android,11.2,3.20.7,8cdbb769aaf1522f9eda4d3bb007d58aac59ec7a9897afd25b3828bc561edb40,True,2025-11-19 10:35:45,2026-05-12 10:35:45
1185,1000,android,15.2,7.7.7,ebaed91aeebabb4f8f16d58d01bfd0cadb9bafaaecbe26e033ff1bb94bd650de,True,2025-08-28 09:36:27,2025-09-29 09:36:27
1186,951,android,12.5,5.19.1,fb6fcc01f859385ce7605a2ec46787ed04b69c45e61e809fce1e2c41f74dcf3f,True,2024-11-11 20:26:53,2025-03-27 20:26:53
1187,985,android,11.5,3.19.0,1532af8eafff3e8d4bfd050305dcb14fe636e28930e61ad6a883d3b6aafeafac,True,2024-12-05 13:49:33,2024-12-16 13:49:33
1188,149,android,17.2,6.17.6,44d5b6bd79e07c45bbe3bed6ea4c3bfbbdfebbc07d3cadafb00fddcb71ede0ca,True,2025-10-22 19:12:58,2025-12-12 19:12:58
1189,788,android,14.0,5.8.5,95cd8e18ba8debeef2fdec91d5f4cd1d0f3235e9f628b494b47eaabb99b0da7b,True,2025-09-23 03:13:10,2025-09-25 03:13:10
1190,737,android,10.2,6.10.1,56c0bbcb495505ded46d85c67f44e9a2a73daefe4f3b22725f4eb1b2fec6ecda,True,2025-11-11 12:08:03,2025-11-19 12:08:03
1191,578,android,11.1,5.18.8,e0dd2916ba0fbd4d99fdfdf2775a336ebd2be5f0f42d900c980edfab22ac4a94,False,2024-12-21 00:45:36,2025-04-29 00:45:36
1192,872,ios,13.3,7.10.3,edef91d30bef42dc064ad0907da1a10c3cbc457cf7ddc0f4df4fc285fdedbeca,True,2025-04-07 11:45:25,2025-05-26 11:45:25
1193,960,android,10.2,3.6.0,1a6eb1dee36dfea567ad7afb5da7f837b9fc0baeca8ac0d810a028ce9e1c4878,True,2025-04-19 17:44:27,2025-05-30 17:44:27
1194,667,ios,17.0,6.1.9,eaf3edfcbfdcc4259eb8fc2ffd0e7cdd8a7ea4facf04a50583f4b58bdf53f021,True,2024-10-21 10:05:11,2024-12-30 10:05:11
1195,591,android,14.1,5.7.2,ba8e2346fc5162993aac8acbeefe61f234afe655fda8b484f167befcf2c8e179,True,2025-04-22 15:41:14,2025-07-03 15:41:14
1196,410,android,10.3,3.10.1,01ffe0b6a6075f7fbbf98bbdeff55e81ddf03def5f2d1d9f9ae4c3f942b3ef57,True,2024-05-28 10:26:35,2024-06-26 10:26:35
1197,344,android,12.1,7.4.8,edbeb0dedc01c5a8661c4d813ecbea8dc30ad3218f755e7d82a6868513fc63e3,True,2025-04-12 23:47:06,2025-05-06 23:47:06
1198,6,ios,16.2,6.17.7,dffddde55807df42cf3d4f337c0dcfca6919abacfb734e82d1bf51f43bdafe44,True,2024-05-21 10:27:43,2024-05-27 10:27:43
1199,882,web,10.1,4.16.0,ce87bf2decedb12a09c7c721189596bceaefaea711d05f83cde690fc6b0aa73e,True,2024-12-17 05:00:00,2025-01-05 05:00:00
1200,439,android,16.3,7.14.6,8c8200ee7c965a6fec0582bd3ac93f6eef0c0255bc5f3bcac74cf401adf981cb,False,2025-02-09 20:53:49,2025-02-15 20:53:49
