auth_id,card_id,merchant_id,auth_datetime,amount,currency,auth_code,auth_result,decline_reason,is_online
1,668,99,2025-08-07 01:56:47,49611.22,KZT,389090,approved,,True
2,268,27,2025-07-12 09:35:33,4618.95,KZT,212937,approved,,True
3,119,58,2025-08-15 23:09:53,43966.25,KZT,087752,approved,,True
4,520,88,2025-08-27 01:19:55,14967.33,KZT,003940,approved,,True
5,28,38,2025-07-14 07:20:32,66022.41,KZT,410626,approved,,True
6,817,95,2025-08-17 15:02:42,68054.96,KZT,466882,approved,,True
7,968,35,2025-09-01 12:14:21,7993.37,KZT,223878,approved,,True
8,249,14,2025-09-15 13:13:13,24575.17,KZT,360412,approved,,True
9,725,89,2025-09-16 23:46:49,14046.62,KZT,171396,approved,,True
10,172,31,2025-07-03 23:11:27,64417.17,KZT,936122,approved,,True
11,563,89,2025-07-29 04:47:28,5093.5,KZT,869726,approved,,True
12,827,67,2025-10-06 10:30:57,18843.36,KZT,374293,approved,,True
13,1130,91,2025-08-04 12:51:48,22846.03,KZT,316479,approved,,True
14,1087,86,2025-12-30 09:58:00,36880.24,KZT,986147,declined,limit_exceeded,True
15,237,19,2025-11-04 03:28:03,54299.33,KZT,450223,approved,,True
16,218,56,2025-11-28 14:36:00,76323.75,KZT,907324,approved,,True
17,773,11,2025-08-04 19:32:00,36736.43,KZT,953767,approved,,True
18,606,87,2025-09-02 06:23:00,76222.67,KZT,207830,approved,,True
19,512,53,2025-09-04 10:44:35,68139.24,KZT,879026,approved,,True
20,949,22,2025-11-28 21:56:10,55862.63,KZT,548122,approved,,True
21,65,66,2025-09-01 10:01:29,10769.97,KZT,699249,approved,,True
22,590,92,2025-10-13 00:43:12,73488.71,KZT,614702,approved,,True
23,854,95,2025-08-25 08:54:25,7323.39,KZT,894625,approved,,True
24,412,3,2025-08-17 12:46:06,3790.92,KZT,743966,approved,,True
25,979,65,2025-09-22 16:26:40,59877.04,KZT,858604,approved,,True
26,614,23,2025-07-12 14:50:47,40500.06,KZT,759652,approved,,True
27,683,33,2025-11-13 09:00:05,12021.37,KZT,600990,approved,,True
28,531,82,2025-09-05 03:54:36,66509.57,KZT,047488,approved,,True
29,218,33,2025-11-20 00:04:32,13577.68,KZT,669652,approved,,True
30,268,26,2025-09-23 14:13:03,75227.83,KZT,095860,approved,,True
31,526,32,2025-12-29 05:29:42,20633.98,KZT,662478,approved,,True
32,584,87,2025-07-28 13:28:43,32804.84,KZT,514949,approved,,True
33,1044,39,2025-09-18 13:10:50,39260.85,KZT,117953,approved,,True
34,1048,61,2025-11-17 18:06:29,43052.06,KZT,472925,approved,,True
35,926,80,2025-08-02 10:04:01,68826.22,KZT,589696,approved,,True
36,101,83,2025-09-03 15:32:05,56902.04,KZT,805301,approved,,True
37,146,94,2025-10-08 17:13:02,7953.37,KZT,885086,approved,,True
38,830,10,2025-12-16 10:16:41,76100.06,KZT,423274,approved,,True
39,1048,100,2025-12-29 09:02:58,662.0,KZT,353602,approved,,True
40,596,47,2025-09-14 04:33:15,12207.81,KZT,005058,approved,,True
41,231,30,2025-08-31 03:46:17,26034.89,KZT,429085,approved,,True
42,721,4,2025-09-15 13:22:38,18304.95,KZT,502993,declined,card_blocked,True
43,234,45,2025-11-10 03:30:28,10620.17,KZT,404893,approved,,True
44,376,58,2025-10-16 09:48:23,41413.43,KZT,239911,approved,,True
45,246,62,2025-12-19 10:19:19,17735.07,KZT,655403,approved,,True
46,921,17,2025-11-06 23:39:38,37329.97,KZT,784176,approved,,True
47,264,97,2025-12-03 08:45:54,75445.49,KZT,450938,approved,,True
48,752,68,2025-08-09 00:48:28,28021.48,KZT,124216,declined,limit_exceeded,True
49,620,69,2025-08-01 02:38:41,32111.61,KZT,557018,approved,,True
50,1121,73,2025-08-26 12:36:56,51427.72,KZT,347868,approved,,True
51,201,11,2025-10-03 05:49:20,26823.2,KZT,440710,approved,,True
52,265,68,2025-07-13 18:19:40,35293.57,KZT,395480,approved,,True
53,857,72,2025-09-15 15:13:21,44844.91,KZT,114183,approved,,True
54,837,36,2025-12-06 20:55:24,78820.36,KZT,516730,approved,,True
55,1038,19,2025-07-03 02:25:06,43739.94,KZT,200466,approved,,True
56,1175,18,2025-11-22 14:50:11,33395.82,KZT,288856,approved,,True
57,226,63,2025-07-03 11:50:07,51867.77,KZT,093095,approved,,True
58,635,85,2025-08-20 07:35:16,31174.98,KZT,159491,approved,,True
59,679,39,2025-11-25 04:27:45,54180.62,KZT,797365,approved,,True
60,852,65,2025-09-13 12:05:10,36490.55,KZT,524125,approved,,True
61,989,68,2025-08-15 01:26:12,77783.9,KZT,591973,approved,,True
62,801,45,2025-11-08 09:35:12,22934.78,KZT,533906,approved,,True
63,305,1,2025-07-14 18:59:24,28889.55,KZT,561324,approved,,True
64,250,21,2025-10-29 22:43:48,50387.75,KZT,355679,approved,,True
65,25,9,2025-09-05 00:34:06,52761.74,KZT,537009,approved,,True
66,1002,10,2025-07-23 00:00:04,43760.64,KZT,077342,approved,,True
67,1014,4,2025-08-16 06:40:19,68935.48,KZT,634859,approved,,True
68,8,67,2025-11-14 03:14:21,47923.77,KZT,973813,approved,,True
69,514,92,2025-12-08 15:41:41,30699.44,KZT,333090,approved,,True
70,11,67,2025-07-03 09:34:05,16513.69,KZT,019271,approved,,True
71,1162,86,2025-09-24 19:05:25,3738.68,KZT,402453,approved,,True
72,135,19,2025-11-21 00:27:33,12179.2,KZT,714779,approved,,True
73,631,97,2025-10-17 11:43:25,76235.25,KZT,646423,approved,,True
74,963,87,2025-08-24 03:10:04,26384.19,KZT,856353,declined,limit_exceeded,True
75,890,53,2025-10-28 22:07:21,42398.22,KZT,785727,approved,,True
76,1200,9,2025-11-10 07:35:08,62785.24,KZT,635040,approved,,True
77,867,40,2025-09-06 03:50:07,32513.73,KZT,793513,approved,,True
78,871,89,2025-12-26 04:54:19,46510.85,KZT,968921,approved,,True
79,39,45,2025-07-21 01:29:43,15583.63,KZT,736176,approved,,True
80,313,15,2025-08-14 18:15:09,47959.97,KZT,815653,approved,,True
81,518,12,2025-12-19 18:16:57,67731.28,KZT,865944,approved,,True
82,835,51,2025-11-15 23:37:20,57991.14,KZT,048396,approved,,True
83,1065,59,2025-09-13 07:37:26,52946.09,KZT,930300,approved,,True
84,742,14,2025-08-05 05:33:00,49475.39,KZT,309327,approved,,True
85,905,66,2025-10-08 21:51:01,53868.19,KZT,880856,approved,,True
86,885,26,2025-10-13 15:09:19,60112.08,KZT,061366,approved,,True
87,246,4,2025-10-19 14:43:36,20778.85,KZT,002338,approved,,True
88,301,31,2025-12-26 21:49:33,22914.29,KZT,409616,approved,,True
89,8,23,2025-09-08 14:24:26,52648.6,KZT,397899,approved,,True
90,458,50,2025-07-16 03:12:09,74882.22,KZT,283334,approved,,True
91,845,34,2025-07-19 23:45:24,40933.79,KZT,509301,approved,,True
92,663,3,2025-10-04 11:35:59,66153.95,KZT,096811,approved,,True
93,100,55,2025-07-24 13:20:50,76989.62,KZT,082495,approved,,True
94,1046,38,2025-10-09 16:54:46,62672.01,KZT,941428,approved,,True
95,636,83,2025-11-10 03:59:05,77513.67,KZT,672514,approved,,True
96,492,23,2025-07-21 14:10:26,32495.58,KZT,418852,approved,,True
97,729,3,2025-10-10 01:07:52,59991.6,KZT,434140,approved,,True
98,309,43,2025-10-25 12:33:41,48694.06,KZT,356159,approved,,True
99,185,2,2025-09-30 03:40:53,51579.17,KZT,983917,approved,,True
100,203,72,2025-09-10 22:43:01,9836.85,KZT,566049,approved,,True
101,1086,45,2025-12-03 21:13:42,54900.2,KZT,306995,approved,,True
102,1145,100,2025-07-11 06:15:28,28281.73,KZT,488113,approved,,True
103,252,82,2025-09-21 05:07:50,27467.49,KZT,045886,approved,,True
104,204,20,2025-08-06 03:29:35,73217.82,KZT,499367,approved,,True
105,324,33,2025-11-16 03:22:05,11605.72,KZT,063656,approved,,True
106,882,2,2025-11-07 23:21:53,18443.45,KZT,383099,approved,,True
107,594,10,2025-07-16 10:23:10,67342.48,KZT,740559,declined,insufficient_funds,True
108,15,67,2025-08-25 22:19:02,7833.98,KZT,977309,approved,,True
109,1180,87,2025-11-22 07:59:23,33656.02,KZT,924838,approved,,True
110,415,56,2025-10-11 19:53:46,38135.56,KZT,068052,approved,,True
111,46,24,2025-08-11 13:44:27,15163.25,KZT,182425,approved,,True
112,243,31,2025-10-23 15:01:34,79123.41,KZT,442685,approved,,True
113,204,38,2025-12-15 20:12:21,9288.93,KZT,083232,approved,,True
114,881,40,2025-12-05 04:27:56,75046.48,KZT,531473,approved,,True
115,477,41,2025-10-11 09:22:30,61674.83,KZT,417825,approved,,True
116,773,37,2025-11-19 07:56:22,26424.29,KZT,233995,approved,,True
117,1168,80,2025-08-08 07:52:38,13537.39,KZT,522710,approved,,True
118,1090,1,2025-10-14 11:15:33,755.17,KZT,750445,approved,,True
119,228,60,2025-10-14 17:21:37,14072.17,KZT,273972,approved,,True
120,730,80,2025-12-11 14:21:54,31319.96,KZT,812739,approved,,True
121,1030,37,2025-07-21 04:52:04,44217.94,KZT,498308,approved,,True
122,1198,89,2025-12-06 02:16:02,19672.0,KZT,170894,declined,card_blocked,True
123,87,19,2025-11-08 16:40:36,64024.32,KZT,272187,approved,,True
124,632,9,2025-07-06 04:37:40,54562.56,KZT,820844,declined,insufficient_funds,True
125,1028,39,2025-10-17 10:44:29,50127.08,KZT,919443,approved,,True
126,729,17,2025-11-09 01:51:04,53073.91,KZT,118953,approved,,True
127,849,86,2025-12-02 07:37:51,79005.19,KZT,693428,approved,,True
128,865,23,2025-07-05 11:19:34,33583.93,KZT,775806,approved,,True
129,408,11,2025-08-01 05:09:47,68933.31,KZT,422040,approved,,True
130,566,91,2025-09-09 23:20:56,61403.29,KZT,698854,declined,limit_exceeded,True
131,549,32,2025-12-20 11:22:47,48682.01,KZT,286349,approved,,True
132,719,16,2025-07-07 05:23:20,21612.18,KZT,170463,approved,,True
133,640,12,2025-07-03 03:21:52,74032.65,KZT,770604,approved,,True
134,1181,13,2025-12-02 06:34:33,65466.47,KZT,846382,approved,,True
135,612,9,2025-10-12 23:08:34,2283.62,KZT,156037,approved,,True
136,1091,70,2025-09-27 12:39:55,47715.04,KZT,275599,approved,,True
137,1115,70,2025-10-19 21:28:00,10239.87,KZT,342953,approved,,True
138,676,3,2025-09-02 11:45:47,16354.03,KZT,424470,approved,,True
139,437,99,2025-11-19 00:11:41,66333.73,KZT,011916,approved,,True
140,163,81,2025-10-22 08:21:42,16582.67,KZT,578946,approved,,True
141,39,2,2025-09-27 11:39:20,36550.24,KZT,948008,approved,,True
142,126,26,2025-12-14 21:16:37,57685.22,KZT,198411,approved,,True
143,678,43,2025-11-17 19:31:52,61278.58,KZT,917606,approved,,True
144,478,21,2025-10-27 11:14:44,12233.16,KZT,307020,approved,,True
145,74,82,2025-12-28 18:55:34,31026.51,KZT,803883,approved,,True
146,994,36,2025-10-15 14:05:14,35379.96,KZT,356827,approved,,True
147,389,65,2025-12-02 10:16:33,64613.85,KZT,309455,approved,,True
148,1147,14,2025-10-21 02:48:44,11072.96,KZT,113247,approved,,True
149,756,24,2025-12-11 17:07:30,36364.98,KZT,071471,declined,card_blocked,True
150,785,21,2025-11-21 03:42:53,3638.2,KZT,564081,approved,,True
151,2,57,2025-07-31 06:21:19,76994.91,KZT,460446,approved,,True
152,580,76,2025-07-11 22:49:04,16505.35,KZT,476975,approved,,True
153,575,29,2025-10-20 09:44:15,61260.5,KZT,569906,declined,limit_exceeded,True
154,920,63,2025-07-04 19:48:57,13929.46,KZT,631631,declined,limit_exceeded,True
155,417,22,2025-09-11 01:14:05,38935.44,KZT,722678,approved,,True
156,132,94,2025-12-16 08:15:29,14718.11,KZT,367952,approved,,True
157,1162,82,2025-08-28 08:16:03,4022.15,KZT,170327,approved,,True
158,251,85,2025-08-27 08:18:43,78444.59,KZT,511065,approved,,True
159,113,40,2025-12-09 05:38:02,5180.68,KZT,958863,approved,,True
160,841,52,2025-11-02 03:40:29,32509.65,KZT,559522,approved,,True
161,167,2,2025-11-11 22:05:50,32199.91,KZT,716080,approved,,True
162,1098,80,2025-10-22 05:52:29,63562.34,KZT,590823,approved,,True
163,864,99,2025-11-20 18:30:32,4185.55,KZT,992017,approved,,True
164,952,16,2025-07-07 19:17:46,74804.76,KZT,379893,approved,,True
165,421,33,2025-10-29 21:26:13,48155.78,KZT,424667,approved,,True
166,328,99,2025-07-11 21:38:27,40375.66,KZT,877371,approved,,True
167,530,10,2025-11-07 03:02:05,66667.94,KZT,520951,approved,,True
168,1012,1,2025-07-31 00:44:47,53959.39,KZT,407943,approved,,True
169,1108,52,2025-09-28 20:25:37,10675.9,KZT,143482,approved,,True
170,535,10,2025-07-19 21:33:39,76714.84,KZT,669789,approved,,True
171,541,90,2025-12-11 20:58:51,13318.73,KZT,434944,approved,,True
172,937,87,2025-11-10 11:18:36,3495.65,KZT,136688,approved,,True
173,1121,73,2025-09-30 16:12:15,40551.5,KZT,180353,approved,,True
174,500,94,2025-11-14 08:58:05,71108.73,KZT,807145,approved,,True
175,348,48,2025-11-08 05:46:10,72136.8,KZT,488387,approved,,True
176,28,91,2025-11-02 05:37:16,70915.21,KZT,753307,approved,,True
177,601,24,2025-11-12 05:34:52,15379.91,KZT,115679,approved,,True
178,1091,70,2025-12-12 23:42:21,47871.52,KZT,771315,approved,,True
179,593,73,2025-07-18 23:40:41,49735.29,KZT,698612,approved,,True
180,766,61,2025-09-08 14:48:05,33261.1,KZT,366645,approved,,True
181,995,28,2025-09-24 01:17:01,3478.76,KZT,425036,approved,,True
182,228,58,2025-08-08 04:38:32,7381.28,KZT,581578,approved,,True
183,857,71,2025-10-29 22:20:35,68590.82,KZT,396510,approved,,True
184,650,31,2025-10-14 03:59:52,4174.54,KZT,522918,declined,limit_exceeded,True
185,957,27,2025-11-07 15:23:35,19009.61,KZT,113012,approved,,True
186,246,17,2025-07-21 21:15:37,25850.23,KZT,718189,approved,,True
187,544,63,2025-08-13 06:41:44,71901.53,KZT,048786,approved,,True
188,1163,94,2025-07-05 08:58:00,32826.35,KZT,641372,approved,,True
189,804,13,2025-09-09 07:30:35,72848.06,KZT,187056,declined,limit_exceeded,True
190,627,72,2025-08-22 02:42:46,45819.16,KZT,730114,approved,,True
191,432,79,2025-08-29 06:06:30,41244.15,KZT,158439,declined,limit_exceeded,True
192,105,29,2025-09-09 18:32:16,64456.65,KZT,982202,approved,,True
193,411,9,2025-07-05 08:49:23,71809.69,KZT,715940,approved,,True
194,146,21,2025-08-04 21:02:19,6756.3,KZT,388292,declined,limit_exceeded,True
195,1025,64,2025-10-17 10:31:41,62780.61,KZT,303873,approved,,True
196,818,65,2025-10-13 22:07:50,66818.5,KZT,887914,approved,,True
197,304,18,2025-12-21 22:41:30,76087.43,KZT,977453,approved,,True
198,144,77,2025-11-03 13:58:49,71224.4,KZT,898889,approved,,True
199,116,95,2025-11-17 03:05:45,46949.43,KZT,144944,approved,,True
200,743,13,2025-10-15 08:43:48,42973.81,KZT,239262,approved,,True
201,864,83,2025-12-06 17:15:32,48432.46,KZT,347251,approved,,True
202,192,9,2025-08-15 06:44:31,44621.66,KZT,483812,approved,,True
203,189,17,2025-07-09 09:24:46,71934.28,KZT,898928,approved,,True
204,507,93,2025-12-12 22:28:59,16033.96,KZT,980258,approved,,True
205,371,49,2025-12-23 03:24:03,47525.14,KZT,894082,approved,,True
206,167,37,2025-10-06 01:17:58,27338.48,KZT,870522,approved,,True
207,648,7,2025-10-01 15:04:55,37594.54,KZT,265146,approved,,True
208,212,81,2025-11-01 01:34:52,26729.2,KZT,698615,approved,,True
209,622,30,2025-10-12 14:26:01,72142.41,KZT,622372,approved,,True
210,808,80,2025-11-01 08:09:03,13316.63,KZT,939524,approved,,True
211,373,97,2025-08-07 01:19:34,74953.13,KZT,533620,approved,,True
212,702,9,2025-10-08 15:49:40,51051.22,KZT,135368,approved,,True
213,716,11,2025-10-14 16:13:55,69860.39,KZT,221120,approved,,True
214,37,57,2025-08-20 23:20:57,42601.95,KZT,189343,approved,,True
215,140,98,2025-08-13 23:15:20,39337.87,KZT,797958,approved,,True
216,123,97,2025-08-23 09:23:03,8520.23,KZT,405859,approved,,True
217,806,31,2025-12-24 16:37:04,71032.96,KZT,375709,approved,,True
218,314,86,2025-07-13 07:13:33,10984.74,KZT,988108,approved,,True
219,970,24,2025-11-06 15:19:20,49162.66,KZT,073201,approved,,True
220,1186,39,2025-08-18 21:57:05,39114.62,KZT,176567,approved,,True
221,98,66,2025-11-05 16:44:36,74141.28,KZT,441595,approved,,True
222,276,96,2025-12-21 20:04:19,4524.9,KZT,434345,declined,limit_exceeded,True
223,999,22,2025-09-24 02:27:04,1720.01,KZT,936404,approved,,True
224,278,78,2025-08-06 15:23:07,780.44,KZT,376656,approved,,True
225,12,88,2025-07-11 13:53:58,57821.52,KZT,603003,approved,,True
226,660,67,2025-12-01 23:22:17,47864.78,KZT,658789,approved,,True
227,617,92,2025-11-11 19:55:00,20565.87,KZT,525929,approved,,True
228,1032,100,2025-12-15 23:48:33,37193.89,KZT,958257,approved,,True
229,797,78,2025-08-24 22:23:32,79835.74,KZT,155835,approved,,True
230,806,94,2025-11-18 05:28:59,76261.53,KZT,124534,approved,,True
231,634,37,2025-11-01 11:48:08,6240.39,KZT,738653,approved,,True
232,782,69,2025-09-20 00:25:47,43618.67,KZT,731322,approved,,True
233,1180,18,2025-12-03 00:56:42,64677.88,KZT,366239,approved,,True
234,526,42,2025-11-29 07:39:24,11022.44,KZT,479942,approved,,True
235,970,62,2025-09-24 22:04:19,32476.1,KZT,354007,approved,,True
236,374,11,2025-11-08 06:42:39,67810.21,KZT,078156,approved,,True
237,791,44,2025-11-29 22:33:18,1160.4,KZT,240221,approved,,True
238,1069,93,2025-09-02 08:03:53,3580.69,KZT,930974,approved,,True
239,99,24,2025-11-09 16:28:56,8939.48,KZT,494204,approved,,True
240,28,8,2025-07-31 23:10:08,26554.56,KZT,770735,approved,,True
241,1176,91,2025-10-21 21:42:23,429.76,KZT,143281,approved,,True
242,402,44,2025-07-13 05:09:31,28713.13,KZT,949418,approved,,True
243,1127,25,2025-08-04 13:20:12,18978.05,KZT,583485,approved,,True
244,422,14,2025-07-07 02:29:51,74511.28,KZT,529405,approved,,True
245,985,60,2025-11-28 18:42:12,14200.31,KZT,603132,approved,,True
246,478,23,2025-09-14 10:30:43,22032.44,KZT,318851,approved,,True
247,240,98,2025-11-17 14:52:06,67062.05,KZT,099073,approved,,True
248,940,73,2025-10-21 21:38:13,53606.27,KZT,644895,approved,,True
249,371,84,2025-08-19 17:17:32,47949.99,KZT,251407,approved,,True
250,229,85,2025-12-29 07:07:14,14045.24,KZT,911266,approved,,True
251,623,20,2025-07-03 12:54:34,44003.89,KZT,747172,approved,,True
252,818,2,2025-11-15 19:25:12,66338.9,KZT,419807,approved,,True
253,643,62,2025-08-24 14:55:58,74741.43,KZT,228341,approved,,True
254,779,75,2025-09-01 08:27:52,45552.07,KZT,767696,approved,,True
255,1083,26,2025-12-21 09:45:43,36275.85,KZT,483033,approved,,True
256,682,99,2025-12-21 10:16:10,23558.35,KZT,526286,approved,,True
257,1131,42,2025-12-20 13:59:38,48823.59,KZT,787159,approved,,True
258,336,98,2025-08-10 15:50:47,40557.71,KZT,175940,approved,,True
259,1040,83,2025-08-06 10:20:58,65041.58,KZT,665111,approved,,True
260,82,19,2025-09-28 12:46:04,16896.24,KZT,733042,approved,,True
261,748,79,2025-08-08 20:37:16,64892.55,KZT,900562,approved,,True
262,934,81,2025-11-18 22:09:59,51945.24,KZT,762414,approved,,True
263,412,59,2025-10-07 23:51:23,21589.04,KZT,852882,approved,,True
264,128,74,2025-12-21 06:50:34,14456.26,KZT,481625,approved,,True
265,333,23,2025-08-29 08:42:40,53423.0,KZT,965330,approved,,True
266,970,93,2025-12-04 16:00:57,50394.04,KZT,109162,declined,card_blocked,True
267,646,87,2025-11-22 20:58:12,44871.16,KZT,591749,approved,,True
268,233,81,2025-11-07 07:40:28,70099.04,KZT,541514,approved,,True
269,1153,91,2025-09-08 08:04:20,18500.5,KZT,805440,approved,,True
270,1051,53,2025-11-06 22:34:53,51101.5,KZT,951347,approved,,True
271,340,63,2025-09-23 20:30:27,4959.14,KZT,540443,approved,,True
272,194,92,2025-10-19 06:19:37,59678.63,KZT,982806,approved,,True
273,475,38,2025-10-20 14:20:11,57395.81,KZT,293058,approved,,True
274,566,2,2025-11-20 11:29:24,59966.7,KZT,556528,approved,,True
275,781,90,2025-09-07 10:43:31,74963.0,KZT,375591,declined,limit_exceeded,True
276,564,88,2025-11-29 17:14:48,20637.01,KZT,169376,approved,,True
277,745,14,2025-11-23 21:30:14,45974.75,KZT,523235,approved,,True
278,863,59,2025-11-12 14:43:05,74309.5,KZT,712634,approved,,True
279,386,27,2025-12-17 12:27:51,21179.67,KZT,820996,approved,,True
280,400,97,2025-07-31 04:38:21,5295.32,KZT,383221,approved,,True
281,356,80,2025-07-25 06:13:44,65220.96,KZT,218734,approved,,True
282,467,18,2025-11-06 21:03:36,60037.95,KZT,654157,approved,,True
283,645,100,2025-07-12 22:34:46,58040.85,KZT,573002,approved,,True
284,1146,88,2025-07-11 12:57:09,22849.44,KZT,936883,approved,,True
285,895,36,2025-09-10 03:08:16,52509.19,KZT,632247,approved,,True
286,844,28,2025-12-15 18:40:04,45863.26,KZT,212435,approved,,True
287,367,62,2025-08-08 08:55:11,52227.04,KZT,939394,approved,,True
288,1051,11,2025-11-21 10:15:58,36968.04,KZT,637646,approved,,True
289,910,91,2025-08-30 07:16:27,3567.07,KZT,391169,approved,,True
290,124,99,2025-11-16 14:15:56,14186.43,KZT,535831,approved,,True
291,76,90,2025-11-04 18:07:31,3503.33,KZT,664904,approved,,True
292,768,71,2025-12-01 18:46:32,656.58,KZT,638701,approved,,True
293,748,60,2025-07-03 16:34:40,32083.56,KZT,148030,approved,,True
294,356,92,2025-09-08 21:33:57,68844.24,KZT,361866,approved,,True
295,503,78,2025-09-19 22:44:56,24577.38,KZT,248361,approved,,True
296,635,71,2025-10-24 16:03:28,40147.48,KZT,191614,approved,,True
297,210,66,2025-08-09 20:51:36,46290.48,KZT,747900,approved,,True
298,955,51,2025-09-03 13:11:07,37193.89,KZT,844421,declined,limit_exceeded,True
299,430,79,2025-08-06 02:17:58,34192.81,KZT,318337,approved,,True
300,695,65,2025-12-11 21:08:55,835.7,KZT,215172,approved,,True
301,986,23,2025-10-05 03:38:07,56250.23,KZT,315127,approved,,True
302,1177,87,2025-07-08 21:09:10,39898.69,KZT,821707,approved,,True
303,367,35,2025-07-16 10:18:32,74710.19,KZT,302376,approved,,True
304,311,17,2025-11-06 01:27:52,61055.61,KZT,323740,approved,,True
305,747,22,2025-11-05 23:35:23,4917.99,KZT,216606,approved,,True
306,40,34,2025-08-16 23:35:52,35318.68,KZT,653368,approved,,True
307,819,40,2025-09-28 18:22:10,22967.74,KZT,989705,approved,,True
308,98,28,2025-09-21 19:02:38,68885.15,KZT,801422,approved,,True
309,826,31,2025-12-24 04:24:33,6164.99,KZT,458279,approved,,True
310,984,29,2025-08-23 02:18:09,59166.73,KZT,988425,approved,,True
311,1188,96,2025-12-07 21:20:41,71169.33,KZT,642824,approved,,True
312,665,58,2025-09-30 02:24:57,64595.97,KZT,165286,approved,,True
313,1190,13,2025-09-16 07:33:04,24490.2,KZT,514715,approved,,True
314,503,88,2025-11-13 02:18:27,44352.26,KZT,142660,approved,,True
315,469,77,2025-11-05 19:53:58,79184.58,KZT,130325,approved,,True
316,238,92,2025-12-19 17:59:55,3005.47,KZT,282630,approved,,True
317,486,15,2025-08-03 01:52:54,71507.88,KZT,127421,approved,,True
318,913,60,2025-08-08 06:08:53,58012.51,KZT,712213,approved,,True
319,677,42,2025-08-04 17:03:30,61937.17,KZT,378329,approved,,True
320,1051,10,2025-10-23 05:45:04,49649.81,KZT,258625,approved,,True
321,304,98,2025-09-07 11:13:35,62433.12,KZT,004714,approved,,True
322,276,12,2025-11-08 12:56:34,41540.52,KZT,510699,approved,,True
323,1068,89,2025-12-29 08:05:27,27083.35,KZT,560074,approved,,True
324,969,79,2025-09-18 03:34:12,47679.67,KZT,570775,approved,,True
325,1159,67,2025-08-10 19:00:55,20184.1,KZT,636843,declined,limit_exceeded,True
326,543,22,2025-10-14 23:26:37,14252.62,KZT,988556,approved,,True
327,989,57,2025-08-03 20:11:44,50906.77,KZT,380064,approved,,True
328,41,38,2025-11-26 06:43:26,41393.86,KZT,367275,approved,,True
329,314,38,2025-10-29 01:08:52,8891.55,KZT,071139,approved,,True
330,1135,12,2025-08-10 04:41:26,25439.33,KZT,925610,approved,,True
331,582,30,2025-10-03 08:39:40,38501.51,KZT,456850,approved,,True
332,961,15,2025-10-16 06:07:09,6993.51,KZT,018801,approved,,True
333,815,66,2025-08-20 19:48:55,57348.25,KZT,496201,approved,,True
334,250,86,2025-07-24 02:00:23,78304.5,KZT,564050,approved,,True
335,428,81,2025-09-20 23:23:29,70438.81,KZT,054853,approved,,True
336,1054,99,2025-11-12 20:10:50,12073.04,KZT,069820,approved,,True
337,1121,41,2025-09-15 08:44:51,70101.5,KZT,567347,approved,,True
338,585,62,2025-11-25 06:00:17,61696.73,KZT,572406,approved,,True
339,499,70,2025-09-26 18:56:18,29852.13,KZT,703770,approved,,True
340,899,9,2025-12-27 01:55:00,41124.87,KZT,711354,approved,,True
341,941,98,2025-08-12 23:25:18,31229.81,KZT,250336,approved,,True
342,38,21,2025-12-29 14:13:42,75765.02,KZT,807476,approved,,True
343,3,66,2025-12-02 21:17:57,73916.82,KZT,036348,approved,,True
344,1086,12,2025-07-06 06:44:20,4589.36,KZT,069071,approved,,True
345,698,51,2025-09-12 11:17:30,58730.67,KZT,807278,approved,,True
346,863,18,2025-09-23 03:34:48,25751.44,KZT,762347,approved,,True
347,524,90,2025-08-25 01:09:42,10615.65,KZT,430209,approved,,True
348,303,31,2025-08-02 20:15:03,77192.57,KZT,097773,approved,,True
349,1168,50,2025-09-03 11:53:30,23898.23,KZT,398326,approved,,True
350,826,77,2025-10-18 17:28:14,40646.53,KZT,386824,approved,,True
351,1038,68,2025-12-30 10:58:17,72541.73,KZT,627543,approved,,True
352,779,77,2025-10-10 23:25:20,51893.28,KZT,176464,approved,,True
353,368,10,2025-09-21 18:50:11,53675.27,KZT,124784,approved,,True
354,625,68,2025-11-27 13:49:10,27147.03,KZT,732348,approved,,True
355,614,82,2025-08-20 10:28:21,20080.27,KZT,268617,approved,,True
356,1060,59,2025-07-29 21:33:52,36688.8,KZT,444106,approved,,True
357,1169,64,2025-10-18 22:11:35,34225.63,KZT,806416,approved,,True
358,740,41,2025-10-17 18:50:58,18293.22,KZT,147303,approved,,True
359,1132,11,2025-08-19 14:45:40,78094.98,KZT,841396,approved,,True
360,673,6,2025-12-02 01:51:55,71643.8,KZT,500151,approved,,True
361,262,10,2025-10-23 02:14:06,6455.99,KZT,838637,approved,,True
362,782,98,2025-12-02 10:11:09,62346.05,KZT,289556,approved,,True
363,304,42,2025-07-03 05:30:42,7611.34,KZT,607468,approved,,True
364,899,3,2025-10-13 19:56:44,47186.03,KZT,788470,approved,,True
365,690,4,2025-10-11 06:20:44,39973.24,KZT,995776,declined,insufficient_funds,True
366,195,100,2025-11-04 18:55:54,18395.25,KZT,087460,approved,,True
367,728,48,2025-10-03 09:53:25,25406.3,KZT,851980,approved,,True
368,51,52,2025-10-09 18:07:17,67214.09,KZT,459367,approved,,True
369,729,94,2025-11-17 02:52:22,75824.24,KZT,857495,approved,,True
370,822,69,2025-10-13 10:36:17,41648.32,KZT,454146,approved,,True
371,20,1,2025-10-16 13:01:54,35783.05,KZT,925549,approved,,True
372,94,43,2025-10-26 22:52:48,13740.57,KZT,769147,approved,,True
373,936,65,2025-12-11 03:28:46,2549.34,KZT,453548,approved,,True
374,841,49,2025-07-17 23:40:03,41749.96,KZT,693126,approved,,True
375,705,61,2025-08-24 16:29:21,7587.07,KZT,524745,approved,,True
376,454,1,2025-08-16 08:12:28,11669.63,KZT,838681,approved,,True
377,942,89,2025-07-24 17:54:52,735.11,KZT,353084,approved,,True
378,552,13,2025-07-03 18:50:26,45015.12,KZT,687441,approved,,True
379,1159,8,2025-08-25 04:38:39,10621.73,KZT,338046,approved,,True
380,1138,4,2025-09-24 13:33:24,16454.39,KZT,208895,approved,,True
381,1079,8,2025-12-12 20:09:58,68955.21,KZT,667240,approved,,True
382,1177,58,2025-07-28 21:05:10,58922.09,KZT,663647,approved,,True
383,408,29,2025-07-19 20:14:05,28586.71,KZT,628148,approved,,True
384,1024,24,2025-08-22 18:47:22,55801.7,KZT,784592,approved,,True
385,216,36,2025-10-02 08:57:00,36148.4,KZT,420160,approved,,True
386,422,12,2025-07-17 06:35:37,42640.26,KZT,823753,approved,,True
387,354,14,2025-08-12 21:52:21,7703.43,KZT,528315,approved,,True
388,335,84,2025-11-29 18:04:32,28965.73,KZT,106638,approved,,True
389,534,17,2025-10-01 09:39:34,6077.61,KZT,164683,approved,,True
390,973,37,2025-07-20 16:07:07,36121.11,KZT,373700,approved,,True
391,1068,64,2025-11-09 01:56:17,23962.42,KZT,650287,approved,,True
392,499,98,2025-10-07 00:40:40,9209.76,KZT,442530,approved,,True
393,1101,31,2025-10-04 22:18:13,71602.31,KZT,262194,approved,,True
394,694,64,2025-07-07 12:05:48,23437.07,KZT,834569,approved,,True
395,167,81,2025-12-25 00:21:43,8034.25,KZT,511660,approved,,True
396,1116,79,2025-08-30 03:18:12,46036.39,KZT,954368,approved,,True
397,552,9,2025-12-19 19:02:12,22002.21,KZT,628244,approved,,True
398,692,32,2025-08-22 10:21:19,29321.86,KZT,143640,approved,,True
399,289,49,2025-07-08 07:04:45,66276.85,KZT,836087,approved,,True
400,78,69,2025-07-08 09:11:21,15179.07,KZT,273807,approved,,True
401,558,89,2025-12-08 20:57:21,4595.27,KZT,498798,declined,limit_exceeded,True
402,688,48,2025-09-13 15:49:44,39207.39,KZT,316205,approved,,True
403,536,89,2025-12-17 23:12:35,27288.21,KZT,964314,approved,,True
404,26,89,2025-09-16 13:48:56,36753.94,KZT,743261,approved,,True
405,1077,66,2025-08-14 12:22:48,3974.36,KZT,802655,approved,,True
406,217,45,2025-09-01 03:39:19,4782.75,KZT,271265,declined,limit_exceeded,True
407,841,54,2025-08-27 14:05:33,62909.31,KZT,392575,approved,,True
408,769,62,2025-07-16 13:00:56,64060.99,KZT,737735,approved,,True
409,452,5,2025-10-15 15:18:46,78219.87,KZT,598246,approved,,True
410,670,53,2025-11-05 10:36:47,42249.66,KZT,245945,approved,,True
411,344,37,2025-10-14 14:17:19,73385.76,KZT,666958,declined,card_blocked,True
412,199,1,2025-09-29 11:30:14,53825.58,KZT,806623,approved,,True
413,928,90,2025-09-23 14:36:36,7561.78,KZT,758747,approved,,True
414,155,19,2025-08-13 17:46:39,53912.07,KZT,123058,approved,,True
415,626,23,2025-12-12 01:18:03,3479.05,KZT,855907,approved,,True
416,600,88,2025-09-04 13:59:32,14906.57,KZT,909743,approved,,True
417,440,53,2025-12-06 18:00:00,29591.22,KZT,789221,declined,card_blocked,True
418,110,81,2025-10-05 12:09:31,18159.34,KZT,510808,approved,,True
419,58,78,2025-10-05 19:08:25,27060.94,KZT,801934,approved,,True
420,986,19,2025-07-12 22:25:57,77006.46,KZT,953475,approved,,True
421,843,20,2025-07-08 22:01:00,58427.2,KZT,222130,declined,insufficient_funds,True
422,942,48,2025-10-12 22:39:07,27727.18,KZT,569513,approved,,True
423,374,18,2025-10-08 09:06:41,68456.11,KZT,770842,approved,,True
424,172,60,2025-08-27 21:17:45,34914.14,KZT,951242,approved,,True
425,910,85,2025-10-09 08:20:55,17388.27,KZT,227741,approved,,True
426,1086,95,2025-09-14 15:01:57,61709.65,KZT,489639,approved,,True
427,1085,11,2025-11-14 17:39:24,21120.25,KZT,965522,approved,,True
428,814,90,2025-09-09 11:26:02,50039.87,KZT,097976,approved,,True
429,1080,20,2025-07-06 13:31:01,43641.46,KZT,537454,approved,,True
430,965,75,2025-07-29 16:28:48,6660.28,KZT,544365,approved,,True
431,159,63,2025-09-21 20:42:09,50897.76,KZT,757395,approved,,True
432,531,37,2025-10-04 13:34:18,1290.74,KZT,759048,approved,,True
433,850,78,2025-08-24 08:43:25,15160.66,KZT,583968,approved,,True
434,724,42,2025-10-29 12:27:15,54485.21,KZT,108785,approved,,True
435,699,37,2025-07-03 15:11:46,22535.3,KZT,198137,approved,,True
436,1000,58,2025-11-02 21:33:49,33159.99,KZT,683601,approved,,True
437,1147,32,2025-12-12 14:05:43,77344.83,KZT,202825,approved,,True
438,1152,11,2025-09-25 05:40:23,3398.75,KZT,196986,approved,,True
439,1063,15,2025-10-11 22:00:58,27859.75,KZT,946161,approved,,True
440,331,76,2025-10-25 03:16:08,22516.44,KZT,655257,approved,,True
441,544,38,2025-10-10 04:26:43,25938.73,KZT,496066,approved,,True
442,749,82,2025-07-17 14:45:13,68639.35,KZT,556663,declined,limit_exceeded,True
443,415,11,2025-07-23 11:28:58,15552.45,KZT,334722,approved,,True
444,113,70,2025-07-07 06:50:23,34458.44,KZT,507029,approved,,True
445,859,79,2025-07-10 21:22:25,16991.96,KZT,933796,approved,,True
446,163,47,2025-10-02 08:00:24,66802.25,KZT,040266,approved,,True
447,645,90,2025-10-27 13:21:39,64332.35,KZT,558906,approved,,True
448,1169,85,2025-07-16 12:44:37,56776.18,KZT,383739,approved,,True
449,639,34,2025-12-09 15:16:55,6713.3,KZT,757013,approved,,True
450,604,87,2025-10-28 13:29:45,64104.64,KZT,324728,approved,,True
451,23,81,2025-12-22 10:16:19,9318.41,KZT,637009,approved,,True
452,270,27,2025-07-18 11:33:32,74488.58,KZT,084703,approved,,True
453,715,68,2025-11-21 01:39:47,79740.37,KZT,132907,approved,,True
454,1019,14,2025-11-01 07:24:45,33475.1,KZT,449582,approved,,True
455,371,68,2025-12-09 08:50:23,41371.73,KZT,993444,approved,,True
456,66,71,2025-07-22 06:43:46,72629.13,KZT,338456,approved,,True
457,757,51,2025-08-26 12:16:40,18002.25,KZT,904050,approved,,True
458,1183,20,2025-12-13 21:48:59,75015.62,KZT,816492,approved,,True
459,337,27,2025-09-16 04:16:44,72428.93,KZT,426170,approved,,True
460,959,52,2025-12-05 21:10:51,2457.67,KZT,484962,approved,,True
461,68,68,2025-12-08 22:27:27,61531.07,KZT,027276,approved,,True
462,372,32,2025-08-29 14:26:31,42684.13,KZT,256072,approved,,True
463,128,45,2025-09-02 14:22:39,65194.81,KZT,288982,approved,,True
464,797,58,2025-09-22 03:47:18,12205.2,KZT,067151,approved,,True
465,791,82,2025-07-27 00:52:28,74114.91,KZT,149805,approved,,True
466,20,23,2025-12-03 04:04:35,58808.32,KZT,523964,approved,,True
467,171,51,2025-12-04 04:08:00,47748.91,KZT,353794,approved,,True
468,293,47,2025-09-28 12:57:35,37639.25,KZT,251550,approved,,True
469,317,26,2025-07-27 17:37:34,2499.89,KZT,856286,approved,,True
470,1102,38,2025-07-04 05:38:55,49480.58,KZT,099918,approved,,True
471,127,55,2025-10-08 00:34:13,16843.83,KZT,869074,approved,,True
472,200,4,2025-08-13 00:56:54,15802.86,KZT,706358,approved,,True
473,420,92,2025-09-17 20:15:01,61515.78,KZT,618827,approved,,True
474,861,25,2025-08-05 05:37:59,14803.88,KZT,665362,approved,,True
475,679,64,2025-11-03 05:33:14,9484.02,KZT,550441,approved,,True
476,590,72,2025-12-29 16:33:57,29957.89,KZT,934662,declined,insufficient_funds,True
477,115,59,2025-12-22 19:36:29,7300.57,KZT,171956,approved,,True
478,1128,81,2025-07-23 13:10:46,25495.12,KZT,611639,approved,,True
479,687,100,2025-08-21 08:03:03,21532.13,KZT,541860,approved,,True
480,468,65,2025-12-05 18:45:36,527.47,KZT,701787,approved,,True
481,930,52,2025-12-01 15:13:25,10999.17,KZT,517150,approved,,True
482,1152,31,2025-07-04 08:12:17,33474.54,KZT,866114,approved,,True
483,928,81,2025-11-04 04:40:45,13463.6,KZT,277912,approved,,True
484,883,19,2025-12-23 20:11:18,42508.73,KZT,657266,approved,,True
485,36,97,2025-11-10 21:57:48,21856.62,KZT,494710,approved,,True
486,956,8,2025-11-13 07:56:06,17286.69,KZT,571215,approved,,True
487,1095,8,2025-09-12 22:59:28,40521.76,KZT,370237,approved,,True
488,866,54,2025-09-10 02:49:59,24309.46,KZT,725936,approved,,True
489,246,4,2025-10-23 01:50:47,66530.39,KZT,804841,declined,limit_exceeded,True
490,50,15,2025-09-20 14:13:34,76693.9,KZT,053932,approved,,True
491,41,61,2025-11-02 00:03:21,74072.58,KZT,433905,approved,,True
492,772,86,2025-10-25 09:49:52,63103.8,KZT,607325,approved,,True
493,1135,21,2025-09-28 00:40:13,64281.21,KZT,165059,approved,,True
494,23,73,2025-11-15 08:13:43,11955.47,KZT,394926,approved,,True
495,1080,54,2025-09-15 11:23:22,59957.6,KZT,215353,approved,,True
496,986,57,2025-08-01 12:34:22,60067.5,KZT,101035,approved,,True
497,582,79,2025-09-20 22:11:45,79990.26,KZT,355973,approved,,True
498,298,29,2025-11-21 16:23:33,35105.27,KZT,520411,approved,,True
499,431,69,2025-08-09 20:52:00,56897.12,KZT,497460,approved,,True
500,1021,13,2025-09-30 10:18:30,578.76,KZT,441603,approved,,True
501,1169,56,2025-09-04 14:17:02,74971.29,KZT,398770,approved,,True
502,25,9,2025-12-01 11:53:40,66021.73,KZT,510779,approved,,True
503,682,93,2025-10-16 01:37:54,52655.1,KZT,620770,approved,,True
504,880,9,2025-11-29 00:04:54,41565.98,KZT,054240,approved,,True
505,217,79,2025-11-11 23:16:52,48031.34,KZT,279377,approved,,True
506,383,4,2025-09-20 01:25:38,16123.13,KZT,107248,approved,,True
507,987,66,2025-10-21 12:15:29,16996.24,KZT,691671,approved,,True
508,716,78,2025-09-24 03:25:59,67850.52,KZT,334709,approved,,True
509,342,18,2025-09-14 14:56:12,28708.91,KZT,017441,approved,,True
510,817,45,2025-12-24 22:38:20,28448.08,KZT,434816,approved,,True
511,1147,75,2025-09-09 16:55:31,3538.33,KZT,465294,approved,,True
512,1189,9,2025-11-04 23:42:01,37500.0,KZT,667171,approved,,True
513,221,10,2025-12-15 18:43:35,30567.09,KZT,566807,approved,,True
514,788,99,2025-08-30 20:39:55,17734.79,KZT,440362,approved,,True
515,539,97,2025-07-29 07:28:54,18385.33,KZT,834904,approved,,True
516,864,26,2025-11-10 05:25:32,16592.68,KZT,485450,approved,,True
517,855,73,2025-12-11 17:06:27,21066.44,KZT,286659,approved,,True
518,123,75,2025-09-19 23:03:46,11465.68,KZT,529915,approved,,True
519,1042,25,2025-12-12 19:33:01,52510.03,KZT,936176,approved,,True
520,291,50,2025-09-07 19:22:54,34393.97,KZT,078003,approved,,True
521,725,80,2025-11-06 12:00:03,17588.39,KZT,350734,approved,,True
522,1014,32,2025-11-11 16:20:15,46800.51,KZT,487279,approved,,True
523,641,91,2025-11-13 00:00:45,24760.37,KZT,947569,approved,,True
524,949,60,2025-08-09 12:43:44,26915.29,KZT,484888,approved,,True
525,747,52,2025-12-29 13:31:27,39239.49,KZT,290528,approved,,True
526,972,73,2025-10-16 14:38:10,13700.03,KZT,160195,approved,,True
527,1186,10,2025-10-29 11:36:21,46899.01,KZT,484927,approved,,True
528,84,99,2025-10-15 15:42:21,68859.21,KZT,500132,approved,,True
529,992,61,2025-09-18 15:53:16,49555.66,KZT,262086,approved,,True
530,644,89,2025-07-08 00:00:35,16558.0,KZT,565410,approved,,True
531,310,10,2025-07-21 04:21:57,5275.0,KZT,028164,approved,,True
532,342,92,2025-10-15 17:15:31,962.66,KZT,252989,approved,,True
533,286,56,2025-11-27 18:13:33,48579.47,KZT,725253,approved,,True
534,300,54,2025-11-08 05:58:13,50108.84,KZT,764248,approved,,True
535,295,25,2025-08-11 06:23:50,74092.61,KZT,356643,approved,,True
536,596,54,2025-09-20 20:43:45,8171.25,KZT,923024,approved,,True
537,890,45,2025-08-24 09:02:27,22655.14,KZT,625015,approved,,True
538,388,47,2025-07-11 13:23:12,28409.79,KZT,489913,declined,limit_exceeded,True
539,780,72,2025-10-18 01:45:56,73191.87,KZT,378170,approved,,True
540,372,69,2025-07-29 18:36:26,34819.8,KZT,666606,approved,,True
541,1072,90,2025-08-31 23:10:51,32406.91,KZT,372565,approved,,True
542,1044,3,2025-10-05 19:51:22,11298.05,KZT,720325,approved,,True
543,352,60,2025-09-16 15:50:02,75750.91,KZT,018131,approved,,True
544,1062,70,2025-12-11 02:16:27,53353.54,KZT,620885,approved,,True
545,1040,12,2025-07-31 23:13:48,59177.08,KZT,218511,approved,,True
546,611,53,2025-10-19 13:03:39,43798.8,KZT,306014,approved,,True
547,780,3,2025-09-16 13:41:17,65925.02,KZT,200620,approved,,True
548,555,60,2025-07-09 15:35:57,65387.35,KZT,504892,approved,,True
549,63,43,2025-11-14 15:19:04,65091.88,KZT,980321,approved,,True
550,856,71,2025-11-19 06:14:38,7355.79,KZT,526018,approved,,True
551,1083,29,2025-10-26 03:28:33,48201.2,KZT,956629,approved,,True
552,413,2,2025-10-01 18:57:10,18939.65,KZT,621187,approved,,True
553,689,53,2025-08-10 13:47:00,64198.79,KZT,408334,declined,insufficient_funds,True
554,1102,3,2025-08-07 22:21:00,23236.3,KZT,920758,approved,,True
555,962,22,2025-07-07 17:23:42,24923.24,KZT,612476,approved,,True
556,968,52,2025-09-29 14:15:16,65464.46,KZT,132656,approved,,True
557,662,87,2025-12-26 21:37:47,59882.76,KZT,807467,approved,,True
558,52,83,2025-09-11 22:30:52,1317.26,KZT,014999,approved,,True
559,1032,4,2025-10-16 13:33:24,37462.25,KZT,317184,approved,,True
560,482,48,2025-08-16 11:57:20,62812.94,KZT,708369,approved,,True
561,958,22,2025-10-27 16:01:06,22719.31,KZT,988616,declined,card_blocked,True
562,1190,28,2025-07-11 21:14:14,4670.7,KZT,610949,approved,,True
563,1043,12,2025-11-01 06:44:09,47741.5,KZT,849081,declined,card_blocked,True
564,1185,63,2025-11-02 00:51:41,44636.86,KZT,187952,approved,,True
565,681,55,2025-10-26 04:02:22,71534.13,KZT,464076,approved,,True
566,523,35,2025-09-01 18:18:01,16927.31,KZT,847323,approved,,True
567,484,4,2025-07-23 07:05:43,45907.2,KZT,533645,approved,,True
568,579,19,2025-10-22 00:42:07,49467.34,KZT,031330,approved,,True
569,278,7,2025-11-20 19:43:46,25806.71,KZT,705512,approved,,True
570,1116,29,2025-11-07 15:39:09,62585.8,KZT,263459,approved,,True
571,8,16,2025-12-18 09:13:25,22191.68,KZT,357319,approved,,True
572,568,71,2025-10-18 11:49:34,49028.97,KZT,301956,approved,,True
573,602,96,2025-11-03 00:51:26,13373.05,KZT,838638,approved,,True
574,217,83,2025-12-21 03:41:37,44368.21,KZT,221831,approved,,True
575,186,64,2025-09-30 13:18:10,33752.41,KZT,647034,approved,,True
576,979,90,2025-07-20 16:20:58,76450.65,KZT,863065,approved,,True
577,653,72,2025-11-05 03:35:36,27248.63,KZT,093899,approved,,True
578,691,5,2025-07-03 17:14:29,22419.58,KZT,682835,approved,,True
579,733,38,2025-11-11 03:24:20,56923.68,KZT,409490,approved,,True
580,378,32,2025-09-13 13:33:31,47431.76,KZT,408121,approved,,True
581,269,84,2025-07-11 17:49:34,43573.5,KZT,075796,approved,,True
582,1034,52,2025-12-14 12:57:41,44849.14,KZT,095512,approved,,True
583,591,43,2025-09-07 16:50:01,17594.15,KZT,884997,approved,,True
584,877,74,2025-09-29 23:26:42,46985.91,KZT,850364,approved,,True
585,1114,63,2025-10-03 12:21:42,34599.7,KZT,681404,approved,,True
586,406,73,2025-10-20 07:12:04,4043.56,KZT,347600,approved,,True
587,662,65,2025-11-10 02:53:59,45853.06,KZT,905153,approved,,True
588,900,98,2025-09-26 04:16:00,12739.68,KZT,113077,approved,,True
589,966,20,2025-07-31 05:01:20,29105.34,KZT,589181,approved,,True
590,667,33,2025-07-28 21:55:46,76672.84,KZT,664222,approved,,True
591,909,62,2025-11-25 04:38:27,24620.8,KZT,922020,approved,,True
592,81,42,2025-11-22 22:27:16,33581.03,KZT,573020,approved,,True
593,512,59,2025-08-24 12:46:20,61708.72,KZT,424639,approved,,True
594,1079,9,2025-12-19 09:56:58,45097.08,KZT,965452,approved,,True
595,671,7,2025-10-03 00:04:27,3169.99,KZT,391009,approved,,True
596,60,77,2025-07-26 13:58:22,8821.78,KZT,102448,declined,limit_exceeded,True
597,921,39,2025-08-24 12:53:36,50261.14,KZT,264459,approved,,True
598,761,96,2025-12-28 08:15:53,70091.61,KZT,216804,approved,,True
599,719,41,2025-08-05 21:42:22,1252.4,KZT,526809,approved,,True
600,182,69,2025-09-14 20:54:42,16839.72,KZT,410006,declined,card_blocked,True
601,1092,38,2025-11-09 22:18:32,13144.33,KZT,000757,approved,,True
602,994,28,2025-09-05 21:03:53,67995.58,KZT,551725,approved,,True
603,460,77,2025-07-23 06:46:15,12361.17,KZT,922769,approved,,True
604,957,44,2025-09-04 08:29:02,63473.16,KZT,759635,approved,,True
605,233,55,2025-08-21 02:01:57,47645.74,KZT,089244,approved,,True
606,880,55,2025-12-05 00:27:02,57285.42,KZT,503926,approved,,True
607,92,24,2025-08-11 12:45:20,22310.1,KZT,140812,approved,,True
608,133,61,2025-12-28 05:36:24,16557.87,KZT,571865,approved,,True
609,184,75,2025-09-30 21:58:28,14945.29,KZT,230708,approved,,True
610,180,28,2025-09-25 09:26:37,31700.75,KZT,182934,approved,,True
611,123,8,2025-10-02 19:37:15,75096.65,KZT,712541,approved,,True
612,1032,45,2025-10-10 03:37:48,61017.7,KZT,791735,approved,,True
613,515,89,2025-08-15 02:46:05,57991.48,KZT,879113,approved,,True
614,162,94,2025-08-09 22:20:54,61729.21,KZT,114298,approved,,True
615,84,11,2025-12-09 13:27:00,38484.73,KZT,973964,approved,,True
616,1047,56,2025-08-06 04:34:28,74895.21,KZT,159252,approved,,True
617,1138,5,2025-12-22 19:50:21,40121.73,KZT,871331,declined,card_blocked,True
618,601,18,2025-12-30 09:45:13,71674.48,KZT,982584,approved,,True
619,1125,53,2025-10-27 13:14:34,20045.7,KZT,801922,approved,,True
620,488,37,2025-11-02 21:07:42,12159.78,KZT,755000,approved,,True
621,743,74,2025-08-05 05:23:33,76342.65,KZT,427668,approved,,True
622,585,50,2025-10-21 16:56:27,55422.88,KZT,313755,declined,limit_exceeded,True
623,257,82,2025-07-23 08:55:24,58491.93,KZT,847540,approved,,True
624,72,33,2025-11-05 05:19:16,55191.1,KZT,425119,approved,,True
625,94,8,2025-08-08 17:10:10,68712.86,KZT,555292,approved,,True
626,877,2,2025-08-29 21:13:26,16808.28,KZT,394662,approved,,True
627,133,14,2025-09-08 19:14:38,19524.13,KZT,744846,approved,,True
628,1054,7,2025-09-06 16:43:51,79436.03,KZT,563092,declined,limit_exceeded,True
629,746,76,2025-08-28 18:29:52,25023.83,KZT,227598,approved,,True
630,999,37,2025-09-04 07:46:29,50103.3,KZT,874323,approved,,True
631,1104,73,2025-09-12 18:25:57,33391.99,KZT,770114,approved,,True
632,1152,1,2025-09-15 13:41:18,7743.1,KZT,531250,approved,,True
633,336,79,2025-09-08 03:12:48,38825.81,KZT,307833,approved,,True
634,1042,85,2025-07-27 03:27:52,10416.39,KZT,672657,approved,,True
635,140,37,2025-09-30 09:10:29,65978.05,KZT,292162,approved,,True
636,163,31,2025-07-26 12:17:26,6530.47,KZT,429547,approved,,True
637,818,10,2025-08-23 01:52:35,28474.9,KZT,263849,approved,,True
638,1017,1,2025-09-11 21:19:17,15203.63,KZT,897383,approved,,True
639,539,29,2025-08-27 11:32:55,64048.1,KZT,168239,approved,,True
640,597,99,2025-09-11 23:44:36,45898.11,KZT,444831,approved,,True
641,642,76,2025-09-04 19:44:38,28215.57,KZT,148743,approved,,True
642,109,64,2025-10-23 12:56:01,72103.26,KZT,213457,approved,,True
643,768,54,2025-08-21 04:32:39,44888.22,KZT,861637,approved,,True
644,948,13,2025-11-10 08:17:23,61244.91,KZT,191299,approved,,True
645,1005,50,2025-12-28 11:14:32,41745.11,KZT,404353,approved,,True
646,1121,31,2025-10-09 18:57:49,72606.15,KZT,260503,approved,,True
647,620,98,2025-10-04 16:03:58,41296.06,KZT,292957,approved,,True
648,672,47,2025-12-03 07:51:40,68902.72,KZT,125753,approved,,True
649,1060,18,2025-12-05 14:38:04,9152.18,KZT,181725,approved,,True
650,910,69,2025-07-27 00:30:10,43282.16,KZT,340748,approved,,True
651,1000,82,2025-09-20 06:19:18,56984.5,KZT,812121,approved,,True
652,465,77,2025-07-11 18:05:40,56569.56,KZT,680970,approved,,True
653,802,97,2025-07-28 01:30:27,58526.75,KZT,852225,approved,,True
654,389,85,2025-11-02 01:34:51,75531.29,KZT,244207,approved,,True
655,249,88,2025-09-28 12:41:18,25907.9,KZT,440399,approved,,True
656,68,77,2025-11-26 10:35:38,60573.51,KZT,897916,approved,,True
657,972,78,2025-09-08 00:10:10,22344.51,KZT,326261,approved,,True
658,574,2,2025-09-19 12:45:38,8987.03,KZT,245706,approved,,True
659,585,89,2025-09-30 14:40:46,59176.74,KZT,970028,approved,,True
660,295,67,2025-10-13 17:17:33,39461.2,KZT,677139,approved,,True
661,413,71,2025-12-05 12:09:50,23692.36,KZT,383006,declined,limit_exceeded,True
662,8,45,2025-12-20 02:05:55,38356.18,KZT,743286,approved,,True
663,669,79,2025-10-25 05:12:17,11281.18,KZT,247397,declined,card_blocked,True
664,760,18,2025-10-08 15:28:20,6086.42,KZT,217865,approved,,True
665,1129,37,2025-09-26 21:47:01,50897.64,KZT,744725,approved,,True
666,939,53,2025-11-17 14:58:38,68591.69,KZT,488150,approved,,True
667,151,76,2025-08-01 08:07:40,59439.38,KZT,377551,approved,,True
668,213,56,2025-08-06 05:15:28,22348.91,KZT,041962,approved,,True
669,977,2,2025-07-24 14:54:25,18357.67,KZT,367951,approved,,True
670,908,39,2025-09-21 09:33:35,15912.23,KZT,484033,approved,,True
671,363,97,2025-08-30 10:44:29,7470.48,KZT,380216,declined,card_blocked,True
672,834,66,2025-09-18 14:02:53,59703.77,KZT,506169,approved,,True
673,382,92,2025-09-08 13:18:47,16272.21,KZT,084178,declined,insufficient_funds,True
674,669,6,2025-09-26 21:34:38,24826.78,KZT,983398,approved,,True
675,760,99,2025-12-08 23:25:17,4802.23,KZT,229329,approved,,True
676,975,44,2025-08-09 07:50:32,53518.02,KZT,293605,declined,insufficient_funds,True
677,792,89,2025-11-07 19:14:33,63833.42,KZT,527066,approved,,True
678,627,47,2025-07-14 19:58:55,62237.97,KZT,586710,approved,,True
679,238,51,2025-11-12 00:09:20,5516.04,KZT,595701,approved,,True
680,747,27,2025-07-28 11:01:06,15270.86,KZT,187422,approved,,True
681,499,73,2025-09-28 16:24:58,58906.29,KZT,905288,approved,,True
682,416,35,2025-11-26 20:22:53,63833.61,KZT,651149,approved,,True
683,1071,71,2025-12-02 20:42:10,60669.77,KZT,707159,approved,,True
684,764,9,2025-08-05 01:07:57,35561.04,KZT,040355,approved,,True
685,840,97,2025-09-11 23:26:11,74796.36,KZT,535227,approved,,True
686,989,54,2025-08-06 21:29:57,33029.37,KZT,150252,approved,,True
687,482,14,2025-07-16 04:57:08,43500.71,KZT,235122,approved,,True
688,777,47,2025-11-20 23:09:54,23294.97,KZT,519696,approved,,True
689,829,22,2025-10-26 05:06:53,12022.93,KZT,900419,approved,,True
690,409,67,2025-12-06 21:04:49,36877.48,KZT,723255,declined,insufficient_funds,True
691,744,18,2025-12-02 10:36:03,31349.39,KZT,243030,approved,,True
692,257,28,2025-08-11 07:11:25,32963.28,KZT,591767,approved,,True
693,1186,82,2025-11-10 10:42:27,73311.22,KZT,980037,approved,,True
694,1153,41,2025-09-25 18:56:14,62710.91,KZT,628669,approved,,True
695,169,87,2025-11-06 16:06:11,39835.87,KZT,359291,approved,,True
696,909,99,2025-08-31 13:06:33,21304.07,KZT,639491,approved,,True
697,875,53,2025-11-08 07:45:59,51957.21,KZT,803827,approved,,True
698,401,44,2025-11-08 02:03:08,9649.24,KZT,076510,approved,,True
699,210,72,2025-11-29 11:31:17,6940.79,KZT,422801,approved,,True
700,1050,96,2025-12-12 08:36:22,43013.43,KZT,088751,approved,,True
701,824,73,2025-12-18 14:25:34,79254.84,KZT,559491,approved,,True
702,22,19,2025-08-02 11:24:21,57739.89,KZT,998392,approved,,True
703,864,36,2025-11-11 05:52:53,38007.41,KZT,968728,approved,,True
704,931,11,2025-11-24 11:18:16,11244.87,KZT,245023,approved,,True
705,856,20,2025-08-21 06:06:17,53308.33,KZT,317556,approved,,True
706,841,52,2025-08-17 20:42:43,14429.84,KZT,260309,approved,,True
707,524,52,2025-11-04 18:47:07,15679.37,KZT,073520,approved,,True
708,282,37,2025-11-22 04:11:47,53424.38,KZT,998457,approved,,True
709,12,44,2025-11-15 12:23:22,76837.65,KZT,559402,approved,,True
710,37,9,2025-12-02 14:14:28,45825.59,KZT,779867,approved,,True
711,486,94,2025-10-18 15:43:07,31307.67,KZT,466633,approved,,True
712,423,31,2025-10-02 04:06:07,34850.71,KZT,339556,declined,card_blocked,True
713,1068,28,2025-07-22 12:03:32,42165.11,KZT,301925,approved,,True
714,629,97,2025-07-12 07:53:02,40813.95,KZT,898631,approved,,True
715,942,3,2025-12-05 22:59:28,29433.39,KZT,260218,approved,,True
716,546,44,2025-10-19 09:34:01,67413.03,KZT,118658,approved,,True
717,648,96,2025-07-09 18:16:51,52208.95,KZT,382805,approved,,True
718,246,96,2025-09-18 19:14:53,57913.21,KZT,462295,approved,,True
719,278,7,2025-11-20 18:22:48,60370.32,KZT,913049,approved,,True
720,1010,81,2025-12-12 16:24:52,56236.0,KZT,897647,approved,,True
721,39,99,2025-11-02 02:04:58,71072.42,KZT,864953,approved,,True
722,644,58,2025-10-13 22:07:46,73811.51,KZT,354801,approved,,True
723,674,71,2025-12-24 22:32:31,25452.87,KZT,801655,approved,,True
724,65,85,2025-08-19 04:07:20,60172.48,KZT,415010,approved,,True
725,360,89,2025-08-15 00:07:40,7446.12,KZT,438738,approved,,True
726,387,18,2025-12-01 09:18:13,74918.68,KZT,935740,approved,,True
727,286,22,2025-07-16 11:20:26,79196.32,KZT,597091,approved,,True
728,826,42,2025-10-06 05:21:28,49207.37,KZT,511990,approved,,True
729,1092,11,2025-10-15 19:14:23,30801.14,KZT,864610,approved,,True
730,395,26,2025-07-11 01:04:04,72222.09,KZT,374214,approved,,True
731,824,31,2025-07-22 12:10:44,3217.18,KZT,316542,declined,card_blocked,True
732,167,21,2025-12-25 16:43:47,11471.05,KZT,544102,approved,,True
733,1148,38,2025-09-23 14:31:31,49513.84,KZT,515722,approved,,True
734,973,48,2025-10-07 14:59:28,65159.42,KZT,480317,approved,,True
735,754,72,2025-09-21 15:10:29,10570.88,KZT,180054,approved,,True
736,684,27,2025-11-13 20:30:27,45818.63,KZT,903309,approved,,True
737,1098,13,2025-12-19 20:21:46,28594.04,KZT,640884,approved,,True
738,1169,48,2025-07-19 14:08:00,19470.87,KZT,343728,approved,,True
739,491,79,2025-12-13 13:24:52,52434.07,KZT,979881,approved,,True
740,938,32,2025-10-31 07:58:07,15560.49,KZT,840711,approved,,True
741,446,7,2025-10-08 08:21:00,76285.67,KZT,224740,approved,,True
742,599,29,2025-07-23 01:45:15,43587.35,KZT,570008,approved,,True
743,730,9,2025-10-18 12:55:57,29514.94,KZT,616735,approved,,True
744,660,81,2025-11-14 07:06:28,12091.77,KZT,545187,approved,,True
745,166,42,2025-12-07 17:52:55,76348.12,KZT,461259,approved,,True
746,1182,37,2025-12-08 17:55:59,32816.22,KZT,953839,approved,,True
747,436,98,2025-07-09 22:03:03,1591.56,KZT,368871,approved,,True
748,883,92,2025-08-18 06:44:43,58611.54,KZT,944162,approved,,True
749,1088,73,2025-11-26 14:47:39,77545.26,KZT,044610,approved,,True
750,1045,6,2025-07-13 18:05:05,68600.49,KZT,498950,approved,,True
751,360,63,2025-12-16 11:34:24,49831.98,KZT,376299,approved,,True
752,320,97,2025-12-18 01:48:50,43393.91,KZT,916685,declined,insufficient_funds,True
753,67,23,2025-11-24 02:31:54,53656.15,KZT,448949,approved,,True
754,1020,75,2025-10-21 18:26:02,11829.31,KZT,708137,approved,,True
755,346,40,2025-12-29 20:23:26,30455.28,KZT,253239,approved,,True
756,684,56,2025-07-10 23:37:02,13487.63,KZT,620155,approved,,True
757,1155,15,2025-08-10 20:55:29,42877.28,KZT,705509,approved,,True
758,342,22,2025-12-25 13:35:52,22225.51,KZT,112596,approved,,True
759,721,71,2025-09-25 12:47:55,32197.89,KZT,665136,approved,,True
760,766,40,2025-10-19 14:14:56,16943.72,KZT,063988,approved,,True
761,329,53,2025-07-10 06:31:23,22678.62,KZT,095643,approved,,True
762,910,57,2025-09-10 23:04:16,50336.16,KZT,878666,approved,,True
763,779,91,2025-12-26 10:52:16,10236.48,KZT,274705,approved,,True
764,103,90,2025-10-07 13:20:34,47220.63,KZT,688676,approved,,True
765,1143,80,2025-09-02 16:05:26,54506.0,KZT,767764,approved,,True
766,715,96,2025-07-06 13:51:24,49698.17,KZT,340260,approved,,True
767,1055,21,2025-12-10 21:20:07,22110.92,KZT,918658,approved,,True
768,1168,24,2025-09-02 16:59:01,28795.77,KZT,741008,approved,,True
769,893,63,2025-09-06 23:10:28,42131.72,KZT,730519,approved,,True
770,460,21,2025-11-05 23:29:53,75761.36,KZT,069728,approved,,True
771,135,80,2025-11-17 14:09:44,74194.61,KZT,871757,approved,,True
772,1062,64,2025-08-01 10:10:02,60556.73,KZT,809763,approved,,True
773,930,60,2025-08-13 19:18:39,17852.84,KZT,666606,approved,,True
774,829,9,2025-08-07 21:40:41,47520.79,KZT,363916,approved,,True
775,1127,2,2025-08-14 23:30:30,29910.93,KZT,689303,approved,,True
776,507,16,2025-12-16 21:59:16,60884.45,KZT,884864,approved,,True
777,213,88,2025-07-24 18:19:11,54182.77,KZT,335378,approved,,True
778,275,24,2025-10-05 22:52:39,7776.55,KZT,773461,approved,,True
779,695,43,2025-10-31 11:22:06,29118.18,KZT,258864,approved,,True
780,16,19,2025-07-30 18:56:38,38571.5,KZT,803211,approved,,True
781,418,79,2025-08-18 03:10:51,70256.21,KZT,151147,approved,,True
782,388,25,2025-08-25 01:04:23,78871.0,KZT,946365,approved,,True
783,901,46,2025-08-11 18:26:49,71409.54,KZT,368339,approved,,True
784,1060,24,2025-10-13 17:59:19,79019.78,KZT,079250,approved,,True
785,594,60,2025-11-18 02:52:46,34201.95,KZT,138012,approved,,True
786,582,3,2025-11-24 21:01:07,28982.99,KZT,346480,approved,,True
787,931,94,2025-10-03 07:17:51,14651.45,KZT,786383,approved,,True
788,897,4,2025-10-01 17:25:25,69168.76,KZT,387667,approved,,True
789,882,73,2025-10-26 08:11:40,24893.94,KZT,015906,approved,,True
790,464,10,2025-09-10 14:20:32,65100.35,KZT,755940,approved,,True
791,1059,75,2025-11-11 15:05:38,44472.7,KZT,805772,approved,,True
792,353,32,2025-11-04 16:53:11,72442.73,KZT,848810,approved,,True
793,342,3,2025-08-05 19:19:40,45657.14,KZT,878776,approved,,True
794,156,29,2025-11-29 20:05:08,18317.06,KZT,969888,approved,,True
795,752,54,2025-09-30 14:02:19,44041.52,KZT,513102,declined,card_blocked,True
796,375,4,2025-07-25 07:57:17,35993.97,KZT,120587,approved,,True
797,224,17,2025-12-02 07:07:40,6429.56,KZT,426151,approved,,True
798,798,83,2025-12-08 17:12:58,24242.04,KZT,578427,approved,,True
799,878,45,2025-12-30 06:22:18,34454.92,KZT,039117,approved,,True
800,1003,30,2025-07-27 12:12:02,9700.06,KZT,040719,declined,card_blocked,True
801,940,4,2025-11-05 01:24:26,60506.15,KZT,985739,approved,,True
802,858,99,2025-12-10 00:25:12,41353.87,KZT,060131,approved,,True
803,760,69,2025-07-24 04:21:26,48663.16,KZT,309274,approved,,True
804,710,17,2025-11-30 09:39:52,69490.11,KZT,314969,approved,,True
805,1024,53,2025-10-06 20:09:25,31579.81,KZT,273258,approved,,True
806,1015,17,2025-08-03 21:00:11,34812.51,KZT,958102,approved,,True
807,341,99,2025-08-24 22:04:22,42289.26,KZT,084266,approved,,True
808,1012,54,2025-07-15 02:23:02,43022.25,KZT,072185,approved,,True
809,2,22,2025-11-03 02:32:01,41527.94,KZT,992426,approved,,True
810,1199,47,2025-11-28 07:35:21,4773.19,KZT,849016,approved,,True
811,310,56,2025-08-30 17:17:03,69991.24,KZT,964266,approved,,True
812,685,51,2025-12-11 18:37:19,33416.01,KZT,919738,approved,,True
813,404,66,2025-12-27 05:01:44,19358.78,KZT,573804,approved,,True
814,720,51,2025-07-04 00:28:07,48546.82,KZT,412755,approved,,True
815,118,6,2025-11-07 11:38:12,77204.08,KZT,269866,approved,,True
816,314,16,2025-12-02 12:53:26,55907.26,KZT,623947,approved,,True
817,990,35,2025-08-25 03:43:26,30365.0,KZT,433560,approved,,True
818,198,94,2025-09-04 03:10:26,73357.56,KZT,651437,approved,,True
819,695,95,2025-07-04 12:33:43,78343.48,KZT,121872,declined,insufficient_funds,True
820,1173,35,2025-07-19 15:14:21,21607.73,KZT,916388,declined,insufficient_funds,True
821,898,60,2025-07-03 08:12:43,21883.58,KZT,636490,approved,,True
822,456,96,2025-07-03 18:17:58,9368.46,KZT,578890,declined,insufficient_funds,True
823,674,21,2025-08-17 00:55:46,17442.92,KZT,636697,approved,,True
824,156,2,2025-09-18 13:08:45,12005.96,KZT,821888,declined,card_blocked,True
825,225,19,2025-10-19 02:12:54,67403.38,KZT,246249,approved,,True
826,173,84,2025-11-02 10:16:09,60498.68,KZT,708365,approved,,True
827,1135,47,2025-12-05 13:52:13,1950.74,KZT,562598,declined,card_blocked,True
828,837,14,2025-08-02 00:22:55,44682.22,KZT,595988,approved,,True
829,2,75,2025-12-14 19:44:47,63399.92,KZT,152500,approved,,True
830,188,54,2025-12-01 11:18:18,13118.9,KZT,696334,approved,,True
831,965,43,2025-09-12 16:20:39,30245.04,KZT,963744,approved,,True
832,589,8,2025-11-22 11:00:33,27106.71,KZT,072389,approved,,True
833,308,21,2025-07-06 10:28:18,31383.2,KZT,220781,approved,,True
834,836,5,2025-10-03 08:51:14,76304.31,KZT,856914,approved,,True
835,701,15,2025-12-03 01:27:11,10550.34,KZT,111531,approved,,True
836,644,92,2025-11-01 14:56:34,32713.87,KZT,857004,approved,,True
837,873,14,2025-11-23 11:30:52,33055.62,KZT,924452,approved,,True
838,116,14,2025-08-26 21:42:49,75233.34,KZT,676194,approved,,True
839,209,19,2025-12-13 06:21:45,9692.42,KZT,598822,approved,,True
840,820,28,2025-11-21 11:00:53,53272.56,KZT,231877,approved,,True
841,698,50,2025-07-30 09:05:23,41117.52,KZT,601027,approved,,True
842,869,54,2025-07-15 13:51:59,36144.92,KZT,958855,approved,,True
843,401,14,2025-07-31 17:45:05,65127.77,KZT,923825,approved,,True
844,417,23,2025-12-11 12:28:01,52660.12,KZT,529805,approved,,True
845,999,98,2025-11-27 16:37:47,53060.5,KZT,077879,approved,,True
846,275,67,2025-10-04 22:41:56,34376.14,KZT,651636,approved,,True
847,1018,67,2025-12-21 00:30:24,62546.3,KZT,998472,approved,,True
848,778,87,2025-07-22 20:04:42,68713.32,KZT,018148,approved,,True
849,886,89,2025-10-22 17:25:53,10185.23,KZT,013073,declined,card_blocked,True
850,1111,81,2025-10-03 19:55:01,42824.77,KZT,243389,approved,,True
851,909,15,2025-10-21 00:24:52,51087.58,KZT,054772,approved,,True
852,891,68,2025-12-02 21:26:40,43851.14,KZT,767176,approved,,True
853,739,30,2025-07-18 12:50:09,44176.51,KZT,751145,approved,,True
854,56,88,2025-10-30 21:24:13,79803.88,KZT,543554,approved,,True
855,474,97,2025-09-11 02:57:28,50989.84,KZT,352644,declined,limit_exceeded,True
856,1117,21,2025-07-29 10:47:19,56801.01,KZT,605903,approved,,True
857,130,56,2025-07-29 17:59:37,6338.8,KZT,199245,approved,,True
858,755,22,2025-07-06 05:42:14,44261.73,KZT,551382,approved,,True
859,1020,69,2025-12-17 00:58:02,63326.01,KZT,561937,approved,,True
860,825,17,2025-10-11 06:27:15,32201.82,KZT,863231,approved,,True
861,668,51,2025-09-04 04:03:52,35994.99,KZT,933454,approved,,True
862,715,91,2025-12-13 22:30:36,7239.05,KZT,634771,approved,,True
863,417,21,2025-11-17 02:52:11,11927.62,KZT,894871,declined,insufficient_funds,True
864,1117,26,2025-08-18 19:18:18,23685.85,KZT,977464,approved,,True
865,42,62,2025-07-19 17:52:06,8584.46,KZT,822366,approved,,True
866,552,88,2025-09-16 14:47:32,21549.35,KZT,879709,approved,,True
867,829,59,2025-07-18 03:06:38,37031.86,KZT,912095,approved,,True
868,161,54,2025-12-06 08:31:28,19268.79,KZT,215245,approved,,True
869,332,12,2025-07-21 05:37:58,71124.99,KZT,723915,approved,,True
870,426,76,2025-08-25 08:39:27,19363.76,KZT,368076,approved,,True
871,529,8,2025-12-07 19:54:22,24742.24,KZT,804899,approved,,True
872,679,63,2025-08-29 21:56:03,25335.49,KZT,377359,approved,,True
873,738,68,2025-08-18 13:02:52,1887.42,KZT,123858,approved,,True
874,669,55,2025-11-16 22:20:43,7205.45,KZT,335642,approved,,True
875,699,68,2025-10-25 22:12:44,40590.13,KZT,423451,approved,,True
876,1035,18,2025-12-26 20:19:13,52679.4,KZT,153810,approved,,True
877,524,12,2025-11-09 00:51:19,63266.81,KZT,039612,approved,,True
878,49,65,2025-08-24 01:14:26,72618.03,KZT,165707,approved,,True
879,578,35,2025-07-07 06:50:53,66858.05,KZT,636568,approved,,True
880,775,11,2025-07-27 23:16:46,35503.05,KZT,480037,approved,,True
881,447,50,2025-10-04 02:23:21,45437.16,KZT,460065,approved,,True
882,574,82,2025-09-18 02:56:39,20215.67,KZT,833991,approved,,True
883,361,84,2025-07-03 11:42:41,69443.79,KZT,241803,approved,,True
884,61,77,2025-09-17 04:49:44,77127.9,KZT,921102,approved,,True
885,1010,3,2025-07-05 21:23:15,18533.49,KZT,547748,approved,,True
886,97,58,2025-12-08 10:19:49,43974.02,KZT,295376,declined,insufficient_funds,True
887,71,35,2025-12-07 22:40:41,42047.14,KZT,231281,approved,,True
888,142,54,2025-11-26 23:05:22,21481.55,KZT,657850,approved,,True
889,353,98,2025-11-24 13:55:22,14055.15,KZT,762137,approved,,True
890,300,45,2025-07-30 08:48:47,36273.7,KZT,845523,declined,insufficient_funds,True
891,911,29,2025-11-20 22:29:59,60922.33,KZT,383968,approved,,True
892,283,96,2025-07-05 20:48:26,10919.69,KZT,503487,approved,,True
893,137,97,2025-08-26 22:09:06,42093.76,KZT,046251,approved,,True
894,422,35,2025-10-29 06:03:54,26063.78,KZT,431261,approved,,True
895,1082,61,2025-08-20 23:33:11,47685.52,KZT,315178,approved,,True
896,483,48,2025-10-09 10:11:16,5304.48,KZT,368017,approved,,True
897,271,9,2025-12-20 04:22:32,24032.42,KZT,319685,approved,,True
898,355,14,2025-09-07 04:27:25,66753.95,KZT,629915,approved,,True
899,69,13,2025-08-18 06:46:26,33810.81,KZT,167719,approved,,True
900,724,86,2025-09-16 12:08:51,47685.66,KZT,561302,approved,,True
901,808,44,2025-08-18 14:13:12,11845.02,KZT,366576,approved,,True
902,291,56,2025-09-26 17:08:45,70769.26,KZT,622801,approved,,True
903,390,72,2025-09-06 22:41:05,78203.78,KZT,667414,approved,,True
904,731,46,2025-09-25 06:19:43,72363.63,KZT,535804,declined,insufficient_funds,True
905,1063,20,2025-12-28 18:42:43,6527.59,KZT,503857,declined,card_blocked,True
906,187,56,2025-08-25 00:41:30,61471.13,KZT,706675,declined,limit_exceeded,True
907,1183,36,2025-10-02 04:58:17,40211.83,KZT,730901,declined,limit_exceeded,True
908,719,97,2025-11-29 16:13:50,17232.48,KZT,621861,approved,,True
909,1058,57,2025-09-03 00:25:50,12964.19,KZT,037532,approved,,True
910,630,86,2025-09-08 14:04:15,5557.33,KZT,301809,approved,,True
911,399,10,2025-08-07 21:13:38,43847.91,KZT,259272,approved,,True
912,626,42,2025-08-14 12:34:47,45759.53,KZT,644349,approved,,True
913,410,25,2025-09-16 17:35:02,21946.53,KZT,023804,approved,,True
914,878,12,2025-12-27 09:31:28,55550.01,KZT,134562,approved,,True
915,225,79,2025-07-31 01:27:02,6003.4,KZT,115844,approved,,True
916,1093,90,2025-08-30 11:53:35,12188.28,KZT,362316,approved,,True
917,299,78,2025-11-17 02:49:52,73067.38,KZT,992074,approved,,True
918,809,81,2025-07-10 22:35:49,49651.97,KZT,938761,approved,,True
919,189,89,2025-09-23 07:08:58,63302.54,KZT,842441,approved,,True
920,378,55,2025-11-04 20:34:06,13285.82,KZT,226164,approved,,True
921,210,54,2025-09-05 01:25:53,15859.25,KZT,886737,approved,,True
922,536,76,2025-09-10 08:19:52,44350.99,KZT,428307,approved,,True
923,921,25,2025-08-08 18:16:01,12902.78,KZT,291164,approved,,True
924,1114,73,2025-08-01 08:25:23,45876.13,KZT,653765,approved,,True
925,344,91,2025-10-17 05:55:01,56281.13,KZT,633053,approved,,True
926,522,96,2025-08-04 16:50:11,50515.53,KZT,713145,approved,,True
927,24,38,2025-07-25 22:59:10,64031.23,KZT,033686,approved,,True
928,304,35,2025-07-06 19:18:31,48227.56,KZT,194756,approved,,True
929,230,92,2025-12-27 01:50:46,5914.68,KZT,468683,approved,,True
930,1158,85,2025-08-22 00:19:04,10146.27,KZT,456921,approved,,True
931,865,61,2025-12-02 06:08:19,51432.13,KZT,343301,approved,,True
932,165,89,2025-08-07 20:20:01,66552.86,KZT,061477,approved,,True
933,850,75,2025-08-16 09:24:50,37350.82,KZT,328675,approved,,True
934,909,21,2025-12-08 20:25:06,21441.62,KZT,811200,approved,,True
935,1089,35,2025-10-03 04:17:07,63103.58,KZT,817815,approved,,True
936,911,56,2025-11-18 13:34:05,25480.4,KZT,024143,approved,,True
937,211,18,2025-10-01 12:07:00,36678.56,KZT,486830,approved,,True
938,1060,33,2025-08-30 15:16:44,66668.17,KZT,832454,approved,,True
939,237,25,2025-11-01 18:43:38,61361.37,KZT,666339,approved,,True
940,497,34,2025-10-26 01:20:52,73438.69,KZT,011238,approved,,True
941,1073,77,2025-11-03 18:36:21,59683.59,KZT,439680,approved,,True
942,979,30,2025-09-09 01:11:26,70394.34,KZT,768652,approved,,True
943,522,56,2025-12-01 11:33:03,48758.05,KZT,961825,approved,,True
944,862,41,2025-08-24 20:34:01,5628.43,KZT,455174,approved,,True
945,1054,64,2025-11-09 12:34:30,10639.64,KZT,110744,approved,,True
946,62,25,2025-12-20 20:42:29,30876.94,KZT,527354,approved,,True
947,434,75,2025-08-08 13:23:44,52044.36,KZT,760970,approved,,True
948,680,59,2025-08-21 10:31:53,25013.02,KZT,509694,approved,,True
949,366,73,2025-12-14 00:37:50,68956.12,KZT,006044,approved,,True
950,502,70,2025-09-06 04:53:50,71531.07,KZT,341036,approved,,True
951,23,10,2025-08-18 04:21:57,71021.07,KZT,916231,approved,,True
952,782,15,2025-11-23 23:07:46,57712.15,KZT,770018,approved,,True
953,622,66,2025-11-13 16:12:50,32418.47,KZT,557580,approved,,True
954,431,13,2025-09-15 00:23:16,23627.55,KZT,955854,approved,,True
955,702,98,2025-11-09 17:59:52,13154.55,KZT,161810,approved,,True
956,724,20,2025-11-10 14:12:46,70715.68,KZT,251593,approved,,True
957,680,91,2025-08-10 03:10:55,25379.57,KZT,688493,approved,,True
958,348,70,2025-09-23 00:52:11,8416.68,KZT,695158,approved,,True
959,1040,71,2025-09-04 16:57:34,9067.41,KZT,411298,approved,,True
960,723,67,2025-11-17 12:50:06,45866.28,KZT,427028,approved,,True
961,795,19,2025-10-24 10:00:23,55012.64,KZT,778466,approved,,True
962,326,44,2025-11-20 12:32:26,1718.21,KZT,782530,declined,card_blocked,True
963,324,99,2025-08-10 10:13:09,47579.12,KZT,076798,approved,,True
964,835,78,2025-10-08 06:20:54,79693.11,KZT,777899,declined,insufficient_funds,True
965,264,52,2025-09-09 22:42:33,58353.67,KZT,893044,approved,,True
966,1133,99,2025-12-23 23:23:23,11960.77,KZT,266401,approved,,True
967,995,41,2025-12-12 21:30:28,48649.62,KZT,280904,approved,,True
968,88,90,2025-12-11 06:02:47,33416.26,KZT,584933,approved,,True
969,103,85,2025-07-25 21:50:28,28971.1,KZT,223897,approved,,True
970,501,99,2025-10-30 16:48:22,17952.86,KZT,736636,approved,,True
971,1171,11,2025-07-20 07:57:31,15709.22,KZT,082460,approved,,True
972,43,42,2025-11-25 03:07:54,22987.6,KZT,784550,approved,,True
973,114,87,2025-09-27 08:15:52,34636.65,KZT,368663,approved,,True
974,106,41,2025-10-25 08:50:09,12623.47,KZT,085159,approved,,True
975,1158,67,2025-07-14 09:18:49,8359.51,KZT,467913,approved,,True
976,1032,83,2025-09-04 18:30:32,67394.27,KZT,765550,approved,,True
977,67,48,2025-07-29 19:50:42,72624.8,KZT,717938,approved,,True
978,251,11,2025-11-19 04:22:29,36695.58,KZT,056703,declined,card_blocked,True
979,851,39,2025-08-29 11:38:51,25880.57,KZT,972258,approved,,True
980,438,47,2025-10-13 14:24:15,32771.53,KZT,679699,approved,,True
981,153,62,2025-12-08 19:11:22,28348.49,KZT,913532,approved,,True
982,286,52,2025-08-05 00:10:55,36268.79,KZT,726508,approved,,True
983,469,76,2025-10-29 03:04:14,58002.52,KZT,537799,approved,,True
984,226,57,2025-09-19 13:00:24,62723.28,KZT,882649,approved,,True
985,589,20,2025-12-03 19:40:34,62380.57,KZT,954396,approved,,True
986,1100,21,2025-11-25 20:43:10,19260.31,KZT,834223,approved,,True
987,325,10,2025-10-16 14:05:03,12103.49,KZT,843238,approved,,True
988,815,84,2025-11-23 02:39:24,55982.17,KZT,698066,approved,,True
989,1027,57,2025-07-15 04:17:50,29622.84,KZT,058554,approved,,True
990,1124,73,2025-12-29 22:23:33,40917.39,KZT,532623,approved,,True
991,341,51,2025-11-14 23:42:47,58796.21,KZT,019331,declined,card_blocked,True
992,1025,12,2025-12-09 11:09:33,31413.25,KZT,045989,approved,,True
993,488,98,2025-11-09 22:40:13,51690.92,KZT,653736,approved,,True
994,714,81,2025-09-06 07:02:44,18773.66,KZT,770847,approved,,True
995,1154,69,2025-08-28 05:50:52,23239.36,KZT,270050,approved,,True
996,388,32,2025-12-15 01:40:02,7639.87,KZT,788800,approved,,True
997,416,55,2025-12-16 15:38:31,9571.43,KZT,413978,approved,,True
998,697,86,2025-08-07 01:43:00,15989.04,KZT,993010,approved,,True
999,842,80,2025-08-08 08:46:58,44510.04,KZT,631152,approved,,True
1000,579,53,2025-08-07 09:40:16,49947.32,KZT,262557,approved,,True
1001,199,91,2025-08-20 21:14:42,77467.46,KZT,797282,approved,,True
1002,296,75,2025-12-21 05:16:21,42720.31,KZT,711929,approved,,True
1003,537,6,2025-07-04 15:20:40,54582.11,KZT,326435,approved,,True
1004,296,62,2025-07-31 06:01:26,65893.26,KZT,023286,approved,,True
1005,721,37,2025-09-23 11:56:34,6734.16,KZT,400296,approved,,True
1006,911,92,2025-11-18 18:38:10,28280.16,KZT,244965,approved,,True
1007,455,85,2025-12-21 14:12:59,5305.93,KZT,935302,approved,,True
1008,1051,26,2025-11-08 15:09:10,37978.33,KZT,129942,approved,,True
1009,1182,31,2025-10-09 09:30:53,64678.03,KZT,634450,approved,,True
1010,260,52,2025-07-20 23:33:33,17744.24,KZT,075293,approved,,True
1011,693,35,2025-09-04 18:36:12,29183.54,KZT,205378,approved,,True
1012,889,31,2025-11-24 12:59:45,9999.39,KZT,618088,approved,,True
1013,1095,12,2025-10-21 06:10:44,74390.21,KZT,442704,approved,,True
1014,836,75,2025-10-18 00:40:33,52072.75,KZT,773204,declined,limit_exceeded,True
1015,597,62,2025-12-16 16:12:28,42793.33,KZT,751649,approved,,True
1016,367,16,2025-09-21 15:53:45,33921.91,KZT,615014,approved,,True
1017,979,72,2025-11-13 17:30:42,31929.16,KZT,058712,approved,,True
1018,624,93,2025-11-15 02:29:30,3047.27,KZT,844974,approved,,True
1019,790,86,2025-12-30 22:01:33,30681.99,KZT,614893,approved,,True
1020,244,66,2025-10-17 05:07:56,50989.5,KZT,778345,approved,,True
1021,762,69,2025-10-01 04:25:21,3248.52,KZT,892564,approved,,True
1022,269,1,2025-07-17 14:19:07,20623.51,KZT,414747,approved,,True
1023,735,57,2025-10-20 13:02:45,4768.93,KZT,419604,approved,,True
1024,96,35,2025-07-31 20:14:30,9719.47,KZT,046345,approved,,True
1025,848,51,2025-08-17 04:09:06,25405.96,KZT,220101,declined,card_blocked,True
1026,738,93,2025-08-10 07:52:35,43921.96,KZT,571710,declined,card_blocked,True
1027,720,81,2025-11-07 14:02:50,1871.86,KZT,687694,approved,,True
1028,298,56,2025-10-28 17:08:56,61503.81,KZT,041904,approved,,True
1029,841,34,2025-12-20 01:54:59,48250.55,KZT,199975,approved,,True
1030,976,31,2025-11-14 16:33:25,69015.48,KZT,055705,approved,,True
1031,1177,85,2025-12-28 16:39:47,49769.87,KZT,999571,approved,,True
1032,621,33,2025-09-21 18:02:07,18990.53,KZT,302518,approved,,True
1033,177,23,2025-11-19 07:18:52,74268.8,KZT,707058,approved,,True
1034,1150,47,2025-12-05 16:02:44,26487.63,KZT,944482,approved,,True
1035,529,69,2025-08-19 11:50:00,49085.0,KZT,944841,declined,insufficient_funds,True
1036,1149,20,2025-11-06 13:23:39,78365.75,KZT,092622,approved,,True
1037,270,18,2025-11-22 17:17:39,67624.56,KZT,467162,approved,,True
1038,298,35,2025-12-14 22:49:18,59456.61,KZT,040708,declined,limit_exceeded,True
1039,713,62,2025-11-25 13:29:09,47035.05,KZT,192605,approved,,True
1040,822,74,2025-07-22 18:00:34,52949.03,KZT,960416,approved,,True
1041,1005,100,2025-11-12 14:40:58,64439.6,KZT,514481,approved,,True
1042,443,42,2025-10-08 17:59:08,26521.55,KZT,022156,approved,,True
1043,201,20,2025-12-25 19:00:58,9737.8,KZT,027843,approved,,True
1044,97,30,2025-09-23 13:33:30,5422.81,KZT,516976,approved,,True
1045,844,85,2025-11-14 17:53:55,17951.04,KZT,218944,approved,,True
1046,816,10,2025-09-10 20:09:14,13499.4,KZT,653908,approved,,True
1047,1080,64,2025-07-04 11:15:03,44691.77,KZT,693499,approved,,True
1048,119,93,2025-12-18 05:47:57,12605.98,KZT,840713,approved,,True
1049,414,85,2025-12-20 10:01:14,61156.23,KZT,005400,approved,,True
1050,674,54,2025-12-12 00:21:01,55674.03,KZT,278665,declined,card_blocked,True
1051,370,46,2025-10-28 11:23:32,68444.09,KZT,007721,declined,card_blocked,True
1052,988,86,2025-11-14 19:13:48,19105.4,KZT,080559,approved,,True
1053,925,69,2025-12-18 10:25:49,2454.19,KZT,642273,approved,,True
1054,1061,99,2025-11-23 02:08:23,16806.67,KZT,231516,approved,,True
1055,1109,92,2025-12-12 15:50:50,60850.24,KZT,877138,approved,,True
1056,197,22,2025-12-01 20:18:00,17902.44,KZT,212491,approved,,True
1057,983,12,2025-09-30 14:12:45,20345.5,KZT,814024,approved,,True
1058,581,33,2025-07-17 20:17:10,46834.17,KZT,679569,approved,,True
1059,1070,73,2025-08-19 04:39:46,39509.72,KZT,172068,approved,,True
1060,61,35,2025-11-25 03:11:37,18675.92,KZT,204356,declined,card_blocked,True
1061,461,1,2025-07-13 00:48:55,60017.74,KZT,006990,approved,,True
1062,364,2,2025-10-14 21:10:08,54706.79,KZT,380806,approved,,True
1063,885,90,2025-11-25 09:48:02,42784.18,KZT,854931,approved,,True
1064,690,64,2025-08-15 01:50:27,41548.17,KZT,528286,declined,card_blocked,True
1065,490,11,2025-08-09 06:42:55,74931.42,KZT,307006,approved,,True
1066,499,56,2025-11-21 17:10:32,27463.57,KZT,193227,approved,,True
1067,681,42,2025-07-19 04:30:51,44253.41,KZT,154473,approved,,True
1068,749,3,2025-07-18 22:47:32,59223.22,KZT,680487,approved,,True
1069,635,29,2025-09-14 12:04:37,69860.77,KZT,110496,approved,,True
1070,1055,43,2025-09-18 19:12:41,26182.61,KZT,471215,declined,limit_exceeded,True
1071,1065,21,2025-10-15 10:06:58,59540.07,KZT,147511,approved,,True
1072,263,19,2025-09-05 22:27:37,77625.6,KZT,854775,approved,,True
1073,745,89,2025-07-21 16:02:38,29233.01,KZT,957268,approved,,True
1074,6,93,2025-11-08 21:33:36,71970.26,KZT,611761,approved,,True
1075,776,98,2025-11-19 17:37:28,9356.29,KZT,736082,approved,,True
1076,83,46,2025-12-30 15:37:09,2958.69,KZT,656031,approved,,True
1077,952,27,2025-11-07 23:49:51,29091.83,KZT,320038,approved,,True
1078,108,21,2025-12-08 23:37:50,76072.28,KZT,243921,approved,,True
1079,852,66,2025-10-18 21:00:01,72301.46,KZT,329793,approved,,True
1080,1125,76,2025-09-19 14:30:31,40861.05,KZT,385637,approved,,True
1081,815,63,2025-08-23 06:34:11,44017.28,KZT,264004,approved,,True
1082,837,86,2025-10-29 15:23:13,5685.54,KZT,287934,approved,,True
1083,738,13,2025-12-17 10:43:18,42472.69,KZT,676033,approved,,True
1084,504,23,2025-12-08 15:53:53,41922.82,KZT,297180,approved,,True
1085,67,63,2025-09-09 07:43:19,45206.23,KZT,659746,approved,,True
1086,58,37,2025-08-02 08:53:47,34845.64,KZT,576951,approved,,True
1087,379,99,2025-09-14 02:38:27,28448.1,KZT,452394,approved,,True
1088,290,39,2025-12-23 12:55:43,76004.33,KZT,519912,approved,,True
1089,448,20,2025-07-22 17:55:27,44773.81,KZT,252013,approved,,True
1090,1199,90,2025-12-25 01:56:34,46640.07,KZT,573349,approved,,True
1091,693,1,2025-07-17 22:11:07,43272.18,KZT,866273,approved,,True
1092,281,98,2025-11-07 09:24:24,3995.71,KZT,419202,approved,,True
1093,832,22,2025-10-19 16:32:37,29529.03,KZT,345427,approved,,True
1094,270,36,2025-09-18 07:03:57,5405.34,KZT,747373,approved,,True
1095,201,37,2025-10-22 11:10:28,18555.44,KZT,954634,approved,,True
1096,328,23,2025-08-13 21:27:12,29558.77,KZT,353475,declined,insufficient_funds,True
1097,834,61,2025-11-26 18:37:57,38388.24,KZT,652944,approved,,True
1098,1027,51,2025-10-31 05:01:44,15529.42,KZT,886460,approved,,True
1099,512,16,2025-10-11 04:57:03,31492.19,KZT,877488,approved,,True
1100,431,68,2025-10-24 21:07:04,30174.09,KZT,568606,approved,,True
1101,821,47,2025-10-28 14:29:45,11282.03,KZT,691701,approved,,True
1102,18,83,2025-10-03 19:21:04,64629.96,KZT,315771,declined,insufficient_funds,True
1103,467,80,2025-12-08 11:31:43,33950.51,KZT,679753,approved,,True
1104,580,24,2025-11-27 14:23:36,26436.01,KZT,123158,approved,,True
1105,538,53,2025-12-10 04:51:30,78889.6,KZT,137380,approved,,True
1106,158,36,2025-10-27 03:12:37,46656.3,KZT,659556,approved,,True
1107,179,19,2025-08-14 21:11:23,4388.35,KZT,368443,approved,,True
1108,589,46,2025-09-24 01:34:59,78599.51,KZT,528277,approved,,True
1109,826,96,2025-09-28 12:51:53,39080.69,KZT,940539,approved,,True
1110,93,69,2025-07-16 05:20:44,13176.18,KZT,313712,approved,,True
1111,1176,54,2025-08-06 17:42:48,41709.99,KZT,647854,approved,,True
1112,54,1,2025-09-04 12:24:18,7042.74,KZT,674128,approved,,True
1113,753,8,2025-08-11 08:05:19,49345.79,KZT,541982,approved,,True
1114,44,12,2025-12-25 15:44:45,54912.31,KZT,481533,approved,,True
1115,207,23,2025-07-27 03:40:44,79978.5,KZT,325221,approved,,True
1116,10,37,2025-09-18 11:31:05,39971.55,KZT,629290,approved,,True
1117,1137,15,2025-09-03 18:51:18,50888.68,KZT,234442,approved,,True
1118,978,36,2025-07-17 05:36:54,673.27,KZT,281776,approved,,True
1119,430,43,2025-08-06 23:30:41,55037.27,KZT,276165,approved,,True
1120,1161,24,2025-08-14 19:22:33,45819.55,KZT,245540,approved,,True
1121,800,7,2025-09-28 03:36:31,18519.83,KZT,284639,approved,,True
1122,390,32,2025-08-09 02:19:09,43866.67,KZT,728958,declined,card_blocked,True
1123,691,92,2025-12-23 00:23:16,3547.73,KZT,886719,approved,,True
1124,1074,52,2025-11-29 22:56:34,42802.57,KZT,369192,approved,,True
1125,981,18,2025-09-04 14:36:05,57192.1,KZT,900531,approved,,True
1126,56,93,2025-07-25 01:25:04,60787.43,KZT,801319,approved,,True
1127,43,72,2025-07-27 13:20:26,77723.12,KZT,039418,approved,,True
1128,636,89,2025-07-27 06:54:45,72893.94,KZT,284199,approved,,True
1129,342,25,2025-10-12 14:28:29,8467.05,KZT,718338,approved,,True
1130,1029,83,2025-11-07 09:39:19,79901.76,KZT,552677,approved,,True
1131,1037,15,2025-08-11 17:02:11,57754.48,KZT,580696,approved,,True
1132,1136,70,2025-09-17 10:02:58,935.52,KZT,709553,approved,,True
1133,917,32,2025-10-13 22:07:19,5583.31,KZT,810935,approved,,True
1134,720,35,2025-09-21 17:23:13,44525.43,KZT,798762,approved,,True
1135,915,76,2025-08-24 16:34:11,61766.21,KZT,043058,approved,,True
1136,434,52,2025-10-17 16:35:12,51604.82,KZT,549823,approved,,True
1137,1192,28,2025-09-19 12:24:55,44795.14,KZT,013887,approved,,True
1138,170,93,2025-10-04 18:53:59,59661.78,KZT,275363,declined,insufficient_funds,True
1139,514,92,2025-12-22 14:57:29,4594.36,KZT,104013,approved,,True
1140,463,87,2025-10-02 08:07:39,50289.9,KZT,651297,approved,,True
1141,1035,1,2025-08-17 01:43:29,60634.64,KZT,497042,approved,,True
1142,488,60,2025-07-26 07:56:18,8544.76,KZT,180244,approved,,True
1143,653,14,2025-11-10 14:08:05,2185.34,KZT,254035,approved,,True
1144,188,94,2025-08-16 19:24:22,60697.39,KZT,407978,approved,,True
1145,270,93,2025-12-14 23:53:23,49379.84,KZT,844743,approved,,True
1146,468,35,2025-07-23 22:02:04,31425.61,KZT,555930,approved,,True
1147,431,95,2025-07-29 18:12:42,48096.64,KZT,016386,approved,,True
1148,931,18,2025-12-03 13:20:59,48024.47,KZT,446000,approved,,True
1149,1078,65,2025-07-08 04:47:20,39670.45,KZT,153377,approved,,True
1150,257,72,2025-08-27 07:15:33,35927.35,KZT,468039,approved,,True
1151,1140,37,2025-07-12 14:34:26,4698.17,KZT,056790,approved,,True
1152,876,98,2025-12-24 11:02:01,43347.08,KZT,531068,approved,,True
1153,461,30,2025-12-08 16:55:20,16462.8,KZT,481331,approved,,True
1154,524,12,2025-08-17 17:31:17,75180.64,KZT,346765,approved,,True
1155,1096,61,2025-11-19 01:59:32,65823.74,KZT,823018,approved,,True
1156,741,100,2025-11-27 09:24:37,25379.6,KZT,760024,approved,,True
1157,1103,10,2025-10-25 13:45:09,41678.94,KZT,208357,approved,,True
1158,941,16,2025-10-24 03:05:59,42893.45,KZT,281405,approved,,True
1159,918,96,2025-08-22 22:33:45,43928.68,KZT,873574,approved,,True
1160,28,67,2025-12-22 14:15:53,42766.24,KZT,058765,approved,,True
1161,776,18,2025-07-11 12:06:52,63673.28,KZT,993344,approved,,True
1162,714,24,2025-08-16 15:09:47,468.74,KZT,386855,approved,,True
1163,1200,42,2025-09-10 18:47:14,27973.77,KZT,464102,approved,,True
1164,1073,60,2025-10-14 15:48:36,58230.15,KZT,246352,approved,,True
1165,252,71,2025-10-07 02:59:21,66066.41,KZT,449557,approved,,True
1166,228,80,2025-11-25 01:55:15,58324.41,KZT,670276,approved,,True
1167,612,50,2025-08-09 11:00:47,4288.73,KZT,780459,approved,,True
1168,722,58,2025-07-24 11:04:31,26932.7,KZT,112860,approved,,True
1169,326,10,2025-08-14 07:00:51,26833.83,KZT,714726,approved,,True
1170,734,19,2025-12-18 10:15:27,71205.74,KZT,128022,approved,,True
1171,938,32,2025-07-29 16:29:36,70446.98,KZT,765156,approved,,True
1172,290,59,2025-11-10 22:14:35,42106.12,KZT,801469,approved,,True
1173,402,65,2025-09-02 21:48:43,76297.87,KZT,940309,approved,,True
1174,1131,29,2025-11-20 20:44:08,67682.46,KZT,499085,approved,,True
1175,425,88,2025-07-16 12:05:44,27605.17,KZT,630639,declined,insufficient_funds,True
1176,473,4,2025-12-06 13:33:07,78932.81,KZT,332629,approved,,True
1177,1182,53,2025-07-25 07:05:40,36553.56,KZT,782729,approved,,True
1178,33,90,2025-10-02 06:24:01,32205.35,KZT,650387,approved,,True
1179,165,24,2025-07-28 20:54:03,76604.78,KZT,299982,approved,,True
1180,576,33,2025-09-27 21:35:13,48165.32,KZT,153776,approved,,True
1181,105,18,2025-12-26 18:07:00,79887.4,KZT,323507,approved,,True
1182,764,88,2025-12-24 12:20:10,1856.25,KZT,359501,approved,,True
1183,623,82,2025-10-13 06:30:09,18896.93,KZT,322204,approved,,True
1184,596,72,2025-11-11 00:50:28,33679.25,KZT,919010,approved,,True
1185,476,73,2025-08-19 11:03:57,18193.91,KZT,733216,approved,,True
1186,9,55,2025-11-28 08:02:37,21923.67,KZT,399596,approved,,True
1187,461,34,2025-10-27 13:52:39,44250.5,KZT,044160,approved,,True
1188,892,27,2025-10-10 08:50:01,59267.92,KZT,696118,approved,,True
1189,939,6,2025-08-20 00:22:07,34830.9,KZT,429943,declined,limit_exceeded,True
1190,548,93,2025-11-17 19:40:14,26585.82,KZT,993325,approved,,True
1191,564,91,2025-11-11 13:11:54,73653.62,KZT,242633,approved,,True
1192,112,52,2025-10-14 15:57:58,8808.44,KZT,995719,approved,,True
1193,466,100,2025-08-27 07:45:32,57891.54,KZT,108265,approved,,True
1194,702,6,2025-11-12 20:13:55,23296.99,KZT,947908,approved,,True
1195,69,10,2025-08-01 16:38:13,14614.87,KZT,590961,approved,,True
1196,322,40,2025-10-23 07:34:05,55186.78,KZT,864673,approved,,True
1197,1138,21,2025-12-27 18:00:34,76315.34,KZT,917383,approved,,True
1198,310,45,2025-08-20 22:46:27,52108.4,KZT,597555,approved,,True
1199,1161,100,2025-09-28 19:29:53,23190.27,KZT,636359,approved,,True
1200,244,16,2025-11-28 02:29:32,73862.27,KZT,617996,approved,,True
1201,1109,24,2025-08-13 13:35:13,34907.96,KZT,071901,approved,,True
1202,1169,15,2025-11-12 01:13:51,42007.54,KZT,241468,approved,,True
1203,715,90,2025-11-11 08:42:46,51492.69,KZT,503757,declined,card_blocked,True
1204,159,48,2025-12-03 20:15:20,37589.18,KZT,938182,approved,,True
1205,653,15,2025-11-24 01:19:07,12357.4,KZT,189981,approved,,True
1206,108,73,2025-07-28 06:45:03,68534.65,KZT,090199,declined,insufficient_funds,True
1207,68,7,2025-07-17 12:53:53,73274.2,KZT,008667,approved,,True
1208,1180,22,2025-08-16 15:29:26,68590.29,KZT,856874,approved,,True
1209,220,32,2025-07-19 04:22:32,78590.19,KZT,601137,approved,,True
1210,244,75,2025-10-18 09:14:39,57729.51,KZT,963288,approved,,True
1211,475,77,2025-09-10 18:32:17,13565.13,KZT,114028,approved,,True
1212,733,51,2025-09-26 07:29:14,9185.6,KZT,886737,approved,,True
1213,42,94,2025-10-10 14:29:28,57078.96,KZT,040196,approved,,True
1214,836,49,2025-11-18 09:47:34,12171.96,KZT,212162,approved,,True
1215,1093,62,2025-10-10 06:41:21,58420.56,KZT,720142,approved,,True
1216,671,15,2025-10-14 17:21:45,48074.64,KZT,212175,approved,,True
1217,774,29,2025-12-13 22:11:44,7681.74,KZT,130077,approved,,True
1218,474,96,2025-10-14 21:57:32,7409.9,KZT,521270,approved,,True
1219,375,91,2025-07-09 20:42:16,35816.11,KZT,526441,approved,,True
1220,254,2,2025-09-21 21:34:06,59408.73,KZT,352516,approved,,True
1221,1132,96,2025-08-05 13:13:49,853.51,KZT,034135,approved,,True
1222,910,81,2025-12-22 21:38:36,20452.36,KZT,386605,approved,,True
1223,1157,21,2025-07-26 07:36:58,31584.83,KZT,106488,approved,,True
1224,1131,27,2025-10-09 17:10:57,68393.61,KZT,923545,approved,,True
1225,1090,66,2025-08-02 08:39:39,7363.63,KZT,652496,approved,,True
1226,1016,41,2025-12-27 04:10:03,22453.19,KZT,886498,approved,,True
1227,951,71,2025-09-21 06:26:52,34650.89,KZT,526347,approved,,True
1228,744,87,2025-11-05 13:24:33,70127.1,KZT,193164,approved,,True
1229,50,21,2025-08-31 09:17:47,44649.45,KZT,331389,approved,,True
1230,356,25,2025-12-09 04:41:29,36770.79,KZT,368185,approved,,True
1231,293,68,2025-07-11 17:56:27,2877.99,KZT,697444,approved,,True
1232,402,55,2025-10-07 17:24:22,21773.67,KZT,544492,approved,,True
1233,466,50,2025-09-16 11:07:36,60048.39,KZT,170118,approved,,True
1234,55,36,2025-07-17 15:06:15,38506.01,KZT,551483,approved,,True
1235,370,47,2025-08-31 10:33:45,3260.76,KZT,689671,approved,,True
1236,1179,4,2025-08-17 04:04:29,65739.77,KZT,432793,approved,,True
1237,176,87,2025-07-31 06:37:43,60095.44,KZT,220791,approved,,True
1238,879,66,2025-07-23 02:26:32,70661.96,KZT,514670,approved,,True
1239,717,39,2025-11-14 09:01:15,74307.43,KZT,494815,approved,,True
1240,59,71,2025-12-19 03:39:37,7216.34,KZT,484854,approved,,True
1241,569,21,2025-10-05 17:22:31,72990.61,KZT,310001,approved,,True
1242,391,38,2025-10-04 13:40:02,74499.19,KZT,921116,approved,,True
1243,772,41,2025-10-10 18:49:55,19125.85,KZT,729120,approved,,True
1244,128,46,2025-11-01 04:03:07,45057.53,KZT,109853,approved,,True
1245,941,33,2025-07-03 22:50:38,49144.93,KZT,200387,approved,,True
1246,853,96,2025-12-03 05:21:55,18189.78,KZT,313501,approved,,True
1247,417,87,2025-07-21 06:24:26,37559.93,KZT,577658,approved,,True
1248,485,82,2025-07-04 22:26:55,42639.7,KZT,523861,approved,,True
1249,687,95,2025-08-04 13:58:58,58901.71,KZT,117042,approved,,True
1250,566,13,2025-07-07 09:48:30,27943.96,KZT,676669,approved,,True
1251,487,68,2025-09-19 03:43:28,20319.45,KZT,804922,approved,,True
1252,273,27,2025-12-22 22:42:57,65905.11,KZT,272548,approved,,True
1253,1136,89,2025-07-24 22:43:20,73602.12,KZT,593365,declined,limit_exceeded,True
1254,1138,60,2025-08-24 13:57:56,52437.94,KZT,392681,approved,,True
1255,997,79,2025-12-12 13:59:20,58991.65,KZT,745357,approved,,True
1256,445,7,2025-09-20 22:32:43,1526.4,KZT,154255,approved,,True
1257,1053,80,2025-10-26 04:41:51,52284.42,KZT,802031,approved,,True
1258,156,95,2025-07-23 06:34:07,821.38,KZT,957376,approved,,True
1259,650,87,2025-08-01 13:20:40,17366.48,KZT,452809,approved,,True
1260,25,26,2025-07-14 00:58:38,40557.45,KZT,993268,approved,,True
1261,278,58,2025-09-03 12:22:33,7256.07,KZT,238527,approved,,True
1262,582,81,2025-07-07 05:51:40,41738.17,KZT,178826,approved,,True
1263,565,16,2025-08-19 06:06:53,70205.09,KZT,533434,approved,,True
1264,200,52,2025-07-13 06:28:31,38231.4,KZT,419951,approved,,True
1265,1089,33,2025-07-08 10:16:15,58902.6,KZT,595505,approved,,True
1266,273,99,2025-08-24 11:57:02,25002.58,KZT,996117,approved,,True
1267,556,13,2025-12-29 20:32:02,14945.2,KZT,450350,declined,card_blocked,True
1268,1076,83,2025-08-01 17:41:22,13610.18,KZT,401167,approved,,True
1269,36,10,2025-11-13 12:46:38,37659.05,KZT,998093,approved,,True
1270,328,83,2025-07-17 18:26:54,58193.09,KZT,531885,approved,,True
1271,586,96,2025-07-07 23:56:30,12929.74,KZT,899819,approved,,True
1272,695,9,2025-09-05 18:49:10,21877.35,KZT,453231,approved,,True
1273,437,26,2025-07-04 13:10:45,5915.86,KZT,030797,approved,,True
1274,590,96,2025-10-20 05:10:04,24131.93,KZT,671835,declined,limit_exceeded,True
1275,1143,34,2025-07-19 00:22:29,50092.96,KZT,361072,approved,,True
1276,11,23,2025-07-05 16:11:10,61886.25,KZT,885803,approved,,True
1277,842,67,2025-07-08 12:24:43,66384.19,KZT,654376,approved,,True
1278,885,17,2025-08-12 16:59:58,74033.9,KZT,051279,approved,,True
1279,647,20,2025-09-03 05:26:42,19176.83,KZT,340283,declined,card_blocked,True
1280,69,60,2025-11-20 12:35:29,74517.24,KZT,505287,approved,,True
1281,872,67,2025-09-02 08:23:03,21119.3,KZT,700875,declined,card_blocked,True
1282,185,29,2025-12-17 16:11:29,25087.15,KZT,279207,approved,,True
1283,1156,44,2025-12-06 22:17:50,35463.17,KZT,422656,approved,,True
1284,895,59,2025-11-02 05:28:33,58015.31,KZT,050527,declined,insufficient_funds,True
1285,274,29,2025-11-23 04:05:18,4403.02,KZT,681694,approved,,True
1286,703,10,2025-07-16 18:47:32,2815.03,KZT,598073,approved,,True
1287,370,68,2025-11-16 05:07:45,559.73,KZT,431805,declined,limit_exceeded,True
1288,1170,65,2025-10-08 10:25:48,29810.57,KZT,012173,approved,,True
1289,743,37,2025-11-15 14:47:10,8406.96,KZT,521330,approved,,True
1290,948,9,2025-11-11 18:10:00,77421.03,KZT,117619,approved,,True
1291,868,70,2025-10-10 02:54:27,21386.59,KZT,140121,approved,,True
1292,493,100,2025-12-29 14:12:34,72012.4,KZT,104553,approved,,True
1293,155,33,2025-09-15 12:38:18,38736.91,KZT,085574,declined,card_blocked,True
1294,701,69,2025-07-13 11:27:04,70817.96,KZT,507116,approved,,True
1295,379,20,2025-07-12 21:09:20,7890.44,KZT,006642,declined,limit_exceeded,True
1296,787,16,2025-11-20 06:29:24,19223.96,KZT,930375,declined,limit_exceeded,True
1297,1160,93,2025-08-02 14:52:24,56698.43,KZT,356770,approved,,True
1298,809,34,2025-10-23 15:39:18,7003.06,KZT,885658,approved,,True
1299,881,100,2025-07-05 19:01:34,67115.18,KZT,600270,approved,,True
1300,160,85,2025-10-24 17:56:48,61189.04,KZT,038796,declined,limit_exceeded,True
1301,962,29,2025-07-22 18:46:43,35240.96,KZT,213799,approved,,True
1302,628,12,2025-08-05 03:09:25,61273.37,KZT,088309,approved,,True
1303,416,60,2025-12-25 04:53:57,5889.42,KZT,223115,declined,limit_exceeded,True
1304,1100,88,2025-11-20 18:50:30,42766.24,KZT,609446,approved,,True
1305,1193,18,2025-07-31 07:49:57,2805.21,KZT,627855,approved,,True
1306,564,8,2025-07-15 21:11:47,53696.91,KZT,582230,approved,,True
1307,867,23,2025-07-25 04:46:14,45004.01,KZT,281173,approved,,True
1308,1078,7,2025-08-25 19:27:11,17762.72,KZT,864028,approved,,True
1309,401,30,2025-08-28 03:52:17,76615.93,KZT,579576,approved,,True
1310,512,51,2025-08-09 03:51:42,24484.65,KZT,450384,approved,,True
1311,789,27,2025-11-28 07:47:35,2586.23,KZT,256564,approved,,True
1312,1143,94,2025-11-17 08:12:14,58266.38,KZT,741017,approved,,True
1313,675,70,2025-10-30 21:44:59,49559.47,KZT,370790,declined,limit_exceeded,True
1314,800,14,2025-07-06 08:02:05,39138.95,KZT,588014,approved,,True
1315,289,32,2025-07-03 04:51:58,67691.8,KZT,756849,approved,,True
1316,879,90,2025-11-01 10:34:08,26932.66,KZT,526154,approved,,True
1317,1111,86,2025-07-03 23:54:32,23082.67,KZT,937684,approved,,True
1318,548,11,2025-11-07 22:47:16,54546.58,KZT,009746,approved,,True
1319,1083,37,2025-10-30 03:44:41,37901.94,KZT,573303,approved,,True
1320,92,80,2025-11-27 10:42:58,15171.77,KZT,377082,approved,,True
1321,124,97,2025-10-17 07:32:42,36735.39,KZT,426330,approved,,True
1322,654,34,2025-09-11 15:37:01,42122.95,KZT,882044,approved,,True
1323,250,62,2025-10-10 05:02:20,74923.39,KZT,159843,approved,,True
1324,996,4,2025-08-26 17:41:32,66565.94,KZT,069435,approved,,True
1325,1100,38,2025-08-27 12:55:42,45868.89,KZT,267332,approved,,True
1326,115,98,2025-09-18 06:40:31,23664.34,KZT,875511,approved,,True
1327,1102,80,2025-08-30 00:07:04,926.6,KZT,151601,approved,,True
1328,1129,58,2025-10-21 03:05:42,60600.34,KZT,109355,approved,,True
1329,1070,6,2025-12-03 05:22:36,55383.3,KZT,941428,approved,,True
1330,179,39,2025-09-16 04:57:41,4107.77,KZT,302194,approved,,True
1331,963,60,2025-08-30 02:43:24,20471.57,KZT,752637,approved,,True
1332,493,68,2025-07-31 13:54:37,18771.56,KZT,706905,approved,,True
1333,69,89,2025-08-13 19:30:18,36649.05,KZT,986019,approved,,True
1334,533,21,2025-12-14 16:27:51,10722.01,KZT,002469,approved,,True
1335,786,59,2025-10-21 19:06:16,79983.97,KZT,198900,approved,,True
1336,937,62,2025-10-15 10:40:37,72156.53,KZT,512837,approved,,True
1337,1093,89,2025-09-05 06:12:46,13043.33,KZT,374323,approved,,True
1338,1083,59,2025-07-23 10:44:30,40282.98,KZT,863888,approved,,True
1339,694,8,2025-10-20 13:18:34,15171.44,KZT,809414,declined,insufficient_funds,True
1340,407,60,2025-11-28 17:17:38,6981.98,KZT,816879,approved,,True
1341,728,22,2025-11-05 08:01:58,26980.8,KZT,422643,declined,insufficient_funds,True
1342,862,85,2025-11-06 21:27:26,13450.29,KZT,896398,approved,,True
1343,84,60,2025-10-05 23:12:33,63404.26,KZT,923182,approved,,True
1344,311,37,2025-10-08 18:07:18,31565.32,KZT,656990,approved,,True
1345,486,72,2025-08-09 10:40:50,23651.5,KZT,801540,approved,,True
1346,462,42,2025-09-22 02:44:28,62819.13,KZT,976448,approved,,True
1347,849,38,2025-10-25 01:31:12,32137.5,KZT,589496,approved,,True
1348,1070,31,2025-12-29 19:35:48,23875.12,KZT,243218,approved,,True
1349,350,44,2025-12-03 03:35:54,73290.74,KZT,567860,approved,,True
1350,969,50,2025-11-10 17:29:16,5059.66,KZT,257104,approved,,True
1351,965,27,2025-07-15 05:20:08,17092.68,KZT,878553,approved,,True
1352,550,8,2025-07-10 10:17:09,52351.78,KZT,320948,approved,,True
1353,137,91,2025-12-30 04:45:51,71630.74,KZT,413504,approved,,True
1354,1062,8,2025-08-23 09:18:13,46278.3,KZT,400309,approved,,True
1355,935,92,2025-11-16 18:24:58,24201.41,KZT,726935,approved,,True
1356,806,79,2025-10-07 04:54:35,45222.89,KZT,322933,approved,,True
1357,463,40,2025-11-17 16:50:05,2415.36,KZT,274017,approved,,True
1358,1101,29,2025-09-15 01:01:24,16781.71,KZT,458219,approved,,True
1359,9,82,2025-08-24 18:36:58,70160.11,KZT,173676,approved,,True
1360,900,81,2025-08-15 20:29:41,75391.09,KZT,957908,declined,card_blocked,True
1361,288,94,2025-07-06 22:49:33,75586.16,KZT,687526,approved,,True
1362,497,20,2025-09-12 16:45:07,46578.98,KZT,471958,approved,,True
1363,1086,51,2025-07-08 13:35:07,12263.34,KZT,694477,approved,,True
1364,737,99,2025-08-15 08:15:20,53789.11,KZT,483342,approved,,True
1365,763,93,2025-12-18 22:21:48,53387.03,KZT,327308,approved,,True
1366,1060,3,2025-09-17 01:36:19,70902.26,KZT,022181,approved,,True
1367,195,32,2025-08-25 20:20:53,23795.87,KZT,168150,approved,,True
1368,363,48,2025-09-24 10:06:24,34256.83,KZT,721952,approved,,True
1369,576,75,2025-08-25 19:41:24,1687.55,KZT,796591,approved,,True
1370,337,7,2025-07-16 17:30:29,64645.55,KZT,683871,approved,,True
1371,853,71,2025-08-03 00:01:37,62858.45,KZT,616657,approved,,True
1372,715,42,2025-10-08 05:37:42,59752.66,KZT,429122,approved,,True
1373,877,47,2025-07-05 18:36:38,16813.79,KZT,370643,approved,,True
1374,960,36,2025-08-10 07:41:35,47097.14,KZT,531203,approved,,True
1375,363,10,2025-12-27 01:41:37,35381.51,KZT,294262,approved,,True
1376,228,78,2025-10-12 10:34:33,15765.8,KZT,893805,approved,,True
1377,599,96,2025-11-06 01:34:37,43834.87,KZT,287153,approved,,True
1378,154,42,2025-10-29 20:58:00,39932.46,KZT,031808,approved,,True
1379,374,26,2025-09-21 04:45:40,614.99,KZT,846198,declined,limit_exceeded,True
1380,741,97,2025-12-19 23:44:14,68068.63,KZT,005578,approved,,True
1381,885,30,2025-07-11 08:46:01,19516.43,KZT,871129,declined,insufficient_funds,True
1382,908,32,2025-09-16 10:28:18,49116.35,KZT,520118,approved,,True
1383,607,48,2025-12-12 17:05:57,47329.33,KZT,654198,approved,,True
1384,1069,31,2025-11-01 12:20:45,12158.14,KZT,855104,approved,,True
1385,672,37,2025-12-05 14:46:02,74722.91,KZT,026576,approved,,True
1386,319,87,2025-08-25 14:16:18,58395.98,KZT,276336,declined,limit_exceeded,True
1387,873,10,2025-12-28 14:10:40,46692.69,KZT,033726,approved,,True
1388,900,20,2025-11-27 14:41:26,13336.11,KZT,887533,approved,,True
1389,375,29,2025-07-16 00:14:42,747.27,KZT,154533,approved,,True
1390,480,66,2025-10-02 03:49:09,46798.37,KZT,610474,approved,,True
1391,528,3,2025-08-06 00:39:54,41798.26,KZT,755023,approved,,True
1392,558,65,2025-12-19 20:14:19,41292.66,KZT,343961,approved,,True
1393,1,97,2025-07-15 00:36:59,22711.18,KZT,646473,approved,,True
1394,754,14,2025-11-25 10:03:06,14984.18,KZT,826203,approved,,True
1395,185,55,2025-08-16 23:54:13,61139.3,KZT,611002,approved,,True
1396,389,55,2025-10-21 05:06:37,53212.92,KZT,404147,approved,,True
1397,716,14,2025-10-18 12:11:32,16742.02,KZT,505637,approved,,True
1398,1069,43,2025-10-20 08:43:23,27587.27,KZT,126789,approved,,True
1399,799,99,2025-10-19 22:50:04,27952.23,KZT,264775,approved,,True
1400,553,36,2025-07-10 00:05:40,65698.69,KZT,102264,approved,,True
1401,1023,3,2025-12-23 03:53:50,45772.79,KZT,615179,approved,,True
1402,730,64,2025-08-06 06:37:46,55266.48,KZT,603458,declined,insufficient_funds,True
1403,584,17,2025-07-20 10:25:24,35411.84,KZT,999980,approved,,True
1404,242,29,2025-12-22 04:55:21,35019.22,KZT,213562,approved,,True
1405,77,29,2025-11-19 01:44:22,11786.36,KZT,699620,approved,,True
1406,303,20,2025-09-17 22:54:51,37333.23,KZT,217827,approved,,True
1407,981,57,2025-10-03 19:59:56,47868.86,KZT,135402,approved,,True
1408,1043,59,2025-12-10 08:41:21,34250.87,KZT,360328,approved,,True
1409,641,61,2025-07-03 16:53:03,76.74,KZT,138002,approved,,True
1410,732,72,2025-07-09 00:29:48,52177.82,KZT,777903,approved,,True
1411,959,68,2025-11-08 14:58:37,10123.07,KZT,989971,approved,,True
1412,594,13,2025-09-30 16:51:52,29168.57,KZT,898490,approved,,True
1413,350,17,2025-11-17 17:15:33,63374.3,KZT,536939,approved,,True
1414,221,51,2025-08-18 10:49:21,58573.87,KZT,476810,declined,limit_exceeded,True
1415,819,78,2025-11-23 03:39:51,11032.51,KZT,123435,approved,,True
1416,824,58,2025-09-28 22:15:17,55714.85,KZT,744731,approved,,True
1417,40,3,2025-09-15 11:50:20,18984.03,KZT,957785,approved,,True
1418,729,76,2025-10-27 04:59:01,56334.64,KZT,221064,declined,limit_exceeded,True
1419,246,19,2025-10-20 15:31:43,52880.19,KZT,569714,approved,,True
1420,10,8,2025-09-24 08:51:48,27907.16,KZT,181775,approved,,True
1421,1083,40,2025-11-20 01:51:48,28939.74,KZT,285780,approved,,True
1422,1102,80,2025-09-14 05:56:09,65927.25,KZT,157634,approved,,True
1423,307,20,2025-12-15 18:59:33,15085.74,KZT,134379,approved,,True
1424,551,23,2025-10-29 02:06:25,28015.65,KZT,475682,approved,,True
1425,653,54,2025-08-26 09:16:43,46541.36,KZT,808534,approved,,True
1426,1017,84,2025-08-06 16:42:18,35411.55,KZT,226639,approved,,True
1427,218,16,2025-08-04 20:07:42,59423.88,KZT,978959,approved,,True
1428,375,3,2025-08-18 08:36:57,53800.93,KZT,165902,approved,,True
1429,886,46,2025-10-10 06:10:39,29196.37,KZT,589071,approved,,True
1430,13,83,2025-09-20 21:15:03,28946.47,KZT,567705,approved,,True
1431,396,100,2025-11-04 08:07:50,12774.53,KZT,511129,approved,,True
1432,213,16,2025-10-19 06:38:59,28675.17,KZT,626715,approved,,True
1433,1016,74,2025-07-07 11:50:27,60089.7,KZT,326976,approved,,True
1434,246,6,2025-12-10 04:26:50,43061.25,KZT,999164,approved,,True
1435,127,1,2025-12-07 18:58:47,56982.26,KZT,799976,approved,,True
1436,203,89,2025-08-29 09:08:32,56069.23,KZT,809357,approved,,True
1437,176,96,2025-09-10 08:43:19,9844.7,KZT,715901,approved,,True
1438,1097,54,2025-07-07 16:57:21,20444.19,KZT,490352,approved,,True
1439,636,75,2025-07-13 08:06:35,24617.18,KZT,785393,approved,,True
1440,116,10,2025-08-16 12:26:27,13566.69,KZT,650750,approved,,True
1441,1190,60,2025-07-21 09:59:11,15865.82,KZT,366569,approved,,True
1442,229,81,2025-10-12 10:59:06,73313.36,KZT,702802,approved,,True
1443,53,51,2025-08-17 00:25:03,36512.7,KZT,281895,declined,limit_exceeded,True
1444,1199,4,2025-09-13 18:01:22,5787.09,KZT,559013,approved,,True
1445,906,3,2025-07-08 02:09:44,23560.18,KZT,955444,approved,,True
1446,325,45,2025-11-26 15:08:38,39693.59,KZT,281089,approved,,True
1447,212,3,2025-09-19 03:02:16,43895.46,KZT,437661,approved,,True
1448,1062,10,2025-10-26 22:32:55,51812.11,KZT,855798,approved,,True
1449,500,76,2025-12-19 06:01:09,17047.26,KZT,565989,approved,,True
1450,105,60,2025-08-04 02:05:02,43016.08,KZT,540541,approved,,True
1451,677,7,2025-12-28 09:04:21,15208.64,KZT,938813,approved,,True
1452,1065,9,2025-12-28 18:34:24,58598.31,KZT,980334,approved,,True
1453,723,53,2025-10-15 01:40:22,53182.96,KZT,901336,declined,card_blocked,True
1454,171,32,2025-10-14 01:36:34,69721.12,KZT,032900,approved,,True
1455,683,5,2025-12-25 16:11:20,23376.96,KZT,140304,approved,,True
1456,1074,35,2025-11-13 10:10:36,38782.13,KZT,066348,approved,,True
1457,578,22,2025-09-25 20:08:36,67991.96,KZT,556535,approved,,True
1458,232,19,2025-11-19 13:59:28,78224.09,KZT,755214,approved,,True
1459,955,32,2025-08-21 12:34:49,35228.12,KZT,480094,approved,,True
1460,42,71,2025-12-19 04:01:21,28082.79,KZT,185230,approved,,True
1461,28,89,2025-10-03 13:54:14,27245.13,KZT,401658,approved,,True
1462,1031,4,2025-07-06 15:43:06,77397.62,KZT,138264,approved,,True
1463,47,23,2025-12-26 18:18:47,71222.27,KZT,468239,approved,,True
1464,433,6,2025-12-16 22:15:52,29661.5,KZT,261773,approved,,True
1465,872,97,2025-10-27 18:19:51,25139.47,KZT,208828,approved,,True
1466,1178,31,2025-08-18 00:54:20,62509.95,KZT,612291,approved,,True
1467,1155,69,2025-08-18 02:30:57,55485.58,KZT,774782,approved,,True
1468,771,32,2025-08-31 08:25:54,563.56,KZT,581933,approved,,True
1469,115,67,2025-12-30 00:40:23,68921.97,KZT,512206,approved,,True
1470,985,8,2025-09-16 19:51:06,17568.22,KZT,902412,approved,,True
1471,808,94,2025-12-12 11:41:46,48159.23,KZT,098702,approved,,True
1472,664,5,2025-12-03 04:38:12,45849.04,KZT,421531,approved,,True
1473,269,13,2025-11-11 10:53:04,11274.96,KZT,193376,approved,,True
1474,549,27,2025-09-29 06:01:40,53883.61,KZT,889517,approved,,True
1475,1167,92,2025-07-08 01:50:00,40496.61,KZT,911895,approved,,True
1476,1037,61,2025-10-16 19:48:37,7567.88,KZT,572148,approved,,True
1477,1029,56,2025-12-11 00:11:15,39810.08,KZT,126769,approved,,True
1478,1061,61,2025-10-27 21:17:52,57219.39,KZT,070550,approved,,True
1479,1012,52,2025-11-08 03:17:38,43057.75,KZT,750809,approved,,True
1480,66,95,2025-11-29 02:48:35,27593.43,KZT,821968,approved,,True
1481,839,77,2025-08-02 09:27:05,62445.31,KZT,469082,approved,,True
1482,9,7,2025-11-24 08:57:11,51096.12,KZT,251147,approved,,True
1483,968,4,2025-11-25 21:28:16,24217.51,KZT,532002,approved,,True
1484,1036,56,2025-10-30 01:55:17,7348.17,KZT,806726,approved,,True
1485,288,19,2025-08-16 04:41:47,44847.13,KZT,294249,approved,,True
1486,43,14,2025-08-04 20:58:43,15417.84,KZT,965332,approved,,True
1487,955,94,2025-09-24 17:35:15,38859.86,KZT,339233,approved,,True
1488,254,65,2025-08-14 02:05:13,53980.32,KZT,332479,approved,,True
1489,1077,77,2025-09-07 09:24:56,24049.62,KZT,002906,approved,,True
1490,721,58,2025-07-10 22:02:58,64539.26,KZT,814876,approved,,True
1491,279,60,2025-11-21 02:54:39,50045.92,KZT,813000,approved,,True
1492,306,58,2025-12-13 19:02:46,2201.45,KZT,801044,approved,,True
1493,721,96,2025-07-31 15:21:57,31866.21,KZT,413620,approved,,True
1494,768,61,2025-08-23 12:46:53,1830.14,KZT,991539,approved,,True
1495,633,82,2025-10-15 23:04:32,58486.71,KZT,287348,approved,,True
1496,534,79,2025-12-13 02:36:30,10026.68,KZT,721344,approved,,True
1497,129,75,2025-09-01 13:14:53,28817.33,KZT,764163,approved,,True
1498,181,95,2025-12-19 09:01:34,23117.18,KZT,134327,approved,,True
1499,401,67,2025-10-29 14:06:33,24981.11,KZT,991496,approved,,True
1500,606,28,2025-09-19 00:54:36,6479.54,KZT,883236,approved,,True
1501,1063,59,2025-07-03 17:18:46,49853.54,KZT,311198,approved,,True
1502,114,58,2025-10-25 12:27:17,67733.74,KZT,041294,approved,,True
1503,459,30,2025-09-22 08:18:08,17604.68,KZT,469543,approved,,True
1504,733,39,2025-08-13 14:45:17,46040.09,KZT,308919,approved,,True
1505,87,64,2025-12-11 09:44:58,10274.51,KZT,742783,approved,,True
1506,742,66,2025-10-20 22:28:09,79822.34,KZT,783201,declined,card_blocked,True
1507,1082,79,2025-11-17 23:31:19,7183.34,KZT,933327,approved,,True
1508,543,8,2025-11-15 23:23:32,35648.61,KZT,159824,declined,limit_exceeded,True
1509,605,69,2025-08-24 11:09:41,56502.77,KZT,421175,approved,,True
1510,801,36,2025-07-17 13:07:04,32556.38,KZT,302441,approved,,True
1511,1026,31,2025-10-12 06:30:29,36758.07,KZT,261544,approved,,True
1512,979,44,2025-12-15 11:07:38,78286.23,KZT,136626,approved,,True
1513,610,57,2025-12-12 04:39:18,29374.31,KZT,020463,approved,,True
1514,1166,84,2025-12-27 03:12:53,42287.08,KZT,025428,approved,,True
1515,444,27,2025-10-27 13:28:14,69346.2,KZT,794020,approved,,True
1516,514,72,2025-07-04 13:00:14,52417.15,KZT,725622,approved,,True
1517,756,11,2025-07-11 06:33:23,53932.1,KZT,355977,approved,,True
1518,21,62,2025-10-04 10:29:54,16052.86,KZT,440637,declined,card_blocked,True
1519,889,94,2025-11-17 18:23:22,24094.3,KZT,705880,approved,,True
1520,783,19,2025-08-23 22:52:34,17434.49,KZT,822141,approved,,True
1521,293,7,2025-10-13 18:31:10,57739.56,KZT,070620,approved,,True
1522,610,4,2025-12-05 22:20:30,75907.96,KZT,273433,approved,,True
1523,183,31,2025-10-08 13:17:23,40339.4,KZT,362824,approved,,True
1524,989,8,2025-12-08 10:20:02,52276.75,KZT,985844,approved,,True
1525,57,53,2025-11-09 12:57:37,14459.98,KZT,360602,approved,,True
1526,383,85,2025-10-15 18:54:41,12508.4,KZT,768177,approved,,True
1527,1071,69,2025-07-25 16:39:59,21079.36,KZT,941234,approved,,True
1528,394,94,2025-10-07 05:32:54,37924.79,KZT,295469,declined,limit_exceeded,True
1529,1052,82,2025-12-24 01:40:09,36297.68,KZT,716476,approved,,True
1530,643,24,2025-07-03 14:36:45,25797.57,KZT,649996,approved,,True
1531,854,98,2025-11-06 05:21:56,12898.68,KZT,363451,approved,,True
1532,803,11,2025-08-10 18:35:55,17352.24,KZT,094395,approved,,True
1533,674,100,2025-12-01 07:27:33,13122.05,KZT,558297,approved,,True
1534,961,78,2025-08-29 05:41:32,64549.97,KZT,715669,approved,,True
1535,182,89,2025-11-24 19:40:18,42346.99,KZT,287096,approved,,True
1536,1014,80,2025-09-14 22:08:26,29506.1,KZT,802352,approved,,True
1537,186,67,2025-09-05 13:23:06,23749.54,KZT,543640,approved,,True
1538,726,38,2025-11-04 18:09:14,36831.11,KZT,636659,approved,,True
1539,1105,30,2025-10-14 16:22:02,27968.9,KZT,973349,approved,,True
1540,1000,25,2025-08-11 07:43:41,61448.04,KZT,347837,approved,,True
1541,1009,6,2025-09-11 20:17:59,27610.2,KZT,943108,approved,,True
1542,709,92,2025-08-09 12:58:56,76454.36,KZT,093347,approved,,True
1543,525,40,2025-11-07 12:52:26,62892.39,KZT,439739,approved,,True
1544,892,45,2025-10-02 11:28:25,48242.33,KZT,455572,declined,insufficient_funds,True
1545,721,26,2025-10-12 09:00:18,39442.57,KZT,415656,approved,,True
1546,174,19,2025-07-23 23:33:34,16995.49,KZT,978498,approved,,True
1547,593,23,2025-07-24 15:31:33,1139.42,KZT,581279,approved,,True
1548,520,43,2025-11-30 22:17:15,43260.34,KZT,414940,approved,,True
1549,1086,16,2025-10-13 12:32:47,6594.42,KZT,609635,approved,,True
1550,950,27,2025-11-21 01:30:56,47745.06,KZT,268128,approved,,True
1551,629,57,2025-11-04 10:46:19,10750.65,KZT,720273,approved,,True
1552,113,34,2025-12-21 16:57:31,54067.02,KZT,750248,approved,,True
1553,787,17,2025-11-17 11:34:01,7412.73,KZT,286497,approved,,True
1554,1092,100,2025-11-07 04:28:16,9326.32,KZT,959929,approved,,True
1555,621,11,2025-12-10 16:59:14,14811.38,KZT,344171,approved,,True
1556,886,26,2025-09-11 07:20:08,62784.39,KZT,166834,approved,,True
1557,173,27,2025-09-26 23:09:10,71810.49,KZT,007698,approved,,True
1558,651,83,2025-09-09 09:03:34,60048.21,KZT,531758,approved,,True
1559,214,92,2025-09-13 03:30:00,79388.03,KZT,031749,approved,,True
1560,332,31,2025-11-20 19:10:32,72186.94,KZT,303283,approved,,True
1561,833,17,2025-08-18 06:07:07,76560.38,KZT,347235,approved,,True
1562,826,8,2025-11-04 20:09:30,30936.7,KZT,295141,approved,,True
1563,546,17,2025-07-30 10:38:51,3918.68,KZT,636318,approved,,True
1564,469,58,2025-12-25 12:31:02,11190.42,KZT,619185,approved,,True
1565,84,13,2025-09-25 15:48:20,39030.28,KZT,301546,approved,,True
1566,642,34,2025-10-12 01:44:13,49938.53,KZT,976705,approved,,True
1567,461,28,2025-07-25 03:03:53,35380.49,KZT,846397,approved,,True
1568,1109,13,2025-12-18 02:14:13,47485.23,KZT,916695,declined,card_blocked,True
1569,1075,88,2025-10-02 18:59:41,30083.79,KZT,504633,approved,,True
1570,342,13,2025-10-10 15:17:27,47559.42,KZT,774706,declined,insufficient_funds,True
1571,967,47,2025-07-18 22:13:29,42956.44,KZT,431894,approved,,True
1572,1133,30,2025-09-05 00:18:03,77547.54,KZT,746712,approved,,True
1573,859,51,2025-11-07 05:10:58,11876.6,KZT,688535,approved,,True
1574,242,9,2025-07-15 02:32:19,9131.51,KZT,255556,declined,card_blocked,True
1575,49,93,2025-09-05 04:48:55,11074.63,KZT,288722,approved,,True
1576,885,39,2025-07-29 08:55:59,5015.62,KZT,467300,approved,,True
1577,875,66,2025-11-14 11:12:16,131.76,KZT,170093,approved,,True
1578,626,52,2025-08-06 08:21:17,30181.65,KZT,113573,approved,,True
1579,314,47,2025-08-21 17:38:20,341.64,KZT,508067,approved,,True
1580,488,72,2025-12-08 19:45:21,58640.23,KZT,237738,approved,,True
1581,266,52,2025-11-01 00:04:39,524.51,KZT,331504,approved,,True
1582,502,45,2025-12-23 01:09:32,34190.27,KZT,233943,approved,,True
1583,715,68,2025-08-22 15:13:27,47962.99,KZT,780379,approved,,True
1584,732,66,2025-12-04 23:23:52,70732.61,KZT,372871,approved,,True
1585,390,37,2025-12-09 01:43:36,33708.03,KZT,172950,approved,,True
1586,714,30,2025-10-31 18:24:55,673.59,KZT,550574,approved,,True
1587,185,3,2025-09-25 16:18:26,52078.34,KZT,326046,approved,,True
1588,345,15,2025-08-04 21:57:29,7003.64,KZT,458990,declined,limit_exceeded,True
1589,458,79,2025-10-21 05:05:21,63420.28,KZT,859890,approved,,True
1590,1015,57,2025-08-29 16:18:34,59242.77,KZT,804942,approved,,True
1591,839,100,2025-10-27 01:32:09,15553.4,KZT,543114,approved,,True
1592,433,63,2025-09-04 23:14:22,78687.63,KZT,864314,approved,,True
1593,562,47,2025-10-01 14:39:18,42979.86,KZT,957205,declined,limit_exceeded,True
1594,242,1,2025-07-11 23:29:01,5837.37,KZT,935903,approved,,True
1595,633,47,2025-11-02 23:20:31,15448.94,KZT,117576,approved,,True
1596,27,62,2025-12-12 14:39:00,71192.39,KZT,940836,approved,,True
1597,400,76,2025-07-25 19:09:27,13349.32,KZT,212792,approved,,True
1598,247,69,2025-09-29 01:40:56,27339.21,KZT,923011,approved,,True
1599,420,52,2025-09-06 13:37:24,51984.57,KZT,861122,approved,,True
1600,1098,12,2025-08-07 05:51:52,27896.82,KZT,515222,approved,,True
1601,378,39,2025-11-02 07:26:23,57726.76,KZT,098317,approved,,True
1602,614,29,2025-10-25 05:31:52,9179.23,KZT,898509,approved,,True
1603,938,15,2025-10-29 07:44:40,61792.19,KZT,723447,approved,,True
1604,1162,43,2025-12-12 20:23:36,55852.72,KZT,468585,approved,,True
1605,887,69,2025-07-12 07:44:40,36868.75,KZT,344445,approved,,True
1606,1199,89,2025-08-15 21:03:07,31446.72,KZT,820545,approved,,True
1607,120,74,2025-12-24 13:49:03,69299.52,KZT,575061,approved,,True
1608,1084,53,2025-07-08 22:22:05,9242.18,KZT,971912,approved,,True
1609,423,34,2025-12-23 18:33:21,29921.29,KZT,797260,approved,,True
1610,876,40,2025-12-25 02:26:58,34338.89,KZT,242466,approved,,True
1611,121,10,2025-08-07 15:49:01,1300.39,KZT,597648,declined,insufficient_funds,True
1612,706,44,2025-09-10 06:12:47,50672.2,KZT,543082,approved,,True
1613,893,22,2025-08-06 14:29:25,26723.25,KZT,030352,approved,,True
1614,7,93,2025-10-04 00:23:59,17479.47,KZT,891545,approved,,True
1615,678,73,2025-08-27 18:45:40,43738.01,KZT,684608,approved,,True
1616,233,37,2025-08-23 10:11:54,35906.27,KZT,432951,approved,,True
1617,301,37,2025-07-21 19:42:11,63775.89,KZT,693064,declined,insufficient_funds,True
1618,125,85,2025-08-21 07:08:14,48838.31,KZT,933997,declined,limit_exceeded,True
1619,996,97,2025-12-20 19:11:39,31583.22,KZT,103560,approved,,True
1620,153,24,2025-08-10 21:11:30,23454.64,KZT,265316,approved,,True
1621,759,94,2025-08-15 01:00:09,18859.92,KZT,229857,approved,,True
1622,408,5,2025-09-22 09:25:26,45070.07,KZT,251268,approved,,True
1623,946,47,2025-09-07 10:27:12,76560.44,KZT,979822,approved,,True
1624,279,45,2025-11-19 09:41:44,8618.08,KZT,014434,approved,,True
1625,474,45,2025-07-19 20:20:46,30587.7,KZT,083357,declined,insufficient_funds,True
1626,1161,74,2025-07-06 07:10:07,16997.68,KZT,706686,approved,,True
1627,533,56,2025-07-29 04:31:39,66523.01,KZT,819916,approved,,True
1628,695,32,2025-07-16 03:25:24,31316.25,KZT,474545,approved,,True
1629,984,72,2025-07-08 19:48:47,33520.17,KZT,751958,approved,,True
1630,417,47,2025-12-08 23:58:50,38915.37,KZT,093139,approved,,True
1631,737,3,2025-11-12 11:52:52,21408.9,KZT,234344,approved,,True
1632,716,86,2025-11-26 09:21:08,58959.43,KZT,939651,approved,,True
1633,887,91,2025-07-07 03:54:15,28703.65,KZT,656640,approved,,True
1634,511,9,2025-07-17 04:54:08,30948.98,KZT,517436,approved,,True
1635,273,66,2025-12-24 05:52:47,40810.03,KZT,647280,declined,limit_exceeded,True
1636,718,64,2025-10-06 20:00:05,69340.24,KZT,427746,approved,,True
1637,174,75,2025-09-21 21:06:04,50297.64,KZT,373785,declined,card_blocked,True
1638,477,13,2025-11-26 04:16:07,34187.49,KZT,034112,approved,,True
1639,1192,39,2025-09-28 21:27:07,38577.81,KZT,592864,approved,,True
1640,1078,18,2025-07-07 23:42:57,57868.32,KZT,362645,approved,,True
1641,935,61,2025-10-16 09:41:30,56731.47,KZT,128034,approved,,True
1642,945,7,2025-07-28 04:12:57,67276.73,KZT,775264,approved,,True
1643,10,26,2025-07-04 20:37:13,66437.31,KZT,419843,approved,,True
1644,1047,50,2025-11-08 05:03:03,47430.02,KZT,154725,declined,card_blocked,True
1645,720,34,2025-11-20 16:45:59,15047.47,KZT,506058,approved,,True
1646,709,36,2025-10-22 15:14:19,58549.42,KZT,967195,approved,,True
1647,217,87,2025-07-13 03:59:11,67707.12,KZT,444123,declined,limit_exceeded,True
1648,21,68,2025-07-03 21:22:44,48161.43,KZT,036978,approved,,True
1649,463,74,2025-08-17 12:28:28,5505.54,KZT,078923,approved,,True
1650,562,69,2025-11-12 16:07:46,34542.94,KZT,617275,approved,,True
1651,765,27,2025-09-13 11:49:02,66142.88,KZT,528772,approved,,True
1652,982,62,2025-11-20 21:04:29,9515.5,KZT,928846,approved,,True
1653,745,4,2025-09-06 14:20:50,53135.01,KZT,050846,approved,,True
1654,1197,64,2025-10-28 14:01:24,25573.94,KZT,241835,approved,,True
1655,133,41,2025-10-16 09:50:50,20527.41,KZT,354846,approved,,True
1656,1154,87,2025-11-21 12:08:07,13382.27,KZT,765266,approved,,True
1657,32,34,2025-12-25 00:33:19,45938.81,KZT,403754,approved,,True
1658,979,68,2025-07-03 02:50:18,63558.09,KZT,891105,approved,,True
1659,226,80,2025-12-19 05:08:41,32699.67,KZT,610360,declined,limit_exceeded,True
1660,278,90,2025-11-28 12:54:31,35530.12,KZT,256412,approved,,True
1661,239,55,2025-12-17 05:03:55,53789.89,KZT,702147,approved,,True
1662,1094,3,2025-08-21 11:36:22,43910.68,KZT,587131,approved,,True
1663,588,87,2025-10-31 21:20:19,67627.4,KZT,182619,approved,,True
1664,920,46,2025-11-29 13:45:38,69178.39,KZT,622532,approved,,True
1665,674,53,2025-10-04 03:15:04,60669.81,KZT,031093,approved,,True
1666,297,93,2025-09-21 04:29:48,71823.66,KZT,068048,approved,,True
1667,222,44,2025-09-25 22:34:28,10955.65,KZT,513108,approved,,True
1668,1187,4,2025-07-20 19:40:32,45240.69,KZT,398448,approved,,True
1669,874,44,2025-11-16 17:36:18,1470.37,KZT,821019,approved,,True
1670,726,49,2025-08-04 15:58:09,31567.0,KZT,188608,declined,limit_exceeded,True
1671,201,42,2025-08-21 23:59:46,17798.92,KZT,374796,approved,,True
1672,497,61,2025-09-12 01:37:43,59364.01,KZT,721600,approved,,True
1673,277,8,2025-12-05 08:17:13,75039.23,KZT,202050,approved,,True
1674,770,9,2025-11-21 14:40:33,42575.33,KZT,590060,approved,,True
1675,942,8,2025-12-06 23:51:04,28928.09,KZT,957378,approved,,True
1676,1136,24,2025-07-08 03:27:07,48591.16,KZT,560653,approved,,True
1677,318,25,2025-11-01 22:28:48,36962.98,KZT,971799,approved,,True
1678,716,93,2025-07-12 05:33:21,64898.97,KZT,272504,approved,,True
1679,748,70,2025-11-18 18:36:04,8310.21,KZT,219424,approved,,True
1680,631,66,2025-12-12 10:00:49,55382.95,KZT,340363,approved,,True
1681,176,99,2025-11-24 16:01:07,56115.81,KZT,631620,approved,,True
1682,1123,79,2025-10-27 04:06:46,32906.17,KZT,715011,declined,limit_exceeded,True
1683,252,57,2025-07-19 01:57:43,12650.35,KZT,401353,approved,,True
1684,719,51,2025-08-27 00:07:53,35940.6,KZT,944555,approved,,True
1685,814,6,2025-11-07 04:20:55,58976.44,KZT,473320,approved,,True
1686,609,40,2025-07-20 11:04:33,32220.08,KZT,172797,approved,,True
1687,899,85,2025-08-05 07:38:08,37081.26,KZT,199915,approved,,True
1688,673,4,2025-08-15 11:26:57,49317.44,KZT,062718,approved,,True
1689,399,71,2025-12-05 18:43:31,2372.72,KZT,786175,approved,,True
1690,54,90,2025-07-10 14:30:51,48831.8,KZT,357846,declined,card_blocked,True
1691,306,84,2025-12-13 01:28:28,39518.08,KZT,224963,approved,,True
1692,141,18,2025-08-04 03:22:07,33396.75,KZT,514571,approved,,True
1693,1020,59,2025-09-11 22:46:55,22355.5,KZT,244986,approved,,True
1694,803,8,2025-12-09 19:49:55,71413.31,KZT,058178,approved,,True
1695,903,25,2025-07-20 04:23:54,23889.85,KZT,890622,approved,,True
1696,1159,34,2025-11-05 05:42:03,46212.36,KZT,066762,approved,,True
1697,162,36,2025-12-23 10:01:34,72503.27,KZT,841737,approved,,True
1698,670,1,2025-09-03 16:09:33,70362.36,KZT,636626,approved,,True
1699,159,82,2025-09-20 05:24:58,32026.69,KZT,017157,approved,,True
1700,39,97,2025-07-15 05:06:01,45451.61,KZT,391845,approved,,True
1701,884,31,2025-09-05 07:44:15,22119.81,KZT,593572,approved,,True
1702,120,100,2025-12-12 05:19:32,9955.57,KZT,500000,approved,,True
1703,589,23,2025-12-30 18:25:03,58849.7,KZT,443193,approved,,True
1704,903,38,2025-08-16 23:30:32,30061.64,KZT,872969,approved,,True
1705,146,87,2025-12-10 00:30:15,67863.47,KZT,894493,approved,,True
1706,463,64,2025-11-04 10:12:12,37712.07,KZT,224732,approved,,True
1707,370,63,2025-10-30 18:38:35,57133.73,KZT,267067,approved,,True
1708,643,18,2025-12-07 00:28:22,32506.41,KZT,104862,approved,,True
1709,1013,62,2025-11-07 18:04:33,77533.53,KZT,211221,approved,,True
1710,991,96,2025-09-01 00:58:19,70397.05,KZT,669514,approved,,True
1711,156,44,2025-11-25 08:31:33,44753.11,KZT,381244,approved,,True
1712,270,20,2025-11-23 12:47:18,29083.03,KZT,639191,approved,,True
1713,1053,96,2025-11-25 13:28:20,9677.66,KZT,714819,approved,,True
1714,636,96,2025-09-01 19:22:52,75905.43,KZT,648144,approved,,True
1715,659,10,2025-11-22 00:30:18,78466.48,KZT,184671,approved,,True
1716,1079,59,2025-09-10 11:12:20,27870.47,KZT,037769,approved,,True
1717,793,61,2025-09-03 20:46:42,8544.5,KZT,141182,approved,,True
1718,848,87,2025-08-02 12:09:12,56052.72,KZT,332309,approved,,True
1719,390,81,2025-07-25 21:48:01,51357.37,KZT,139800,approved,,True
1720,903,76,2025-09-14 03:51:10,31649.67,KZT,700777,approved,,True
1721,17,97,2025-09-04 19:47:56,76533.59,KZT,931344,approved,,True
1722,166,77,2025-11-07 03:30:45,64399.84,KZT,094672,declined,limit_exceeded,True
1723,497,86,2025-10-16 16:25:49,78275.06,KZT,040146,approved,,True
1724,336,55,2025-12-14 02:33:06,7776.01,KZT,945347,approved,,True
1725,615,87,2025-12-25 07:46:29,50264.14,KZT,899269,approved,,True
1726,524,55,2025-12-14 14:35:57,10959.56,KZT,560632,approved,,True
1727,404,5,2025-07-22 03:04:41,14269.82,KZT,207249,approved,,True
1728,1083,67,2025-09-26 21:48:53,20605.43,KZT,815734,approved,,True
1729,761,58,2025-08-20 16:45:31,13469.52,KZT,438259,approved,,True
1730,519,8,2025-09-08 05:25:10,60584.14,KZT,689145,approved,,True
1731,252,74,2025-12-10 21:56:45,16201.82,KZT,645962,approved,,True
1732,231,68,2025-08-15 04:19:33,31581.63,KZT,214990,approved,,True
1733,947,66,2025-07-30 02:56:25,55222.94,KZT,664588,approved,,True
1734,314,80,2025-10-19 00:46:40,5087.54,KZT,011307,approved,,True
1735,690,30,2025-09-08 02:38:18,1200.94,KZT,289735,approved,,True
1736,244,8,2025-08-18 13:29:21,62597.58,KZT,309479,approved,,True
1737,1048,19,2025-09-29 04:24:54,56241.68,KZT,310986,approved,,True
1738,827,45,2025-10-25 16:10:34,69633.12,KZT,747527,approved,,True
1739,992,70,2025-12-05 17:14:37,9208.39,KZT,860635,approved,,True
1740,650,100,2025-11-14 15:10:56,6373.03,KZT,711603,approved,,True
1741,1070,36,2025-08-03 11:19:04,29592.04,KZT,831966,approved,,True
1742,745,91,2025-08-16 21:37:28,38906.55,KZT,931284,approved,,True
1743,527,58,2025-09-24 07:38:26,63145.98,KZT,933538,approved,,True
1744,1066,70,2025-08-22 18:06:13,35698.32,KZT,199119,declined,insufficient_funds,True
1745,983,89,2025-11-06 02:42:20,75531.31,KZT,773277,approved,,True
1746,906,36,2025-09-05 07:19:19,36121.51,KZT,237181,approved,,True
1747,540,86,2025-12-12 04:53:21,57888.0,KZT,083492,approved,,True
1748,483,54,2025-08-14 13:49:27,46174.46,KZT,680420,approved,,True
1749,1165,33,2025-12-17 06:04:10,66672.7,KZT,413471,approved,,True
1750,999,42,2025-09-27 08:41:43,10158.89,KZT,509354,approved,,True
1751,1082,46,2025-08-17 10:58:58,51693.23,KZT,231376,approved,,True
1752,91,62,2025-11-09 01:20:19,25005.64,KZT,088863,approved,,True
1753,666,3,2025-07-22 19:25:23,10384.24,KZT,322435,approved,,True
1754,585,85,2025-08-23 20:18:01,74332.67,KZT,534650,approved,,True
1755,292,59,2025-08-25 22:13:21,9996.51,KZT,307356,approved,,True
1756,425,23,2025-07-18 11:40:23,76440.14,KZT,019519,approved,,True
1757,1138,88,2025-08-05 16:38:18,59804.23,KZT,858625,approved,,True
1758,114,41,2025-07-19 01:32:33,47735.18,KZT,772958,approved,,True
1759,727,35,2025-12-04 20:04:20,55393.87,KZT,235260,approved,,True
1760,818,68,2025-07-14 18:31:51,17811.88,KZT,189068,approved,,True
1761,429,38,2025-09-26 06:48:30,19146.4,KZT,836724,declined,insufficient_funds,True
1762,243,49,2025-09-04 15:34:39,75364.32,KZT,459082,approved,,True
1763,369,21,2025-09-14 00:37:59,30328.27,KZT,202129,approved,,True
1764,492,36,2025-07-10 19:29:31,50354.0,KZT,646137,approved,,True
1765,530,96,2025-08-21 02:04:17,1145.52,KZT,366093,approved,,True
1766,505,35,2025-09-08 10:02:09,41616.88,KZT,827134,approved,,True
1767,1168,2,2025-10-23 23:17:25,2572.07,KZT,956959,declined,insufficient_funds,True
1768,743,96,2025-09-05 04:46:23,68777.49,KZT,363261,approved,,True
1769,812,35,2025-08-14 06:49:47,53314.97,KZT,888102,approved,,True
1770,620,78,2025-09-26 11:44:33,64772.95,KZT,009439,approved,,True
1771,904,7,2025-08-08 07:14:15,10651.01,KZT,953837,declined,insufficient_funds,True
1772,352,36,2025-12-19 11:21:27,54239.54,KZT,873209,approved,,True
1773,572,33,2025-07-20 07:06:34,14362.59,KZT,827799,approved,,True
1774,281,68,2025-09-01 15:02:41,69624.1,KZT,971961,approved,,True
1775,660,36,2025-11-29 09:03:21,11419.45,KZT,206276,approved,,True
1776,277,7,2025-07-28 23:14:31,22596.37,KZT,173063,approved,,True
1777,996,2,2025-09-29 00:24:57,66399.22,KZT,882870,approved,,True
1778,110,1,2025-10-29 00:58:52,17810.1,KZT,901956,approved,,True
1779,115,47,2025-10-15 00:48:04,28547.98,KZT,911158,approved,,True
1780,70,47,2025-07-29 13:52:16,41406.82,KZT,312572,approved,,True
1781,632,48,2025-08-14 21:48:34,23256.87,KZT,613322,approved,,True
1782,783,8,2025-12-16 23:32:44,44357.53,KZT,843533,approved,,True
1783,436,65,2025-10-18 03:22:12,64517.85,KZT,699989,approved,,True
1784,1177,51,2025-08-09 23:02:40,1369.44,KZT,380406,approved,,True
1785,1048,12,2025-11-30 09:10:33,64540.04,KZT,418375,approved,,True
1786,431,99,2025-09-28 17:43:06,36681.12,KZT,605098,declined,insufficient_funds,True
1787,446,89,2025-12-15 21:51:28,70910.67,KZT,207178,approved,,True
1788,547,83,2025-07-18 23:05:56,76824.29,KZT,286239,approved,,True
1789,183,45,2025-09-19 12:16:30,47696.19,KZT,450567,approved,,True
1790,296,18,2025-11-11 11:23:21,62207.94,KZT,677427,approved,,True
1791,601,6,2025-07-06 12:12:05,27780.5,KZT,102266,approved,,True
1792,438,51,2025-11-21 09:36:09,41888.5,KZT,718983,approved,,True
1793,20,95,2025-09-25 20:03:31,14781.02,KZT,289376,approved,,True
1794,56,96,2025-07-20 05:06:29,65813.11,KZT,435233,approved,,True
1795,11,97,2025-09-16 05:53:45,20813.47,KZT,311124,approved,,True
1796,802,74,2025-09-06 14:20:47,20439.91,KZT,175661,approved,,True
1797,325,8,2025-10-31 04:12:24,24616.86,KZT,219411,approved,,True
1798,303,90,2025-07-21 04:38:40,42324.51,KZT,986638,approved,,True
1799,1004,97,2025-08-24 01:45:59,29334.74,KZT,434939,declined,card_blocked,True
1800,608,100,2025-12-12 06:24:47,50704.96,KZT,238134,declined,card_blocked,True
1801,806,27,2025-09-08 06:40:43,10933.28,KZT,820963,approved,,True
1802,946,59,2025-08-29 15:44:22,50848.36,KZT,820585,approved,,True
1803,266,69,2025-09-24 14:02:18,20686.7,KZT,903358,approved,,True
1804,709,54,2025-12-19 02:21:48,5142.96,KZT,187098,approved,,True
1805,205,70,2025-09-23 01:36:59,68592.91,KZT,635997,approved,,True
1806,135,99,2025-10-31 03:31:02,63954.85,KZT,555172,approved,,True
1807,995,73,2025-07-09 14:29:45,15520.33,KZT,927333,declined,limit_exceeded,True
1808,537,77,2025-09-12 10:31:17,38414.16,KZT,253821,approved,,True
1809,1076,90,2025-08-10 20:13:08,30212.99,KZT,964104,approved,,True
1810,209,95,2025-10-26 04:55:47,43743.5,KZT,323820,approved,,True
1811,7,8,2025-08-14 02:42:43,36560.86,KZT,784591,approved,,True
1812,199,52,2025-07-28 01:08:26,29927.64,KZT,720925,approved,,True
1813,583,34,2025-10-29 10:02:30,6807.2,KZT,443564,approved,,True
1814,318,79,2025-10-12 13:00:28,73860.12,KZT,652889,approved,,True
1815,61,19,2025-11-18 10:46:42,21809.65,KZT,030680,approved,,True
1816,325,5,2025-09-19 05:38:33,30123.3,KZT,579373,approved,,True
1817,702,30,2025-10-03 09:18:02,45627.25,KZT,477053,approved,,True
1818,546,37,2025-08-04 11:51:30,51431.48,KZT,845530,declined,insufficient_funds,True
1819,963,63,2025-12-14 01:37:18,9517.99,KZT,743116,approved,,True
1820,564,42,2025-10-15 06:03:38,822.7,KZT,081548,approved,,True
1821,1138,36,2025-11-17 04:02:12,63334.4,KZT,077267,approved,,True
1822,877,38,2025-12-23 15:22:43,30203.62,KZT,708330,approved,,True
1823,254,88,2025-07-06 14:14:49,59213.86,KZT,481116,approved,,True
1824,43,58,2025-09-05 18:06:25,70910.9,KZT,213195,approved,,True
1825,767,97,2025-10-12 20:33:19,6664.88,KZT,489722,declined,insufficient_funds,True
1826,265,3,2025-09-02 13:06:25,72102.43,KZT,364732,approved,,True
1827,742,34,2025-08-27 23:46:41,15360.85,KZT,823207,approved,,True
1828,635,7,2025-08-30 15:45:41,26361.21,KZT,562613,approved,,True
1829,370,23,2025-09-22 21:37:56,42978.14,KZT,055981,approved,,True
1830,1039,88,2025-12-07 16:18:49,25029.56,KZT,962684,approved,,True
1831,223,87,2025-09-13 07:35:23,36059.42,KZT,773019,approved,,True
1832,803,30,2025-09-09 19:00:26,52888.02,KZT,998693,approved,,True
1833,878,47,2025-09-29 03:25:14,27063.46,KZT,835285,approved,,True
1834,655,13,2025-10-13 03:41:49,60598.82,KZT,595675,approved,,True
1835,862,7,2025-07-10 04:00:23,27154.71,KZT,605214,approved,,True
1836,415,32,2025-11-19 12:09:49,41671.87,KZT,688590,approved,,True
1837,914,43,2025-11-28 16:58:37,13025.48,KZT,197253,approved,,True
1838,1170,34,2025-12-20 06:09:33,41895.62,KZT,482613,approved,,True
1839,707,59,2025-08-17 13:57:47,164.13,KZT,087136,approved,,True
1840,643,33,2025-09-15 10:13:41,20270.76,KZT,374987,approved,,True
1841,845,97,2025-07-17 17:01:31,26031.54,KZT,296693,declined,limit_exceeded,True
1842,884,34,2025-12-30 02:14:00,6224.73,KZT,362709,approved,,True
1843,181,58,2025-12-05 18:07:58,65577.48,KZT,602187,approved,,True
1844,375,12,2025-07-10 14:04:11,74687.4,KZT,514349,approved,,True
1845,462,37,2025-08-13 16:06:50,74735.09,KZT,968459,approved,,True
1846,134,71,2025-11-12 05:48:12,71334.98,KZT,605706,declined,insufficient_funds,True
1847,313,35,2025-11-04 08:25:05,17512.25,KZT,151450,approved,,True
1848,1005,4,2025-07-08 14:27:18,76294.49,KZT,264750,approved,,True
1849,738,81,2025-12-20 13:50:12,53019.49,KZT,410649,approved,,True
1850,307,88,2025-09-13 01:52:13,35901.79,KZT,435236,approved,,True
1851,108,34,2025-08-01 22:53:52,48616.62,KZT,135297,approved,,True
1852,66,67,2025-12-18 09:17:25,7172.18,KZT,971034,approved,,True
1853,393,33,2025-08-21 18:59:51,36360.11,KZT,745737,approved,,True
1854,46,98,2025-08-16 20:38:32,28900.26,KZT,225828,approved,,True
1855,691,37,2025-12-15 04:55:06,55171.52,KZT,542799,approved,,True
1856,1096,26,2025-12-05 06:34:10,5210.88,KZT,577522,approved,,True
1857,1006,23,2025-10-10 10:58:37,44131.42,KZT,868640,approved,,True
1858,794,39,2025-09-16 13:30:58,45947.56,KZT,454550,approved,,True
1859,643,91,2025-10-20 18:29:11,41738.9,KZT,602070,approved,,True
1860,707,42,2025-09-07 13:41:04,54260.67,KZT,888618,approved,,True
1861,779,12,2025-07-21 03:31:12,60631.54,KZT,677844,approved,,True
1862,1034,83,2025-12-23 19:20:06,14929.1,KZT,670439,declined,limit_exceeded,True
1863,970,5,2025-10-10 02:56:57,30861.52,KZT,456273,approved,,True
1864,404,72,2025-09-27 03:18:29,38829.78,KZT,110445,approved,,True
1865,530,95,2025-10-23 18:44:41,63231.7,KZT,908470,approved,,True
1866,817,14,2025-08-23 09:06:06,38301.02,KZT,450599,approved,,True
1867,770,84,2025-10-22 11:38:44,23443.0,KZT,076349,approved,,True
1868,132,46,2025-11-02 00:46:00,38367.37,KZT,793111,approved,,True
1869,563,26,2025-08-17 10:03:51,34342.13,KZT,239806,approved,,True
1870,375,84,2025-11-13 11:35:18,44163.17,KZT,554692,approved,,True
1871,283,71,2025-10-06 08:05:18,38977.41,KZT,488147,approved,,True
1872,827,87,2025-09-22 14:36:51,56327.24,KZT,294120,approved,,True
1873,443,16,2025-07-13 02:01:44,76.83,KZT,530821,approved,,True
1874,849,84,2025-09-10 04:32:50,53184.78,KZT,031399,approved,,True
1875,611,56,2025-07-18 14:48:03,25969.74,KZT,894310,approved,,True
1876,880,92,2025-08-07 08:59:30,7461.27,KZT,247741,approved,,True
1877,948,100,2025-11-12 03:01:30,37624.25,KZT,786778,approved,,True
1878,1023,94,2025-11-11 21:43:50,63293.48,KZT,260065,approved,,True
1879,429,60,2025-07-19 18:12:53,25606.51,KZT,845182,approved,,True
1880,377,56,2025-07-12 05:18:33,48781.8,KZT,180537,approved,,True
1881,123,13,2025-08-07 23:02:09,16472.39,KZT,293395,approved,,True
1882,1003,67,2025-10-20 12:16:37,21356.52,KZT,118397,approved,,True
1883,346,74,2025-12-10 21:28:15,19392.05,KZT,780260,approved,,True
1884,626,46,2025-10-29 13:12:14,77891.37,KZT,713076,approved,,True
1885,720,16,2025-11-12 00:23:35,43027.8,KZT,941371,approved,,True
1886,1033,89,2025-08-06 20:26:47,13552.48,KZT,473185,approved,,True
1887,1089,42,2025-09-19 00:23:42,76020.98,KZT,564662,approved,,True
1888,253,35,2025-07-22 18:16:18,73255.06,KZT,090236,approved,,True
1889,40,16,2025-08-10 02:56:23,64228.89,KZT,185275,approved,,True
1890,721,98,2025-08-01 21:27:59,28128.41,KZT,178710,approved,,True
1891,479,68,2025-10-17 15:27:53,4937.35,KZT,310853,approved,,True
1892,221,13,2025-07-14 13:14:06,43161.99,KZT,657034,approved,,True
1893,1114,98,2025-10-24 17:56:07,72321.8,KZT,222552,approved,,True
1894,1099,89,2025-10-06 12:15:19,71728.09,KZT,857339,approved,,True
1895,932,14,2025-08-17 07:30:17,55688.6,KZT,922423,approved,,True
1896,429,65,2025-09-30 10:36:55,45569.82,KZT,889454,declined,limit_exceeded,True
1897,965,20,2025-11-05 10:03:29,44353.91,KZT,440215,approved,,True
1898,443,96,2025-08-03 00:57:56,35217.67,KZT,933680,approved,,True
1899,857,77,2025-11-13 17:33:34,69219.08,KZT,415670,approved,,True
1900,641,63,2025-08-03 06:53:02,77387.06,KZT,207611,approved,,True
1901,948,50,2025-12-10 09:18:13,4318.55,KZT,486929,approved,,True
1902,528,48,2025-08-26 07:29:14,20116.22,KZT,856174,approved,,True
1903,583,13,2025-12-02 21:55:05,391.44,KZT,824058,approved,,True
1904,202,8,2025-07-28 12:26:48,22194.5,KZT,003212,approved,,True
1905,187,61,2025-09-22 07:01:39,20121.39,KZT,844003,approved,,True
1906,1081,44,2025-12-20 10:17:07,76209.4,KZT,407454,approved,,True
1907,642,21,2025-08-16 11:05:58,73468.83,KZT,178289,approved,,True
1908,30,17,2025-07-23 06:13:08,40994.3,KZT,218727,approved,,True
1909,1077,27,2025-12-25 15:58:50,47310.96,KZT,008303,approved,,True
1910,867,32,2025-10-07 04:38:44,46619.79,KZT,188828,approved,,True
1911,398,100,2025-11-28 01:28:51,5639.49,KZT,845081,approved,,True
1912,565,21,2025-07-26 02:49:16,39476.65,KZT,842509,approved,,True
1913,637,47,2025-11-21 21:23:52,76611.22,KZT,887537,approved,,True
1914,221,84,2025-08-19 19:35:13,59147.38,KZT,771148,approved,,True
1915,723,70,2025-08-16 18:51:01,20994.14,KZT,780394,approved,,True
1916,1073,68,2025-09-19 07:26:38,41093.34,KZT,000751,approved,,True
1917,78,85,2025-07-07 02:24:35,30171.48,KZT,657613,approved,,True
1918,363,42,2025-11-19 15:29:12,49062.19,KZT,514910,approved,,True
1919,681,30,2025-07-24 02:46:23,53500.06,KZT,493886,approved,,True
1920,1038,37,2025-12-13 10:33:32,32898.9,KZT,832622,approved,,True
1921,442,15,2025-09-08 08:24:57,29467.85,KZT,246947,approved,,True
1922,1163,32,2025-08-25 11:22:32,69526.62,KZT,001863,approved,,True
1923,84,64,2025-11-02 18:52:15,16543.83,KZT,050435,approved,,True
1924,369,49,2025-08-05 06:42:46,42352.21,KZT,177183,approved,,True
1925,861,54,2025-08-19 06:39:54,72739.9,KZT,352763,approved,,True
1926,540,30,2025-12-09 12:41:58,72760.27,KZT,649163,approved,,True
1927,147,81,2025-12-15 05:49:22,20985.5,KZT,169099,approved,,True
1928,673,14,2025-12-18 07:10:08,1391.14,KZT,122938,approved,,True
1929,264,91,2025-11-20 00:53:39,44751.57,KZT,766000,approved,,True
1930,1125,47,2025-12-28 12:06:20,40470.24,KZT,556405,approved,,True
1931,418,40,2025-07-09 04:17:53,17248.65,KZT,850365,approved,,True
1932,718,30,2025-09-04 14:47:16,3079.7,KZT,410584,declined,limit_exceeded,True
1933,190,43,2025-11-19 06:56:16,76589.65,KZT,696807,approved,,True
1934,882,67,2025-08-28 08:13:40,12918.87,KZT,406787,approved,,True
1935,1128,15,2025-11-25 17:26:23,39818.09,KZT,335055,declined,card_blocked,True
1936,833,46,2025-09-10 05:04:46,79519.87,KZT,208702,approved,,True
1937,443,15,2025-11-10 08:38:39,8368.8,KZT,569579,approved,,True
1938,1111,50,2025-08-13 22:13:32,26459.67,KZT,694415,approved,,True
1939,358,4,2025-08-27 02:29:15,20646.08,KZT,094015,approved,,True
1940,739,41,2025-07-23 20:31:05,44396.4,KZT,396337,approved,,True
1941,428,15,2025-12-17 08:28:45,57396.32,KZT,075670,approved,,True
1942,956,4,2025-07-22 01:47:36,10538.13,KZT,393210,approved,,True
1943,58,57,2025-10-01 07:06:52,50582.7,KZT,963756,approved,,True
1944,543,28,2025-08-03 19:45:48,24053.22,KZT,395768,approved,,True
1945,682,83,2025-11-24 18:16:34,43136.0,KZT,890970,approved,,True
1946,715,42,2025-09-10 12:37:08,60330.51,KZT,265268,approved,,True
1947,517,88,2025-09-11 17:18:56,27927.1,KZT,890940,approved,,True
1948,1041,39,2025-12-16 11:22:46,28812.26,KZT,590695,approved,,True
1949,343,5,2025-07-31 08:04:20,39415.83,KZT,209589,approved,,True
1950,921,26,2025-09-17 02:58:25,67299.54,KZT,868374,approved,,True
1951,1026,41,2025-12-05 10:09:38,10881.08,KZT,144997,approved,,True
1952,513,38,2025-11-10 10:42:49,8247.23,KZT,706852,approved,,True
1953,1144,63,2025-10-10 17:03:09,49839.81,KZT,151345,approved,,True
1954,926,75,2025-10-05 20:43:58,33834.61,KZT,148955,approved,,True
1955,453,7,2025-07-17 12:03:16,37569.34,KZT,121284,declined,insufficient_funds,True
1956,535,28,2025-12-22 10:12:24,79740.21,KZT,573241,approved,,True
1957,506,97,2025-07-07 02:38:36,17018.9,KZT,526910,approved,,True
1958,712,13,2025-09-24 14:11:06,469.49,KZT,665149,approved,,True
1959,1092,57,2025-09-13 09:43:01,39833.95,KZT,320960,approved,,True
1960,344,83,2025-10-04 00:05:22,39054.15,KZT,429457,approved,,True
1961,456,30,2025-08-04 12:41:29,44549.88,KZT,394602,approved,,True
1962,368,41,2025-09-14 09:02:37,62796.98,KZT,017491,approved,,True
1963,128,88,2025-09-23 18:22:44,5499.49,KZT,222308,approved,,True
1964,288,86,2025-08-13 08:36:51,36648.36,KZT,629958,approved,,True
1965,1038,17,2025-09-29 07:12:30,38400.33,KZT,560932,approved,,True
1966,443,58,2025-12-18 14:04:30,43178.05,KZT,892316,approved,,True
1967,802,40,2025-11-30 20:56:40,51115.87,KZT,941001,approved,,True
1968,802,3,2025-07-30 23:38:00,2753.85,KZT,164582,declined,limit_exceeded,True
1969,734,73,2025-12-28 02:52:13,54485.17,KZT,659489,approved,,True
1970,147,82,2025-12-28 21:30:59,19305.32,KZT,779786,declined,limit_exceeded,True
1971,242,58,2025-07-31 12:50:31,44014.01,KZT,985272,approved,,True
1972,253,33,2025-07-18 12:39:16,27630.17,KZT,777296,approved,,True
1973,798,41,2025-10-27 05:34:41,75319.8,KZT,586021,approved,,True
1974,884,25,2025-10-25 09:45:01,26763.75,KZT,352205,approved,,True
1975,1078,68,2025-10-15 22:43:31,67889.81,KZT,035805,approved,,True
1976,380,4,2025-11-07 01:05:08,56781.27,KZT,504527,approved,,True
1977,51,13,2025-12-26 16:17:35,7463.27,KZT,261008,approved,,True
1978,615,23,2025-07-06 13:51:25,10271.61,KZT,467843,approved,,True
1979,549,68,2025-08-20 09:31:31,56335.22,KZT,866049,approved,,True
1980,469,28,2025-08-28 09:42:57,26597.08,KZT,963379,approved,,True
1981,415,87,2025-09-07 09:05:28,46979.76,KZT,630346,approved,,True
1982,314,77,2025-08-30 20:41:59,8398.35,KZT,622905,approved,,True
1983,446,68,2025-09-02 00:09:40,71766.72,KZT,007795,declined,limit_exceeded,True
1984,30,53,2025-07-17 16:58:01,37393.85,KZT,246552,approved,,True
1985,63,73,2025-08-25 03:52:24,20571.02,KZT,070130,approved,,True
1986,609,65,2025-07-10 01:18:55,30250.46,KZT,448440,approved,,True
1987,847,17,2025-12-13 18:44:53,10268.92,KZT,528638,approved,,True
1988,1005,57,2025-12-25 04:44:48,19842.6,KZT,209677,approved,,True
1989,201,69,2025-10-08 15:42:38,22475.57,KZT,401815,declined,limit_exceeded,True
1990,646,95,2025-12-13 04:40:22,10142.95,KZT,538702,approved,,True
1991,1077,85,2025-08-21 11:02:59,29896.58,KZT,439059,declined,limit_exceeded,True
1992,824,81,2025-11-07 07:54:23,34739.06,KZT,678223,approved,,True
1993,576,26,2025-11-11 04:19:47,23521.96,KZT,815558,approved,,True
1994,873,24,2025-09-03 01:29:31,1124.56,KZT,656844,approved,,True
1995,491,37,2025-11-19 23:25:09,12665.86,KZT,051711,declined,limit_exceeded,True
1996,816,80,2025-09-21 15:38:04,74835.62,KZT,176935,approved,,True
1997,968,20,2025-10-10 04:09:53,11120.78,KZT,855552,approved,,True
1998,1095,72,2025-10-17 22:34:37,23418.27,KZT,563228,approved,,True
1999,1013,2,2025-10-01 18:12:05,17699.52,KZT,368745,approved,,True
2000,18,46,2025-10-07 17:47:36,49305.1,KZT,055267,approved,,True
2001,68,86,2025-10-09 16:14:27,29142.21,KZT,134064,declined,card_blocked,True
2002,762,67,2025-12-17 22:13:16,11168.13,KZT,924718,approved,,True
2003,159,26,2025-11-01 18:58:29,13430.71,KZT,030986,approved,,True
2004,1035,78,2025-09-24 15:29:12,19946.81,KZT,929194,approved,,True
2005,229,22,2025-08-25 00:03:43,12090.77,KZT,055937,approved,,True
2006,338,84,2025-11-30 14:43:42,38178.05,KZT,424062,declined,limit_exceeded,True
2007,574,62,2025-09-30 02:27:47,6350.76,KZT,167005,approved,,True
2008,432,47,2025-07-14 13:14:00,74863.81,KZT,044999,approved,,True
2009,261,96,2025-12-08 16:05:51,17688.61,KZT,940503,approved,,True
2010,1118,7,2025-11-18 10:56:15,15984.8,KZT,493429,approved,,True
2011,809,12,2025-11-17 22:16:38,31938.54,KZT,482146,approved,,True
2012,668,86,2025-11-27 13:04:17,76473.8,KZT,287705,approved,,True
2013,651,87,2025-09-23 10:11:50,73612.1,KZT,033177,approved,,True
2014,440,69,2025-08-03 03:02:27,8821.97,KZT,404019,approved,,True
2015,540,78,2025-12-27 19:15:43,1429.5,KZT,047803,approved,,True
2016,368,64,2025-08-09 01:28:29,5600.52,KZT,326544,declined,card_blocked,True
2017,923,27,2025-07-12 01:25:23,51624.83,KZT,960740,approved,,True
2018,674,11,2025-12-19 07:59:28,31141.8,KZT,848976,approved,,True
2019,380,84,2025-09-08 20:46:35,15082.45,KZT,343755,approved,,True
2020,713,41,2025-11-04 11:49:53,79001.44,KZT,495413,approved,,True
2021,442,74,2025-08-25 09:52:39,17882.29,KZT,481151,approved,,True
2022,624,99,2025-11-20 00:59:40,68422.52,KZT,479054,approved,,True
2023,1053,42,2025-08-18 10:56:43,73980.31,KZT,749725,declined,card_blocked,True
2024,671,62,2025-08-08 09:50:11,44652.95,KZT,407736,approved,,True
2025,273,17,2025-11-15 21:23:38,13419.69,KZT,608716,approved,,True
2026,879,18,2025-10-26 17:45:42,59137.29,KZT,751427,approved,,True
2027,895,78,2025-08-13 06:57:42,72866.99,KZT,829126,approved,,True
2028,1137,81,2025-12-19 08:47:40,15680.2,KZT,218155,approved,,True
2029,1018,3,2025-08-06 01:11:22,50799.49,KZT,695616,approved,,True
2030,582,28,2025-07-10 11:41:57,7256.17,KZT,961436,approved,,True
2031,919,11,2025-12-21 11:18:30,70395.8,KZT,312443,approved,,True
2032,817,94,2025-08-29 19:57:12,69464.12,KZT,630798,approved,,True
2033,299,27,2025-07-22 09:13:18,7266.69,KZT,897491,approved,,True
2034,576,24,2025-08-17 18:24:21,57811.63,KZT,294302,approved,,True
2035,1023,19,2025-10-19 07:00:49,57456.86,KZT,628507,approved,,True
2036,611,5,2025-11-21 08:58:18,40557.8,KZT,669939,approved,,True
2037,1079,35,2025-11-26 22:30:46,20346.65,KZT,642412,approved,,True
2038,125,40,2025-08-26 16:35:12,41569.86,KZT,326075,approved,,True
2039,394,83,2025-08-17 20:56:45,64992.22,KZT,968372,approved,,True
2040,860,12,2025-12-01 11:50:50,25502.79,KZT,420320,approved,,True
2041,1138,46,2025-09-22 10:10:15,48502.73,KZT,681697,approved,,True
2042,232,83,2025-08-05 16:32:59,15718.22,KZT,517574,approved,,True
2043,736,64,2025-07-29 10:57:17,16488.91,KZT,108479,approved,,True
2044,508,29,2025-08-22 19:23:32,41943.92,KZT,633885,approved,,True
2045,245,52,2025-07-11 17:50:13,34990.4,KZT,814066,approved,,True
2046,488,38,2025-07-29 21:54:09,25345.93,KZT,704227,approved,,True
2047,1058,55,2025-12-26 20:49:40,9812.32,KZT,883207,approved,,True
2048,829,81,2025-11-30 18:04:43,4018.08,KZT,959584,approved,,True
2049,535,69,2025-09-10 23:08:25,50479.77,KZT,664024,approved,,True
2050,789,85,2025-08-13 12:11:07,38224.04,KZT,454578,declined,card_blocked,True
2051,311,96,2025-12-23 05:36:10,53198.98,KZT,246231,approved,,True
2052,972,78,2025-10-17 07:55:33,35014.22,KZT,075339,approved,,True
2053,518,12,2025-07-30 17:38:09,71808.4,KZT,866013,approved,,True
2054,1003,46,2025-10-07 09:26:52,69525.43,KZT,878809,approved,,True
2055,342,75,2025-10-25 22:30:00,77036.25,KZT,825988,approved,,True
2056,326,69,2025-07-12 02:35:54,39433.68,KZT,040818,approved,,True
2057,856,38,2025-11-05 13:38:57,26511.06,KZT,532882,approved,,True
2058,242,75,2025-11-02 17:27:14,57848.99,KZT,975363,approved,,True
2059,536,14,2025-07-23 14:11:57,30718.38,KZT,192735,approved,,True
2060,276,17,2025-12-12 04:20:03,64265.33,KZT,441100,approved,,True
2061,733,56,2025-09-03 07:06:02,77803.19,KZT,133419,approved,,True
2062,429,72,2025-08-11 15:19:41,55160.56,KZT,980614,approved,,True
2063,184,48,2025-09-14 07:54:25,46533.03,KZT,647371,approved,,True
2064,441,78,2025-09-10 11:55:59,56231.74,KZT,797631,approved,,True
2065,751,89,2025-11-20 11:15:52,72967.13,KZT,974673,declined,limit_exceeded,True
2066,782,51,2025-10-24 20:01:26,66672.68,KZT,895233,approved,,True
2067,270,94,2025-07-09 04:59:18,69492.25,KZT,156910,approved,,True
2068,66,14,2025-11-04 13:38:25,49230.52,KZT,236157,approved,,True
2069,301,53,2025-08-10 16:48:50,26384.79,KZT,429616,approved,,True
2070,463,40,2025-11-24 09:21:26,46466.45,KZT,942274,approved,,True
2071,1005,5,2025-07-26 21:49:07,55277.66,KZT,514803,approved,,True
2072,1166,56,2025-10-13 11:44:18,14537.67,KZT,978400,approved,,True
2073,324,53,2025-07-22 01:24:20,26050.94,KZT,616692,approved,,True
2074,660,31,2025-11-10 01:26:55,45567.57,KZT,214629,approved,,True
2075,223,8,2025-12-09 00:52:29,67362.26,KZT,100235,approved,,True
2076,325,63,2025-07-18 07:28:04,4286.29,KZT,432841,approved,,True
2077,816,40,2025-09-12 19:36:05,48486.39,KZT,409266,approved,,True
2078,995,55,2025-11-17 12:45:03,39019.24,KZT,325049,approved,,True
2079,95,22,2025-11-16 11:32:07,54984.97,KZT,102705,approved,,True
2080,1123,5,2025-09-14 12:16:08,23852.26,KZT,928904,approved,,True
2081,387,100,2025-08-23 06:44:23,62548.4,KZT,380586,approved,,True
2082,550,97,2025-07-08 06:12:39,60656.78,KZT,993141,approved,,True
2083,680,71,2025-11-10 14:32:16,11854.83,KZT,525575,approved,,True
2084,1095,1,2025-12-09 18:51:34,38020.58,KZT,526243,approved,,True
2085,910,6,2025-07-14 00:07:25,79130.26,KZT,850344,approved,,True
2086,257,14,2025-12-21 03:34:40,6570.07,KZT,833519,declined,card_blocked,True
2087,156,48,2025-07-21 10:09:31,12793.93,KZT,609604,approved,,True
2088,11,93,2025-10-30 09:52:54,44065.67,KZT,986108,approved,,True
2089,447,32,2025-08-06 18:24:02,68309.1,KZT,765559,approved,,True
2090,865,89,2025-09-22 12:22:10,76499.46,KZT,058545,approved,,True
2091,1081,89,2025-07-13 15:07:49,38563.99,KZT,016278,approved,,True
2092,387,34,2025-08-10 09:27:48,76101.53,KZT,456862,approved,,True
2093,364,16,2025-09-13 14:25:24,23832.89,KZT,211965,approved,,True
2094,1163,61,2025-12-30 20:54:01,3932.41,KZT,785017,approved,,True
2095,1090,75,2025-10-23 12:54:25,24710.52,KZT,415023,declined,limit_exceeded,True
2096,743,46,2025-09-18 00:54:48,10259.95,KZT,634678,approved,,True
2097,477,15,2025-10-06 18:37:50,69732.35,KZT,490846,approved,,True
2098,1095,64,2025-07-08 09:30:25,46649.25,KZT,788651,approved,,True
2099,951,100,2025-08-16 06:00:45,10546.69,KZT,298541,approved,,True
2100,568,30,2025-09-25 07:42:26,11436.75,KZT,219699,approved,,True
2101,657,3,2025-12-09 07:16:06,55784.14,KZT,079051,approved,,True
2102,761,91,2025-12-25 17:06:04,70076.6,KZT,783862,approved,,True
2103,804,39,2025-10-15 23:57:23,67685.76,KZT,403536,approved,,True
2104,686,25,2025-08-22 01:31:52,71022.67,KZT,479022,approved,,True
2105,416,75,2025-11-13 21:37:40,79181.49,KZT,769410,approved,,True
2106,957,5,2025-11-02 03:35:27,61713.83,KZT,009616,approved,,True
2107,589,76,2025-09-10 11:28:03,36997.41,KZT,806186,approved,,True
2108,1144,88,2025-07-12 13:25:49,74455.62,KZT,838904,approved,,True
2109,332,87,2025-07-14 11:47:51,19991.15,KZT,060886,approved,,True
2110,823,98,2025-10-12 00:13:45,44942.97,KZT,797602,approved,,True
2111,518,78,2025-11-30 03:07:18,30525.12,KZT,995616,approved,,True
2112,639,13,2025-10-21 04:13:16,42051.2,KZT,959472,approved,,True
2113,301,37,2025-12-09 23:54:34,42451.59,KZT,186226,approved,,True
2114,173,72,2025-09-16 22:08:58,31820.79,KZT,737319,approved,,True
2115,923,46,2025-12-29 23:17:14,28990.43,KZT,236683,approved,,True
2116,778,25,2025-09-17 10:48:30,68312.7,KZT,978297,approved,,True
2117,1066,96,2025-08-19 16:17:47,33697.25,KZT,674500,approved,,True
2118,1045,43,2025-09-06 11:16:43,46445.26,KZT,971357,approved,,True
2119,615,17,2025-08-14 03:14:49,6433.05,KZT,529140,approved,,True
2120,484,26,2025-07-05 02:50:03,41582.86,KZT,472723,approved,,True
2121,76,47,2025-12-30 20:59:46,22224.24,KZT,675988,approved,,True
2122,222,92,2025-10-18 11:47:58,15275.96,KZT,407651,approved,,True
2123,894,4,2025-07-05 12:08:58,7315.27,KZT,605026,approved,,True
2124,526,32,2025-07-07 02:31:40,43856.75,KZT,027182,approved,,True
2125,56,99,2025-10-01 20:00:13,15292.73,KZT,835362,approved,,True
2126,294,66,2025-09-12 01:25:03,38302.3,KZT,250776,approved,,True
2127,1002,87,2025-12-10 11:02:23,27738.45,KZT,300794,approved,,True
2128,1081,52,2025-07-03 22:15:44,23116.28,KZT,127154,approved,,True
2129,376,16,2025-08-10 08:56:06,75586.84,KZT,402574,declined,card_blocked,True
2130,481,47,2025-09-27 05:59:46,13876.48,KZT,726105,approved,,True
2131,748,13,2025-12-09 01:20:40,11991.32,KZT,829546,approved,,True
2132,124,26,2025-09-01 05:21:13,53580.23,KZT,904850,approved,,True
2133,309,45,2025-11-24 21:40:19,36414.04,KZT,682239,approved,,True
2134,707,72,2025-12-18 16:10:35,44858.35,KZT,105190,approved,,True
2135,676,7,2025-12-18 06:46:04,46570.43,KZT,623306,approved,,True
2136,511,25,2025-12-11 03:10:55,51370.19,KZT,911629,approved,,True
2137,878,92,2025-08-28 07:06:40,34640.55,KZT,887916,approved,,True
2138,80,100,2025-07-16 23:01:56,27569.09,KZT,067113,approved,,True
2139,375,10,2025-08-28 05:52:15,48970.47,KZT,377397,approved,,True
2140,345,79,2025-08-25 23:01:10,62008.17,KZT,257752,approved,,True
2141,51,71,2025-10-18 09:08:03,15037.63,KZT,351921,declined,limit_exceeded,True
2142,761,42,2025-08-17 18:37:05,55699.61,KZT,237414,approved,,True
2143,1058,7,2025-11-08 20:18:23,72895.64,KZT,461045,declined,card_blocked,True
2144,769,88,2025-08-20 12:27:46,54818.69,KZT,785226,approved,,True
2145,923,78,2025-07-20 15:45:08,13063.65,KZT,795586,approved,,True
2146,1129,32,2025-08-23 10:47:50,56703.74,KZT,556127,approved,,True
2147,880,93,2025-07-31 16:26:12,70862.43,KZT,450859,approved,,True
2148,790,39,2025-10-05 17:54:15,44517.63,KZT,698060,approved,,True
2149,141,7,2025-07-06 10:02:25,60611.16,KZT,558975,approved,,True
2150,559,88,2025-12-01 08:32:45,303.62,KZT,594841,approved,,True
2151,1195,60,2025-11-04 03:57:26,3493.25,KZT,570706,approved,,True
2152,380,76,2025-08-14 20:46:15,69914.19,KZT,858656,approved,,True
2153,827,94,2025-07-18 05:21:44,66383.46,KZT,006212,approved,,True
2154,649,68,2025-11-06 08:24:03,18168.27,KZT,563073,approved,,True
2155,1193,64,2025-12-18 18:22:59,31233.6,KZT,549735,approved,,True
2156,403,37,2025-08-26 06:08:08,30403.72,KZT,472758,approved,,True
2157,1167,5,2025-07-31 10:06:46,10269.99,KZT,556890,approved,,True
2158,451,2,2025-09-16 10:28:46,33599.61,KZT,200258,approved,,True
2159,674,95,2025-10-20 22:24:31,48523.3,KZT,962266,approved,,True
2160,563,89,2025-07-11 14:17:16,66203.92,KZT,086512,approved,,True
2161,843,91,2025-08-09 18:37:55,60760.8,KZT,878381,approved,,True
2162,982,31,2025-08-23 11:56:17,26124.38,KZT,145379,approved,,True
2163,352,53,2025-12-01 18:50:27,39250.75,KZT,672868,approved,,True
2164,814,57,2025-10-18 23:54:27,17108.39,KZT,830844,approved,,True
2165,654,97,2025-12-14 13:22:36,20105.43,KZT,635910,approved,,True
2166,925,72,2025-07-15 20:31:41,38757.43,KZT,222841,approved,,True
2167,563,2,2025-10-29 14:55:34,65449.34,KZT,134479,approved,,True
2168,990,91,2025-12-29 20:40:45,76103.92,KZT,294982,approved,,True
2169,695,82,2025-10-29 21:01:36,8238.62,KZT,458568,approved,,True
2170,211,96,2025-11-18 03:00:40,27645.9,KZT,064415,approved,,True
2171,859,18,2025-10-23 15:18:23,27057.31,KZT,021376,approved,,True
2172,1019,14,2025-12-17 21:13:50,45546.52,KZT,191403,approved,,True
2173,713,66,2025-12-20 01:32:39,76395.79,KZT,713866,declined,insufficient_funds,True
2174,1133,90,2025-07-21 20:32:55,45092.46,KZT,519228,approved,,True
2175,712,9,2025-11-17 01:23:15,388.89,KZT,146433,approved,,True
2176,1026,81,2025-09-21 12:49:23,43428.97,KZT,650633,approved,,True
2177,121,87,2025-09-03 22:53:34,44469.4,KZT,521945,approved,,True
2178,616,24,2025-10-20 12:21:33,35888.27,KZT,555884,approved,,True
2179,375,10,2025-07-06 09:34:52,60725.5,KZT,536653,approved,,True
2180,273,92,2025-07-21 05:47:41,15605.68,KZT,450950,approved,,True
2181,522,68,2025-11-25 15:53:31,29195.58,KZT,517540,approved,,True
2182,308,71,2025-08-31 15:41:47,38368.89,KZT,356568,approved,,True
2183,248,41,2025-12-13 00:09:52,20080.73,KZT,813814,approved,,True
2184,451,73,2025-11-07 16:12:56,14861.44,KZT,825211,approved,,True
2185,1192,30,2025-10-05 13:29:07,67501.57,KZT,548459,approved,,True
2186,403,8,2025-07-20 05:21:40,39821.94,KZT,961536,approved,,True
2187,346,62,2025-08-10 13:39:19,40866.84,KZT,231419,approved,,True
2188,1004,11,2025-10-15 03:03:09,7066.57,KZT,443955,approved,,True
2189,761,59,2025-12-14 23:07:45,18965.18,KZT,184320,approved,,True
2190,961,46,2025-12-18 06:11:57,50439.63,KZT,187543,approved,,True
2191,128,39,2025-10-31 17:54:53,59208.15,KZT,568901,approved,,True
2192,273,87,2025-12-10 02:31:36,18454.35,KZT,884246,approved,,True
2193,736,80,2025-09-22 01:16:19,42038.75,KZT,098330,approved,,True
2194,62,62,2025-12-15 19:14:25,24353.36,KZT,654443,approved,,True
2195,707,72,2025-10-23 08:36:02,29592.63,KZT,687062,declined,card_blocked,True
2196,373,38,2025-09-15 12:59:56,45938.42,KZT,511902,declined,card_blocked,True
2197,29,42,2025-12-25 14:39:19,8366.16,KZT,013981,approved,,True
2198,254,8,2025-08-07 19:42:19,38747.95,KZT,634029,approved,,True
2199,559,40,2025-11-10 06:33:40,32389.34,KZT,434890,approved,,True
2200,1116,47,2025-09-13 02:17:58,36578.77,KZT,353906,approved,,True
2201,862,33,2025-09-29 06:18:25,56237.39,KZT,538957,approved,,True
2202,240,23,2025-12-17 02:17:30,9996.4,KZT,677784,approved,,True
2203,675,69,2025-11-10 06:07:36,41528.63,KZT,759539,approved,,True
2204,856,73,2025-08-14 06:43:40,48972.08,KZT,235249,approved,,True
2205,240,56,2025-07-26 15:04:45,38019.06,KZT,727486,declined,insufficient_funds,True
2206,968,80,2025-08-04 21:42:39,25021.72,KZT,688513,approved,,True
2207,878,49,2025-08-29 00:39:17,6262.71,KZT,524293,approved,,True
2208,995,53,2025-10-28 20:53:17,26570.22,KZT,276147,approved,,True
2209,1072,13,2025-10-25 22:24:14,77828.1,KZT,655172,approved,,True
2210,42,60,2025-09-05 14:23:34,78734.58,KZT,432375,approved,,True
2211,1076,53,2025-07-19 00:41:49,13904.96,KZT,562631,approved,,True
2212,980,40,2025-11-14 11:12:34,57131.99,KZT,845378,declined,card_blocked,True
2213,299,97,2025-11-30 23:22:32,32204.29,KZT,286811,approved,,True
2214,610,63,2025-08-12 23:41:21,33991.91,KZT,215343,approved,,True
2215,684,4,2025-11-03 20:35:31,72501.56,KZT,549935,approved,,True
2216,1181,75,2025-10-28 23:06:05,29131.9,KZT,562712,declined,insufficient_funds,True
2217,612,31,2025-11-29 05:06:49,11180.01,KZT,562444,approved,,True
2218,83,50,2025-07-28 10:56:49,35749.58,KZT,399228,approved,,True
2219,723,84,2025-09-26 05:16:58,7204.42,KZT,563556,approved,,True
2220,1039,72,2025-09-21 20:26:21,76512.83,KZT,165965,approved,,True
2221,987,77,2025-07-15 01:05:55,66429.14,KZT,392674,approved,,True
2222,1046,47,2025-08-03 05:43:46,1525.74,KZT,478958,approved,,True
2223,92,62,2025-12-02 07:47:33,36050.76,KZT,324713,approved,,True
2224,559,37,2025-12-18 13:43:38,63931.63,KZT,582544,approved,,True
2225,441,11,2025-11-23 08:24:40,2007.02,KZT,413011,approved,,True
2226,913,18,2025-11-01 14:24:12,72437.89,KZT,480684,approved,,True
2227,660,84,2025-09-30 14:39:16,20870.84,KZT,971560,approved,,True
2228,97,35,2025-11-27 13:56:54,12726.02,KZT,937352,approved,,True
2229,249,96,2025-11-01 03:07:23,70489.12,KZT,571172,approved,,True
2230,952,58,2025-08-13 19:31:37,13433.37,KZT,289126,approved,,True
2231,739,50,2025-07-16 03:31:39,57342.83,KZT,733229,approved,,True
2232,280,79,2025-10-14 11:32:10,7564.36,KZT,603041,approved,,True
2233,723,57,2025-12-10 18:03:33,28013.2,KZT,849586,approved,,True
2234,638,78,2025-10-26 21:44:42,58243.9,KZT,612769,approved,,True
2235,281,4,2025-10-14 02:03:12,61684.37,KZT,843885,approved,,True
2236,91,29,2025-08-12 10:34:23,66515.36,KZT,086116,approved,,True
2237,821,87,2025-10-05 13:52:59,4481.71,KZT,260234,approved,,True
2238,1081,19,2025-10-16 00:39:42,38460.49,KZT,312824,approved,,True
2239,1067,77,2025-11-04 16:35:52,49242.11,KZT,322205,approved,,True
2240,1028,47,2025-08-13 05:09:24,52961.03,KZT,439243,approved,,True
2241,650,5,2025-11-29 00:45:29,71778.21,KZT,755517,approved,,True
2242,750,29,2025-09-23 04:43:18,66477.47,KZT,798177,approved,,True
2243,473,45,2025-07-11 02:30:48,36851.36,KZT,575843,approved,,True
2244,759,78,2025-09-19 17:20:23,49698.17,KZT,319837,approved,,True
2245,1114,31,2025-09-09 13:56:41,8812.59,KZT,471873,approved,,True
2246,836,99,2025-11-13 15:02:19,1927.43,KZT,950410,approved,,True
2247,191,66,2025-08-31 20:23:09,54848.36,KZT,936230,declined,insufficient_funds,True
2248,456,12,2025-10-23 04:58:18,35970.56,KZT,090022,approved,,True
2249,1058,41,2025-09-02 03:53:01,2511.11,KZT,698771,approved,,True
2250,786,15,2025-08-02 02:16:24,50478.2,KZT,596376,approved,,True
2251,167,97,2025-10-10 14:04:44,48696.37,KZT,463088,approved,,True
2252,234,81,2025-10-05 11:08:24,34034.95,KZT,331668,approved,,True
2253,528,59,2025-07-15 06:00:10,35721.21,KZT,927215,approved,,True
2254,958,49,2025-11-29 09:25:43,67862.78,KZT,146988,approved,,True
2255,655,79,2025-08-12 16:16:23,55703.18,KZT,747140,approved,,True
2256,563,17,2025-12-04 09:08:02,69256.83,KZT,757840,approved,,True
2257,596,80,2025-11-17 21:41:52,16293.99,KZT,850591,approved,,True
2258,585,69,2025-08-12 01:48:08,53033.45,KZT,066438,approved,,True
2259,480,23,2025-09-24 18:33:20,59281.13,KZT,256419,approved,,True
2260,511,30,2025-11-19 10:55:00,24381.27,KZT,196201,approved,,True
2261,591,91,2025-07-25 16:22:46,46920.35,KZT,179668,declined,card_blocked,True
2262,1171,88,2025-08-25 20:36:15,53203.37,KZT,139767,approved,,True
2263,125,98,2025-11-14 23:57:15,42152.99,KZT,223112,approved,,True
2264,843,100,2025-11-25 10:20:42,42827.52,KZT,944142,approved,,True
2265,57,13,2025-11-11 10:21:06,50979.45,KZT,167875,approved,,True
2266,1088,22,2025-07-15 08:19:36,72914.35,KZT,471987,declined,limit_exceeded,True
2267,602,77,2025-07-19 02:37:35,20046.35,KZT,029104,approved,,True
2268,660,50,2025-08-25 15:39:05,62528.1,KZT,347023,approved,,True
2269,314,95,2025-11-26 02:12:12,54684.01,KZT,439084,approved,,True
2270,563,69,2025-08-02 14:56:44,44404.02,KZT,906111,approved,,True
2271,186,83,2025-10-19 15:16:00,7733.09,KZT,275299,approved,,True
2272,754,43,2025-08-09 21:13:19,62070.24,KZT,447805,approved,,True
2273,116,4,2025-09-07 08:32:53,52668.81,KZT,101284,approved,,True
2274,970,18,2025-12-19 05:58:21,33337.29,KZT,146090,approved,,True
2275,900,3,2025-07-08 21:36:27,31345.46,KZT,235367,approved,,True
2276,320,9,2025-12-09 17:31:25,57446.58,KZT,064388,approved,,True
2277,198,99,2025-09-30 18:53:59,46052.54,KZT,959995,approved,,True
2278,208,28,2025-10-07 05:49:53,12705.23,KZT,507123,approved,,True
2279,727,48,2025-08-31 12:55:32,57632.18,KZT,531637,approved,,True
2280,765,42,2025-11-20 06:14:09,1767.33,KZT,092226,approved,,True
2281,870,92,2025-09-05 11:22:04,69076.89,KZT,754421,approved,,True
2282,1144,47,2025-07-05 18:15:56,18546.34,KZT,069044,approved,,True
2283,151,96,2025-09-19 17:57:06,46958.12,KZT,063467,approved,,True
2284,1015,98,2025-09-17 00:47:31,46895.73,KZT,402787,approved,,True
2285,397,90,2025-11-26 17:54:46,21699.81,KZT,897135,approved,,True
2286,1166,7,2025-10-12 10:15:44,38329.68,KZT,523160,approved,,True
2287,408,100,2025-08-24 22:56:47,1876.69,KZT,705437,approved,,True
2288,377,5,2025-12-03 20:59:04,51658.57,KZT,717018,approved,,True
2289,984,29,2025-11-26 18:29:18,6257.11,KZT,349839,approved,,True
2290,573,98,2025-07-14 17:47:08,26554.04,KZT,085171,approved,,True
2291,84,79,2025-09-08 21:23:25,42058.66,KZT,044571,approved,,True
2292,133,31,2025-12-23 07:30:11,52787.96,KZT,484676,approved,,True
2293,610,79,2025-12-09 20:18:28,11722.71,KZT,329521,approved,,True
2294,630,53,2025-10-17 22:54:32,73401.83,KZT,362352,approved,,True
2295,1030,35,2025-07-23 04:53:38,52188.75,KZT,923507,approved,,True
2296,1087,68,2025-08-14 02:20:31,10382.46,KZT,476058,approved,,True
2297,1049,3,2025-10-08 17:13:54,46054.93,KZT,149008,approved,,True
2298,101,57,2025-10-17 06:47:29,40898.7,KZT,960720,approved,,True
2299,81,23,2025-09-12 16:13:28,31515.02,KZT,823832,approved,,True
2300,688,14,2025-07-09 10:52:45,49839.61,KZT,958054,approved,,True
2301,25,43,2025-12-23 00:55:05,38264.9,KZT,853864,approved,,True
2302,160,97,2025-11-15 06:22:01,44995.09,KZT,077102,approved,,True
2303,524,18,2025-09-28 19:23:28,55294.37,KZT,921404,approved,,True
2304,89,2,2025-12-05 17:11:50,9292.4,KZT,184818,approved,,True
2305,340,48,2025-09-29 18:23:48,11847.91,KZT,387127,approved,,True
2306,921,7,2025-08-21 22:42:44,54251.14,KZT,735216,approved,,True
2307,1002,9,2025-11-16 04:11:02,10432.22,KZT,337573,approved,,True
2308,285,94,2025-07-03 11:06:15,59044.86,KZT,904112,approved,,True
2309,16,82,2025-10-12 17:19:24,7643.46,KZT,207697,approved,,True
2310,569,30,2025-11-04 17:26:55,27526.79,KZT,493279,approved,,True
2311,510,73,2025-07-31 22:08:55,38948.78,KZT,865982,approved,,True
2312,841,8,2025-07-11 18:15:05,26410.2,KZT,620679,approved,,True
2313,350,15,2025-11-18 04:06:10,5306.11,KZT,664101,approved,,True
2314,707,36,2025-12-14 16:28:20,3970.26,KZT,493403,approved,,True
2315,469,43,2025-10-07 21:10:55,32906.88,KZT,045175,approved,,True
2316,665,45,2025-10-12 17:28:39,783.85,KZT,609052,approved,,True
2317,143,18,2025-08-30 15:37:54,15911.83,KZT,152220,approved,,True
2318,435,41,2025-08-15 05:12:42,45203.85,KZT,899844,approved,,True
2319,55,5,2025-10-17 15:52:30,79463.12,KZT,287973,approved,,True
2320,1128,8,2025-07-27 20:14:06,19538.56,KZT,162253,declined,card_blocked,True
2321,193,82,2025-12-12 21:00:13,21038.17,KZT,001531,approved,,True
2322,914,19,2025-09-20 05:19:22,75940.94,KZT,438219,approved,,True
2323,122,62,2025-11-27 04:57:49,63272.6,KZT,304104,approved,,True
2324,98,40,2025-09-02 09:25:01,9834.72,KZT,222274,approved,,True
2325,442,66,2025-12-12 16:24:14,79849.02,KZT,768175,approved,,True
2326,1023,3,2025-10-07 03:58:43,74240.04,KZT,340417,approved,,True
2327,941,38,2025-10-22 16:44:21,61855.32,KZT,858379,approved,,True
2328,294,27,2025-11-26 14:48:24,29282.32,KZT,641838,approved,,True
2329,34,75,2025-09-04 08:50:37,75058.41,KZT,459679,approved,,True
2330,162,24,2025-09-27 06:57:19,55733.38,KZT,176742,declined,card_blocked,True
2331,1060,22,2025-11-24 02:04:20,23154.07,KZT,105306,approved,,True
2332,489,40,2025-08-22 07:24:21,75377.95,KZT,643407,approved,,True
2333,835,93,2025-11-07 17:55:29,33671.25,KZT,227498,declined,limit_exceeded,True
2334,585,8,2025-11-26 19:07:00,13567.88,KZT,667458,approved,,True
2335,1085,13,2025-11-18 02:53:50,37966.51,KZT,410321,approved,,True
2336,969,65,2025-07-25 01:16:53,39012.29,KZT,866358,approved,,True
2337,658,28,2025-07-19 21:20:44,982.41,KZT,268744,approved,,True
2338,995,83,2025-08-14 03:14:24,38206.11,KZT,944182,approved,,True
2339,1180,86,2025-11-20 04:25:40,34778.9,KZT,740028,approved,,True
2340,786,77,2025-10-13 07:03:56,39420.47,KZT,780295,approved,,True
2341,896,91,2025-09-02 04:29:12,10904.67,KZT,885908,approved,,True
2342,819,46,2025-10-16 21:22:27,12544.07,KZT,045593,approved,,True
2343,322,23,2025-08-16 17:11:20,47214.13,KZT,325942,approved,,True
2344,252,37,2025-12-09 01:34:42,1816.08,KZT,327686,approved,,True
2345,1126,65,2025-10-29 21:09:48,36195.54,KZT,470703,approved,,True
2346,905,6,2025-09-27 22:02:58,79414.27,KZT,116531,approved,,True
2347,1084,75,2025-09-10 16:04:41,38013.58,KZT,473070,approved,,True
2348,634,26,2025-12-27 20:05:45,59169.77,KZT,657209,approved,,True
2349,1113,13,2025-08-09 05:25:51,68665.5,KZT,503630,approved,,True
2350,53,42,2025-07-18 22:00:45,44976.91,KZT,683879,approved,,True
2351,978,49,2025-08-10 13:59:32,48898.38,KZT,664069,approved,,True
2352,979,39,2025-08-22 03:42:46,79401.71,KZT,857000,approved,,True
2353,396,4,2025-12-27 14:09:04,69261.5,KZT,666782,approved,,True
2354,1186,59,2025-10-20 18:19:35,25360.02,KZT,202326,approved,,True
2355,1038,76,2025-10-01 14:55:05,22233.42,KZT,491221,approved,,True
2356,547,65,2025-08-01 22:31:17,3590.1,KZT,598252,approved,,True
2357,458,12,2025-08-25 17:39:32,38593.71,KZT,269937,approved,,True
2358,835,56,2025-10-10 22:37:57,30485.3,KZT,536682,approved,,True
2359,212,94,2025-09-12 17:41:40,4384.66,KZT,782647,approved,,True
2360,1010,77,2025-08-03 06:23:29,20363.83,KZT,310878,approved,,True
2361,878,63,2025-11-28 10:58:03,14018.19,KZT,990639,declined,card_blocked,True
2362,676,85,2025-07-08 07:42:13,34748.82,KZT,858603,approved,,True
2363,972,54,2025-10-11 21:35:11,64008.63,KZT,739831,approved,,True
2364,635,34,2025-10-11 15:32:31,65590.11,KZT,728897,approved,,True
2365,759,60,2025-10-18 21:53:24,18453.0,KZT,597415,declined,limit_exceeded,True
2366,159,57,2025-09-14 10:12:31,33593.69,KZT,413912,approved,,True
2367,894,42,2025-08-09 17:53:47,36575.33,KZT,970380,approved,,True
2368,41,67,2025-10-30 07:25:41,69133.08,KZT,720435,approved,,True
2369,320,86,2025-12-14 19:05:06,9449.54,KZT,644516,approved,,True
2370,894,99,2025-12-19 16:04:20,64803.24,KZT,265597,approved,,True
2371,1061,36,2025-12-28 04:42:28,46459.44,KZT,187170,declined,insufficient_funds,True
2372,145,7,2025-10-09 07:29:30,54477.8,KZT,420174,approved,,True
2373,973,55,2025-09-29 06:59:42,53121.41,KZT,979488,approved,,True
2374,249,81,2025-11-10 14:32:25,23048.33,KZT,585053,approved,,True
2375,90,94,2025-10-23 02:55:59,17722.25,KZT,466550,approved,,True
2376,486,53,2025-12-20 01:34:44,12646.37,KZT,812317,approved,,True
2377,531,68,2025-11-10 12:17:04,11706.31,KZT,646723,declined,limit_exceeded,True
2378,454,53,2025-11-19 21:59:59,75321.34,KZT,633854,approved,,True
2379,71,15,2025-09-08 04:55:30,21545.15,KZT,735257,approved,,True
2380,371,53,2025-09-04 02:11:07,22884.96,KZT,160069,approved,,True
2381,842,64,2025-10-11 04:49:53,73994.54,KZT,952620,approved,,True
2382,593,40,2025-07-20 10:36:04,68366.19,KZT,900764,approved,,True
2383,533,27,2025-08-18 17:47:19,54097.46,KZT,846548,approved,,True
2384,1053,33,2025-12-25 11:14:02,46376.11,KZT,986627,approved,,True
2385,1188,9,2025-08-06 05:27:20,13470.84,KZT,097883,approved,,True
2386,620,39,2025-12-06 15:29:52,62253.96,KZT,088892,approved,,True
2387,183,22,2025-09-20 04:13:18,24217.5,KZT,238815,declined,limit_exceeded,True
2388,385,85,2025-12-07 20:35:34,69043.19,KZT,303911,approved,,True
2389,638,79,2025-11-03 22:36:51,52938.11,KZT,402407,approved,,True
2390,224,88,2025-07-05 08:51:04,15994.8,KZT,112324,approved,,True
2391,934,81,2025-12-11 04:52:05,36399.99,KZT,154521,approved,,True
2392,1068,54,2025-07-19 22:05:49,32569.78,KZT,329733,approved,,True
2393,1131,42,2025-09-20 23:34:33,71106.91,KZT,767049,approved,,True
2394,105,46,2025-07-04 19:51:43,64408.91,KZT,372141,approved,,True
2395,1081,19,2025-10-24 13:26:34,29686.83,KZT,325413,approved,,True
2396,1140,11,2025-12-27 03:04:42,50921.76,KZT,599862,approved,,True
2397,913,4,2025-11-11 02:33:05,5993.64,KZT,549909,approved,,True
2398,834,98,2025-08-22 08:12:58,50103.98,KZT,528734,approved,,True
2399,970,70,2025-12-11 22:56:27,15056.38,KZT,269849,declined,limit_exceeded,True
2400,821,6,2025-07-12 22:05:34,41324.11,KZT,717861,approved,,True
2401,835,32,2025-10-23 10:04:44,76841.61,KZT,208051,approved,,True
2402,596,53,2025-09-08 01:17:38,72430.01,KZT,315624,approved,,True
2403,948,30,2025-10-26 14:48:39,33714.21,KZT,254039,approved,,True
2404,892,37,2025-07-08 18:41:15,78075.88,KZT,723763,approved,,True
2405,60,87,2025-10-18 23:16:28,60776.16,KZT,459503,approved,,True
2406,1078,47,2025-08-11 06:05:15,15204.0,KZT,886705,approved,,True
2407,1162,38,2025-07-11 18:17:11,21008.19,KZT,583741,approved,,True
2408,777,86,2025-07-09 08:22:33,68243.31,KZT,093000,approved,,True
2409,771,20,2025-09-23 09:58:31,30277.73,KZT,261474,approved,,True
2410,447,41,2025-08-09 12:41:14,40396.19,KZT,621058,approved,,True
2411,675,60,2025-08-04 15:54:29,5535.61,KZT,258272,approved,,True
2412,802,8,2025-11-17 01:16:59,4283.83,KZT,222245,approved,,True
2413,4,7,2025-12-14 03:12:45,59910.9,KZT,188372,approved,,True
2414,1180,65,2025-09-30 08:49:05,66613.49,KZT,699075,approved,,True
2415,812,3,2025-08-18 10:53:48,39388.08,KZT,534446,approved,,True
2416,1032,61,2025-08-10 07:11:18,12360.39,KZT,411419,approved,,True
2417,1036,95,2025-10-30 17:01:19,51635.52,KZT,447783,approved,,True
2418,720,25,2025-10-20 00:34:07,1360.4,KZT,174351,approved,,True
2419,1117,70,2025-08-09 16:09:11,2382.64,KZT,499100,approved,,True
2420,404,37,2025-11-30 02:50:31,74408.42,KZT,257667,approved,,True
2421,935,45,2025-08-14 08:24:01,45389.3,KZT,405926,approved,,True
2422,582,45,2025-10-05 21:26:39,61608.42,KZT,193787,approved,,True
2423,787,39,2025-09-16 20:34:32,54446.14,KZT,270047,approved,,True
2424,1128,95,2025-11-07 23:53:10,9764.12,KZT,568007,approved,,True
2425,935,21,2025-08-05 07:30:38,12399.22,KZT,119859,approved,,True
2426,179,51,2025-10-22 21:44:47,54059.07,KZT,048840,approved,,True
2427,757,1,2025-12-07 18:01:38,58138.83,KZT,322705,approved,,True
2428,9,19,2025-08-29 19:35:12,26688.32,KZT,934552,approved,,True
2429,37,35,2025-10-16 06:43:31,66018.97,KZT,531835,approved,,True
2430,942,87,2025-09-23 00:19:36,22300.33,KZT,661476,approved,,True
2431,132,88,2025-10-02 13:46:12,17819.85,KZT,495160,approved,,True
2432,826,70,2025-08-08 06:42:23,18491.4,KZT,138959,approved,,True
2433,311,72,2025-08-22 15:00:08,36634.71,KZT,971208,approved,,True
2434,464,23,2025-09-08 04:25:58,50332.5,KZT,617315,approved,,True
2435,1179,77,2025-11-26 07:09:50,15901.24,KZT,542272,approved,,True
2436,800,96,2025-08-07 05:00:20,22606.03,KZT,263385,approved,,True
2437,71,55,2025-10-04 12:05:58,55773.85,KZT,043456,approved,,True
2438,99,73,2025-11-21 06:26:30,45925.37,KZT,414880,approved,,True
2439,82,81,2025-12-18 04:14:49,56596.09,KZT,530742,approved,,True
2440,466,64,2025-09-07 00:04:41,66236.92,KZT,564488,approved,,True
2441,421,100,2025-10-02 05:21:22,66943.5,KZT,644710,declined,limit_exceeded,True
2442,598,91,2025-10-26 01:10:38,35725.16,KZT,755687,approved,,True
2443,908,82,2025-07-11 15:57:03,22261.66,KZT,679975,approved,,True
2444,953,84,2025-09-07 05:26:54,64202.63,KZT,382872,approved,,True
2445,449,53,2025-08-02 01:34:43,2316.8,KZT,089319,approved,,True
2446,329,77,2025-07-17 00:15:21,42522.93,KZT,352435,approved,,True
2447,989,47,2025-11-05 07:06:53,76608.15,KZT,931038,approved,,True
2448,1052,4,2025-11-13 05:43:29,54737.65,KZT,022724,approved,,True
2449,1182,68,2025-08-31 18:01:37,26912.96,KZT,387601,approved,,True
2450,918,75,2025-07-11 19:33:10,8615.83,KZT,454808,approved,,True
2451,575,95,2025-10-30 01:33:27,1207.0,KZT,493207,approved,,True
2452,1116,77,2025-08-29 02:31:03,79357.99,KZT,587724,approved,,True
2453,853,96,2025-12-20 05:51:39,13306.08,KZT,389033,approved,,True
2454,606,10,2025-09-09 14:35:35,72198.31,KZT,405090,approved,,True
2455,728,13,2025-10-11 20:34:26,62143.15,KZT,413365,approved,,True
2456,385,10,2025-08-22 00:52:16,26266.03,KZT,213536,declined,insufficient_funds,True
2457,414,5,2025-08-08 10:47:53,37156.81,KZT,158393,approved,,True
2458,147,92,2025-07-08 03:25:49,71284.51,KZT,777781,approved,,True
2459,127,55,2025-09-09 01:31:05,72830.51,KZT,823546,approved,,True
2460,341,94,2025-08-27 00:08:52,6786.41,KZT,378971,approved,,True
2461,532,7,2025-09-18 05:52:53,16049.17,KZT,046836,approved,,True
2462,1132,53,2025-12-05 04:46:28,62752.25,KZT,861805,declined,card_blocked,True
2463,68,83,2025-09-30 23:53:48,40556.36,KZT,909686,approved,,True
2464,205,6,2025-09-05 15:01:59,66320.51,KZT,616542,approved,,True
2465,878,70,2025-12-15 14:38:01,21479.03,KZT,767548,approved,,True
2466,322,86,2025-08-16 05:05:34,42718.69,KZT,904048,approved,,True
2467,171,76,2025-07-19 16:02:45,66887.05,KZT,643942,approved,,True
2468,1139,68,2025-12-24 15:36:27,10888.39,KZT,625073,approved,,True
2469,373,96,2025-10-26 19:15:49,68354.75,KZT,166970,declined,insufficient_funds,True
2470,135,29,2025-12-05 02:24:12,54551.63,KZT,336338,approved,,True
2471,1041,78,2025-12-03 22:38:49,51623.66,KZT,550981,approved,,True
2472,621,95,2025-08-17 00:05:07,63297.4,KZT,678624,approved,,True
2473,1192,76,2025-07-19 14:19:17,76711.84,KZT,594054,approved,,True
2474,516,35,2025-12-30 18:07:09,26276.66,KZT,661919,declined,limit_exceeded,True
2475,968,10,2025-09-07 14:54:26,71964.25,KZT,537470,approved,,True
2476,693,1,2025-11-22 02:10:00,53905.96,KZT,282807,approved,,True
2477,799,61,2025-07-21 18:25:48,51003.58,KZT,426265,approved,,True
2478,801,94,2025-11-24 13:07:01,39924.46,KZT,236334,approved,,True
2479,126,13,2025-10-06 19:08:03,66737.43,KZT,018470,approved,,True
2480,456,68,2025-12-22 14:49:46,55910.92,KZT,433519,approved,,True
2481,753,64,2025-09-03 23:34:46,12838.0,KZT,692828,approved,,True
2482,47,2,2025-09-05 09:57:25,59084.94,KZT,438280,approved,,True
2483,1091,84,2025-11-24 03:00:01,40236.3,KZT,144803,approved,,True
2484,243,65,2025-07-28 03:10:46,19121.95,KZT,009546,approved,,True
2485,783,47,2025-12-15 00:06:01,48077.7,KZT,209654,approved,,True
2486,583,49,2025-08-12 19:11:34,66882.05,KZT,406353,approved,,True
2487,377,17,2025-12-03 09:41:29,8333.79,KZT,412169,approved,,True
2488,233,39,2025-11-02 09:01:09,46537.71,KZT,220320,approved,,True
2489,426,80,2025-12-16 09:35:17,48434.49,KZT,498581,approved,,True
2490,1169,86,2025-12-02 14:21:14,488.33,KZT,342569,approved,,True
2491,1029,12,2025-11-29 13:03:08,2391.45,KZT,508142,approved,,True
2492,113,31,2025-11-22 03:48:45,44670.57,KZT,273626,approved,,True
2493,1059,76,2025-10-05 11:21:07,12661.36,KZT,714905,approved,,True
2494,451,83,2025-12-08 14:21:43,46500.65,KZT,792487,approved,,True
2495,974,5,2025-07-26 16:49:15,33678.88,KZT,618363,approved,,True
2496,703,76,2025-12-09 00:38:30,54888.81,KZT,230937,approved,,True
2497,77,57,2025-10-15 03:58:32,65374.66,KZT,442594,approved,,True
2498,169,41,2025-09-22 19:55:03,3029.19,KZT,480423,approved,,True
2499,799,89,2025-11-21 14:13:01,50422.68,KZT,504858,declined,insufficient_funds,True
2500,665,25,2025-08-30 18:30:20,26475.92,KZT,715169,approved,,True
2501,1172,46,2025-12-27 16:39:50,2945.6,KZT,940691,approved,,True
2502,340,95,2025-10-07 20:50:06,11019.02,KZT,679989,declined,card_blocked,True
2503,1047,58,2025-12-02 14:37:36,72619.04,KZT,678083,approved,,True
2504,446,82,2025-09-02 06:21:22,22003.36,KZT,722121,approved,,True
2505,40,11,2025-11-13 11:54:44,49554.5,KZT,847007,approved,,True
2506,148,91,2025-11-04 21:32:09,16103.27,KZT,166676,approved,,True
2507,833,8,2025-09-29 02:58:10,18301.52,KZT,281289,approved,,True
2508,157,97,2025-12-06 08:48:26,48646.51,KZT,678888,approved,,True
2509,1048,13,2025-11-05 02:25:14,25498.23,KZT,787441,approved,,True
2510,591,57,2025-11-17 20:37:20,25872.99,KZT,164895,approved,,True
2511,733,31,2025-10-30 11:01:15,4170.37,KZT,770383,approved,,True
2512,1120,94,2025-12-02 06:26:36,68998.66,KZT,021820,approved,,True
2513,87,79,2025-12-06 23:36:42,22665.0,KZT,963764,approved,,True
2514,981,95,2025-09-15 17:59:19,59871.86,KZT,467634,approved,,True
2515,9,2,2025-10-07 08:47:16,47808.08,KZT,350584,approved,,True
2516,677,34,2025-11-26 08:25:55,59496.36,KZT,507551,approved,,True
2517,240,99,2025-09-06 23:15:27,28516.62,KZT,016269,approved,,True
2518,518,15,2025-09-04 06:47:08,7589.81,KZT,144801,approved,,True
2519,416,99,2025-08-15 14:40:32,31523.95,KZT,308867,approved,,True
2520,838,27,2025-09-16 12:40:07,62579.1,KZT,855706,approved,,True
2521,740,75,2025-08-02 03:37:36,18821.01,KZT,382599,approved,,True
2522,213,34,2025-08-03 09:12:42,57246.01,KZT,432052,approved,,True
2523,131,24,2025-08-16 11:25:19,35287.26,KZT,617471,approved,,True
2524,565,21,2025-07-22 19:19:19,25953.62,KZT,656368,approved,,True
2525,421,29,2025-08-07 01:33:44,42252.29,KZT,123921,approved,,True
2526,61,44,2025-09-11 19:15:01,55788.98,KZT,790527,declined,insufficient_funds,True
2527,75,75,2025-07-07 21:00:45,1503.09,KZT,494923,approved,,True
2528,125,65,2025-09-12 13:48:01,18343.37,KZT,685900,approved,,True
2529,633,88,2025-09-15 19:04:10,57350.85,KZT,646806,declined,card_blocked,True
2530,647,59,2025-12-15 15:37:45,69703.98,KZT,837592,approved,,True
2531,858,50,2025-10-03 06:32:29,65904.67,KZT,876342,approved,,True
2532,98,83,2025-10-14 13:32:54,19961.25,KZT,863608,approved,,True
2533,279,46,2025-12-08 20:05:58,37798.8,KZT,575740,approved,,True
2534,257,8,2025-10-06 17:08:25,3237.32,KZT,261317,declined,limit_exceeded,True
2535,609,89,2025-12-16 22:39:53,43323.23,KZT,179238,approved,,True
2536,27,94,2025-10-19 00:04:06,47178.97,KZT,303604,approved,,True
2537,522,97,2025-08-07 05:32:41,59937.82,KZT,576275,approved,,True
2538,893,71,2025-10-26 03:28:56,59469.14,KZT,408672,approved,,True
2539,467,58,2025-11-20 10:15:45,3651.51,KZT,129343,approved,,True
2540,661,52,2025-09-08 17:06:17,20850.49,KZT,770870,approved,,True
2541,258,100,2025-08-01 22:53:29,24504.23,KZT,614386,approved,,True
2542,1016,22,2025-09-30 20:16:43,40015.21,KZT,783159,approved,,True
2543,454,81,2025-10-09 14:51:09,15096.1,KZT,708676,approved,,True
2544,989,18,2025-12-09 22:02:36,62259.5,KZT,937690,approved,,True
2545,1125,84,2025-07-05 00:54:08,43839.24,KZT,881886,approved,,True
2546,1057,78,2025-12-08 20:49:50,76749.27,KZT,364989,approved,,True
2547,578,89,2025-12-20 15:54:12,56097.01,KZT,957535,approved,,True
2548,295,58,2025-09-12 03:08:27,39772.5,KZT,589176,approved,,True
2549,270,16,2025-10-06 02:22:46,67495.69,KZT,222448,approved,,True
2550,687,72,2025-10-19 03:35:45,79833.77,KZT,813166,approved,,True
2551,452,76,2025-07-12 17:10:46,47591.87,KZT,312369,approved,,True
2552,713,10,2025-08-06 16:19:04,64539.27,KZT,988847,approved,,True
2553,341,81,2025-08-23 04:06:03,52859.04,KZT,621120,approved,,True
2554,947,67,2025-07-22 07:07:42,32999.77,KZT,103524,approved,,True
2555,954,67,2025-10-05 16:27:51,33727.59,KZT,346043,approved,,True
2556,857,6,2025-09-04 11:19:41,5280.75,KZT,431094,approved,,True
2557,22,80,2025-11-23 01:13:49,12617.6,KZT,582353,approved,,True
2558,1012,26,2025-07-16 22:43:01,23253.52,KZT,073375,approved,,True
2559,660,53,2025-07-17 12:47:55,65795.17,KZT,303759,approved,,True
2560,104,47,2025-11-14 09:51:01,3972.1,KZT,599818,approved,,True
2561,997,99,2025-08-06 17:57:29,31169.45,KZT,555467,declined,insufficient_funds,True
2562,580,36,2025-11-28 12:48:05,46145.46,KZT,154878,declined,insufficient_funds,True
2563,24,17,2025-08-19 18:37:55,60216.68,KZT,479600,approved,,True
2564,841,16,2025-08-07 13:47:47,46959.0,KZT,323875,approved,,True
2565,843,90,2025-08-30 03:48:39,49235.04,KZT,794344,declined,insufficient_funds,True
2566,976,74,2025-07-25 03:57:30,59227.65,KZT,848408,declined,limit_exceeded,True
2567,219,74,2025-08-25 14:39:02,53475.73,KZT,916262,approved,,True
2568,218,91,2025-09-21 20:59:05,10963.83,KZT,514877,approved,,True
2569,655,38,2025-09-21 16:37:18,28608.83,KZT,656030,declined,insufficient_funds,True
2570,715,29,2025-12-17 14:23:40,4875.65,KZT,708132,approved,,True
2571,820,68,2025-07-05 05:20:00,60102.17,KZT,980248,approved,,True
2572,1007,83,2025-07-16 20:10:41,34713.76,KZT,887360,approved,,True
2573,565,31,2025-08-18 17:35:39,74488.31,KZT,453210,approved,,True
2574,615,77,2025-12-30 22:57:42,3794.45,KZT,909685,approved,,True
2575,1025,57,2025-08-09 03:55:24,69621.53,KZT,784127,approved,,True
2576,403,56,2025-08-10 14:30:56,31861.79,KZT,064077,approved,,True
2577,842,22,2025-10-17 22:46:53,4339.28,KZT,107548,approved,,True
2578,1190,31,2025-11-29 09:44:14,42549.77,KZT,627082,approved,,True
2579,65,69,2025-10-13 00:02:03,16739.06,KZT,052230,approved,,True
2580,855,66,2025-11-27 15:07:09,630.73,KZT,292836,approved,,True
2581,440,37,2025-10-18 06:08:47,25615.03,KZT,082918,approved,,True
2582,320,92,2025-11-15 18:31:57,21315.43,KZT,561320,approved,,True
2583,512,69,2025-10-03 00:41:31,4343.36,KZT,018204,approved,,True
2584,788,15,2025-12-28 17:04:23,9077.75,KZT,357463,approved,,True
2585,190,71,2025-07-19 19:10:58,57186.06,KZT,873562,approved,,True
2586,373,79,2025-12-16 10:33:31,55952.15,KZT,385466,approved,,True
2587,233,76,2025-11-21 01:16:42,10512.83,KZT,328744,approved,,True
2588,375,9,2025-08-03 05:32:00,69185.06,KZT,953367,approved,,True
2589,193,50,2025-11-18 11:57:38,72956.24,KZT,482561,approved,,True
2590,699,45,2025-12-17 22:03:07,47121.78,KZT,869082,approved,,True
2591,623,60,2025-11-29 14:32:50,13223.96,KZT,877343,approved,,True
2592,629,95,2025-10-10 06:27:54,30421.28,KZT,037739,approved,,True
2593,712,53,2025-10-03 23:11:58,38717.64,KZT,683107,approved,,True
2594,810,32,2025-08-04 06:53:41,22997.32,KZT,435451,approved,,True
2595,612,91,2025-07-09 02:50:10,65448.52,KZT,964464,approved,,True
2596,880,54,2025-09-04 08:54:27,76761.73,KZT,524732,approved,,True
2597,994,51,2025-08-04 00:50:48,33684.23,KZT,946113,approved,,True
2598,925,14,2025-07-07 17:54:15,69587.89,KZT,540432,approved,,True
2599,116,91,2025-11-26 15:26:10,61748.47,KZT,243539,approved,,True
2600,619,27,2025-07-30 20:04:58,77325.56,KZT,502594,approved,,True
2601,49,23,2025-09-24 22:37:54,22302.56,KZT,130320,approved,,True
2602,835,25,2025-08-23 07:20:59,4532.95,KZT,131384,approved,,True
2603,7,87,2025-12-19 14:58:15,41456.02,KZT,108815,approved,,True
2604,655,51,2025-12-05 15:32:14,1236.81,KZT,045128,approved,,True
2605,625,55,2025-07-30 16:11:45,18532.26,KZT,639150,approved,,True
2606,155,3,2025-10-03 04:42:18,2125.55,KZT,082690,approved,,True
2607,28,28,2025-12-12 22:13:13,28068.61,KZT,732196,approved,,True
2608,819,80,2025-09-05 20:51:34,9368.74,KZT,543914,approved,,True
2609,915,50,2025-09-02 02:24:30,34474.59,KZT,883030,approved,,True
2610,811,75,2025-12-03 08:43:35,73529.28,KZT,903678,approved,,True
2611,493,15,2025-10-08 01:58:58,50245.73,KZT,227307,approved,,True
2612,1117,28,2025-09-08 11:56:27,63899.72,KZT,862016,approved,,True
2613,734,1,2025-08-07 19:12:42,49421.18,KZT,376541,approved,,True
2614,1093,57,2025-09-06 05:24:08,61220.96,KZT,004689,approved,,True
2615,203,83,2025-07-19 21:12:23,51775.33,KZT,289225,approved,,True
2616,273,37,2025-08-08 16:38:41,44769.58,KZT,025611,approved,,True
2617,387,100,2025-12-10 07:53:18,12210.53,KZT,838939,declined,insufficient_funds,True
2618,740,24,2025-08-17 02:11:27,17628.65,KZT,719984,approved,,True
2619,280,9,2025-10-17 16:13:05,21228.39,KZT,403165,approved,,True
2620,557,58,2025-12-05 14:17:20,21372.31,KZT,600652,approved,,True
2621,689,75,2025-08-23 10:05:48,30985.92,KZT,378832,declined,card_blocked,True
2622,323,76,2025-11-25 05:12:03,13003.86,KZT,594964,declined,insufficient_funds,True
2623,168,2,2025-11-14 06:30:52,52457.5,KZT,954843,approved,,True
2624,151,17,2025-09-17 02:33:37,3980.97,KZT,015911,approved,,True
2625,386,72,2025-10-15 12:11:02,12020.66,KZT,106718,approved,,True
2626,448,32,2025-10-15 12:33:50,8627.95,KZT,463879,approved,,True
2627,564,69,2025-09-19 12:13:13,69695.73,KZT,998626,approved,,True
2628,1150,64,2025-09-26 10:18:13,77769.07,KZT,151041,approved,,True
2629,1126,73,2025-07-15 09:52:26,59809.48,KZT,317109,approved,,True
2630,150,94,2025-08-12 04:43:07,69615.87,KZT,342225,approved,,True
2631,844,31,2025-07-05 21:43:15,59813.74,KZT,377752,approved,,True
2632,891,68,2025-09-06 18:33:26,76063.49,KZT,354385,approved,,True
2633,201,87,2025-12-30 03:03:16,61847.51,KZT,527548,approved,,True
2634,193,15,2025-11-24 12:59:06,77462.41,KZT,627975,approved,,True
2635,573,24,2025-08-13 04:49:46,78585.51,KZT,707830,approved,,True
2636,698,39,2025-07-23 04:12:44,39309.34,KZT,851964,approved,,True
2637,60,41,2025-12-30 02:45:55,45546.52,KZT,205627,approved,,True
2638,1065,91,2025-09-23 03:01:39,78224.79,KZT,957117,approved,,True
2639,783,68,2025-11-24 11:39:29,62535.8,KZT,058391,approved,,True
2640,340,44,2025-11-02 01:25:04,28925.27,KZT,903214,approved,,True
2641,899,48,2025-08-04 14:48:08,74498.17,KZT,228163,approved,,True
2642,751,57,2025-11-27 08:47:09,57855.71,KZT,759917,approved,,True
2643,382,26,2025-08-12 00:54:33,69811.86,KZT,993060,approved,,True
2644,633,33,2025-10-03 23:44:33,53988.28,KZT,723124,approved,,True
2645,415,38,2025-10-03 14:39:57,25160.14,KZT,592757,approved,,True
2646,1030,28,2025-07-17 04:18:53,29400.99,KZT,661651,approved,,True
2647,906,94,2025-10-13 11:38:04,43823.46,KZT,728954,approved,,True
2648,926,58,2025-11-23 20:39:14,6465.98,KZT,279283,approved,,True
2649,648,97,2025-11-13 17:25:57,74594.85,KZT,102648,approved,,True
2650,847,55,2025-10-11 08:20:08,20323.54,KZT,357160,approved,,True
2651,784,83,2025-10-06 14:29:07,41540.57,KZT,520527,approved,,True
2652,1074,9,2025-08-08 07:17:30,47135.52,KZT,593030,approved,,True
2653,788,27,2025-11-11 13:19:53,67906.62,KZT,903411,approved,,True
2654,277,77,2025-11-12 09:33:24,49024.22,KZT,167420,approved,,True
2655,814,7,2025-07-17 00:15:57,55319.34,KZT,366641,approved,,True
2656,555,39,2025-12-09 06:40:29,35519.18,KZT,741281,approved,,True
2657,635,77,2025-10-09 15:02:34,45392.55,KZT,859401,approved,,True
2658,651,72,2025-07-07 14:32:29,40214.28,KZT,283108,approved,,True
2659,584,42,2025-12-05 20:40:27,63260.58,KZT,618337,approved,,True
2660,1145,37,2025-12-28 03:41:07,29170.82,KZT,790127,approved,,True
2661,1115,17,2025-12-02 10:38:57,77696.41,KZT,079274,approved,,True
2662,703,66,2025-08-25 05:42:49,28501.02,KZT,072907,approved,,True
2663,184,3,2025-09-02 23:04:37,55796.78,KZT,631818,approved,,True
2664,13,60,2025-09-09 13:31:50,67067.24,KZT,946132,approved,,True
2665,278,59,2025-11-09 13:53:40,44755.19,KZT,939841,approved,,True
2666,102,65,2025-07-05 13:12:57,26847.53,KZT,450938,approved,,True
2667,706,43,2025-08-31 15:34:11,49683.36,KZT,803418,approved,,True
2668,765,57,2025-08-27 21:26:00,34453.87,KZT,873949,approved,,True
2669,575,36,2025-10-23 13:19:41,21398.06,KZT,881009,approved,,True
2670,1152,70,2025-07-05 23:33:27,31760.74,KZT,711331,approved,,True
2671,1163,24,2025-08-09 19:55:24,45553.03,KZT,346737,declined,card_blocked,True
2672,432,80,2025-07-04 02:14:04,68096.01,KZT,184381,approved,,True
2673,426,48,2025-10-18 11:00:02,29901.63,KZT,427520,approved,,True
2674,1072,78,2025-08-01 19:43:39,79526.32,KZT,660299,approved,,True
2675,326,42,2025-10-20 15:36:30,69347.2,KZT,485692,approved,,True
2676,650,98,2025-09-03 05:46:28,10169.57,KZT,886118,approved,,True
2677,937,88,2025-12-14 18:37:19,11323.94,KZT,843668,approved,,True
2678,986,80,2025-07-09 02:54:01,25240.12,KZT,594348,approved,,True
2679,241,18,2025-08-08 06:23:32,73097.38,KZT,471542,approved,,True
2680,65,28,2025-11-14 12:23:19,58439.17,KZT,137966,approved,,True
2681,309,70,2025-08-30 02:17:32,48014.74,KZT,476185,approved,,True
2682,366,99,2025-10-18 15:07:26,50910.42,KZT,018031,approved,,True
2683,963,79,2025-11-30 07:47:37,41462.1,KZT,008697,approved,,True
2684,720,1,2025-08-24 10:50:01,78258.9,KZT,356293,declined,insufficient_funds,True
2685,211,15,2025-09-18 22:10:57,66912.59,KZT,639173,approved,,True
2686,959,9,2025-09-29 22:55:12,9718.66,KZT,728726,approved,,True
2687,1117,22,2025-12-01 01:42:33,6197.61,KZT,916996,declined,card_blocked,True
2688,312,11,2025-12-25 13:31:57,78168.93,KZT,990600,approved,,True
2689,28,70,2025-07-13 08:13:12,37592.3,KZT,044242,approved,,True
2690,479,58,2025-08-30 04:10:07,76985.73,KZT,665582,approved,,True
2691,352,45,2025-11-12 15:49:39,12521.93,KZT,281464,declined,insufficient_funds,True
2692,699,14,2025-11-22 11:00:02,76369.56,KZT,444359,approved,,True
2693,1023,47,2025-09-13 12:25:10,1623.22,KZT,685281,approved,,True
2694,1074,44,2025-08-04 14:58:51,35709.6,KZT,740491,approved,,True
2695,165,90,2025-12-04 08:16:55,15290.45,KZT,916028,approved,,True
2696,426,46,2025-10-08 14:49:33,73951.4,KZT,412475,approved,,True
2697,603,76,2025-09-09 20:15:58,68572.28,KZT,812652,approved,,True
2698,808,38,2025-07-05 05:25:33,30712.04,KZT,530614,approved,,True
2699,1085,90,2025-11-09 18:34:58,63957.17,KZT,720120,approved,,True
2700,222,35,2025-07-13 00:46:46,46046.82,KZT,366280,approved,,True
2701,1055,20,2025-11-07 19:08:37,59481.27,KZT,336954,approved,,True
2702,508,84,2025-11-02 20:09:12,10050.7,KZT,725740,approved,,True
2703,7,9,2025-12-06 19:52:43,74086.08,KZT,476745,approved,,True
2704,1074,66,2025-09-22 20:50:14,62555.74,KZT,394528,approved,,True
2705,203,36,2025-07-31 19:02:13,29762.59,KZT,353451,approved,,True
2706,209,75,2025-08-13 16:06:31,67009.88,KZT,429888,approved,,True
2707,709,81,2025-10-02 00:52:51,44241.15,KZT,021638,approved,,True
2708,1118,43,2025-12-06 19:41:29,75784.12,KZT,249784,approved,,True
2709,487,74,2025-10-11 06:23:16,56821.61,KZT,255415,approved,,True
2710,523,94,2025-09-05 13:39:23,20718.65,KZT,408544,declined,limit_exceeded,True
2711,178,36,2025-12-02 22:42:46,37542.37,KZT,921057,approved,,True
2712,1034,64,2025-08-10 07:23:29,69106.18,KZT,025819,approved,,True
2713,1200,41,2025-07-25 10:20:21,54641.32,KZT,056569,approved,,True
2714,703,35,2025-09-24 07:41:15,14540.13,KZT,105535,declined,limit_exceeded,True
2715,239,90,2025-10-15 16:42:38,24022.3,KZT,178164,approved,,True
2716,495,83,2025-11-16 13:05:55,47598.78,KZT,873778,approved,,True
2717,983,28,2025-12-27 15:53:03,32437.27,KZT,495465,approved,,True
2718,810,75,2025-12-25 07:03:21,10302.51,KZT,702576,approved,,True
2719,1124,64,2025-10-15 09:53:52,17866.7,KZT,249118,approved,,True
2720,721,6,2025-08-14 19:30:13,14393.5,KZT,250288,approved,,True
2721,997,88,2025-08-27 13:53:52,9016.27,KZT,585835,approved,,True
2722,586,52,2025-10-28 22:05:52,67129.48,KZT,274579,approved,,True
2723,1119,3,2025-12-16 22:56:15,22299.39,KZT,130669,declined,insufficient_funds,True
2724,32,11,2025-09-04 11:55:27,69708.64,KZT,727243,approved,,True
2725,215,35,2025-07-06 00:56:57,40903.7,KZT,474661,approved,,True
2726,1080,19,2025-12-05 05:43:25,60037.01,KZT,107084,approved,,True
2727,624,86,2025-09-21 00:12:58,2260.45,KZT,978123,approved,,True
2728,1127,35,2025-11-04 01:06:30,22232.51,KZT,348865,approved,,True
2729,88,10,2025-12-21 22:48:12,9329.75,KZT,825900,approved,,True
2730,446,73,2025-07-06 16:19:03,2998.86,KZT,848410,approved,,True
2731,903,74,2025-10-28 09:17:58,1518.73,KZT,263274,approved,,True
2732,1039,42,2025-07-24 01:36:26,55236.81,KZT,671489,approved,,True
2733,3,72,2025-11-07 15:51:28,37124.25,KZT,829762,approved,,True
2734,873,19,2025-11-18 13:04:41,46320.78,KZT,920389,approved,,True
2735,411,92,2025-11-17 22:40:44,71499.33,KZT,567239,approved,,True
2736,834,76,2025-09-03 05:30:35,45819.02,KZT,727435,approved,,True
2737,533,35,2025-11-11 07:34:53,23978.22,KZT,006641,approved,,True
2738,382,99,2025-11-18 21:41:02,71705.4,KZT,475806,approved,,True
2739,93,78,2025-10-26 00:02:33,56434.35,KZT,149477,approved,,True
2740,97,69,2025-08-07 04:00:00,38062.05,KZT,915256,approved,,True
2741,228,46,2025-07-18 08:21:40,74148.0,KZT,145353,approved,,True
2742,318,19,2025-10-02 23:07:56,33260.62,KZT,395051,approved,,True
2743,42,99,2025-12-28 12:37:16,10987.95,KZT,213627,approved,,True
2744,361,7,2025-10-10 06:22:37,12039.68,KZT,449670,declined,card_blocked,True
2745,406,75,2025-10-27 09:52:42,1905.02,KZT,468581,approved,,True
2746,871,88,2025-12-26 05:27:15,48711.79,KZT,159870,approved,,True
2747,228,77,2025-12-13 05:42:12,15319.88,KZT,410846,approved,,True
2748,499,30,2025-08-09 12:01:42,75766.12,KZT,097713,approved,,True
2749,610,12,2025-10-19 08:58:29,73522.42,KZT,732582,approved,,True
2750,672,66,2025-10-23 09:36:30,6405.1,KZT,857005,approved,,True
2751,910,30,2025-11-14 21:31:40,14362.49,KZT,384386,approved,,True
2752,512,40,2025-09-22 06:40:32,76807.16,KZT,974373,declined,card_blocked,True
2753,67,33,2025-10-23 08:50:14,47780.64,KZT,192640,approved,,True
2754,577,40,2025-08-30 05:15:22,6290.88,KZT,263100,approved,,True
2755,68,43,2025-10-25 03:10:24,79081.73,KZT,739642,approved,,True
2756,1050,80,2025-10-28 17:11:32,47765.85,KZT,953161,approved,,True
2757,148,80,2025-08-27 21:06:19,1500.03,KZT,362980,approved,,True
2758,694,97,2025-09-18 06:28:02,67761.45,KZT,662513,approved,,True
2759,1175,87,2025-11-11 07:20:09,40867.33,KZT,111267,approved,,True
2760,1129,53,2025-08-26 06:59:50,66032.63,KZT,192960,approved,,True
2761,139,16,2025-08-20 13:30:14,7712.23,KZT,278818,approved,,True
2762,917,5,2025-08-04 22:54:03,58137.11,KZT,672412,approved,,True
2763,360,32,2025-10-06 22:18:15,3763.68,KZT,962063,approved,,True
2764,322,26,2025-08-01 23:38:07,6694.25,KZT,061713,approved,,True
2765,791,41,2025-11-24 13:47:04,25497.7,KZT,579591,approved,,True
2766,753,91,2025-09-23 20:10:58,13415.53,KZT,107843,declined,card_blocked,True
2767,125,82,2025-09-15 09:35:45,46763.9,KZT,850809,approved,,True
2768,943,27,2025-07-03 02:14:29,7514.74,KZT,290917,approved,,True
2769,572,66,2025-09-28 15:51:39,69042.09,KZT,254346,approved,,True
2770,112,25,2025-10-05 05:16:07,260.34,KZT,208366,declined,card_blocked,True
2771,16,57,2025-09-24 15:18:23,54017.33,KZT,475917,approved,,True
2772,302,64,2025-10-07 02:41:26,15862.69,KZT,418589,approved,,True
2773,714,70,2025-08-08 16:53:34,35697.18,KZT,337062,approved,,True
2774,414,19,2025-12-12 06:15:01,62335.41,KZT,971541,approved,,True
2775,1008,87,2025-09-07 16:35:01,4308.4,KZT,924699,approved,,True
2776,45,76,2025-09-17 15:01:55,58711.68,KZT,535966,approved,,True
2777,368,70,2025-10-17 02:43:45,5185.83,KZT,592467,approved,,True
2778,790,51,2025-07-06 17:09:06,79156.89,KZT,122633,approved,,True
2779,517,66,2025-11-12 06:47:24,40693.96,KZT,657150,approved,,True
2780,418,23,2025-11-20 16:59:12,78957.27,KZT,781465,approved,,True
2781,921,7,2025-11-10 09:46:06,6628.16,KZT,290103,approved,,True
2782,52,50,2025-09-03 10:56:41,64219.53,KZT,015334,approved,,True
2783,583,3,2025-08-01 13:21:37,70324.45,KZT,001049,declined,card_blocked,True
2784,169,15,2025-12-24 13:24:04,23323.31,KZT,569107,approved,,True
2785,461,41,2025-09-09 08:25:16,67748.08,KZT,735596,approved,,True
2786,157,74,2025-11-06 00:55:48,12408.82,KZT,933144,approved,,True
2787,769,28,2025-12-14 04:09:35,75951.3,KZT,725048,declined,card_blocked,True
2788,900,9,2025-12-14 04:28:56,55269.76,KZT,433773,approved,,True
2789,930,21,2025-11-05 20:47:20,56616.82,KZT,041712,approved,,True
2790,782,13,2025-08-06 18:26:30,14795.81,KZT,362726,approved,,True
2791,580,14,2025-12-23 13:02:52,67044.03,KZT,660207,approved,,True
2792,532,55,2025-07-15 17:57:54,51369.7,KZT,302070,approved,,True
2793,685,18,2025-08-03 13:50:17,15511.09,KZT,217212,approved,,True
2794,931,81,2025-08-02 22:14:10,12624.28,KZT,722913,approved,,True
2795,14,52,2025-09-08 04:10:56,70508.75,KZT,625636,approved,,True
2796,527,23,2025-10-12 06:57:46,48230.3,KZT,043378,approved,,True
2797,1070,90,2025-11-28 12:40:13,33492.28,KZT,987123,approved,,True
2798,938,70,2025-12-19 10:55:22,57009.57,KZT,897988,approved,,True
2799,417,27,2025-09-11 16:58:30,10905.34,KZT,489089,declined,insufficient_funds,True
2800,491,57,2025-09-27 02:30:35,45975.36,KZT,227267,approved,,True
2801,970,75,2025-11-11 21:55:21,78367.51,KZT,313490,approved,,True
2802,595,48,2025-07-19 06:46:35,25844.63,KZT,435448,approved,,True
2803,750,79,2025-11-22 00:41:14,9941.47,KZT,875939,approved,,True
2804,908,94,2025-11-29 00:34:18,60835.72,KZT,468563,approved,,True
2805,267,83,2025-11-25 14:08:16,6685.48,KZT,196940,approved,,True
2806,311,38,2025-10-14 14:11:16,73350.93,KZT,476365,approved,,True
2807,944,52,2025-10-27 13:55:54,23553.94,KZT,994880,approved,,True
2808,676,70,2025-12-20 16:26:43,53449.06,KZT,508561,declined,insufficient_funds,True
2809,673,18,2025-12-05 15:10:57,3574.25,KZT,296228,approved,,True
2810,685,69,2025-09-13 03:16:54,15396.45,KZT,259621,approved,,True
2811,845,63,2025-12-25 00:19:22,34783.1,KZT,939526,declined,insufficient_funds,True
2812,479,84,2025-07-21 09:57:54,31512.93,KZT,474137,approved,,True
2813,1058,95,2025-09-12 14:27:42,31673.56,KZT,974117,approved,,True
2814,968,58,2025-11-19 13:08:52,50467.74,KZT,833823,approved,,True
2815,928,47,2025-07-17 01:57:00,7691.55,KZT,280893,approved,,True
2816,197,83,2025-10-15 14:50:28,49087.4,KZT,400939,approved,,True
2817,540,81,2025-07-24 07:22:22,59517.85,KZT,821502,approved,,True
2818,925,28,2025-08-28 18:31:08,54932.04,KZT,619322,approved,,True
2819,842,9,2025-07-24 13:49:40,38196.23,KZT,462906,approved,,True
2820,645,13,2025-09-21 03:58:34,58798.8,KZT,765418,approved,,True
2821,639,33,2025-11-13 06:45:06,36446.35,KZT,999199,approved,,True
2822,670,62,2025-09-09 22:32:43,75578.93,KZT,399336,approved,,True
2823,819,70,2025-12-06 11:51:21,53167.9,KZT,008668,approved,,True
2824,941,60,2025-07-29 18:24:46,4343.27,KZT,131624,approved,,True
2825,217,48,2025-12-28 06:44:24,14950.64,KZT,042972,approved,,True
2826,428,37,2025-11-17 21:50:55,31307.4,KZT,479674,approved,,True
2827,10,89,2025-09-04 02:58:45,36254.51,KZT,181722,approved,,True
2828,329,55,2025-09-12 16:54:13,50675.2,KZT,927267,approved,,True
2829,572,89,2025-08-20 20:07:13,28438.9,KZT,941050,approved,,True
2830,778,62,2025-08-25 09:05:27,23736.49,KZT,778285,declined,insufficient_funds,True
2831,516,30,2025-09-09 13:54:43,70744.37,KZT,457119,approved,,True
2832,1133,57,2025-12-29 07:11:20,65317.66,KZT,187431,approved,,True
2833,1055,73,2025-09-05 18:34:32,50036.22,KZT,983952,approved,,True
2834,405,38,2025-12-15 16:01:58,6443.48,KZT,302342,declined,limit_exceeded,True
2835,596,17,2025-07-19 23:42:18,39886.15,KZT,274545,approved,,True
2836,774,72,2025-10-08 17:21:30,18045.32,KZT,345056,approved,,True
2837,892,61,2025-09-24 12:08:58,13284.46,KZT,356919,approved,,True
2838,912,38,2025-09-17 15:44:33,53976.52,KZT,858721,approved,,True
2839,999,12,2025-12-25 02:58:48,18966.2,KZT,559073,approved,,True
2840,934,56,2025-11-01 01:10:01,12235.4,KZT,175016,approved,,True
2841,246,99,2025-11-29 15:24:52,10421.03,KZT,853360,approved,,True
2842,180,69,2025-12-06 13:04:54,62704.92,KZT,949917,approved,,True
2843,285,72,2025-08-16 09:03:25,25938.82,KZT,002705,approved,,True
2844,10,14,2025-08-23 10:34:58,6568.07,KZT,259478,approved,,True
2845,643,62,2025-11-11 00:35:00,66432.77,KZT,891023,approved,,True
2846,399,96,2025-12-08 08:18:25,42772.13,KZT,844130,approved,,True
2847,112,97,2025-10-05 07:48:36,52113.06,KZT,250869,approved,,True
2848,1172,11,2025-11-06 00:54:27,78473.12,KZT,086939,approved,,True
2849,1147,74,2025-10-27 00:44:05,34716.45,KZT,449849,declined,card_blocked,True
2850,1093,34,2025-10-30 20:16:01,51197.75,KZT,106244,approved,,True
2851,1144,50,2025-08-17 09:49:58,49398.61,KZT,868719,approved,,True
2852,921,95,2025-08-01 04:54:15,12173.35,KZT,067186,approved,,True
2853,1166,94,2025-11-11 09:10:07,75669.02,KZT,398059,approved,,True
2854,474,17,2025-11-17 08:42:03,28172.31,KZT,644130,approved,,True
2855,832,78,2025-10-10 04:39:17,49948.27,KZT,781266,approved,,True
2856,331,53,2025-12-02 05:46:27,43198.87,KZT,417143,approved,,True
2857,280,70,2025-12-03 05:14:53,52471.89,KZT,352640,approved,,True
2858,914,37,2025-08-16 19:37:13,73775.38,KZT,209123,approved,,True
2859,185,26,2025-11-02 13:34:37,10080.09,KZT,106512,approved,,True
2860,1052,21,2025-10-23 10:39:48,22237.18,KZT,448899,approved,,True
2861,52,46,2025-10-15 00:57:29,57037.07,KZT,655222,approved,,True
2862,641,49,2025-10-24 12:38:50,70973.54,KZT,069446,approved,,True
2863,609,56,2025-09-17 08:59:05,67174.55,KZT,026968,approved,,True
2864,17,38,2025-09-23 10:09:25,445.78,KZT,752442,declined,limit_exceeded,True
2865,244,3,2025-12-29 10:52:31,74691.85,KZT,134300,approved,,True
2866,530,1,2025-08-23 23:50:09,41194.36,KZT,398795,approved,,True
2867,442,12,2025-09-28 20:28:28,64310.53,KZT,720408,approved,,True
2868,253,93,2025-10-31 00:38:32,62539.91,KZT,356928,approved,,True
2869,173,45,2025-12-06 15:55:15,29630.51,KZT,700663,approved,,True
2870,410,81,2025-12-08 16:13:41,43505.36,KZT,930917,approved,,True
2871,576,2,2025-07-22 22:52:52,25648.68,KZT,189101,approved,,True
2872,277,79,2025-12-29 13:01:23,45714.41,KZT,521439,approved,,True
2873,773,24,2025-08-27 14:52:19,34927.05,KZT,747144,approved,,True
2874,1171,78,2025-08-30 16:03:28,79428.67,KZT,626763,approved,,True
2875,695,23,2025-10-16 10:41:58,48669.05,KZT,011932,approved,,True
2876,683,98,2025-09-26 02:51:59,67933.92,KZT,558090,approved,,True
2877,137,67,2025-10-12 11:05:46,45448.28,KZT,215288,approved,,True
2878,1112,66,2025-10-11 09:40:53,57129.27,KZT,456388,approved,,True
2879,636,8,2025-08-21 22:22:02,43421.49,KZT,242742,approved,,True
2880,748,7,2025-07-03 09:59:47,16518.64,KZT,435695,approved,,True
2881,9,80,2025-12-07 19:03:17,30812.8,KZT,496521,approved,,True
2882,1179,31,2025-07-10 20:09:52,44021.33,KZT,572510,approved,,True
2883,1134,57,2025-12-16 00:09:07,4872.34,KZT,330355,approved,,True
2884,260,1,2025-11-20 18:07:36,25460.28,KZT,403712,approved,,True
2885,820,83,2025-08-01 04:22:29,22594.68,KZT,817378,approved,,True
2886,483,61,2025-08-05 03:48:50,10782.9,KZT,026738,approved,,True
2887,783,36,2025-07-09 18:04:39,43039.76,KZT,539106,approved,,True
2888,417,3,2025-09-15 13:51:51,6086.65,KZT,058769,approved,,True
2889,316,79,2025-08-25 08:55:17,32407.39,KZT,849389,approved,,True
2890,871,26,2025-10-26 15:39:58,9431.35,KZT,283928,approved,,True
2891,361,86,2025-07-10 13:10:40,75226.63,KZT,278215,approved,,True
2892,201,58,2025-09-18 04:16:46,55045.64,KZT,270323,approved,,True
2893,60,82,2025-09-18 22:25:15,22439.35,KZT,730263,approved,,True
2894,410,83,2025-10-20 11:28:11,37500.15,KZT,796350,approved,,True
2895,809,84,2025-11-22 21:30:34,6922.07,KZT,455187,approved,,True
2896,1077,98,2025-12-08 21:05:47,48986.77,KZT,180906,approved,,True
2897,26,50,2025-10-18 16:40:31,35242.95,KZT,503099,approved,,True
2898,996,1,2025-07-29 14:07:11,4663.41,KZT,216990,approved,,True
2899,899,93,2025-08-03 22:55:18,7629.92,KZT,154623,approved,,True
2900,733,44,2025-07-23 22:34:49,67461.69,KZT,613373,approved,,True
2901,979,6,2025-10-08 10:20:34,38133.04,KZT,886834,approved,,True
2902,593,17,2025-12-05 20:30:13,39409.21,KZT,913834,declined,card_blocked,True
2903,525,61,2025-11-13 15:30:58,3764.57,KZT,182927,approved,,True
2904,1194,14,2025-12-19 07:40:07,33138.66,KZT,387943,approved,,True
2905,1157,10,2025-12-20 16:13:11,50410.54,KZT,008294,approved,,True
2906,17,21,2025-07-11 18:07:32,68091.1,KZT,313362,approved,,True
2907,529,10,2025-07-31 17:41:26,77143.49,KZT,021484,approved,,True
2908,1026,27,2025-11-14 18:33:56,28657.48,KZT,270749,approved,,True
2909,540,72,2025-07-19 07:21:03,73305.41,KZT,592992,approved,,True
2910,1130,45,2025-12-18 21:32:19,32910.7,KZT,847520,approved,,True
2911,813,62,2025-10-25 10:01:32,34618.69,KZT,812715,approved,,True
2912,473,63,2025-12-30 10:52:30,36753.94,KZT,597590,approved,,True
2913,683,66,2025-08-03 08:02:06,3206.21,KZT,209212,approved,,True
2914,1157,77,2025-11-05 05:55:05,11263.24,KZT,062266,approved,,True
2915,564,34,2025-07-28 02:06:03,66418.93,KZT,421166,approved,,True
2916,93,40,2025-11-13 11:21:14,79258.3,KZT,900151,approved,,True
2917,1120,72,2025-10-04 10:29:51,54879.76,KZT,938002,approved,,True
2918,385,59,2025-12-04 17:40:43,70693.75,KZT,953189,approved,,True
2919,569,23,2025-10-08 08:36:43,54436.25,KZT,954534,declined,card_blocked,True
2920,886,3,2025-07-12 09:08:17,46612.27,KZT,684607,approved,,True
2921,822,61,2025-07-08 16:06:40,48911.75,KZT,923459,approved,,True
2922,966,72,2025-12-02 01:41:36,8080.01,KZT,495082,approved,,True
2923,795,96,2025-08-02 22:16:40,50788.35,KZT,301256,declined,limit_exceeded,True
2924,795,5,2025-08-24 21:09:30,14569.56,KZT,265956,approved,,True
2925,722,25,2025-12-02 21:44:56,79017.27,KZT,125095,approved,,True
2926,756,56,2025-07-21 04:26:09,44574.79,KZT,084073,approved,,True
2927,918,88,2025-11-24 13:49:18,31695.27,KZT,323466,approved,,True
2928,146,56,2025-08-05 02:11:47,39899.33,KZT,408437,approved,,True
2929,507,81,2025-12-24 11:44:28,47740.65,KZT,131496,approved,,True
2930,317,53,2025-10-12 01:24:34,4581.82,KZT,369058,approved,,True
2931,107,85,2025-08-13 20:34:28,6235.74,KZT,874858,approved,,True
2932,1179,98,2025-12-03 06:50:20,29940.22,KZT,997883,approved,,True
2933,557,52,2025-08-27 05:20:18,3676.9,KZT,457467,approved,,True
2934,75,73,2025-10-09 01:19:43,20892.95,KZT,815823,approved,,True
2935,686,11,2025-09-23 04:41:34,49341.33,KZT,764633,approved,,True
2936,56,66,2025-12-30 21:58:52,35543.59,KZT,048642,approved,,True
2937,386,61,2025-08-07 21:47:33,69495.46,KZT,896277,approved,,True
2938,624,91,2025-07-17 21:10:45,20090.87,KZT,764934,approved,,True
2939,1019,1,2025-09-05 02:29:15,78050.58,KZT,762891,approved,,True
2940,581,64,2025-09-29 05:09:49,62719.18,KZT,079317,approved,,True
2941,411,72,2025-10-26 04:11:33,28487.59,KZT,702596,approved,,True
2942,748,74,2025-07-17 04:41:58,406.23,KZT,269047,approved,,True
2943,162,96,2025-08-26 19:49:59,30142.53,KZT,855726,approved,,True
2944,1181,78,2025-11-05 18:19:31,48432.4,KZT,509073,approved,,True
2945,607,2,2025-12-15 15:09:01,70795.94,KZT,748086,approved,,True
2946,839,23,2025-08-14 01:52:45,7647.69,KZT,703586,approved,,True
2947,623,24,2025-12-27 20:43:33,64935.47,KZT,545990,approved,,True
2948,916,78,2025-10-16 09:33:24,2262.48,KZT,872193,approved,,True
2949,1153,38,2025-10-20 00:25:10,50709.43,KZT,182667,approved,,True
2950,148,70,2025-08-18 08:10:10,31119.86,KZT,991027,approved,,True
2951,216,15,2025-12-23 01:12:46,71285.44,KZT,886017,approved,,True
2952,552,37,2025-11-04 20:01:33,72054.24,KZT,085274,approved,,True
2953,99,32,2025-11-16 03:51:04,59092.21,KZT,480464,approved,,True
2954,184,30,2025-10-10 19:14:48,20862.39,KZT,426691,approved,,True
2955,938,72,2025-10-25 15:41:21,56095.63,KZT,911127,approved,,True
2956,418,30,2025-07-19 04:41:33,73385.53,KZT,109273,approved,,True
2957,154,15,2025-12-26 16:44:16,32921.62,KZT,192346,approved,,True
2958,412,51,2025-12-22 05:32:11,60269.79,KZT,543719,approved,,True
2959,1081,39,2025-09-28 15:13:41,4664.84,KZT,204059,approved,,True
2960,642,27,2025-10-04 22:51:29,57973.28,KZT,195824,approved,,True
2961,324,18,2025-11-20 16:18:14,52398.27,KZT,722856,approved,,True
2962,1082,31,2025-12-21 14:43:36,26856.3,KZT,201451,approved,,True
2963,1110,40,2025-10-11 01:04:35,27542.34,KZT,319313,approved,,True
2964,1063,79,2025-07-31 09:25:01,3642.5,KZT,772158,approved,,True
2965,658,53,2025-09-14 21:03:31,68788.13,KZT,812506,declined,insufficient_funds,True
2966,583,51,2025-11-18 13:04:37,38555.19,KZT,820729,approved,,True
2967,474,81,2025-12-01 09:52:40,71691.48,KZT,333515,approved,,True
2968,1083,7,2025-09-14 08:24:30,35787.96,KZT,696066,declined,card_blocked,True
2969,23,25,2025-08-10 10:04:18,18309.87,KZT,036590,approved,,True
2970,450,3,2025-11-12 00:20:45,15473.96,KZT,206156,approved,,True
2971,492,94,2025-12-28 20:10:16,33766.37,KZT,288035,approved,,True
2972,1061,75,2025-07-21 07:56:32,76642.87,KZT,280776,approved,,True
2973,353,85,2025-07-23 16:29:54,18834.78,KZT,045528,approved,,True
2974,774,85,2025-11-30 17:08:58,50330.15,KZT,791760,approved,,True
2975,832,32,2025-12-11 12:32:18,33161.3,KZT,200691,approved,,True
2976,255,53,2025-08-18 11:12:26,9808.63,KZT,992799,declined,limit_exceeded,True
2977,950,1,2025-10-12 19:03:47,75997.53,KZT,414938,approved,,True
2978,729,14,2025-10-02 17:02:08,46686.28,KZT,210347,approved,,True
2979,162,41,2025-08-13 07:38:31,43827.26,KZT,165131,approved,,True
2980,852,95,2025-07-25 08:04:13,79853.32,KZT,891858,approved,,True
2981,53,31,2025-10-28 09:20:59,10618.32,KZT,452233,approved,,True
2982,696,32,2025-09-06 15:28:02,67924.94,KZT,934180,approved,,True
2983,1124,69,2025-09-07 02:34:53,43653.18,KZT,791152,approved,,True
2984,423,87,2025-09-07 02:41:22,63114.95,KZT,074048,approved,,True
2985,824,38,2025-12-04 01:24:27,49627.01,KZT,130810,approved,,True
2986,913,100,2025-11-20 07:15:21,31982.79,KZT,834840,approved,,True
2987,368,82,2025-07-25 22:20:41,75680.96,KZT,010994,approved,,True
2988,679,80,2025-09-30 01:14:22,15904.3,KZT,596458,approved,,True
2989,1200,66,2025-11-19 12:56:48,35405.7,KZT,762984,approved,,True
2990,767,92,2025-07-07 12:47:24,54619.05,KZT,869380,approved,,True
2991,196,28,2025-10-30 07:03:23,51781.16,KZT,000252,approved,,True
2992,478,66,2025-09-10 02:57:33,686.26,KZT,895940,approved,,True
2993,1176,81,2025-07-20 14:33:15,71951.78,KZT,657490,declined,insufficient_funds,True
2994,1057,73,2025-07-29 07:36:42,49729.65,KZT,028795,approved,,True
2995,657,20,2025-09-19 02:48:56,15429.71,KZT,094833,approved,,True
2996,62,67,2025-09-27 04:45:46,12859.5,KZT,784293,approved,,True
2997,1070,89,2025-10-01 23:02:52,69737.64,KZT,203706,declined,limit_exceeded,True
2998,1153,84,2025-10-24 08:13:48,63399.14,KZT,691622,approved,,True
2999,691,31,2025-07-29 15:09:52,36686.73,KZT,518923,approved,,True
3000,351,96,2025-07-30 06:19:09,22802.68,KZT,593166,approved,,True
3001,5,67,2025-11-03 18:40:51,67035.83,KZT,734521,approved,,True
3002,61,8,2025-12-05 11:53:21,33753.07,KZT,388130,approved,,True
3003,630,32,2025-07-23 18:16:37,69746.89,KZT,285853,declined,card_blocked,True
3004,1099,5,2025-08-12 15:28:38,71657.77,KZT,197108,approved,,True
3005,287,42,2025-12-01 14:11:10,64036.12,KZT,378510,approved,,True
3006,784,24,2025-08-13 07:33:50,77341.9,KZT,332945,approved,,True
3007,1154,96,2025-08-10 02:23:24,45633.3,KZT,885457,approved,,True
3008,715,35,2025-08-20 16:27:38,5335.83,KZT,835298,declined,insufficient_funds,True
3009,1179,16,2025-08-14 02:09:27,45766.61,KZT,899713,declined,insufficient_funds,True
3010,22,13,2025-10-31 01:06:42,36571.13,KZT,126259,approved,,True
3011,318,54,2025-09-21 18:21:20,50964.52,KZT,321836,approved,,True
3012,1173,20,2025-11-05 19:20:12,34024.83,KZT,982983,approved,,True
3013,197,90,2025-07-27 21:58:27,25371.76,KZT,667224,approved,,True
3014,265,16,2025-09-09 07:00:06,11288.6,KZT,179667,approved,,True
3015,119,13,2025-10-12 08:03:10,22702.81,KZT,080389,approved,,True
3016,125,84,2025-09-01 01:39:45,25841.51,KZT,732363,approved,,True
3017,471,61,2025-11-24 22:48:41,75208.26,KZT,629990,approved,,True
3018,609,57,2025-09-12 12:00:15,59340.28,KZT,366786,approved,,True
3019,740,44,2025-07-15 04:44:20,16607.69,KZT,633229,approved,,True
3020,532,47,2025-10-02 00:38:57,38052.72,KZT,327114,approved,,True
3021,827,90,2025-09-23 09:00:36,58649.37,KZT,791978,approved,,True
3022,806,32,2025-12-01 02:35:07,78026.93,KZT,703689,approved,,True
3023,742,67,2025-09-18 23:58:13,36206.11,KZT,076721,approved,,True
3024,365,57,2025-12-11 05:01:04,51789.21,KZT,988739,approved,,True
3025,778,4,2025-11-25 21:12:50,8674.55,KZT,146617,declined,insufficient_funds,True
3026,114,45,2025-12-12 15:31:06,19205.78,KZT,367542,approved,,True
3027,19,80,2025-10-25 15:38:36,11608.87,KZT,947178,approved,,True
3028,381,21,2025-07-16 04:52:50,8506.62,KZT,844196,approved,,True
3029,866,18,2025-09-10 13:18:48,79685.07,KZT,572117,approved,,True
3030,1099,96,2025-09-28 23:45:38,22998.87,KZT,227454,approved,,True
3031,294,40,2025-07-30 16:07:48,54041.86,KZT,982024,approved,,True
3032,30,40,2025-10-27 08:25:53,66658.23,KZT,545780,approved,,True
3033,1106,22,2025-10-02 15:48:02,431.37,KZT,010615,approved,,True
3034,4,8,2025-09-12 20:51:30,72307.62,KZT,630658,approved,,True
3035,702,32,2025-07-26 06:40:46,46926.7,KZT,379988,approved,,True
3036,657,5,2025-12-12 22:57:54,24898.21,KZT,243221,declined,insufficient_funds,True
3037,315,14,2025-08-20 22:04:51,54262.81,KZT,924980,approved,,True
3038,149,47,2025-10-14 15:42:09,72536.87,KZT,510434,approved,,True
3039,371,79,2025-07-08 18:04:07,33244.06,KZT,094369,approved,,True
3040,709,58,2025-11-08 16:50:37,4444.99,KZT,858176,approved,,True
3041,1137,72,2025-10-16 14:51:09,56072.33,KZT,811325,approved,,True
3042,993,98,2025-11-11 13:17:23,27183.39,KZT,698356,approved,,True
3043,786,60,2025-11-29 06:31:04,12624.67,KZT,193294,approved,,True
3044,1077,88,2025-12-12 17:19:23,14984.68,KZT,741482,approved,,True
3045,395,60,2025-10-15 05:36:23,37590.91,KZT,130424,approved,,True
3046,721,75,2025-10-31 16:30:08,77741.62,KZT,351711,approved,,True
3047,1133,68,2025-11-16 23:46:48,77193.35,KZT,934486,approved,,True
3048,261,88,2025-09-17 11:02:17,55489.24,KZT,450973,approved,,True
3049,457,47,2025-07-31 14:13:27,34626.35,KZT,574514,approved,,True
3050,879,18,2025-08-10 22:50:11,47664.09,KZT,220135,approved,,True
3051,979,54,2025-07-16 17:13:24,66697.94,KZT,625370,approved,,True
3052,111,89,2025-12-06 02:49:25,36733.73,KZT,923850,approved,,True
3053,5,35,2025-11-12 07:33:01,76179.52,KZT,202634,approved,,True
3054,198,2,2025-07-19 02:34:32,30494.13,KZT,629587,approved,,True
3055,287,67,2025-10-01 18:37:31,65161.61,KZT,004486,approved,,True
3056,1052,78,2025-12-29 04:57:46,5391.5,KZT,192148,approved,,True
3057,537,60,2025-07-17 21:47:36,9445.97,KZT,875210,approved,,True
3058,521,7,2025-08-19 15:53:59,50859.12,KZT,658682,approved,,True
3059,627,13,2025-09-23 16:04:19,38807.74,KZT,742458,approved,,True
3060,435,41,2025-12-29 19:03:54,63177.01,KZT,666660,approved,,True
3061,1194,37,2025-11-15 14:15:03,34588.75,KZT,640935,approved,,True
3062,336,40,2025-10-29 21:09:22,42097.7,KZT,247044,approved,,True
3063,838,87,2025-12-01 09:00:17,39497.56,KZT,896926,approved,,True
3064,313,83,2025-09-14 03:23:09,69931.82,KZT,441113,approved,,True
3065,205,63,2025-08-17 16:19:49,35948.22,KZT,546025,approved,,True
3066,952,10,2025-11-25 19:30:44,60316.09,KZT,070779,approved,,True
3067,763,25,2025-11-02 18:20:03,31155.55,KZT,297836,approved,,True
3068,690,64,2025-12-05 16:29:36,21886.17,KZT,542253,approved,,True
3069,818,70,2025-12-16 02:16:25,54525.36,KZT,435022,approved,,True
3070,360,72,2025-09-30 06:10:16,8024.09,KZT,455144,approved,,True
3071,1151,14,2025-07-10 10:19:53,35595.94,KZT,089545,approved,,True
3072,415,57,2025-10-28 22:52:39,72312.44,KZT,416597,approved,,True
3073,950,83,2025-09-14 00:18:10,3471.21,KZT,200927,approved,,True
3074,376,43,2025-08-25 21:29:02,17392.66,KZT,033433,approved,,True
3075,329,46,2025-07-22 12:57:33,67919.61,KZT,514854,approved,,True
3076,322,32,2025-11-28 04:42:52,54301.71,KZT,214922,approved,,True
3077,789,25,2025-08-05 11:33:49,20891.19,KZT,023890,approved,,True
3078,872,70,2025-11-27 14:17:24,58936.89,KZT,035323,approved,,True
3079,126,95,2025-07-11 22:08:18,57028.2,KZT,960239,declined,limit_exceeded,True
3080,360,16,2025-12-28 19:57:07,18577.07,KZT,570701,approved,,True
3081,160,77,2025-12-25 06:21:43,66133.18,KZT,096820,approved,,True
3082,771,34,2025-11-02 12:37:42,53860.99,KZT,425814,approved,,True
3083,676,19,2025-08-29 15:38:44,46925.65,KZT,362646,declined,limit_exceeded,True
3084,640,65,2025-07-14 19:21:43,16374.65,KZT,807405,approved,,True
3085,310,95,2025-08-23 11:25:10,37530.76,KZT,569145,approved,,True
3086,424,89,2025-11-18 03:01:20,37906.68,KZT,395825,approved,,True
3087,928,98,2025-08-24 19:43:20,28753.4,KZT,796832,approved,,True
3088,441,96,2025-11-15 10:35:48,46383.82,KZT,156224,approved,,True
3089,665,64,2025-08-07 08:29:24,75538.31,KZT,875277,approved,,True
3090,211,91,2025-11-12 15:07:50,6278.37,KZT,105996,declined,card_blocked,True
3091,390,63,2025-11-30 03:40:46,39957.43,KZT,916470,approved,,True
3092,503,23,2025-07-17 06:23:24,31907.21,KZT,737429,approved,,True
3093,574,21,2025-10-11 03:52:10,79665.55,KZT,732353,approved,,True
3094,1162,44,2025-07-21 20:43:14,79801.62,KZT,115333,approved,,True
3095,572,50,2025-12-29 23:49:56,4881.23,KZT,091542,approved,,True
3096,755,93,2025-09-09 19:46:14,44123.49,KZT,312785,approved,,True
3097,729,7,2025-09-12 14:17:31,69759.31,KZT,568756,approved,,True
3098,678,79,2025-07-06 02:44:54,60082.75,KZT,282400,approved,,True
3099,143,61,2025-08-26 20:35:10,17294.23,KZT,241706,approved,,True
3100,3,94,2025-07-05 02:55:30,48792.01,KZT,111059,approved,,True
3101,807,4,2025-09-14 10:49:33,9386.62,KZT,703920,approved,,True
3102,173,62,2025-12-08 02:00:53,43110.35,KZT,450882,approved,,True
3103,49,85,2025-08-18 02:46:03,51558.5,KZT,732000,approved,,True
3104,573,83,2025-08-09 21:21:02,3985.46,KZT,878161,approved,,True
3105,511,60,2025-12-29 22:04:12,42045.02,KZT,389612,approved,,True
3106,943,2,2025-10-11 04:57:35,44136.74,KZT,189390,approved,,True
3107,326,26,2025-10-10 11:13:52,2791.99,KZT,075306,approved,,True
3108,900,100,2025-07-31 23:00:54,50515.72,KZT,499012,approved,,True
3109,212,24,2025-09-05 11:59:51,49995.17,KZT,689170,approved,,True
3110,325,1,2025-08-28 00:30:07,27237.16,KZT,308830,approved,,True
3111,127,44,2025-07-13 03:06:19,11808.28,KZT,254191,approved,,True
3112,42,95,2025-10-02 09:11:11,64365.95,KZT,092638,approved,,True
3113,231,9,2025-12-09 08:43:23,10570.65,KZT,467394,declined,limit_exceeded,True
3114,675,99,2025-12-15 14:03:08,12011.47,KZT,206374,approved,,True
3115,1176,68,2025-09-10 06:07:20,73255.35,KZT,290206,approved,,True
3116,926,63,2025-11-09 20:45:41,48594.21,KZT,989072,approved,,True
3117,430,95,2025-10-02 16:54:08,70301.65,KZT,585485,approved,,True
3118,563,34,2025-07-20 09:12:20,66472.9,KZT,300169,declined,limit_exceeded,True
3119,717,22,2025-10-11 12:05:12,21442.15,KZT,010518,approved,,True
3120,99,40,2025-07-17 14:31:57,20220.04,KZT,523111,approved,,True
3121,972,89,2025-09-18 05:56:35,28909.17,KZT,868588,approved,,True
3122,1096,81,2025-12-05 11:53:51,78292.83,KZT,603611,approved,,True
3123,844,80,2025-09-02 22:48:51,58912.6,KZT,710101,approved,,True
3124,1067,61,2025-07-06 21:06:59,51506.22,KZT,745246,approved,,True
3125,516,99,2025-08-08 06:39:14,76141.15,KZT,297514,approved,,True
3126,384,66,2025-08-06 07:50:10,30571.0,KZT,717717,approved,,True
3127,382,61,2025-08-01 20:27:38,50820.01,KZT,448483,approved,,True
3128,214,55,2025-07-20 17:57:55,56475.41,KZT,523727,approved,,True
3129,265,70,2025-11-09 11:06:44,12379.03,KZT,803286,approved,,True
3130,507,84,2025-10-28 09:45:20,70091.63,KZT,737645,declined,insufficient_funds,True
3131,871,2,2025-07-03 11:44:56,44406.92,KZT,988115,approved,,True
3132,572,44,2025-10-02 06:30:27,32760.25,KZT,740882,approved,,True
3133,1091,95,2025-07-09 11:25:54,66295.07,KZT,443695,approved,,True
3134,330,48,2025-07-09 12:38:59,29577.64,KZT,985096,approved,,True
3135,1099,30,2025-08-08 02:57:00,686.05,KZT,319516,approved,,True
3136,946,73,2025-12-02 17:14:51,61964.19,KZT,971530,approved,,True
3137,19,27,2025-07-16 09:20:06,5833.61,KZT,830292,approved,,True
3138,987,9,2025-10-03 22:56:13,78676.2,KZT,966320,approved,,True
3139,512,30,2025-12-27 21:01:07,69762.97,KZT,133031,approved,,True
3140,888,100,2025-09-01 08:09:39,37927.05,KZT,212640,approved,,True
3141,923,80,2025-12-02 13:41:05,46459.46,KZT,460226,approved,,True
3142,203,18,2025-07-11 05:17:23,44853.63,KZT,340177,approved,,True
3143,778,56,2025-09-02 13:58:47,45847.09,KZT,871979,approved,,True
3144,1060,19,2025-11-20 07:21:21,55825.72,KZT,045336,approved,,True
3145,629,75,2025-10-14 10:09:21,37447.74,KZT,294416,approved,,True
3146,131,17,2025-11-26 08:38:21,57619.09,KZT,153418,approved,,True
3147,923,36,2025-12-24 18:51:34,31381.8,KZT,321223,declined,limit_exceeded,True
3148,521,8,2025-07-29 02:30:36,75381.02,KZT,005258,approved,,True
3149,591,44,2025-11-01 07:47:49,4205.77,KZT,952918,approved,,True
3150,1148,37,2025-07-19 16:46:02,32765.34,KZT,761517,approved,,True
3151,78,92,2025-12-14 17:47:21,53336.51,KZT,082675,declined,insufficient_funds,True
3152,287,81,2025-09-04 21:29:23,19220.48,KZT,260022,approved,,True
3153,517,34,2025-10-08 12:50:50,79782.54,KZT,237846,approved,,True
3154,255,4,2025-10-26 18:17:52,14237.63,KZT,783572,approved,,True
3155,769,90,2025-08-10 07:34:40,67114.2,KZT,205216,approved,,True
3156,979,62,2025-11-13 00:59:14,40966.98,KZT,803941,approved,,True
3157,538,83,2025-07-22 11:36:17,5480.37,KZT,814390,approved,,True
3158,1140,14,2025-09-23 22:22:53,48373.36,KZT,046026,approved,,True
3159,489,92,2025-12-28 14:12:42,63617.17,KZT,276846,approved,,True
3160,677,20,2025-10-23 12:43:49,30448.07,KZT,630192,approved,,True
3161,1187,63,2025-07-21 23:34:01,27430.4,KZT,006621,approved,,True
3162,1047,71,2025-10-02 06:04:52,65331.3,KZT,258360,approved,,True
3163,178,54,2025-07-22 02:40:29,26267.01,KZT,089096,approved,,True
3164,1080,46,2025-11-20 19:09:21,52138.62,KZT,936885,approved,,True
3165,1092,80,2025-08-03 00:55:14,76580.09,KZT,615845,approved,,True
3166,366,94,2025-10-17 19:42:36,3985.13,KZT,980341,approved,,True
3167,172,42,2025-08-08 21:16:45,51794.5,KZT,969166,approved,,True
3168,101,53,2025-10-20 11:18:30,59222.56,KZT,222463,approved,,True
3169,371,41,2025-09-21 13:28:41,44137.93,KZT,907243,approved,,True
3170,216,17,2025-11-13 04:11:54,60464.41,KZT,128485,approved,,True
3171,25,25,2025-12-08 06:25:54,24374.59,KZT,521405,approved,,True
3172,646,4,2025-11-27 04:52:30,2878.22,KZT,991527,approved,,True
3173,121,77,2025-08-16 00:52:14,3930.39,KZT,164397,approved,,True
3174,519,4,2025-07-12 23:46:47,45371.02,KZT,803237,approved,,True
3175,748,89,2025-10-13 21:16:30,27857.72,KZT,509856,approved,,True
3176,462,99,2025-07-17 15:24:59,14760.99,KZT,589972,approved,,True
3177,602,5,2025-07-22 03:31:27,73790.58,KZT,812494,approved,,True
3178,150,37,2025-09-23 02:15:36,41584.76,KZT,702605,declined,insufficient_funds,True
3179,1120,89,2025-09-05 20:27:26,26194.76,KZT,137633,approved,,True
3180,1184,83,2025-11-05 20:17:14,31415.34,KZT,406289,declined,insufficient_funds,True
3181,796,90,2025-07-15 14:00:57,71330.83,KZT,692940,approved,,True
3182,1153,77,2025-07-08 06:16:16,26697.23,KZT,294225,approved,,True
3183,720,23,2025-11-18 11:12:18,40552.91,KZT,328606,approved,,True
3184,259,64,2025-08-02 02:47:20,59998.09,KZT,200615,approved,,True
3185,676,92,2025-08-06 15:28:32,68770.21,KZT,099468,approved,,True
3186,34,1,2025-12-30 10:06:42,73888.96,KZT,769349,approved,,True
3187,603,67,2025-08-19 09:01:27,47170.15,KZT,247467,approved,,True
3188,66,94,2025-12-19 07:37:36,51824.17,KZT,057467,approved,,True
3189,915,84,2025-10-18 15:24:46,15223.21,KZT,223984,approved,,True
3190,1061,30,2025-11-13 23:18:44,79867.04,KZT,017727,approved,,True
3191,396,51,2025-11-17 21:21:12,23108.6,KZT,022515,approved,,True
3192,982,40,2025-07-06 11:26:51,31475.99,KZT,414813,approved,,True
3193,573,87,2025-08-30 10:26:18,31429.57,KZT,054030,approved,,True
3194,865,2,2025-12-15 01:03:26,3191.89,KZT,689741,approved,,True
3195,162,35,2025-10-23 10:45:16,29347.26,KZT,278588,approved,,True
3196,774,18,2025-11-14 12:38:38,22948.19,KZT,127736,approved,,True
3197,991,30,2025-11-21 07:25:02,33844.46,KZT,310113,approved,,True
3198,634,11,2025-09-02 10:40:49,22466.21,KZT,084848,approved,,True
3199,182,39,2025-10-28 02:40:31,61712.09,KZT,302030,approved,,True
3200,295,15,2025-12-24 06:23:14,5100.52,KZT,575140,approved,,True
3201,582,19,2025-10-15 13:09:00,44000.73,KZT,453920,approved,,True
3202,1105,20,2025-10-23 10:33:04,52185.18,KZT,966459,approved,,True
3203,1195,84,2025-10-05 13:56:06,32927.1,KZT,569322,approved,,True
3204,414,70,2025-10-02 06:14:15,65703.42,KZT,093523,declined,limit_exceeded,True
3205,581,66,2025-10-24 03:47:52,78328.39,KZT,370924,declined,limit_exceeded,True
3206,162,1,2025-09-07 16:48:22,1050.35,KZT,645584,approved,,True
3207,751,27,2025-11-28 10:05:42,68018.67,KZT,938178,approved,,True
3208,887,40,2025-07-23 14:24:47,32332.14,KZT,814231,approved,,True
3209,559,95,2025-08-30 23:41:40,8019.0,KZT,288273,approved,,True
3210,880,5,2025-07-24 04:13:02,40208.25,KZT,000300,declined,insufficient_funds,True
3211,732,41,2025-08-27 06:24:52,73283.24,KZT,077192,approved,,True
3212,469,18,2025-10-04 02:09:01,73475.78,KZT,700691,approved,,True
3213,66,49,2025-09-03 00:40:44,30007.25,KZT,867879,approved,,True
3214,234,30,2025-09-27 14:44:03,54774.41,KZT,157131,approved,,True
3215,926,74,2025-10-04 10:55:34,41256.9,KZT,804902,approved,,True
3216,1172,98,2025-07-03 23:42:24,32366.64,KZT,315764,approved,,True
3217,995,98,2025-08-01 18:37:59,48319.08,KZT,316881,approved,,True
3218,818,34,2025-08-07 15:51:34,47031.67,KZT,149740,approved,,True
3219,485,16,2025-10-11 21:46:04,42942.58,KZT,719293,approved,,True
3220,1181,59,2025-08-22 13:27:33,41164.74,KZT,343430,approved,,True
3221,208,65,2025-11-23 14:13:25,41273.4,KZT,182096,approved,,True
3222,436,61,2025-11-22 02:27:30,59931.79,KZT,481958,approved,,True
3223,1061,26,2025-10-04 13:46:19,32288.46,KZT,112215,approved,,True
3224,796,87,2025-07-26 16:29:43,9884.64,KZT,995987,approved,,True
3225,998,46,2025-12-06 12:48:38,43692.59,KZT,059613,approved,,True
3226,1126,99,2025-12-20 23:52:50,10913.65,KZT,662695,approved,,True
3227,510,97,2025-07-20 10:05:20,71083.54,KZT,300910,approved,,True
3228,1142,40,2025-10-28 17:07:40,38612.16,KZT,824915,approved,,True
3229,975,57,2025-10-24 05:17:30,39299.39,KZT,469483,approved,,True
3230,331,30,2025-11-22 10:37:23,12627.02,KZT,709603,approved,,True
3231,1182,69,2025-09-13 11:58:02,52523.26,KZT,154650,approved,,True
3232,1167,29,2025-10-20 12:03:42,61074.5,KZT,183644,approved,,True
3233,622,10,2025-09-22 18:12:53,40489.01,KZT,802060,approved,,True
3234,966,31,2025-09-18 16:24:07,76339.37,KZT,653467,approved,,True
3235,1115,73,2025-07-08 22:40:52,69567.47,KZT,591048,approved,,True
3236,1149,22,2025-11-25 08:36:23,14182.16,KZT,836529,approved,,True
3237,1150,36,2025-07-15 00:37:42,75253.1,KZT,887795,approved,,True
3238,13,26,2025-11-19 16:14:13,79871.3,KZT,041728,declined,card_blocked,True
3239,354,60,2025-07-13 18:08:23,72933.64,KZT,149110,approved,,True
3240,806,39,2025-10-05 18:58:03,48041.2,KZT,821928,approved,,True
3241,597,41,2025-09-28 13:11:11,35005.73,KZT,685227,declined,limit_exceeded,True
3242,919,81,2025-08-08 14:49:46,13659.27,KZT,633035,approved,,True
3243,1001,10,2025-09-08 01:27:25,32688.24,KZT,743278,approved,,True
3244,896,89,2025-11-14 20:36:49,70122.97,KZT,480421,approved,,True
3245,644,84,2025-07-03 04:49:35,19553.76,KZT,152036,approved,,True
3246,288,67,2025-11-04 11:29:25,64211.97,KZT,456237,approved,,True
3247,458,9,2025-08-26 18:28:57,45637.93,KZT,101528,approved,,True
3248,562,87,2025-10-02 20:16:54,77263.1,KZT,443773,approved,,True
3249,670,31,2025-12-28 04:38:08,29316.26,KZT,166367,approved,,True
3250,109,66,2025-08-22 10:13:21,56495.17,KZT,094260,approved,,True
3251,151,44,2025-07-04 21:05:05,42878.49,KZT,965587,approved,,True
3252,276,26,2025-10-15 13:46:00,60035.33,KZT,832467,approved,,True
3253,458,78,2025-10-01 06:21:52,65498.64,KZT,176389,declined,insufficient_funds,True
3254,79,80,2025-10-27 22:14:42,44691.83,KZT,268969,approved,,True
3255,478,41,2025-11-22 20:17:58,36809.38,KZT,946345,approved,,True
3256,874,71,2025-07-27 20:44:03,69157.37,KZT,373507,declined,card_blocked,True
3257,433,78,2025-07-13 01:01:23,25643.02,KZT,095412,approved,,True
3258,445,60,2025-12-20 07:35:07,43937.81,KZT,181721,approved,,True
3259,1078,88,2025-07-07 19:59:14,37806.02,KZT,831788,approved,,True
3260,126,6,2025-09-16 06:07:41,3788.11,KZT,528865,approved,,True
3261,1086,46,2025-10-12 16:01:52,45631.68,KZT,570238,approved,,True
3262,982,27,2025-12-16 01:04:11,40115.01,KZT,612213,approved,,True
3263,765,80,2025-10-20 07:08:04,73031.09,KZT,794323,approved,,True
3264,838,53,2025-07-28 03:14:34,26443.57,KZT,868648,approved,,True
3265,308,88,2025-10-20 08:26:57,69264.2,KZT,621615,approved,,True
3266,1022,80,2025-11-03 22:25:17,76366.04,KZT,521456,approved,,True
3267,141,86,2025-09-23 00:22:36,65171.87,KZT,901054,approved,,True
3268,78,1,2025-07-28 18:26:38,46822.09,KZT,633508,approved,,True
3269,990,32,2025-12-23 23:03:51,5121.5,KZT,717816,approved,,True
3270,184,7,2025-11-12 06:58:27,59521.49,KZT,236246,approved,,True
3271,886,11,2025-09-27 12:41:10,33592.51,KZT,744275,approved,,True
3272,248,20,2025-11-02 22:42:26,36198.82,KZT,579599,declined,limit_exceeded,True
3273,32,57,2025-11-19 22:01:33,7957.23,KZT,068002,approved,,True
3274,206,17,2025-07-17 21:32:51,61245.57,KZT,709580,approved,,True
3275,264,25,2025-08-23 04:26:18,72345.1,KZT,961343,approved,,True
3276,1128,12,2025-12-24 22:50:41,47745.38,KZT,836060,approved,,True
3277,1131,38,2025-12-19 20:27:20,5155.03,KZT,504426,approved,,True
3278,1067,42,2025-08-12 05:28:47,2612.64,KZT,771887,approved,,True
3279,164,12,2025-11-02 19:35:11,70763.9,KZT,429018,approved,,True
3280,163,53,2025-10-22 19:52:04,37402.97,KZT,576679,approved,,True
3281,622,20,2025-07-09 11:26:35,17296.87,KZT,278754,approved,,True
3282,669,33,2025-09-12 23:03:30,59991.17,KZT,940949,approved,,True
3283,450,14,2025-12-05 02:22:47,42900.42,KZT,211376,approved,,True
3284,261,94,2025-07-13 02:46:40,56781.61,KZT,634712,declined,card_blocked,True
3285,1033,51,2025-12-29 20:58:12,56242.68,KZT,481185,approved,,True
3286,1094,79,2025-11-09 19:22:57,51579.33,KZT,560143,declined,card_blocked,True
3287,362,98,2025-08-03 03:28:14,26758.25,KZT,942602,declined,card_blocked,True
3288,1068,61,2025-07-04 10:19:39,52137.77,KZT,016516,approved,,True
3289,812,92,2025-08-29 03:55:02,3091.58,KZT,799629,approved,,True
3290,1051,73,2025-11-27 11:51:04,75153.71,KZT,124017,approved,,True
3291,843,28,2025-10-10 07:03:46,61501.18,KZT,636371,approved,,True
3292,600,34,2025-09-18 22:09:21,31998.2,KZT,971714,approved,,True
3293,506,81,2025-07-25 12:46:59,33016.43,KZT,018373,approved,,True
3294,254,57,2025-12-18 12:23:00,15495.03,KZT,631045,approved,,True
3295,564,82,2025-08-02 23:59:17,2359.95,KZT,689828,approved,,True
3296,199,11,2025-12-19 14:57:20,8725.42,KZT,796984,approved,,True
3297,641,17,2025-10-03 00:12:00,38926.51,KZT,777295,approved,,True
3298,1080,49,2025-09-22 11:55:25,7482.5,KZT,387412,approved,,True
3299,661,22,2025-09-29 21:12:49,50333.74,KZT,436329,approved,,True
3300,155,42,2025-10-09 05:16:16,4828.99,KZT,714089,approved,,True
3301,134,56,2025-11-03 07:19:55,49012.84,KZT,830834,approved,,True
3302,755,76,2025-12-06 17:34:10,26873.94,KZT,632510,approved,,True
3303,694,31,2025-09-14 16:39:09,34782.33,KZT,301378,approved,,True
3304,753,78,2025-10-07 13:18:07,70381.61,KZT,009253,approved,,True
3305,1130,58,2025-08-18 05:51:29,24367.69,KZT,918411,approved,,True
3306,935,6,2025-12-17 06:50:34,49766.42,KZT,497450,approved,,True
3307,789,4,2025-11-17 00:47:33,13411.67,KZT,117614,approved,,True
3308,1131,6,2025-12-27 07:02:21,58414.75,KZT,191751,approved,,True
3309,850,33,2025-11-22 10:25:21,75427.41,KZT,149006,approved,,True
3310,967,28,2025-07-29 00:59:13,9071.28,KZT,041633,approved,,True
3311,670,33,2025-08-03 03:41:39,44713.09,KZT,680785,approved,,True
3312,34,38,2025-12-28 23:57:15,4766.44,KZT,916375,approved,,True
3313,1048,13,2025-08-16 03:53:36,19213.71,KZT,740156,approved,,True
3314,46,21,2025-07-25 11:05:05,69774.7,KZT,925821,approved,,True
3315,1045,2,2025-08-20 20:43:26,29133.03,KZT,008534,approved,,True
3316,336,27,2025-10-31 23:53:17,42077.94,KZT,415516,approved,,True
3317,820,94,2025-12-20 16:21:14,70343.06,KZT,654767,approved,,True
3318,1074,21,2025-10-02 03:44:14,41582.11,KZT,961988,approved,,True
3319,885,70,2025-10-25 19:39:37,34055.64,KZT,145366,approved,,True
3320,850,92,2025-08-28 06:45:26,5015.16,KZT,193254,approved,,True
3321,629,77,2025-07-29 00:36:39,28273.27,KZT,810658,approved,,True
3322,849,62,2025-11-10 19:58:20,55684.58,KZT,234348,approved,,True
3323,1018,56,2025-10-06 21:12:29,44140.93,KZT,204356,approved,,True
3324,184,1,2025-12-14 12:42:52,17097.64,KZT,700805,approved,,True
3325,49,97,2025-07-20 12:01:41,62378.69,KZT,275123,approved,,True
3326,503,94,2025-07-09 16:31:02,63468.23,KZT,231308,approved,,True
3327,176,38,2025-09-09 08:00:47,19107.07,KZT,716868,approved,,True
3328,88,22,2025-11-05 01:52:49,10563.35,KZT,877351,declined,card_blocked,True
3329,268,9,2025-12-14 17:48:48,6112.94,KZT,928964,approved,,True
3330,520,50,2025-07-26 02:29:07,1801.23,KZT,327750,approved,,True
3331,831,98,2025-08-29 03:40:27,62552.2,KZT,068411,approved,,True
3332,1061,82,2025-08-26 09:46:55,17657.66,KZT,124002,approved,,True
3333,892,85,2025-12-19 16:17:54,39364.32,KZT,428168,approved,,True
3334,457,36,2025-07-30 06:36:30,29320.33,KZT,035603,approved,,True
3335,438,17,2025-09-12 03:29:57,55370.35,KZT,818664,approved,,True
3336,543,44,2025-11-14 05:29:42,67393.59,KZT,665083,approved,,True
3337,341,67,2025-07-19 10:46:23,52136.8,KZT,977835,approved,,True
3338,766,79,2025-12-10 17:02:29,9037.76,KZT,694918,approved,,True
3339,439,31,2025-12-27 12:58:41,20685.19,KZT,113106,approved,,True
3340,514,27,2025-08-28 13:26:39,72576.25,KZT,190448,approved,,True
3341,1015,95,2025-11-10 20:15:33,66128.18,KZT,573289,approved,,True
3342,455,96,2025-11-29 23:50:19,9751.05,KZT,472412,approved,,True
3343,109,92,2025-09-09 14:16:07,19704.08,KZT,051247,approved,,True
3344,783,22,2025-12-29 12:33:44,48647.98,KZT,374522,approved,,True
3345,240,38,2025-07-26 09:23:53,27301.04,KZT,232756,approved,,True
3346,540,57,2025-10-09 12:02:37,72485.57,KZT,671751,approved,,True
3347,88,47,2025-10-09 03:15:36,710.44,KZT,157319,approved,,True
3348,488,12,2025-09-06 17:24:36,65179.15,KZT,702792,approved,,True
3349,1160,61,2025-09-09 19:26:35,5407.84,KZT,077670,approved,,True
3350,818,28,2025-12-27 09:32:25,78151.07,KZT,971146,approved,,True
3351,467,28,2025-07-08 19:46:15,8346.24,KZT,379780,approved,,True
3352,981,52,2025-08-23 06:28:29,62009.21,KZT,584457,approved,,True
3353,819,6,2025-12-19 11:41:09,50412.61,KZT,317376,approved,,True
3354,1115,66,2025-11-12 02:31:08,5456.62,KZT,104874,declined,limit_exceeded,True
3355,686,51,2025-10-10 10:47:12,66322.1,KZT,088126,approved,,True
3356,112,35,2025-08-06 01:02:18,74304.47,KZT,738173,approved,,True
3357,892,52,2025-12-23 18:10:39,67662.12,KZT,481022,approved,,True
3358,173,25,2025-09-29 16:33:55,36233.18,KZT,693393,approved,,True
3359,417,5,2025-07-18 00:17:34,61122.96,KZT,284867,approved,,True
3360,704,70,2025-10-02 03:33:45,47473.0,KZT,727232,approved,,True
3361,1169,27,2025-12-30 07:48:06,45339.48,KZT,140289,approved,,True
3362,1176,66,2025-11-24 09:46:19,32449.06,KZT,800873,approved,,True
3363,703,24,2025-07-16 01:19:28,68730.95,KZT,426945,approved,,True
3364,115,51,2025-09-20 03:42:29,47760.99,KZT,850033,approved,,True
3365,257,69,2025-11-24 18:57:35,41072.88,KZT,117624,approved,,True
3366,1010,27,2025-07-05 10:13:48,66045.21,KZT,402954,approved,,True
3367,340,62,2025-10-25 02:02:28,38725.74,KZT,866104,approved,,True
3368,708,94,2025-10-27 05:31:20,74320.8,KZT,416389,approved,,True
3369,798,5,2025-08-30 16:29:47,6149.2,KZT,030042,approved,,True
3370,879,64,2025-08-08 04:04:28,5403.24,KZT,896231,approved,,True
3371,64,86,2025-09-24 12:22:35,79995.71,KZT,779822,approved,,True
3372,1179,30,2025-10-26 03:37:01,44173.2,KZT,043338,approved,,True
3373,614,91,2025-12-23 02:03:37,31316.21,KZT,712273,approved,,True
3374,102,82,2025-08-27 21:28:51,40330.32,KZT,547265,approved,,True
3375,312,66,2025-12-15 03:14:56,35300.82,KZT,694073,approved,,True
3376,122,70,2025-12-27 08:59:24,28081.18,KZT,246256,approved,,True
3377,1003,21,2025-10-08 07:10:08,61474.38,KZT,756332,approved,,True
3378,1037,82,2025-11-14 03:14:59,14326.75,KZT,625017,declined,insufficient_funds,True
3379,308,94,2025-12-08 14:27:49,62697.48,KZT,918244,approved,,True
3380,396,90,2025-09-30 01:42:24,9181.35,KZT,037660,approved,,True
3381,131,4,2025-07-13 11:45:28,73744.07,KZT,900577,approved,,True
3382,226,51,2025-10-25 00:51:34,9603.68,KZT,124973,approved,,True
3383,391,50,2025-07-17 01:12:15,63387.0,KZT,358762,declined,insufficient_funds,True
3384,451,53,2025-07-15 18:26:48,10599.96,KZT,995150,approved,,True
3385,1019,95,2025-11-23 20:48:15,34802.54,KZT,888603,declined,card_blocked,True
3386,613,63,2025-09-07 00:12:13,34104.53,KZT,978647,approved,,True
3387,491,1,2025-11-28 05:39:27,79486.05,KZT,082099,approved,,True
3388,837,42,2025-10-16 11:11:02,72825.87,KZT,504504,approved,,True
3389,241,37,2025-07-10 19:27:11,60757.59,KZT,308593,approved,,True
3390,793,44,2025-07-19 04:10:06,34100.02,KZT,757659,approved,,True
3391,24,24,2025-11-10 01:55:49,69071.43,KZT,091029,approved,,True
3392,260,34,2025-09-23 22:21:11,9624.08,KZT,293559,approved,,True
3393,946,91,2025-12-14 12:47:44,39457.25,KZT,517255,approved,,True
3394,675,31,2025-11-27 00:33:11,39022.6,KZT,494339,approved,,True
3395,150,24,2025-11-30 13:32:39,22017.5,KZT,127935,approved,,True
3396,857,43,2025-10-29 18:28:53,21967.76,KZT,912442,approved,,True
3397,986,81,2025-08-12 07:10:45,60275.12,KZT,542577,declined,card_blocked,True
3398,925,35,2025-09-20 01:33:10,53022.96,KZT,161321,approved,,True
3399,763,94,2025-07-14 15:18:01,39691.49,KZT,739781,approved,,True
3400,1092,50,2025-09-27 08:25:10,42056.57,KZT,764190,approved,,True
3401,430,13,2025-09-28 14:16:00,70421.65,KZT,030592,approved,,True
3402,385,89,2025-09-05 16:07:42,74003.84,KZT,224560,approved,,True
3403,164,82,2025-12-01 01:10:53,77212.09,KZT,699213,approved,,True
3404,477,48,2025-09-10 15:46:20,15242.67,KZT,672503,approved,,True
3405,1089,55,2025-10-16 16:46:07,6779.67,KZT,471227,approved,,True
3406,406,51,2025-12-28 15:20:47,77981.38,KZT,268935,approved,,True
3407,805,92,2025-11-19 11:35:21,7909.12,KZT,265249,approved,,True
3408,205,77,2025-07-22 16:40:25,2406.44,KZT,704479,approved,,True
3409,121,14,2025-12-12 10:34:08,70615.23,KZT,331284,declined,insufficient_funds,True
3410,54,30,2025-11-12 05:23:53,38894.04,KZT,731730,approved,,True
3411,1011,68,2025-10-19 00:53:22,42373.61,KZT,362012,approved,,True
3412,1001,66,2025-08-13 08:22:09,15199.17,KZT,580785,approved,,True
3413,681,86,2025-09-25 04:12:57,20454.91,KZT,016148,approved,,True
3414,853,13,2025-09-07 22:49:19,71153.87,KZT,109792,approved,,True
3415,1011,52,2025-12-24 07:55:51,39241.79,KZT,745536,approved,,True
3416,56,76,2025-09-04 03:51:49,73907.25,KZT,100339,approved,,True
3417,416,10,2025-10-08 17:12:40,67412.26,KZT,180380,approved,,True
3418,235,77,2025-08-24 08:29:23,42862.66,KZT,385874,approved,,True
3419,1070,12,2025-11-19 10:33:57,46560.17,KZT,212962,approved,,True
3420,819,53,2025-08-16 06:09:03,54083.18,KZT,390113,approved,,True
3421,800,63,2025-10-13 01:32:38,75851.4,KZT,359838,approved,,True
3422,501,28,2025-11-28 06:58:09,67016.51,KZT,909576,approved,,True
3423,947,98,2025-08-14 11:43:43,61978.19,KZT,782401,approved,,True
3424,1094,91,2025-09-20 03:14:30,24634.14,KZT,613069,approved,,True
3425,292,67,2025-09-18 06:07:43,43180.53,KZT,040548,approved,,True
3426,1199,31,2025-07-27 12:11:59,57178.81,KZT,203204,approved,,True
3427,1157,89,2025-08-30 10:53:35,5788.15,KZT,583816,approved,,True
3428,1160,23,2025-08-09 03:18:25,1574.53,KZT,232397,declined,limit_exceeded,True
3429,904,70,2025-12-19 04:42:27,32504.08,KZT,582641,approved,,True
3430,467,19,2025-12-03 01:02:31,16045.57,KZT,319082,declined,insufficient_funds,True
3431,119,52,2025-08-06 22:10:09,14303.75,KZT,829659,approved,,True
3432,299,34,2025-09-30 11:19:30,78024.68,KZT,122724,approved,,True
3433,62,95,2025-12-13 11:35:17,12571.52,KZT,649561,approved,,True
3434,458,5,2025-10-01 17:50:01,30858.48,KZT,189005,approved,,True
3435,970,84,2025-08-03 00:36:21,13016.03,KZT,396670,approved,,True
3436,1092,22,2025-10-28 15:24:54,57473.12,KZT,679638,approved,,True
3437,762,98,2025-12-03 07:17:55,39680.22,KZT,909766,approved,,True
3438,677,2,2025-09-28 17:24:30,59025.26,KZT,026127,approved,,True
3439,504,67,2025-10-18 10:33:26,5470.85,KZT,460194,approved,,True
3440,650,63,2025-11-10 20:50:44,26505.1,KZT,142979,approved,,True
3441,464,98,2025-10-08 11:04:13,70207.13,KZT,477465,approved,,True
3442,858,56,2025-09-01 06:53:08,42650.42,KZT,579473,approved,,True
3443,1150,82,2025-09-30 03:37:18,42692.85,KZT,417452,approved,,True
3444,708,80,2025-09-30 09:29:41,57356.2,KZT,406624,approved,,True
3445,1061,39,2025-10-08 04:15:10,24062.49,KZT,609587,approved,,True
3446,432,66,2025-11-16 00:23:10,38978.1,KZT,680863,approved,,True
3447,996,52,2025-07-04 06:49:37,1273.61,KZT,986515,approved,,True
3448,322,52,2025-10-24 16:21:04,46864.8,KZT,109093,approved,,True
3449,524,94,2025-08-05 13:34:27,68446.4,KZT,213219,approved,,True
3450,310,84,2025-07-04 12:18:53,52290.12,KZT,498306,approved,,True
3451,1167,9,2025-08-27 02:02:58,14342.49,KZT,057707,approved,,True
3452,776,18,2025-09-29 03:16:24,52032.91,KZT,448487,approved,,True
3453,443,83,2025-08-09 03:36:30,30222.37,KZT,888569,approved,,True
3454,132,76,2025-11-25 18:04:08,60314.55,KZT,184306,approved,,True
3455,461,65,2025-11-12 23:14:22,57483.96,KZT,207074,approved,,True
3456,473,58,2025-07-16 17:14:55,6853.3,KZT,635070,approved,,True
3457,904,65,2025-11-22 08:53:20,47344.97,KZT,536458,approved,,True
3458,360,33,2025-10-12 08:57:02,57457.23,KZT,484141,approved,,True
3459,234,57,2025-08-18 17:10:14,62772.28,KZT,237041,approved,,True
3460,791,49,2025-12-28 17:44:39,77337.55,KZT,127553,approved,,True
3461,711,48,2025-11-25 00:49:43,28821.93,KZT,120666,approved,,True
3462,37,39,2025-07-22 01:01:14,46549.12,KZT,455033,approved,,True
3463,788,8,2025-12-15 09:07:27,62520.21,KZT,080766,approved,,True
3464,922,19,2025-12-29 17:32:00,64615.07,KZT,604690,approved,,True
3465,271,44,2025-09-11 02:41:35,2190.95,KZT,598487,approved,,True
3466,334,28,2025-10-12 09:10:20,34147.18,KZT,048501,approved,,True
3467,869,93,2025-08-12 06:01:28,60062.47,KZT,454180,approved,,True
3468,556,25,2025-10-24 17:20:32,49791.3,KZT,930252,approved,,True
3469,996,8,2025-09-25 03:12:20,49094.61,KZT,033407,approved,,True
3470,963,86,2025-07-26 15:41:44,11790.3,KZT,582692,approved,,True
3471,3,66,2025-07-15 19:46:39,54856.52,KZT,539658,approved,,True
3472,833,34,2025-09-05 20:53:02,37634.24,KZT,491171,approved,,True
3473,471,54,2025-12-15 12:19:38,33013.38,KZT,568853,approved,,True
3474,882,100,2025-12-16 15:52:03,19227.16,KZT,050783,approved,,True
3475,607,82,2025-11-30 03:21:49,51490.87,KZT,653585,approved,,True
3476,617,22,2025-08-03 04:57:17,34490.21,KZT,274683,approved,,True
3477,275,67,2025-08-18 20:42:41,15262.26,KZT,428098,approved,,True
3478,149,43,2025-10-20 09:04:30,9599.49,KZT,256314,approved,,True
3479,983,54,2025-07-07 09:21:06,21402.95,KZT,135856,approved,,True
3480,1198,57,2025-11-17 03:45:07,6627.39,KZT,002538,approved,,True
3481,643,51,2025-08-08 07:26:23,39564.31,KZT,222664,approved,,True
3482,847,100,2025-09-30 15:51:23,28941.81,KZT,401624,approved,,True
3483,1060,20,2025-10-18 15:11:03,66588.15,KZT,864392,approved,,True
3484,202,69,2025-12-10 06:16:38,4553.3,KZT,177933,approved,,True
3485,391,8,2025-08-30 16:24:21,77047.4,KZT,267799,approved,,True
3486,684,18,2025-08-08 02:44:10,61924.25,KZT,483634,approved,,True
3487,231,2,2025-10-15 15:54:05,32379.54,KZT,824602,approved,,True
3488,438,56,2025-08-06 15:13:21,71842.34,KZT,135892,approved,,True
3489,124,35,2025-12-18 23:46:44,21714.01,KZT,488290,approved,,True
3490,129,71,2025-09-17 08:39:06,76753.7,KZT,615100,approved,,True
3491,360,80,2025-11-06 13:37:58,35623.79,KZT,788639,approved,,True
3492,560,14,2025-09-29 02:46:45,63010.87,KZT,063208,approved,,True
3493,171,84,2025-07-21 18:51:05,23436.7,KZT,305263,approved,,True
3494,676,36,2025-07-29 19:06:31,56021.54,KZT,500903,approved,,True
3495,814,86,2025-11-08 11:40:52,66102.89,KZT,750124,approved,,True
3496,633,96,2025-08-05 22:13:36,935.9,KZT,851169,approved,,True
3497,268,50,2025-12-30 23:25:20,76876.38,KZT,348661,approved,,True
3498,308,25,2025-07-09 12:00:14,65456.9,KZT,234271,approved,,True
3499,882,48,2025-10-01 19:59:01,58741.01,KZT,293048,approved,,True
3500,44,100,2025-11-19 10:21:17,42276.31,KZT,530812,approved,,True
3501,94,96,2025-11-20 21:09:54,72017.2,KZT,824954,approved,,True
3502,509,85,2025-10-11 07:10:12,8888.97,KZT,686381,approved,,True
3503,326,36,2025-07-08 09:01:46,18405.44,KZT,546475,approved,,True
3504,402,26,2025-09-18 09:30:57,9662.42,KZT,122592,approved,,True
3505,856,69,2025-11-05 22:30:42,19939.34,KZT,806504,approved,,True
3506,286,64,2025-10-20 16:24:42,39717.83,KZT,351524,approved,,True
3507,185,61,2025-08-25 23:20:11,7289.15,KZT,420929,approved,,True
3508,951,61,2025-10-06 21:22:41,36347.89,KZT,199383,approved,,True
3509,859,38,2025-08-11 16:55:57,59603.6,KZT,793906,approved,,True
3510,168,86,2025-10-13 17:53:09,41621.82,KZT,904836,approved,,True
3511,136,45,2025-08-08 07:46:43,75238.8,KZT,302768,approved,,True
3512,328,88,2025-09-22 12:19:55,71601.33,KZT,156055,approved,,True
3513,805,68,2025-07-22 20:48:50,35989.61,KZT,790739,approved,,True
3514,1080,80,2025-09-04 09:42:47,50338.37,KZT,022196,approved,,True
3515,625,3,2025-09-10 07:40:00,2301.02,KZT,790340,approved,,True
3516,60,29,2025-10-04 05:57:59,22419.78,KZT,911354,approved,,True
3517,943,74,2025-09-10 20:43:38,26765.99,KZT,615713,approved,,True
3518,40,65,2025-12-04 06:46:51,32000.32,KZT,647876,approved,,True
3519,373,64,2025-09-25 01:17:20,79883.77,KZT,174085,declined,card_blocked,True
3520,397,64,2025-07-04 15:49:56,23401.87,KZT,861720,approved,,True
3521,486,4,2025-12-07 03:38:51,30225.73,KZT,911508,approved,,True
3522,1135,28,2025-10-24 06:01:16,23041.3,KZT,485854,approved,,True
3523,230,10,2025-08-12 02:43:05,50761.55,KZT,751562,approved,,True
3524,907,79,2025-07-24 16:53:42,1199.94,KZT,075116,approved,,True
3525,147,8,2025-12-28 17:51:16,23017.68,KZT,106748,approved,,True
3526,624,33,2025-09-18 07:59:24,23222.16,KZT,239474,approved,,True
3527,262,81,2025-08-27 20:53:25,55507.49,KZT,579878,approved,,True
3528,139,50,2025-12-10 15:04:55,6828.95,KZT,935711,approved,,True
3529,446,9,2025-08-09 00:53:54,70854.24,KZT,715857,approved,,True
3530,275,21,2025-08-03 05:54:26,57595.04,KZT,123430,declined,card_blocked,True
3531,94,68,2025-10-15 11:09:08,48705.48,KZT,783683,approved,,True
3532,874,23,2025-11-17 07:12:12,46147.19,KZT,177203,declined,insufficient_funds,True
3533,298,96,2025-11-14 17:08:00,73214.21,KZT,879344,approved,,True
3534,655,88,2025-10-09 19:32:26,47097.19,KZT,041968,approved,,True
3535,1,25,2025-08-14 10:12:46,59940.64,KZT,301049,approved,,True
3536,228,25,2025-08-18 06:09:46,38063.97,KZT,406529,approved,,True
3537,787,91,2025-10-04 09:08:28,71314.46,KZT,918604,approved,,True
3538,388,86,2025-10-03 00:40:30,31463.89,KZT,951220,approved,,True
3539,777,78,2025-10-05 17:06:37,9366.23,KZT,714813,approved,,True
3540,836,70,2025-07-10 13:04:55,4832.89,KZT,311669,approved,,True
3541,197,26,2025-07-05 12:06:30,58669.03,KZT,429073,approved,,True
3542,1074,2,2025-09-22 16:53:31,16300.57,KZT,164164,approved,,True
3543,903,49,2025-10-24 01:48:14,7853.55,KZT,897187,approved,,True
3544,522,78,2025-10-12 22:16:14,20752.94,KZT,405964,approved,,True
3545,752,44,2025-11-15 23:47:40,43077.44,KZT,988705,approved,,True
3546,624,35,2025-08-12 20:42:46,65814.3,KZT,804164,approved,,True
3547,926,16,2025-12-15 18:23:10,31853.31,KZT,022538,declined,limit_exceeded,True
3548,1037,91,2025-07-31 12:44:33,854.86,KZT,773654,approved,,True
3549,982,43,2025-07-23 03:41:23,2087.25,KZT,527023,approved,,True
3550,717,40,2025-07-19 21:04:43,62595.6,KZT,323863,approved,,True
3551,822,78,2025-09-05 23:21:20,47882.37,KZT,463518,approved,,True
3552,112,9,2025-10-07 20:29:39,25621.54,KZT,319357,declined,insufficient_funds,True
3553,194,54,2025-09-01 09:24:08,4268.3,KZT,921185,approved,,True
3554,828,3,2025-12-15 07:37:56,79475.76,KZT,688218,declined,insufficient_funds,True
3555,692,78,2025-09-10 09:01:20,78081.11,KZT,138469,approved,,True
3556,80,1,2025-11-01 23:17:41,73905.43,KZT,322264,approved,,True
3557,758,45,2025-07-21 17:39:52,68287.65,KZT,784498,approved,,True
3558,778,26,2025-09-10 23:25:22,40854.0,KZT,491950,approved,,True
3559,1033,90,2025-11-17 21:42:46,75179.0,KZT,476135,approved,,True
3560,920,99,2025-08-17 01:18:34,53496.53,KZT,303508,approved,,True
3561,767,86,2025-12-13 18:01:41,69879.73,KZT,000562,approved,,True
3562,1110,60,2025-07-20 14:30:53,77972.77,KZT,860767,approved,,True
3563,275,12,2025-10-10 04:18:41,70707.56,KZT,678456,declined,card_blocked,True
3564,42,99,2025-09-28 21:47:34,10441.05,KZT,692144,approved,,True
3565,342,12,2025-09-18 01:08:15,43393.59,KZT,491170,approved,,True
3566,1079,40,2025-12-22 21:19:37,78798.78,KZT,557441,approved,,True
3567,689,54,2025-07-08 06:13:59,6646.86,KZT,926773,approved,,True
3568,501,16,2025-11-24 21:59:40,65276.55,KZT,781402,approved,,True
3569,802,12,2025-10-22 22:44:19,8759.2,KZT,385467,approved,,True
3570,1085,38,2025-09-17 11:13:35,40953.9,KZT,477729,approved,,True
3571,644,63,2025-10-24 10:40:44,14770.93,KZT,818003,approved,,True
3572,816,88,2025-12-30 20:27:57,45035.04,KZT,900761,approved,,True
3573,683,56,2025-09-10 05:27:10,26976.01,KZT,817050,approved,,True
3574,516,45,2025-10-13 09:25:52,2911.74,KZT,099677,approved,,True
3575,622,13,2025-09-08 20:27:06,18300.18,KZT,807374,approved,,True
3576,503,25,2025-07-24 07:59:37,35567.45,KZT,122334,approved,,True
3577,1026,10,2025-10-09 06:07:12,72831.1,KZT,591316,approved,,True
3578,676,95,2025-09-19 19:01:16,15641.61,KZT,527569,approved,,True
3579,186,56,2025-07-05 23:18:18,42908.24,KZT,767680,approved,,True
3580,765,36,2025-10-19 22:56:32,48944.71,KZT,521327,declined,insufficient_funds,True
3581,432,57,2025-08-31 13:30:15,51817.43,KZT,793614,approved,,True
3582,914,49,2025-08-09 12:27:05,41464.07,KZT,016708,approved,,True
3583,503,24,2025-08-23 21:06:54,67457.1,KZT,801228,approved,,True
3584,19,57,2025-11-23 13:25:44,47275.23,KZT,878375,approved,,True
3585,806,64,2025-12-29 21:44:18,29103.8,KZT,096430,approved,,True
3586,660,96,2025-08-18 02:29:02,11846.38,KZT,969188,approved,,True
3587,723,18,2025-10-08 17:51:18,45010.12,KZT,810830,approved,,True
3588,793,33,2025-11-18 05:23:24,65191.25,KZT,482734,approved,,True
3589,945,16,2025-07-28 11:29:35,43456.69,KZT,359027,declined,card_blocked,True
3590,1023,95,2025-11-30 17:45:16,73753.3,KZT,567748,approved,,True
3591,159,7,2025-07-04 04:48:16,6212.01,KZT,536100,approved,,True
3592,271,83,2025-08-08 13:34:04,4669.55,KZT,301442,approved,,True
3593,258,69,2025-08-10 17:42:03,64476.48,KZT,231209,approved,,True
3594,750,1,2025-11-02 04:25:57,8203.72,KZT,236891,approved,,True
3595,1148,57,2025-11-30 22:10:37,40951.7,KZT,962332,declined,card_blocked,True
3596,867,65,2025-09-02 18:58:28,3410.74,KZT,219716,approved,,True
3597,389,5,2025-11-14 07:49:27,22121.59,KZT,881703,approved,,True
3598,827,41,2025-10-26 09:55:08,3732.99,KZT,366353,approved,,True
3599,226,58,2025-11-14 12:22:16,75717.87,KZT,677921,approved,,True
3600,1167,96,2025-12-17 17:29:11,61347.19,KZT,553153,approved,,True
3601,1163,29,2025-12-15 18:22:41,23039.88,KZT,981989,approved,,True
3602,80,18,2025-10-28 15:30:10,51374.55,KZT,232416,approved,,True
3603,1145,92,2025-11-30 12:55:29,68587.37,KZT,816558,declined,card_blocked,True
3604,551,5,2025-09-08 13:44:35,47409.58,KZT,897171,approved,,True
3605,1008,60,2025-07-08 08:50:40,54178.33,KZT,322736,approved,,True
3606,622,62,2025-11-05 20:25:35,25700.2,KZT,114683,approved,,True
3607,1023,8,2025-08-21 03:43:33,59380.11,KZT,704915,approved,,True
3608,951,23,2025-08-05 13:08:53,27611.8,KZT,307618,approved,,True
3609,1160,41,2025-10-02 18:59:00,70505.24,KZT,963161,approved,,True
3610,98,44,2025-07-07 21:59:46,26648.91,KZT,673867,approved,,True
3611,206,67,2025-12-23 10:45:46,13901.6,KZT,086251,approved,,True
3612,995,18,2025-09-29 18:37:52,54424.89,KZT,093175,approved,,True
3613,655,39,2025-07-06 02:03:33,70640.92,KZT,113863,approved,,True
3614,433,13,2025-07-08 19:37:16,49814.5,KZT,924547,approved,,True
3615,1158,2,2025-11-01 04:24:03,5257.49,KZT,730806,approved,,True
3616,856,72,2025-08-22 09:09:37,8671.58,KZT,610846,approved,,True
3617,1029,38,2025-09-30 15:23:09,18681.57,KZT,019463,approved,,True
3618,1191,95,2025-09-10 05:48:54,3588.4,KZT,071596,approved,,True
3619,374,79,2025-08-10 19:40:58,41637.1,KZT,981790,approved,,True
3620,227,35,2025-11-11 16:54:16,43856.45,KZT,221666,approved,,True
3621,22,56,2025-09-23 20:31:13,59675.4,KZT,876058,approved,,True
3622,997,33,2025-07-24 14:17:07,57880.59,KZT,693595,approved,,True
3623,842,79,2025-12-21 11:25:56,19575.14,KZT,154246,approved,,True
3624,459,17,2025-09-10 07:09:39,31688.35,KZT,459203,approved,,True
3625,613,92,2025-10-06 07:56:31,72873.67,KZT,876206,approved,,True
3626,9,57,2025-07-26 08:11:43,1290.38,KZT,351371,approved,,True
3627,401,21,2025-11-21 00:37:22,69996.16,KZT,662782,approved,,True
3628,88,55,2025-09-25 23:54:21,18677.44,KZT,805500,approved,,True
3629,948,68,2025-09-06 13:02:50,41286.04,KZT,347908,approved,,True
3630,378,77,2025-08-13 12:11:02,13369.06,KZT,176767,approved,,True
3631,767,43,2025-11-13 22:19:48,27096.74,KZT,006640,approved,,True
3632,81,83,2025-08-24 04:15:35,38826.48,KZT,861815,approved,,True
3633,157,70,2025-11-12 11:14:57,57142.48,KZT,553699,declined,card_blocked,True
3634,628,17,2025-09-08 16:12:46,64630.57,KZT,709392,approved,,True
3635,807,4,2025-10-09 19:43:54,73556.11,KZT,901769,approved,,True
3636,180,37,2025-10-28 22:25:23,65043.09,KZT,754309,approved,,True
3637,340,79,2025-12-10 21:04:48,14869.14,KZT,502293,approved,,True
3638,265,90,2025-11-09 11:18:10,71884.84,KZT,727363,approved,,True
3639,434,43,2025-11-26 19:25:57,73232.74,KZT,170689,approved,,True
3640,3,88,2025-10-11 07:50:41,79077.61,KZT,431156,approved,,True
3641,1093,62,2025-11-09 02:36:07,61376.39,KZT,689587,approved,,True
3642,574,29,2025-09-27 22:33:05,78491.32,KZT,157405,approved,,True
3643,315,7,2025-07-13 21:55:48,77173.3,KZT,680757,approved,,True
3644,258,72,2025-11-03 04:25:07,39751.89,KZT,042517,approved,,True
3645,916,34,2025-12-08 02:06:28,58084.44,KZT,225167,approved,,True
3646,305,9,2025-09-04 05:25:41,29835.03,KZT,837973,declined,card_blocked,True
3647,132,93,2025-09-24 16:33:31,66502.93,KZT,597215,approved,,True
3648,450,31,2025-11-25 13:16:36,35295.98,KZT,780721,approved,,True
3649,730,93,2025-10-05 12:30:34,16432.95,KZT,628524,approved,,True
3650,18,37,2025-11-19 12:13:12,65702.96,KZT,761735,approved,,True
3651,1200,66,2025-08-07 01:05:17,40714.66,KZT,382571,approved,,True
3652,1173,26,2025-12-25 02:19:06,62304.81,KZT,633745,approved,,True
3653,1176,82,2025-08-27 08:16:40,42701.15,KZT,402970,approved,,True
3654,1170,70,2025-09-13 09:17:51,68973.25,KZT,599530,approved,,True
3655,521,81,2025-07-06 07:41:45,59644.23,KZT,084596,declined,limit_exceeded,True
3656,229,17,2025-08-07 09:25:39,33721.6,KZT,472439,approved,,True
3657,889,45,2025-08-18 11:34:15,35635.78,KZT,179145,approved,,True
3658,319,43,2025-11-07 17:50:06,30042.83,KZT,112635,approved,,True
3659,791,58,2025-08-09 20:23:24,65498.5,KZT,787813,approved,,True
3660,47,77,2025-07-05 14:04:14,14933.12,KZT,378408,approved,,True
3661,330,56,2025-12-12 18:57:06,59240.63,KZT,021588,approved,,True
3662,328,33,2025-08-29 13:58:30,44799.2,KZT,098136,approved,,True
3663,651,32,2025-09-01 17:00:14,77796.44,KZT,062934,approved,,True
3664,188,96,2025-12-27 00:08:48,923.21,KZT,318379,approved,,True
3665,993,99,2025-08-05 00:29:39,72831.62,KZT,088666,approved,,True
3666,22,2,2025-10-26 17:00:10,55799.82,KZT,522365,approved,,True
3667,1011,87,2025-10-20 08:45:29,70424.21,KZT,082548,approved,,True
3668,438,6,2025-09-07 15:19:37,43424.08,KZT,927242,approved,,True
3669,340,24,2025-12-05 14:46:53,76744.04,KZT,478114,approved,,True
3670,933,82,2025-07-03 01:37:09,24052.3,KZT,681114,approved,,True
3671,890,48,2025-12-26 18:29:51,66177.28,KZT,590144,approved,,True
3672,389,6,2025-11-07 11:54:55,12613.19,KZT,474847,declined,card_blocked,True
3673,44,46,2025-07-12 15:38:55,18059.53,KZT,567397,approved,,True
3674,1194,42,2025-11-22 06:05:21,67734.93,KZT,757211,approved,,True
3675,43,63,2025-11-18 17:11:25,24727.42,KZT,334845,approved,,True
3676,1126,2,2025-09-24 14:53:20,14823.59,KZT,409426,approved,,True
3677,381,14,2025-11-16 06:04:53,31905.6,KZT,151866,approved,,True
3678,1200,9,2025-12-10 19:52:35,36374.13,KZT,679824,approved,,True
3679,801,19,2025-08-14 21:47:43,53258.26,KZT,272183,approved,,True
3680,718,41,2025-08-08 14:06:38,1303.78,KZT,447880,approved,,True
3681,762,65,2025-12-18 23:27:06,68738.71,KZT,530458,approved,,True
3682,356,6,2025-08-26 14:20:49,20505.37,KZT,999725,approved,,True
3683,946,35,2025-12-09 17:01:21,50009.46,KZT,487113,approved,,True
3684,1042,56,2025-09-10 08:07:34,67818.86,KZT,499846,approved,,True
3685,295,25,2025-09-16 05:34:56,14571.78,KZT,199065,approved,,True
3686,802,3,2025-09-19 21:12:39,35065.9,KZT,387586,approved,,True
3687,66,76,2025-09-15 12:43:15,24982.38,KZT,784742,approved,,True
3688,59,9,2025-10-24 14:33:49,75387.32,KZT,161314,approved,,True
3689,784,82,2025-10-02 12:11:06,37091.64,KZT,814473,approved,,True
3690,468,5,2025-07-18 09:20:35,22913.17,KZT,674665,approved,,True
3691,643,20,2025-10-16 17:59:55,39660.9,KZT,728725,approved,,True
3692,1035,46,2025-12-10 09:21:41,60022.53,KZT,862270,approved,,True
3693,1019,43,2025-10-26 14:17:11,53413.31,KZT,912858,approved,,True
3694,563,68,2025-08-14 06:22:38,67648.71,KZT,549047,approved,,True
3695,995,100,2025-12-10 01:12:29,62038.43,KZT,972409,approved,,True
3696,846,5,2025-11-04 15:25:21,45449.74,KZT,177888,approved,,True
3697,596,31,2025-08-16 06:48:59,25025.07,KZT,383573,approved,,True
3698,149,1,2025-11-08 20:46:41,18503.03,KZT,921176,approved,,True
3699,562,30,2025-10-15 21:57:06,12770.26,KZT,654884,declined,card_blocked,True
3700,769,68,2025-11-20 21:05:48,23703.09,KZT,940393,approved,,True
3701,1024,74,2025-08-06 23:14:28,6917.15,KZT,072661,approved,,True
3702,1108,59,2025-10-31 02:39:55,62745.07,KZT,348866,approved,,True
3703,513,53,2025-09-18 20:47:11,36621.77,KZT,807561,approved,,True
3704,553,96,2025-10-04 07:30:23,57728.94,KZT,918412,approved,,True
3705,1176,45,2025-12-13 13:53:11,20584.0,KZT,988157,approved,,True
3706,31,81,2025-11-05 21:56:03,1759.68,KZT,982696,declined,insufficient_funds,True
3707,710,99,2025-10-02 06:37:48,56227.38,KZT,363519,approved,,True
3708,923,38,2025-08-03 18:18:12,35626.32,KZT,590008,approved,,True
3709,118,63,2025-09-21 07:10:15,53041.14,KZT,842766,approved,,True
3710,1061,67,2025-08-29 10:50:52,4638.55,KZT,440552,approved,,True
3711,1141,22,2025-09-17 13:36:53,70006.67,KZT,492009,approved,,True
3712,1144,83,2025-08-13 01:17:01,64416.87,KZT,796407,approved,,True
3713,104,89,2025-10-26 01:46:11,22891.16,KZT,226056,approved,,True
3714,861,59,2025-07-14 16:09:12,633.13,KZT,093901,approved,,True
3715,506,18,2025-07-23 04:15:47,8578.86,KZT,282926,approved,,True
3716,254,31,2025-12-22 13:59:12,60285.13,KZT,515665,approved,,True
3717,1050,72,2025-11-21 01:21:19,77243.82,KZT,355094,approved,,True
3718,47,42,2025-11-16 10:56:06,40158.5,KZT,751562,approved,,True
3719,23,30,2025-08-06 13:35:53,3778.67,KZT,953564,approved,,True
3720,437,3,2025-08-27 00:05:01,26733.5,KZT,810958,approved,,True
3721,573,73,2025-12-07 16:59:01,27041.3,KZT,037444,approved,,True
3722,690,59,2025-12-25 04:31:44,41878.22,KZT,328721,approved,,True
3723,516,22,2025-07-31 15:34:59,34750.12,KZT,579478,approved,,True
3724,549,94,2025-10-07 08:24:54,14892.2,KZT,434765,declined,insufficient_funds,True
3725,591,19,2025-11-27 15:17:22,12552.51,KZT,979981,approved,,True
3726,165,25,2025-08-21 22:33:29,12689.51,KZT,746838,approved,,True
3727,546,59,2025-11-19 03:00:12,25937.27,KZT,799345,approved,,True
3728,503,6,2025-11-17 07:35:17,57402.67,KZT,200658,approved,,True
3729,905,29,2025-07-20 04:23:35,78159.81,KZT,533098,approved,,True
3730,1085,92,2025-10-08 10:02:15,67407.75,KZT,229275,approved,,True
3731,696,35,2025-11-27 20:10:37,50443.68,KZT,437302,approved,,True
3732,991,38,2025-10-25 14:18:42,53667.32,KZT,672399,approved,,True
3733,477,60,2025-11-06 21:08:57,69472.59,KZT,346239,declined,limit_exceeded,True
3734,799,90,2025-12-22 23:02:17,60058.29,KZT,602387,approved,,True
3735,390,80,2025-11-08 00:39:51,69507.45,KZT,644472,approved,,True
3736,203,21,2025-08-14 04:50:24,53806.34,KZT,147069,approved,,True
3737,877,77,2025-07-13 21:20:25,30544.82,KZT,974462,approved,,True
3738,609,85,2025-12-25 01:54:27,48186.05,KZT,676117,approved,,True
3739,916,39,2025-12-24 19:01:33,78487.55,KZT,164292,approved,,True
3740,361,63,2025-11-20 13:09:16,20920.35,KZT,560806,approved,,True
3741,484,69,2025-12-27 18:27:17,62753.62,KZT,458606,approved,,True
3742,834,38,2025-11-12 01:45:50,33006.45,KZT,132527,approved,,True
3743,607,55,2025-08-24 11:10:27,33789.05,KZT,929320,declined,insufficient_funds,True
3744,1004,19,2025-07-28 20:20:15,57068.84,KZT,997746,approved,,True
3745,29,2,2025-09-06 02:59:13,38192.51,KZT,245063,approved,,True
3746,659,20,2025-08-27 10:03:58,25503.84,KZT,480507,approved,,True
3747,897,9,2025-09-25 05:07:27,8538.56,KZT,418175,approved,,True
3748,193,96,2025-11-05 05:01:07,32592.98,KZT,394467,approved,,True
3749,122,50,2025-07-26 12:28:03,19028.45,KZT,725799,approved,,True
3750,159,84,2025-08-08 16:04:49,27165.49,KZT,687886,approved,,True
3751,1198,15,2025-12-03 23:35:59,23967.86,KZT,019091,approved,,True
3752,568,25,2025-07-29 18:18:39,55117.69,KZT,697127,approved,,True
3753,1110,73,2025-07-23 11:43:23,17141.21,KZT,469015,approved,,True
3754,510,35,2025-09-14 14:59:10,48561.15,KZT,958506,approved,,True
3755,805,8,2025-08-11 08:48:08,42386.17,KZT,454428,approved,,True
3756,192,100,2025-08-30 08:00:59,31592.97,KZT,492044,approved,,True
3757,317,72,2025-12-10 11:05:51,15742.19,KZT,147307,approved,,True
3758,994,34,2025-10-04 04:06:56,71546.3,KZT,558358,approved,,True
3759,988,9,2025-12-21 09:57:02,67993.61,KZT,473395,approved,,True
3760,1072,83,2025-07-24 20:09:38,21435.15,KZT,697875,approved,,True
3761,831,8,2025-12-08 00:06:31,67959.59,KZT,940989,approved,,True
3762,297,10,2025-08-11 20:15:33,77986.3,KZT,064619,approved,,True
3763,622,27,2025-07-20 00:30:32,15263.13,KZT,778215,approved,,True
3764,171,50,2025-07-30 19:44:43,463.9,KZT,161013,approved,,True
3765,520,38,2025-12-05 22:14:28,45073.26,KZT,418187,approved,,True
3766,210,8,2025-09-18 16:01:50,67783.96,KZT,187004,approved,,True
3767,517,35,2025-07-12 21:08:59,19747.03,KZT,232759,approved,,True
3768,781,66,2025-12-26 11:01:20,34667.83,KZT,785177,approved,,True
3769,226,42,2025-07-27 21:12:30,36949.76,KZT,841919,approved,,True
3770,894,37,2025-08-23 10:13:43,15905.56,KZT,186509,declined,card_blocked,True
3771,927,81,2025-07-20 05:32:32,55993.46,KZT,613727,approved,,True
3772,572,84,2025-09-18 20:02:45,21317.94,KZT,577464,approved,,True
3773,597,59,2025-07-20 17:07:58,79554.46,KZT,716877,approved,,True
3774,44,11,2025-12-02 00:30:56,37662.92,KZT,608993,approved,,True
3775,1156,72,2025-12-17 18:17:40,70697.49,KZT,025991,declined,insufficient_funds,True
3776,533,66,2025-08-10 18:22:06,3652.35,KZT,834345,approved,,True
3777,1102,57,2025-09-29 08:41:31,73531.33,KZT,434065,approved,,True
3778,586,28,2025-10-17 02:59:27,79976.08,KZT,800738,approved,,True
3779,499,17,2025-11-05 07:04:35,63754.54,KZT,939576,approved,,True
3780,657,64,2025-10-16 13:41:22,38502.47,KZT,129373,approved,,True
3781,25,75,2025-10-19 21:33:16,19882.42,KZT,219808,approved,,True
3782,865,44,2025-09-15 22:35:13,72168.61,KZT,212082,approved,,True
3783,60,17,2025-11-30 20:11:56,34381.76,KZT,035788,declined,card_blocked,True
3784,1036,60,2025-07-26 05:34:00,20869.48,KZT,394045,approved,,True
3785,280,9,2025-11-12 03:54:00,47091.66,KZT,558141,approved,,True
3786,1136,48,2025-09-05 12:50:09,21558.65,KZT,165348,approved,,True
3787,174,73,2025-10-15 02:59:13,36291.43,KZT,099787,approved,,True
3788,452,99,2025-10-25 07:35:59,78407.14,KZT,106588,approved,,True
3789,500,72,2025-10-28 07:53:19,70434.83,KZT,915980,approved,,True
3790,441,13,2025-07-31 01:11:32,7353.77,KZT,182957,approved,,True
3791,1035,36,2025-09-18 08:02:40,31557.92,KZT,651489,approved,,True
3792,481,89,2025-07-11 06:09:28,21457.62,KZT,248578,approved,,True
3793,565,47,2025-12-11 14:10:32,31207.67,KZT,650676,approved,,True
3794,567,22,2025-08-06 05:05:20,39779.65,KZT,622896,approved,,True
3795,274,22,2025-10-21 08:51:05,78456.46,KZT,265226,approved,,True
3796,862,26,2025-08-08 08:50:11,25662.35,KZT,589239,approved,,True
3797,303,67,2025-08-28 16:13:00,16493.52,KZT,311000,approved,,True
3798,1092,36,2025-08-08 02:35:47,16349.31,KZT,302595,approved,,True
3799,139,37,2025-07-29 23:50:55,25895.17,KZT,837423,approved,,True
3800,801,44,2025-11-24 03:27:50,44389.5,KZT,944793,declined,insufficient_funds,True
3801,936,84,2025-07-30 20:14:40,54145.96,KZT,562406,approved,,True
3802,211,76,2025-07-12 16:53:22,59096.77,KZT,385313,approved,,True
3803,538,41,2025-07-07 12:11:28,670.84,KZT,991108,approved,,True
3804,600,6,2025-08-22 17:36:55,52676.68,KZT,132663,approved,,True
3805,511,67,2025-08-10 20:31:24,29009.14,KZT,262415,approved,,True
3806,1046,8,2025-08-30 18:54:07,20911.3,KZT,047927,approved,,True
3807,318,84,2025-12-22 01:08:08,58203.4,KZT,775428,approved,,True
3808,496,92,2025-08-06 01:28:30,22052.81,KZT,386667,approved,,True
3809,636,41,2025-11-27 02:46:41,31807.5,KZT,353293,approved,,True
3810,1001,70,2025-10-19 19:30:31,9134.34,KZT,774485,approved,,True
3811,842,96,2025-07-27 11:04:33,7705.75,KZT,922544,approved,,True
3812,1089,86,2025-09-05 23:37:47,33943.24,KZT,843655,approved,,True
3813,216,62,2025-07-11 11:48:34,76087.08,KZT,052620,declined,card_blocked,True
3814,980,50,2025-09-29 09:52:32,36678.6,KZT,329890,approved,,True
3815,642,73,2025-08-17 10:07:10,22452.48,KZT,651584,approved,,True
3816,752,43,2025-07-14 00:21:30,51895.54,KZT,779247,declined,card_blocked,True
3817,292,81,2025-10-24 18:19:19,22114.34,KZT,587136,approved,,True
3818,983,89,2025-11-05 18:21:38,1442.36,KZT,317722,approved,,True
3819,114,23,2025-09-25 05:05:58,73815.89,KZT,508939,approved,,True
3820,171,39,2025-10-10 08:39:25,7576.93,KZT,826135,approved,,True
3821,821,75,2025-10-21 22:34:27,15589.71,KZT,694466,declined,insufficient_funds,True
3822,257,44,2025-07-14 21:23:31,4180.48,KZT,622585,approved,,True
3823,375,52,2025-08-07 14:52:18,71612.48,KZT,135329,approved,,True
3824,449,43,2025-12-08 01:45:11,65988.83,KZT,578175,approved,,True
3825,251,100,2025-10-16 22:11:26,68699.51,KZT,610241,approved,,True
3826,678,100,2025-11-26 01:21:38,41600.15,KZT,441815,declined,card_blocked,True
3827,364,42,2025-09-23 03:39:08,72215.31,KZT,888122,approved,,True
3828,242,96,2025-07-22 15:23:27,53258.12,KZT,327105,approved,,True
3829,949,95,2025-09-26 05:57:18,6060.42,KZT,419551,approved,,True
3830,312,3,2025-10-17 08:05:04,51690.89,KZT,497309,approved,,True
3831,601,73,2025-11-01 02:12:37,42637.23,KZT,256368,approved,,True
3832,343,73,2025-09-15 19:34:24,24230.19,KZT,856780,approved,,True
3833,763,89,2025-12-08 17:41:12,11554.29,KZT,535816,approved,,True
3834,304,61,2025-07-15 02:59:08,21429.68,KZT,154595,approved,,True
3835,1116,42,2025-11-15 13:39:27,70916.14,KZT,355898,approved,,True
3836,720,20,2025-07-03 09:13:40,68968.25,KZT,383184,approved,,True
3837,968,14,2025-11-04 20:32:50,79062.66,KZT,379060,approved,,True
3838,1120,96,2025-10-05 07:55:46,46264.36,KZT,515392,approved,,True
3839,93,38,2025-07-09 05:21:09,399.88,KZT,037566,declined,card_blocked,True
3840,1106,58,2025-07-12 13:31:27,56495.18,KZT,549416,approved,,True
3841,834,44,2025-10-26 18:41:27,64018.52,KZT,356971,approved,,True
3842,887,82,2025-10-15 08:24:08,42378.12,KZT,217064,approved,,True
3843,372,3,2025-07-18 03:50:05,43893.26,KZT,457290,approved,,True
3844,566,90,2025-08-11 14:22:58,78220.42,KZT,085675,approved,,True
3845,744,22,2025-08-28 01:59:34,26185.2,KZT,142331,approved,,True
3846,332,52,2025-10-01 02:24:11,45061.16,KZT,477394,approved,,True
3847,912,75,2025-09-15 11:52:02,57583.01,KZT,810157,approved,,True
3848,864,43,2025-09-22 07:01:45,73508.2,KZT,429195,approved,,True
3849,46,23,2025-12-24 11:57:31,17326.78,KZT,533831,approved,,True
3850,633,83,2025-09-30 01:23:28,70974.95,KZT,091069,approved,,True
3851,1135,32,2025-09-02 19:53:34,980.09,KZT,459772,approved,,True
3852,1126,81,2025-11-02 09:06:50,61878.77,KZT,260103,approved,,True
3853,508,78,2025-11-05 17:29:07,74928.07,KZT,876238,approved,,True
3854,481,100,2025-07-08 09:53:16,22462.05,KZT,283213,declined,insufficient_funds,True
3855,983,3,2025-12-28 19:13:58,25868.95,KZT,524688,approved,,True
3856,117,6,2025-07-21 15:30:24,26696.48,KZT,686572,approved,,True
3857,267,80,2025-10-03 09:25:56,1520.23,KZT,547338,declined,limit_exceeded,True
3858,534,48,2025-09-23 06:32:51,13210.7,KZT,700740,approved,,True
3859,175,56,2025-09-12 09:46:20,43355.46,KZT,396458,approved,,True
3860,572,29,2025-11-02 18:24:28,27644.84,KZT,665115,approved,,True
3861,211,62,2025-09-28 09:47:50,60991.4,KZT,165686,approved,,True
3862,1134,87,2025-09-16 17:12:53,57018.37,KZT,085205,approved,,True
3863,123,47,2025-08-10 14:22:48,34946.25,KZT,698306,approved,,True
3864,823,4,2025-09-02 06:53:29,38240.84,KZT,041034,approved,,True
3865,970,39,2025-11-07 10:30:49,57435.38,KZT,643629,approved,,True
3866,1174,70,2025-09-08 23:42:09,30224.03,KZT,332008,approved,,True
3867,968,34,2025-08-15 13:59:21,29445.21,KZT,343775,approved,,True
3868,127,27,2025-10-27 19:12:38,32067.88,KZT,047399,approved,,True
3869,102,85,2025-11-25 23:20:27,18649.0,KZT,843837,approved,,True
3870,479,84,2025-12-16 14:16:11,56046.6,KZT,836176,approved,,True
3871,819,33,2025-12-10 18:38:00,26378.1,KZT,529939,approved,,True
3872,349,14,2025-10-21 01:56:46,2517.85,KZT,189861,approved,,True
3873,706,88,2025-11-22 17:39:26,39421.5,KZT,173002,approved,,True
3874,726,67,2025-10-24 05:45:31,12991.0,KZT,932344,approved,,True
3875,392,30,2025-07-11 17:49:46,22902.9,KZT,060759,approved,,True
3876,492,92,2025-08-07 15:21:16,34962.99,KZT,755253,approved,,True
3877,609,22,2025-12-05 17:55:31,13149.86,KZT,933339,approved,,True
3878,712,20,2025-12-08 00:00:04,14208.85,KZT,847829,approved,,True
3879,761,17,2025-11-30 20:30:52,2329.77,KZT,008801,declined,insufficient_funds,True
3880,893,42,2025-09-01 20:36:01,66659.76,KZT,017529,approved,,True
3881,44,80,2025-11-26 19:10:02,31111.94,KZT,152516,approved,,True
3882,624,60,2025-07-29 09:37:08,44048.76,KZT,317918,approved,,True
3883,817,7,2025-07-22 21:54:40,20260.32,KZT,958725,approved,,True
3884,941,86,2025-11-10 12:43:53,49452.51,KZT,932968,approved,,True
3885,56,82,2025-07-25 15:37:10,21657.61,KZT,628522,approved,,True
3886,890,77,2025-11-23 05:40:14,46225.65,KZT,242237,approved,,True
3887,611,51,2025-10-15 20:57:38,30032.51,KZT,789717,approved,,True
3888,471,45,2025-12-03 21:30:02,57188.64,KZT,205499,approved,,True
3889,120,37,2025-11-01 03:58:23,65156.42,KZT,402439,approved,,True
3890,319,43,2025-11-27 23:10:57,56743.89,KZT,047484,approved,,True
3891,180,14,2025-08-27 02:42:41,30376.27,KZT,274889,approved,,True
3892,1037,17,2025-10-09 11:42:13,70275.53,KZT,608422,approved,,True
3893,807,25,2025-11-05 07:31:09,72038.72,KZT,623693,approved,,True
3894,418,83,2025-12-23 07:48:12,42847.88,KZT,530850,approved,,True
3895,807,99,2025-09-19 00:15:31,62854.77,KZT,414793,approved,,True
3896,1179,76,2025-08-12 21:42:44,41872.91,KZT,436731,approved,,True
3897,329,89,2025-10-23 01:43:58,20010.99,KZT,984309,approved,,True
3898,740,77,2025-12-17 12:06:06,74949.13,KZT,870893,approved,,True
3899,823,28,2025-07-08 03:06:51,4795.48,KZT,404331,approved,,True
3900,381,33,2025-09-11 23:40:21,52376.8,KZT,399088,approved,,True
3901,232,83,2025-09-06 05:20:09,67416.01,KZT,002775,approved,,True
3902,399,60,2025-12-12 10:30:48,56969.74,KZT,197845,approved,,True
3903,189,55,2025-08-04 15:37:14,20762.12,KZT,555021,approved,,True
3904,668,67,2025-08-10 04:39:08,39223.08,KZT,081907,declined,limit_exceeded,True
3905,892,44,2025-10-28 08:00:01,42998.98,KZT,277925,approved,,True
3906,409,5,2025-07-16 18:23:05,28394.34,KZT,987343,approved,,True
3907,181,47,2025-11-22 19:03:31,51687.84,KZT,545672,approved,,True
3908,271,4,2025-11-30 05:38:36,66822.78,KZT,535610,approved,,True
3909,630,98,2025-12-23 09:22:14,22550.75,KZT,053410,approved,,True
3910,189,52,2025-08-26 11:14:09,49142.49,KZT,671162,approved,,True
3911,1091,14,2025-08-17 20:32:14,10264.8,KZT,658899,approved,,True
3912,204,24,2025-12-20 17:05:52,56660.28,KZT,356463,approved,,True
3913,687,23,2025-10-18 23:10:24,70349.78,KZT,020374,approved,,True
3914,307,77,2025-12-11 13:43:32,74132.28,KZT,252599,approved,,True
3915,278,21,2025-07-19 22:31:33,3779.82,KZT,142609,approved,,True
3916,1117,56,2025-08-27 11:28:37,70042.89,KZT,932731,approved,,True
3917,787,51,2025-12-28 13:26:45,4208.87,KZT,733808,approved,,True
3918,832,84,2025-11-29 14:16:34,44923.68,KZT,886539,approved,,True
3919,910,33,2025-07-13 16:37:02,38111.87,KZT,604059,approved,,True
3920,498,55,2025-07-27 10:34:19,26230.19,KZT,547338,approved,,True
3921,391,39,2025-07-09 14:41:57,4146.96,KZT,410763,approved,,True
3922,6,60,2025-07-26 08:38:25,68732.93,KZT,216112,approved,,True
3923,496,16,2025-10-04 14:29:50,73198.38,KZT,099114,approved,,True
3924,313,6,2025-11-12 19:32:44,44344.69,KZT,219378,approved,,True
3925,40,69,2025-11-17 01:28:08,68169.32,KZT,164710,approved,,True
3926,34,48,2025-12-09 22:29:50,31162.73,KZT,887881,approved,,True
3927,891,5,2025-09-30 02:04:23,56004.01,KZT,136487,approved,,True
3928,525,47,2025-12-04 06:28:40,34851.94,KZT,124931,approved,,True
3929,846,35,2025-10-17 16:17:48,8521.36,KZT,819672,approved,,True
3930,139,57,2025-11-04 11:36:45,29181.38,KZT,690132,approved,,True
3931,62,60,2025-10-12 15:32:08,41774.13,KZT,162174,approved,,True
3932,594,72,2025-10-09 18:27:34,7607.68,KZT,057967,approved,,True
3933,337,16,2025-11-19 17:16:10,49509.25,KZT,809635,approved,,True
3934,481,50,2025-12-05 00:23:54,49871.48,KZT,092271,approved,,True
3935,680,48,2025-10-21 09:54:00,24527.33,KZT,750309,approved,,True
3936,467,67,2025-08-02 23:06:23,3130.66,KZT,551129,approved,,True
3937,951,71,2025-10-26 20:50:20,34369.57,KZT,120638,approved,,True
3938,608,29,2025-11-17 07:03:06,44824.65,KZT,636282,approved,,True
3939,837,62,2025-11-05 22:12:32,44589.6,KZT,910048,approved,,True
3940,351,75,2025-07-03 09:12:29,45215.01,KZT,063924,approved,,True
3941,1103,15,2025-10-17 09:47:03,15936.64,KZT,163585,approved,,True
3942,999,53,2025-08-11 19:38:06,67545.85,KZT,158664,approved,,True
3943,716,11,2025-07-26 18:41:01,1970.55,KZT,882653,approved,,True
3944,1020,82,2025-10-18 06:02:06,61785.43,KZT,640464,approved,,True
3945,892,34,2025-07-03 09:06:37,47037.47,KZT,024955,approved,,True
3946,398,67,2025-07-16 18:25:15,52485.1,KZT,064820,approved,,True
3947,186,68,2025-09-03 21:13:17,51976.31,KZT,726156,declined,limit_exceeded,True
3948,1132,90,2025-07-18 01:39:35,30840.13,KZT,709097,approved,,True
3949,916,28,2025-08-10 03:57:46,61646.36,KZT,079962,approved,,True
3950,629,18,2025-08-05 20:59:27,14290.67,KZT,494872,approved,,True
3951,399,17,2025-08-20 06:35:16,5859.6,KZT,573279,approved,,True
3952,249,77,2025-07-13 12:07:33,50735.42,KZT,988118,approved,,True
3953,1169,58,2025-07-18 17:19:23,27437.76,KZT,323170,approved,,True
3954,950,73,2025-08-23 00:54:35,22762.08,KZT,127141,approved,,True
3955,305,33,2025-12-09 03:14:01,69601.55,KZT,800984,approved,,True
3956,1115,32,2025-12-08 21:15:29,3268.42,KZT,400520,approved,,True
3957,601,92,2025-11-15 19:24:26,78383.71,KZT,838495,approved,,True
3958,967,68,2025-07-15 01:56:29,5373.56,KZT,918443,approved,,True
3959,1016,25,2025-10-30 11:51:19,48865.9,KZT,466005,approved,,True
3960,696,34,2025-07-27 01:23:12,51873.02,KZT,556845,approved,,True
3961,346,52,2025-11-05 13:41:24,34893.3,KZT,275555,approved,,True
3962,833,40,2025-12-16 09:21:31,7824.82,KZT,405791,approved,,True
3963,1,99,2025-11-03 05:16:05,9365.58,KZT,194778,approved,,True
3964,1165,26,2025-09-24 05:57:04,45900.25,KZT,511722,approved,,True
3965,640,32,2025-07-21 02:20:18,29761.82,KZT,750498,approved,,True
3966,772,23,2025-09-18 06:23:12,36114.16,KZT,300960,approved,,True
3967,190,8,2025-09-14 01:56:37,73406.2,KZT,390707,approved,,True
3968,423,64,2025-10-15 01:25:17,7216.54,KZT,998115,approved,,True
3969,1145,48,2025-10-25 12:14:07,45132.92,KZT,949168,approved,,True
3970,523,37,2025-11-13 23:48:28,62348.13,KZT,498182,approved,,True
3971,759,32,2025-09-27 13:46:14,6251.18,KZT,757484,approved,,True
3972,82,50,2025-07-15 21:06:02,5752.73,KZT,159822,approved,,True
3973,999,76,2025-07-09 15:22:30,45927.62,KZT,826981,approved,,True
3974,960,42,2025-08-29 02:56:14,73001.96,KZT,605862,approved,,True
3975,572,14,2025-11-12 09:11:23,58775.76,KZT,170247,approved,,True
3976,261,58,2025-09-12 06:13:56,488.67,KZT,554161,approved,,True
3977,1076,7,2025-08-22 19:32:07,51098.0,KZT,399660,approved,,True
3978,906,12,2025-09-27 21:53:31,70761.8,KZT,624685,approved,,True
3979,140,51,2025-09-30 16:04:15,21258.74,KZT,058055,approved,,True
3980,71,18,2025-12-23 18:54:36,79021.17,KZT,216028,approved,,True
3981,309,52,2025-12-22 04:22:16,79693.57,KZT,336948,approved,,True
3982,422,56,2025-09-30 23:13:11,46150.48,KZT,247473,approved,,True
3983,744,94,2025-07-09 20:20:58,18788.87,KZT,042685,approved,,True
3984,1158,99,2025-07-30 22:03:22,54778.21,KZT,889213,approved,,True
3985,697,98,2025-09-26 19:55:29,36685.38,KZT,629292,approved,,True
3986,1066,35,2025-10-28 10:17:25,72397.94,KZT,170428,declined,insufficient_funds,True
3987,649,3,2025-07-28 19:17:38,54137.46,KZT,182324,approved,,True
3988,272,95,2025-10-07 13:49:46,27316.45,KZT,120040,approved,,True
3989,945,28,2025-12-25 19:15:44,64700.13,KZT,801177,approved,,True
3990,459,7,2025-08-15 00:58:05,60728.99,KZT,451167,approved,,True
3991,628,57,2025-07-11 01:55:58,30343.66,KZT,731440,approved,,True
3992,276,11,2025-12-24 17:32:36,55168.58,KZT,263706,approved,,True
3993,542,10,2025-08-18 03:00:17,22959.78,KZT,968775,approved,,True
3994,896,25,2025-08-15 07:53:40,14786.22,KZT,993877,approved,,True
3995,245,52,2025-10-30 19:37:06,33235.88,KZT,926563,approved,,True
3996,381,29,2025-10-12 06:14:36,57368.93,KZT,180135,approved,,True
3997,1195,58,2025-09-16 16:56:51,19201.41,KZT,326308,approved,,True
3998,842,66,2025-07-26 12:29:13,13244.45,KZT,150789,approved,,True
3999,623,60,2025-10-18 05:48:38,41072.41,KZT,068141,approved,,True
4000,490,27,2025-08-09 15:02:44,39264.77,KZT,468240,approved,,True
4001,524,50,2025-10-23 17:05:26,23633.39,KZT,194117,approved,,True
4002,607,27,2025-08-06 18:07:46,34430.83,KZT,788844,approved,,True
4003,287,31,2025-09-09 01:40:38,79158.44,KZT,824746,declined,insufficient_funds,True
4004,367,44,2025-12-10 16:04:37,10044.95,KZT,899251,approved,,True
4005,1187,39,2025-11-30 03:01:44,72844.45,KZT,517361,approved,,True
4006,504,86,2025-07-06 20:53:25,28251.69,KZT,350498,approved,,True
4007,1127,46,2025-12-03 09:42:55,77770.02,KZT,374648,approved,,True
4008,374,18,2025-08-03 02:06:31,14243.7,KZT,439551,approved,,True
4009,520,46,2025-08-24 19:30:45,60612.95,KZT,240613,approved,,True
4010,160,54,2025-10-22 02:56:08,58772.72,KZT,222852,approved,,True
4011,132,98,2025-09-23 23:57:12,68761.36,KZT,457783,approved,,True
4012,300,52,2025-11-01 05:49:03,19057.07,KZT,181666,approved,,True
4013,554,25,2025-07-27 02:29:08,48911.79,KZT,513807,approved,,True
4014,1141,80,2025-07-18 06:54:26,19181.98,KZT,953937,approved,,True
4015,360,30,2025-08-21 00:04:36,19039.69,KZT,827712,approved,,True
4016,160,42,2025-08-26 06:02:31,75438.99,KZT,387905,approved,,True
4017,626,61,2025-08-31 21:21:55,7091.41,KZT,221124,approved,,True
4018,514,91,2025-08-17 23:36:14,63546.35,KZT,173603,approved,,True
4019,747,64,2025-07-31 12:05:36,14303.14,KZT,014922,approved,,True
4020,710,73,2025-11-14 06:25:07,16160.27,KZT,035472,approved,,True
4021,536,40,2025-10-27 07:17:24,45181.99,KZT,937070,approved,,True
4022,682,89,2025-12-26 19:22:38,55584.96,KZT,101134,approved,,True
4023,760,40,2025-12-14 23:40:00,72116.96,KZT,269992,declined,insufficient_funds,True
4024,735,92,2025-08-15 07:58:40,22313.23,KZT,512124,approved,,True
4025,552,92,2025-08-15 23:21:29,15821.1,KZT,510320,approved,,True
4026,91,67,2025-10-20 19:20:55,36668.44,KZT,500427,approved,,True
4027,389,25,2025-10-04 16:32:54,76993.11,KZT,287123,approved,,True
4028,257,6,2025-10-04 07:48:12,19616.7,KZT,546741,approved,,True
4029,104,18,2025-12-05 22:15:11,14144.48,KZT,516117,approved,,True
4030,856,11,2025-09-23 18:20:01,67479.25,KZT,775444,approved,,True
4031,1040,48,2025-12-29 03:36:23,79702.66,KZT,625388,approved,,True
4032,760,55,2025-11-08 07:45:26,47186.4,KZT,697518,approved,,True
4033,619,78,2025-08-05 01:09:39,39103.33,KZT,104438,approved,,True
4034,283,46,2025-07-23 18:59:50,49028.95,KZT,890016,approved,,True
4035,263,15,2025-09-14 21:09:02,76027.16,KZT,570196,approved,,True
4036,1181,97,2025-08-30 01:54:26,31272.06,KZT,602999,approved,,True
4037,992,67,2025-12-09 16:13:50,12394.83,KZT,854855,approved,,True
4038,623,55,2025-07-03 06:48:16,27966.59,KZT,302685,approved,,True
4039,450,57,2025-07-07 00:01:59,70193.58,KZT,572894,approved,,True
4040,95,91,2025-10-28 13:35:42,337.06,KZT,886010,approved,,True
4041,858,83,2025-07-04 02:52:29,23380.84,KZT,959411,approved,,True
4042,14,99,2025-09-29 05:33:38,35999.99,KZT,965824,approved,,True
4043,780,48,2025-07-19 01:53:07,77426.13,KZT,545820,approved,,True
4044,1015,45,2025-07-22 13:06:51,72899.08,KZT,409167,approved,,True
4045,94,65,2025-12-21 03:15:31,12169.72,KZT,303343,approved,,True
4046,814,1,2025-08-12 02:13:03,22938.47,KZT,639571,approved,,True
4047,726,12,2025-09-05 12:17:07,72533.51,KZT,697498,approved,,True
4048,455,29,2025-08-08 03:41:54,5637.09,KZT,205153,approved,,True
4049,1025,76,2025-10-06 12:07:34,25607.75,KZT,412155,approved,,True
4050,41,87,2025-11-15 05:03:35,63894.51,KZT,548067,approved,,True
4051,1181,62,2025-09-13 19:17:05,58867.16,KZT,680340,approved,,True
4052,1157,25,2025-08-12 11:39:46,16124.78,KZT,447327,approved,,True
4053,305,87,2025-08-31 10:54:37,73735.42,KZT,833373,approved,,True
4054,978,53,2025-12-20 23:35:57,61720.84,KZT,136867,approved,,True
4055,308,84,2025-11-07 22:01:53,55306.32,KZT,036075,approved,,True
4056,868,22,2025-09-20 02:39:41,37306.17,KZT,639604,approved,,True
4057,390,8,2025-08-17 20:22:34,58196.93,KZT,267597,approved,,True
4058,316,80,2025-12-13 20:13:46,17792.82,KZT,386177,approved,,True
4059,1114,47,2025-10-26 21:24:07,62834.02,KZT,853360,approved,,True
4060,87,20,2025-11-15 12:06:19,47164.12,KZT,004480,approved,,True
4061,1069,55,2025-10-11 01:52:11,30773.62,KZT,487985,approved,,True
4062,385,10,2025-11-23 21:41:27,55658.08,KZT,845231,approved,,True
4063,1147,30,2025-07-11 04:22:49,32076.59,KZT,794697,approved,,True
4064,257,12,2025-08-18 23:49:36,53465.25,KZT,996149,approved,,True
4065,985,31,2025-07-21 17:43:55,37128.44,KZT,019281,approved,,True
4066,72,18,2025-08-18 21:33:08,32324.58,KZT,109434,approved,,True
4067,755,38,2025-07-30 15:26:27,43460.35,KZT,359399,declined,insufficient_funds,True
4068,1035,63,2025-12-01 22:05:52,16072.86,KZT,936881,approved,,True
4069,1151,84,2025-10-15 15:04:25,3876.8,KZT,672336,approved,,True
4070,309,40,2025-09-05 18:12:54,23134.61,KZT,626529,approved,,True
4071,901,6,2025-08-28 22:58:34,65720.41,KZT,634760,approved,,True
4072,1045,89,2025-09-21 05:55:35,66530.0,KZT,993587,approved,,True
4073,520,81,2025-12-18 23:59:23,2011.15,KZT,625166,approved,,True
4074,335,91,2025-09-09 06:44:43,34260.35,KZT,238353,declined,card_blocked,True
4075,1190,49,2025-07-22 02:46:17,12493.18,KZT,528083,approved,,True
4076,61,10,2025-09-25 04:31:07,65223.6,KZT,543519,approved,,True
4077,1190,90,2025-09-16 00:14:40,7929.67,KZT,608250,approved,,True
4078,1131,87,2025-10-30 11:13:47,75881.79,KZT,181847,approved,,True
4079,1164,90,2025-07-12 05:23:08,44434.89,KZT,369696,approved,,True
4080,1172,92,2025-12-24 08:37:34,31388.95,KZT,863972,approved,,True
4081,964,42,2025-07-15 13:24:40,62794.88,KZT,926965,approved,,True
4082,1112,59,2025-12-19 15:10:18,69884.03,KZT,819107,approved,,True
4083,464,72,2025-10-25 03:48:06,9847.83,KZT,827874,approved,,True
4084,1142,44,2025-07-26 15:40:01,71756.28,KZT,962657,approved,,True
4085,789,31,2025-08-17 11:36:46,34759.79,KZT,571508,approved,,True
4086,403,81,2025-11-14 13:51:21,46669.09,KZT,493952,approved,,True
4087,159,20,2025-07-07 09:07:05,2038.07,KZT,987238,approved,,True
4088,1161,11,2025-07-22 03:34:01,73043.79,KZT,082111,approved,,True
4089,844,94,2025-12-19 04:21:47,15361.12,KZT,982859,approved,,True
4090,1199,60,2025-07-06 21:57:06,63336.59,KZT,180323,approved,,True
4091,373,88,2025-11-11 18:40:09,57543.16,KZT,490940,approved,,True
4092,760,52,2025-08-05 03:49:28,42984.83,KZT,838305,approved,,True
4093,913,64,2025-10-06 07:45:13,44818.97,KZT,443047,approved,,True
4094,917,64,2025-11-25 22:10:00,39096.49,KZT,785843,approved,,True
4095,629,43,2025-09-05 20:40:35,12412.4,KZT,959871,approved,,True
4096,85,22,2025-12-16 14:51:42,40544.95,KZT,795976,declined,insufficient_funds,True
4097,988,58,2025-11-30 14:34:53,34131.82,KZT,465436,approved,,True
4098,548,25,2025-12-24 23:33:21,29055.64,KZT,793586,approved,,True
4099,219,1,2025-10-18 15:58:58,40073.1,KZT,617772,approved,,True
4100,166,19,2025-11-23 10:52:33,65334.3,KZT,446193,approved,,True
4101,239,31,2025-07-18 14:03:46,28675.17,KZT,128085,approved,,True
4102,260,57,2025-09-20 22:52:52,54894.38,KZT,253255,approved,,True
4103,159,49,2025-12-01 01:54:33,52876.7,KZT,246460,approved,,True
4104,1004,46,2025-09-19 13:09:12,51265.44,KZT,275815,approved,,True
4105,996,18,2025-09-10 20:40:52,25522.69,KZT,881953,approved,,True
4106,1150,45,2025-10-12 10:26:44,48981.57,KZT,829747,approved,,True
4107,367,7,2025-08-29 19:03:29,36596.32,KZT,457627,approved,,True
4108,917,41,2025-07-23 02:58:13,77655.43,KZT,856277,approved,,True
4109,252,19,2025-09-06 15:48:49,16991.18,KZT,194960,approved,,True
4110,786,45,2025-07-18 11:50:13,12939.33,KZT,450308,approved,,True
4111,76,60,2025-12-19 06:06:33,73501.13,KZT,016915,approved,,True
4112,61,83,2025-11-13 18:50:43,45771.49,KZT,911770,approved,,True
4113,780,91,2025-09-18 12:00:57,43015.44,KZT,792852,approved,,True
4114,850,76,2025-11-23 01:48:46,39171.69,KZT,037500,approved,,True
4115,192,37,2025-07-12 17:49:47,4927.56,KZT,600325,approved,,True
4116,259,26,2025-09-24 01:58:08,14508.28,KZT,663480,approved,,True
4117,320,67,2025-10-08 13:19:44,73516.11,KZT,666540,approved,,True
4118,940,3,2025-12-06 13:58:58,26429.59,KZT,996723,approved,,True
4119,902,74,2025-07-10 22:52:36,8737.81,KZT,932141,approved,,True
4120,438,33,2025-09-16 10:19:51,22891.83,KZT,910941,approved,,True
4121,25,75,2025-10-01 10:40:52,78899.93,KZT,455978,approved,,True
4122,517,47,2025-12-21 15:55:41,1867.3,KZT,765982,approved,,True
4123,1082,3,2025-12-10 14:26:38,22510.55,KZT,911880,declined,limit_exceeded,True
4124,152,39,2025-12-06 02:20:15,64590.39,KZT,288432,approved,,True
4125,1146,95,2025-08-20 03:37:47,68598.29,KZT,779767,approved,,True
4126,906,54,2025-11-02 09:14:52,15401.77,KZT,981048,approved,,True
4127,373,11,2025-07-18 14:31:08,14225.17,KZT,413813,approved,,True
4128,222,13,2025-07-11 18:11:12,33429.06,KZT,302899,approved,,True
4129,803,25,2025-09-12 11:37:18,11023.52,KZT,262159,approved,,True
4130,78,45,2025-10-19 15:16:15,75759.94,KZT,572326,approved,,True
4131,839,23,2025-07-26 23:28:11,9659.74,KZT,330549,approved,,True
4132,181,27,2025-08-29 06:52:50,37681.56,KZT,467412,approved,,True
4133,851,82,2025-12-13 21:26:19,16796.52,KZT,105866,approved,,True
4134,1191,73,2025-10-12 16:35:30,55120.86,KZT,942423,approved,,True
4135,292,31,2025-12-27 18:00:25,1965.73,KZT,306197,approved,,True
4136,1053,98,2025-08-20 16:44:21,29849.17,KZT,766150,approved,,True
4137,242,31,2025-08-29 23:47:00,30223.45,KZT,618659,approved,,True
4138,1103,63,2025-12-14 09:04:13,49372.2,KZT,840580,approved,,True
4139,945,54,2025-08-01 00:14:19,4333.95,KZT,878403,approved,,True
4140,945,36,2025-11-20 04:07:30,13787.29,KZT,661213,approved,,True
4141,1130,30,2025-11-24 01:08:33,11497.52,KZT,246325,approved,,True
4142,864,84,2025-08-10 09:03:03,29509.04,KZT,714141,approved,,True
4143,479,21,2025-10-02 13:16:11,17876.73,KZT,883171,approved,,True
4144,290,89,2025-10-17 02:59:07,15286.46,KZT,691139,approved,,True
4145,733,58,2025-07-10 19:29:06,39012.6,KZT,281421,approved,,True
4146,924,65,2025-07-28 15:22:39,79461.15,KZT,821453,approved,,True
4147,977,37,2025-11-17 17:43:52,35748.99,KZT,620736,approved,,True
4148,478,7,2025-11-21 20:58:21,40499.19,KZT,026278,approved,,True
4149,50,48,2025-10-11 09:40:45,31269.4,KZT,199906,approved,,True
4150,336,71,2025-07-27 07:02:24,51280.07,KZT,913554,approved,,True
4151,919,35,2025-10-07 10:22:11,26555.64,KZT,491055,approved,,True
4152,82,4,2025-07-05 20:37:28,59302.7,KZT,582287,approved,,True
4153,617,46,2025-11-25 01:47:25,25400.65,KZT,646217,approved,,True
4154,505,42,2025-11-09 20:34:02,39492.44,KZT,807592,approved,,True
4155,568,41,2025-11-26 03:08:48,34063.71,KZT,637422,approved,,True
4156,1133,92,2025-09-10 15:16:23,4533.21,KZT,188597,approved,,True
4157,208,66,2025-07-22 13:06:43,13958.69,KZT,338720,approved,,True
4158,348,83,2025-09-09 19:43:33,78199.58,KZT,879253,approved,,True
4159,594,69,2025-07-26 22:31:52,51354.56,KZT,955676,approved,,True
4160,78,84,2025-10-27 23:51:10,28647.2,KZT,469141,approved,,True
4161,1074,80,2025-11-02 00:22:49,51611.07,KZT,426491,approved,,True
4162,536,27,2025-10-12 03:11:10,23215.63,KZT,323223,approved,,True
4163,585,85,2025-08-11 04:11:18,64919.89,KZT,508107,approved,,True
4164,825,100,2025-09-28 08:50:00,44091.04,KZT,604174,approved,,True
4165,615,94,2025-10-28 11:45:41,79052.56,KZT,181311,approved,,True
4166,142,8,2025-11-18 15:17:19,60448.41,KZT,702290,approved,,True
4167,205,69,2025-07-17 20:36:44,41356.71,KZT,737678,approved,,True
4168,834,58,2025-07-21 08:24:38,3253.66,KZT,839721,approved,,True
4169,371,94,2025-08-23 13:03:00,33998.7,KZT,827625,approved,,True
4170,20,40,2025-12-11 00:15:23,11843.45,KZT,857226,approved,,True
4171,913,11,2025-11-17 17:55:01,11854.65,KZT,658990,approved,,True
4172,332,8,2025-12-27 06:46:43,56296.06,KZT,124367,approved,,True
4173,1169,58,2025-09-07 03:29:46,51080.4,KZT,480146,approved,,True
4174,417,92,2025-08-02 21:06:54,29353.61,KZT,278979,approved,,True
4175,406,72,2025-09-17 18:27:49,56414.37,KZT,956846,approved,,True
4176,358,28,2025-09-23 03:36:33,70150.5,KZT,477666,approved,,True
4177,903,15,2025-07-23 09:43:15,63435.99,KZT,753312,approved,,True
4178,1060,56,2025-12-24 16:44:10,16735.45,KZT,214109,approved,,True
4179,817,50,2025-11-10 22:14:13,74397.26,KZT,255679,approved,,True
4180,1029,7,2025-07-14 20:43:01,21149.88,KZT,250503,approved,,True
4181,776,63,2025-09-09 16:08:03,59976.13,KZT,193714,approved,,True
4182,1171,44,2025-12-30 04:45:05,47992.84,KZT,402405,approved,,True
4183,927,4,2025-08-27 22:32:17,42395.07,KZT,769143,approved,,True
4184,774,38,2025-10-11 14:08:46,56371.14,KZT,306395,approved,,True
4185,824,44,2025-08-19 15:46:57,20322.27,KZT,324453,approved,,True
4186,1116,37,2025-11-25 19:23:48,78532.35,KZT,028873,approved,,True
4187,1088,85,2025-12-03 06:36:46,52083.05,KZT,530752,approved,,True
4188,234,78,2025-09-24 06:58:14,11155.41,KZT,686259,approved,,True
4189,1188,34,2025-12-19 00:49:33,79495.68,KZT,629046,declined,insufficient_funds,True
4190,442,92,2025-12-15 16:40:20,64814.74,KZT,666783,approved,,True
4191,146,25,2025-10-04 02:27:38,33447.65,KZT,196379,approved,,True
4192,522,28,2025-12-28 11:26:30,78949.54,KZT,032335,approved,,True
4193,1005,27,2025-11-22 06:03:40,68368.61,KZT,808156,approved,,True
4194,1044,45,2025-07-07 15:36:48,46421.43,KZT,659778,approved,,True
4195,489,24,2025-07-11 06:07:35,78346.13,KZT,262803,approved,,True
4196,291,83,2025-11-17 18:20:34,26317.32,KZT,698645,approved,,True
4197,1098,49,2025-11-09 16:05:19,42952.25,KZT,099076,approved,,True
4198,671,37,2025-07-27 12:34:15,8564.46,KZT,135489,approved,,True
4199,662,11,2025-09-19 04:56:47,5058.47,KZT,435279,approved,,True
4200,385,77,2025-10-24 07:23:45,40044.63,KZT,503728,approved,,True
4201,514,35,2025-10-06 07:36:50,59372.17,KZT,043431,approved,,True
4202,1002,90,2025-07-20 19:19:48,6093.1,KZT,616597,approved,,True
4203,994,39,2025-07-22 01:55:51,11762.83,KZT,907759,approved,,True
4204,443,16,2025-09-29 12:40:36,20011.59,KZT,265653,approved,,True
4205,331,74,2025-08-10 07:39:31,78158.13,KZT,052486,approved,,True
4206,116,39,2025-09-19 19:07:55,73663.9,KZT,758809,approved,,True
4207,97,35,2025-09-01 03:51:53,60793.29,KZT,565641,approved,,True
4208,702,27,2025-08-27 02:58:31,59032.72,KZT,303956,approved,,True
4209,748,96,2025-08-14 13:47:50,24632.55,KZT,448664,approved,,True
4210,192,75,2025-09-09 23:17:47,77647.13,KZT,966548,approved,,True
4211,254,66,2025-11-26 12:47:34,68491.75,KZT,745890,approved,,True
4212,764,27,2025-07-19 09:38:01,473.17,KZT,364700,declined,limit_exceeded,True
4213,834,51,2025-07-29 17:29:13,72035.82,KZT,384462,approved,,True
4214,216,84,2025-08-09 09:58:35,21407.13,KZT,980880,approved,,True
4215,121,22,2025-12-08 21:37:30,40721.17,KZT,694129,approved,,True
4216,1,85,2025-10-28 02:13:22,1513.39,KZT,995989,approved,,True
4217,976,68,2025-12-10 08:14:25,1818.75,KZT,192214,approved,,True
4218,789,7,2025-11-08 14:59:59,23015.43,KZT,123007,approved,,True
4219,772,73,2025-10-16 09:14:42,58813.96,KZT,834089,approved,,True
4220,1117,84,2025-07-04 06:49:15,78822.38,KZT,544442,approved,,True
4221,666,34,2025-12-21 03:31:01,66478.44,KZT,539956,approved,,True
4222,882,65,2025-09-28 18:09:52,10960.95,KZT,676768,approved,,True
4223,908,71,2025-10-09 08:46:30,56521.18,KZT,201418,approved,,True
4224,762,57,2025-07-12 12:24:07,59815.42,KZT,289462,approved,,True
4225,694,86,2025-11-26 22:06:28,48762.53,KZT,583953,approved,,True
4226,368,67,2025-09-08 08:56:50,29119.57,KZT,611958,approved,,True
4227,1047,15,2025-08-10 02:28:44,25298.86,KZT,509329,approved,,True
4228,95,91,2025-10-22 21:38:00,20090.73,KZT,023682,approved,,True
4229,645,29,2025-10-11 07:07:19,77863.95,KZT,275915,approved,,True
4230,170,94,2025-08-05 09:09:14,3760.74,KZT,114722,approved,,True
4231,212,3,2025-12-18 19:01:43,15610.13,KZT,582469,approved,,True
4232,1095,96,2025-09-16 12:30:14,16580.15,KZT,750721,declined,insufficient_funds,True
4233,1102,16,2025-12-17 20:07:09,13089.37,KZT,071156,approved,,True
4234,559,16,2025-08-15 23:03:13,8047.96,KZT,569045,approved,,True
4235,703,24,2025-12-25 20:32:25,36738.02,KZT,726232,approved,,True
4236,530,85,2025-07-26 19:05:30,31547.25,KZT,998399,approved,,True
4237,606,7,2025-10-23 15:12:19,56429.95,KZT,892774,approved,,True
4238,1187,80,2025-10-12 03:26:21,53570.34,KZT,615936,approved,,True
4239,397,51,2025-10-30 06:24:59,13385.95,KZT,927579,approved,,True
4240,909,91,2025-07-15 06:16:56,74956.59,KZT,579153,approved,,True
4241,1051,52,2025-10-05 22:12:13,36258.53,KZT,292318,approved,,True
4242,768,63,2025-10-14 11:39:44,45511.53,KZT,938734,approved,,True
4243,606,37,2025-08-01 00:32:43,24217.06,KZT,128237,approved,,True
4244,1012,92,2025-10-28 18:17:05,1896.81,KZT,353190,approved,,True
4245,671,26,2025-10-27 14:55:25,511.57,KZT,871991,approved,,True
4246,281,99,2025-11-21 20:40:04,67520.62,KZT,405261,approved,,True
4247,639,79,2025-08-07 18:23:14,53421.75,KZT,324988,approved,,True
4248,480,35,2025-10-23 01:23:07,24468.03,KZT,170011,approved,,True
4249,745,65,2025-09-30 13:30:43,35692.77,KZT,815853,approved,,True
4250,870,89,2025-08-31 14:36:25,32243.06,KZT,625277,approved,,True
4251,816,91,2025-11-01 23:23:17,22864.39,KZT,994035,approved,,True
4252,419,15,2025-09-25 06:34:33,47747.43,KZT,709345,approved,,True
4253,39,70,2025-07-31 19:46:28,24562.74,KZT,856837,approved,,True
4254,972,66,2025-12-09 07:36:10,52263.96,KZT,299364,approved,,True
4255,1072,13,2025-09-12 09:41:29,70791.05,KZT,648564,approved,,True
4256,649,71,2025-12-03 03:12:34,15839.26,KZT,567208,approved,,True
4257,378,96,2025-08-12 19:42:08,11909.54,KZT,096876,approved,,True
4258,955,66,2025-10-03 17:27:33,9848.55,KZT,390358,approved,,True
4259,116,15,2025-12-08 09:28:01,79671.26,KZT,459283,approved,,True
4260,306,20,2025-10-19 11:43:13,77730.47,KZT,983257,approved,,True
4261,184,74,2025-10-16 15:54:40,44068.99,KZT,585098,approved,,True
4262,83,7,2025-07-06 01:52:01,23607.38,KZT,179209,approved,,True
4263,1097,69,2025-08-04 18:16:26,14011.61,KZT,819104,approved,,True
4264,1155,80,2025-11-22 03:12:21,45894.84,KZT,126212,approved,,True
4265,562,3,2025-07-07 04:28:32,30888.85,KZT,507470,approved,,True
4266,571,9,2025-08-01 20:45:19,77898.48,KZT,497782,approved,,True
4267,240,69,2025-12-30 23:39:24,78986.28,KZT,773675,approved,,True
4268,447,52,2025-08-31 22:31:40,65115.22,KZT,961687,approved,,True
4269,274,88,2025-10-07 06:25:19,50707.19,KZT,341279,approved,,True
4270,115,41,2025-11-01 03:57:56,75539.18,KZT,290766,approved,,True
4271,945,56,2025-10-28 04:01:10,51355.42,KZT,537860,approved,,True
4272,1175,64,2025-07-24 09:58:51,2219.85,KZT,865663,declined,insufficient_funds,True
4273,327,74,2025-07-16 14:21:31,52474.96,KZT,511798,approved,,True
4274,329,37,2025-07-06 18:44:57,4949.68,KZT,987586,declined,card_blocked,True
4275,324,19,2025-12-17 23:58:02,61121.79,KZT,579676,approved,,True
4276,760,87,2025-10-09 02:01:01,50731.19,KZT,082279,approved,,True
4277,164,76,2025-12-05 14:46:48,13526.84,KZT,279854,approved,,True
4278,357,93,2025-11-21 11:33:15,55274.92,KZT,522319,approved,,True
4279,888,76,2025-12-13 18:51:36,52451.79,KZT,984142,approved,,True
4280,593,8,2025-07-09 05:48:02,8738.48,KZT,701449,approved,,True
4281,1186,96,2025-09-16 02:47:53,68266.4,KZT,211529,approved,,True
4282,72,30,2025-08-09 10:43:06,21874.25,KZT,833293,approved,,True
4283,595,77,2025-07-04 09:58:31,19390.59,KZT,037365,declined,card_blocked,True
4284,526,85,2025-12-09 00:11:17,4340.64,KZT,455110,approved,,True
4285,1105,50,2025-12-19 06:40:30,9490.21,KZT,343841,approved,,True
4286,997,68,2025-12-08 17:06:11,47310.42,KZT,679943,approved,,True
4287,526,75,2025-12-09 00:21:48,21240.05,KZT,446508,approved,,True
4288,1105,91,2025-10-04 05:03:14,72914.87,KZT,619332,approved,,True
4289,980,74,2025-07-16 20:48:45,7397.36,KZT,307327,approved,,True
4290,538,63,2025-08-05 08:41:53,4214.82,KZT,329755,approved,,True
4291,63,5,2025-12-02 20:59:45,11860.87,KZT,178832,approved,,True
4292,192,94,2025-11-23 18:08:51,25218.28,KZT,082204,approved,,True
4293,389,46,2025-08-13 06:26:08,45319.14,KZT,646444,approved,,True
4294,975,38,2025-08-19 13:39:58,53706.38,KZT,906107,declined,card_blocked,True
4295,108,87,2025-08-31 08:42:41,72493.21,KZT,742914,approved,,True
4296,1166,54,2025-10-28 21:08:17,23612.23,KZT,515805,approved,,True
4297,723,46,2025-10-03 19:24:34,42799.52,KZT,245194,approved,,True
4298,542,70,2025-08-08 22:47:40,30673.44,KZT,643733,approved,,True
4299,1183,10,2025-12-27 07:25:44,34288.02,KZT,052193,approved,,True
4300,577,21,2025-08-04 18:25:35,19882.22,KZT,586134,approved,,True
4301,1034,81,2025-10-23 10:30:01,39420.67,KZT,876830,approved,,True
4302,809,18,2025-11-24 17:00:07,57739.18,KZT,486536,approved,,True
4303,286,11,2025-08-28 15:45:43,68328.6,KZT,085801,approved,,True
4304,533,29,2025-12-18 15:00:51,17582.81,KZT,330494,approved,,True
4305,241,90,2025-08-28 07:47:56,2061.27,KZT,466859,approved,,True
4306,127,15,2025-08-19 09:47:14,69580.74,KZT,248771,approved,,True
4307,243,76,2025-12-06 23:36:46,27546.13,KZT,654744,declined,limit_exceeded,True
4308,11,71,2025-07-23 17:21:07,12879.2,KZT,000841,approved,,True
4309,895,48,2025-07-25 07:42:15,32596.21,KZT,937521,approved,,True
4310,948,96,2025-10-19 01:19:21,56884.63,KZT,843201,approved,,True
4311,1014,8,2025-10-13 14:03:33,8192.5,KZT,545903,approved,,True
4312,637,90,2025-08-26 01:02:51,64309.74,KZT,456729,approved,,True
4313,615,47,2025-08-06 12:09:46,43280.77,KZT,931862,declined,card_blocked,True
4314,242,64,2025-09-18 16:44:36,52623.64,KZT,759941,approved,,True
4315,535,35,2025-10-13 14:38:50,74874.29,KZT,733759,approved,,True
4316,886,62,2025-09-19 08:24:49,68876.13,KZT,889657,approved,,True
4317,1049,93,2025-12-16 20:05:25,66935.62,KZT,621406,approved,,True
4318,456,54,2025-07-15 04:43:08,27253.78,KZT,582817,approved,,True
4319,688,94,2025-07-26 19:30:02,38494.29,KZT,547283,approved,,True
4320,1145,15,2025-12-07 14:25:00,34640.13,KZT,155406,approved,,True
4321,630,96,2025-09-18 13:47:16,30483.29,KZT,728938,approved,,True
4322,1130,35,2025-09-03 23:40:20,5896.39,KZT,982095,approved,,True
4323,435,69,2025-09-21 13:52:18,75237.22,KZT,130023,approved,,True
4324,159,7,2025-10-20 16:08:54,40004.55,KZT,266286,approved,,True
4325,1192,96,2025-11-08 11:24:41,30673.76,KZT,116971,declined,limit_exceeded,True
4326,85,70,2025-10-15 15:56:15,78496.35,KZT,004991,approved,,True
4327,375,83,2025-07-20 11:19:29,32489.0,KZT,172191,approved,,True
4328,582,20,2025-09-28 21:49:02,20927.09,KZT,615637,approved,,True
4329,1049,37,2025-08-05 19:47:54,66509.92,KZT,544442,approved,,True
4330,783,1,2025-09-21 18:32:08,76026.28,KZT,228232,declined,limit_exceeded,True
4331,1118,66,2025-07-17 06:34:23,35984.68,KZT,580464,approved,,True
4332,8,39,2025-11-28 15:50:17,65751.38,KZT,192024,approved,,True
4333,122,32,2025-07-17 18:43:26,16483.5,KZT,771044,approved,,True
4334,757,71,2025-10-09 04:56:24,56532.81,KZT,483326,approved,,True
4335,246,28,2025-11-09 22:03:01,66074.23,KZT,300345,declined,limit_exceeded,True
4336,781,55,2025-11-23 13:11:12,29716.87,KZT,260847,approved,,True
4337,1023,89,2025-12-13 12:05:20,19266.23,KZT,176191,approved,,True
4338,67,74,2025-12-01 22:09:56,76509.47,KZT,260543,approved,,True
4339,931,83,2025-07-29 13:58:23,24051.34,KZT,344628,approved,,True
4340,163,57,2025-07-30 21:41:22,49289.97,KZT,868037,approved,,True
4341,606,25,2025-08-16 06:56:01,26521.51,KZT,332090,approved,,True
4342,995,21,2025-10-24 08:26:29,18083.21,KZT,177579,approved,,True
4343,518,21,2025-07-13 10:18:33,69423.57,KZT,325364,approved,,True
4344,340,90,2025-10-27 23:18:18,850.89,KZT,237612,declined,insufficient_funds,True
4345,934,78,2025-12-17 11:37:14,55026.7,KZT,546166,approved,,True
4346,626,47,2025-11-05 05:39:26,40930.76,KZT,591170,approved,,True
4347,495,85,2025-12-23 23:37:30,55014.39,KZT,581554,approved,,True
4348,138,65,2025-08-22 11:31:39,36393.98,KZT,324582,approved,,True
4349,503,67,2025-09-02 06:22:28,5374.2,KZT,205784,approved,,True
4350,381,95,2025-08-12 19:06:04,27090.73,KZT,209050,approved,,True
4351,775,45,2025-12-19 13:55:56,60698.18,KZT,108861,approved,,True
4352,246,5,2025-12-16 12:36:34,56151.71,KZT,722481,approved,,True
4353,518,99,2025-07-17 15:25:01,21631.22,KZT,243865,approved,,True
4354,62,71,2025-08-25 18:44:59,32301.03,KZT,473531,approved,,True
4355,307,59,2025-09-27 18:22:38,22288.11,KZT,183005,approved,,True
4356,862,10,2025-10-03 21:33:16,28948.27,KZT,872156,approved,,True
4357,280,62,2025-08-30 13:59:16,13152.74,KZT,552645,approved,,True
4358,933,36,2025-11-15 07:31:07,78532.68,KZT,951038,approved,,True
4359,1193,35,2025-12-07 01:53:47,38017.54,KZT,043335,approved,,True
4360,1114,45,2025-08-04 04:08:14,43601.66,KZT,252943,approved,,True
4361,92,40,2025-07-24 15:40:01,29932.66,KZT,361749,approved,,True
4362,890,28,2025-12-18 17:38:21,59352.32,KZT,358533,approved,,True
4363,1054,19,2025-08-31 17:44:10,50849.05,KZT,529866,declined,card_blocked,True
4364,38,87,2025-11-14 11:19:41,72916.89,KZT,360413,approved,,True
4365,917,36,2025-10-03 10:11:37,20781.05,KZT,322949,approved,,True
4366,681,19,2025-11-28 10:55:35,5465.01,KZT,337407,approved,,True
4367,322,44,2025-10-05 07:46:56,56645.69,KZT,605288,approved,,True
4368,566,48,2025-12-21 19:12:45,10209.03,KZT,642176,approved,,True
4369,195,74,2025-07-29 03:34:09,21800.35,KZT,277129,approved,,True
4370,642,60,2025-12-15 10:19:37,34385.13,KZT,137753,approved,,True
4371,1069,13,2025-12-15 02:07:57,53910.46,KZT,365603,approved,,True
4372,594,73,2025-07-08 13:46:34,60577.45,KZT,987329,approved,,True
4373,72,12,2025-12-23 20:17:42,37823.36,KZT,427789,approved,,True
4374,897,56,2025-08-09 17:21:23,6280.75,KZT,234228,approved,,True
4375,60,5,2025-07-15 21:21:43,40189.14,KZT,411527,approved,,True
4376,531,83,2025-09-18 01:09:31,10768.15,KZT,599563,approved,,True
4377,10,66,2025-10-18 23:46:54,61009.73,KZT,159801,approved,,True
4378,742,41,2025-08-19 11:24:37,13764.55,KZT,815452,approved,,True
4379,492,29,2025-09-27 16:39:37,73124.01,KZT,027464,approved,,True
4380,87,92,2025-09-13 23:36:27,11488.21,KZT,944994,approved,,True
4381,815,86,2025-10-24 07:25:49,46402.8,KZT,914226,approved,,True
4382,70,20,2025-07-12 04:27:00,21866.98,KZT,287082,declined,limit_exceeded,True
4383,1060,32,2025-12-01 17:50:50,11197.16,KZT,911169,approved,,True
4384,1127,93,2025-10-27 05:07:35,59795.25,KZT,873434,approved,,True
4385,175,35,2025-10-12 23:51:53,24726.9,KZT,503167,approved,,True
4386,480,32,2025-12-08 01:53:14,8315.64,KZT,933731,approved,,True
4387,1079,46,2025-09-23 09:42:45,55895.34,KZT,231394,approved,,True
4388,926,31,2025-11-23 09:24:42,7731.71,KZT,416328,approved,,True
4389,541,56,2025-10-20 04:45:35,8972.48,KZT,688499,approved,,True
4390,869,28,2025-12-17 21:02:53,11801.08,KZT,322658,approved,,True
4391,367,10,2025-11-29 23:15:21,29107.17,KZT,513771,declined,card_blocked,True
4392,841,70,2025-12-04 13:43:08,18733.08,KZT,431117,approved,,True
4393,1020,63,2025-10-06 17:18:49,59837.41,KZT,811121,approved,,True
4394,170,65,2025-08-27 20:59:43,65224.2,KZT,225272,declined,insufficient_funds,True
4395,881,55,2025-08-15 00:58:48,52543.46,KZT,291436,approved,,True
4396,823,71,2025-10-12 12:03:10,65237.42,KZT,000592,approved,,True
4397,1110,46,2025-10-01 08:26:28,37976.63,KZT,203449,approved,,True
4398,359,23,2025-09-18 08:37:49,65285.82,KZT,043221,approved,,True
4399,1163,53,2025-09-27 13:14:05,47574.56,KZT,013051,declined,card_blocked,True
4400,498,100,2025-07-24 18:30:05,27287.04,KZT,382729,approved,,True
4401,308,38,2025-08-11 02:18:26,6344.49,KZT,676397,approved,,True
4402,169,5,2025-12-09 23:59:42,62210.05,KZT,792257,approved,,True
4403,783,24,2025-12-12 05:46:06,29730.57,KZT,804663,approved,,True
4404,1062,4,2025-12-16 12:37:25,47429.44,KZT,271128,approved,,True
4405,55,16,2025-08-31 12:40:50,9067.53,KZT,667997,approved,,True
4406,1026,36,2025-12-25 21:40:58,77003.13,KZT,576961,approved,,True
4407,460,87,2025-11-28 06:17:22,77240.79,KZT,320723,approved,,True
4408,875,37,2025-07-04 19:09:22,785.73,KZT,611561,approved,,True
4409,123,29,2025-11-27 01:53:40,22434.08,KZT,688510,approved,,True
4410,80,20,2025-12-29 09:29:02,26151.25,KZT,637673,approved,,True
4411,103,42,2025-10-26 10:03:36,37643.38,KZT,303680,approved,,True
4412,1183,85,2025-12-28 08:37:59,4289.51,KZT,046491,approved,,True
4413,1155,29,2025-09-03 22:39:14,20461.41,KZT,728767,declined,card_blocked,True
4414,26,84,2025-11-08 15:43:38,28999.17,KZT,527504,approved,,True
4415,343,85,2025-09-04 15:04:24,65921.61,KZT,444440,approved,,True
4416,254,56,2025-09-22 20:02:38,24774.32,KZT,268774,approved,,True
4417,782,52,2025-08-22 03:16:08,58510.39,KZT,155834,approved,,True
4418,19,17,2025-08-06 12:58:55,21768.93,KZT,112239,approved,,True
4419,414,22,2025-09-17 01:23:46,74231.78,KZT,563828,approved,,True
4420,699,33,2025-09-25 08:17:23,12388.97,KZT,182634,approved,,True
4421,415,8,2025-10-12 04:02:14,58813.14,KZT,524931,approved,,True
4422,601,84,2025-09-07 09:17:16,56476.78,KZT,836584,approved,,True
4423,1129,64,2025-08-13 22:56:49,17662.92,KZT,925924,approved,,True
4424,865,34,2025-07-31 12:32:09,19644.08,KZT,848808,approved,,True
4425,1089,50,2025-08-20 00:58:56,48913.54,KZT,547973,approved,,True
4426,136,2,2025-09-09 07:02:11,47517.2,KZT,229904,approved,,True
4427,999,60,2025-12-24 06:18:16,3240.87,KZT,342938,approved,,True
4428,802,97,2025-07-07 14:16:31,30155.15,KZT,743116,approved,,True
4429,406,19,2025-11-04 23:15:44,77185.31,KZT,061879,approved,,True
4430,134,53,2025-09-18 00:43:46,9305.01,KZT,886223,approved,,True
4431,894,46,2025-07-19 03:34:32,41051.53,KZT,020424,approved,,True
4432,483,64,2025-07-14 17:41:44,43143.86,KZT,121029,approved,,True
4433,484,62,2025-11-26 14:59:52,61597.07,KZT,777395,approved,,True
4434,641,82,2025-09-15 08:33:25,72223.23,KZT,950246,approved,,True
4435,665,9,2025-09-17 15:46:18,66150.54,KZT,256817,approved,,True
4436,1158,88,2025-10-29 23:49:33,62719.79,KZT,108938,approved,,True
4437,153,51,2025-09-13 06:52:24,33812.75,KZT,208984,approved,,True
4438,155,93,2025-08-06 10:17:39,51691.65,KZT,115753,approved,,True
4439,401,40,2025-07-03 04:06:28,18507.04,KZT,088313,approved,,True
4440,205,63,2025-10-05 09:29:12,78187.69,KZT,442061,approved,,True
4441,73,41,2025-11-05 12:48:22,22682.44,KZT,181200,declined,card_blocked,True
4442,998,80,2025-12-22 13:40:24,74561.04,KZT,408078,approved,,True
4443,682,63,2025-10-05 20:41:27,74276.92,KZT,028296,approved,,True
4444,393,92,2025-09-20 05:38:18,58956.4,KZT,577742,declined,insufficient_funds,True
4445,161,75,2025-12-29 17:18:06,45763.98,KZT,091791,approved,,True
4446,939,83,2025-10-15 18:43:35,61614.0,KZT,994194,approved,,True
4447,1134,71,2025-11-21 15:22:16,29735.03,KZT,398090,approved,,True
4448,855,70,2025-09-25 11:09:23,13696.66,KZT,788938,approved,,True
4449,273,20,2025-10-10 05:52:41,67057.38,KZT,989274,approved,,True
4450,931,33,2025-09-23 06:24:55,40348.54,KZT,842343,approved,,True
4451,299,70,2025-10-23 21:18:23,31862.07,KZT,798681,approved,,True
4452,205,42,2025-07-12 23:30:04,54418.46,KZT,276249,approved,,True
4453,759,60,2025-12-11 09:02:34,15458.53,KZT,043019,approved,,True
4454,141,14,2025-11-29 13:28:41,21871.49,KZT,850451,approved,,True
4455,40,56,2025-11-16 20:25:30,27207.26,KZT,736611,approved,,True
4456,244,83,2025-12-18 16:05:55,77524.23,KZT,067971,approved,,True
4457,3,73,2025-09-23 16:02:37,77758.36,KZT,332840,approved,,True
4458,647,22,2025-10-17 17:51:40,8366.45,KZT,936875,approved,,True
4459,697,42,2025-12-02 01:04:27,17590.88,KZT,532712,approved,,True
4460,209,95,2025-12-02 15:35:30,44118.45,KZT,878623,approved,,True
4461,648,100,2025-08-28 15:38:20,30337.8,KZT,975661,approved,,True
4462,390,19,2025-09-07 09:48:21,44153.34,KZT,965959,approved,,True
4463,291,53,2025-07-18 12:48:19,42699.07,KZT,923585,approved,,True
4464,271,47,2025-07-08 01:09:28,74261.84,KZT,947897,approved,,True
4465,865,38,2025-10-04 03:58:38,14038.68,KZT,279145,approved,,True
4466,436,52,2025-07-07 01:00:31,27135.65,KZT,560373,approved,,True
4467,1132,67,2025-08-06 03:53:05,20186.7,KZT,560667,approved,,True
4468,1055,32,2025-12-28 10:10:39,74313.82,KZT,439009,approved,,True
4469,1007,58,2025-11-08 16:28:09,58750.24,KZT,925076,approved,,True
4470,1157,9,2025-12-19 20:11:37,18232.54,KZT,272887,approved,,True
4471,552,40,2025-12-27 06:39:09,20268.11,KZT,260956,approved,,True
4472,596,21,2025-10-12 02:14:54,17636.95,KZT,500581,approved,,True
4473,77,46,2025-10-12 05:09:10,34542.51,KZT,632334,approved,,True
4474,122,45,2025-12-24 13:34:08,29654.21,KZT,574608,approved,,True
4475,342,12,2025-08-24 03:20:09,27937.84,KZT,183556,approved,,True
4476,378,4,2025-12-01 14:24:07,21481.31,KZT,161480,approved,,True
4477,545,57,2025-11-30 23:55:44,57453.02,KZT,281506,approved,,True
4478,30,90,2025-08-25 09:18:15,9631.11,KZT,663125,approved,,True
4479,184,2,2025-08-19 18:00:02,4901.67,KZT,776266,approved,,True
4480,381,73,2025-11-30 05:05:35,45902.21,KZT,908575,approved,,True
4481,329,62,2025-10-24 10:30:49,73446.62,KZT,719989,approved,,True
4482,20,25,2025-12-24 10:46:22,32069.57,KZT,396401,approved,,True
4483,416,10,2025-12-24 17:35:06,19996.9,KZT,173085,approved,,True
4484,592,77,2025-11-26 06:09:48,9913.8,KZT,538881,approved,,True
4485,226,51,2025-12-06 04:27:29,49133.44,KZT,860246,approved,,True
4486,747,14,2025-08-01 01:09:10,33930.62,KZT,419913,approved,,True
4487,815,82,2025-12-10 07:42:09,64718.87,KZT,567240,approved,,True
4488,60,86,2025-09-12 12:46:19,63294.53,KZT,182164,approved,,True
4489,488,22,2025-11-29 09:17:44,26945.12,KZT,414332,approved,,True
4490,796,42,2025-09-14 15:10:25,2062.25,KZT,224564,approved,,True
4491,848,37,2025-11-13 18:04:09,48920.75,KZT,680941,approved,,True
4492,74,97,2025-12-26 15:10:14,45771.6,KZT,961521,approved,,True
4493,43,93,2025-08-28 13:28:58,28668.44,KZT,403555,declined,card_blocked,True
4494,1098,30,2025-12-18 21:27:02,34785.82,KZT,283765,approved,,True
4495,204,89,2025-08-23 15:06:12,74306.94,KZT,429529,approved,,True
4496,436,88,2025-09-23 14:07:07,44509.63,KZT,577834,approved,,True
4497,841,84,2025-09-04 01:13:15,76869.89,KZT,589002,approved,,True
4498,618,45,2025-12-25 11:25:21,2564.33,KZT,420649,approved,,True
4499,377,82,2025-07-13 18:08:17,3893.44,KZT,851193,approved,,True
4500,568,89,2025-08-29 01:56:03,26291.14,KZT,100721,declined,limit_exceeded,True
4501,94,6,2025-11-27 10:49:10,46807.01,KZT,409740,approved,,True
4502,49,13,2025-09-14 16:55:29,63123.09,KZT,189593,declined,insufficient_funds,True
4503,903,31,2025-12-24 14:58:39,24588.27,KZT,405955,approved,,True
4504,725,8,2025-09-10 01:55:32,13477.07,KZT,616739,approved,,True
4505,239,15,2025-07-05 10:57:35,3668.0,KZT,215058,approved,,True
4506,733,80,2025-09-13 20:35:46,447.34,KZT,814134,approved,,True
4507,675,5,2025-12-04 13:34:16,76065.39,KZT,629797,approved,,True
4508,254,39,2025-07-17 15:02:42,21734.61,KZT,204762,approved,,True
4509,534,13,2025-08-01 09:54:30,17916.36,KZT,504629,approved,,True
4510,45,96,2025-11-06 22:07:48,33065.32,KZT,975829,approved,,True
4511,323,26,2025-07-14 04:21:40,74074.52,KZT,545752,approved,,True
4512,1100,69,2025-11-10 05:38:01,15981.78,KZT,712675,approved,,True
4513,1045,36,2025-10-29 12:47:13,56000.09,KZT,520240,approved,,True
4514,727,56,2025-07-22 13:11:14,62714.2,KZT,387471,approved,,True
4515,802,21,2025-11-17 02:15:18,22790.11,KZT,600045,approved,,True
4516,616,87,2025-09-17 05:29:59,2665.1,KZT,348314,approved,,True
4517,19,72,2025-11-03 00:25:38,25329.47,KZT,784538,approved,,True
4518,25,64,2025-10-18 00:01:55,77250.89,KZT,524163,approved,,True
4519,384,8,2025-08-26 19:39:38,33218.38,KZT,764326,approved,,True
4520,513,33,2025-08-29 07:33:41,1009.97,KZT,569555,approved,,True
4521,863,89,2025-08-15 02:09:52,38075.2,KZT,812155,approved,,True
4522,1054,94,2025-12-13 20:16:37,31166.19,KZT,481729,approved,,True
4523,941,16,2025-07-18 18:02:57,38741.74,KZT,340494,approved,,True
4524,530,33,2025-12-07 03:26:44,45938.68,KZT,258308,approved,,True
4525,866,51,2025-12-01 17:42:15,61201.62,KZT,712422,approved,,True
4526,770,6,2025-09-23 19:03:38,45594.4,KZT,416235,approved,,True
4527,578,27,2025-10-08 23:23:35,16636.95,KZT,485905,approved,,True
4528,737,69,2025-12-28 11:41:36,48376.42,KZT,749568,approved,,True
4529,893,53,2025-10-31 02:17:11,37140.6,KZT,484196,approved,,True
4530,1071,6,2025-09-16 00:33:48,64294.59,KZT,665018,approved,,True
4531,690,10,2025-10-11 21:41:33,12190.6,KZT,387136,approved,,True
4532,11,7,2025-11-08 03:29:06,53157.14,KZT,773804,approved,,True
4533,1043,71,2025-07-17 11:05:39,34474.95,KZT,855856,declined,limit_exceeded,True
4534,736,65,2025-10-29 12:29:18,55567.8,KZT,569161,approved,,True
4535,493,23,2025-10-17 15:15:50,70696.49,KZT,091210,approved,,True
4536,575,98,2025-07-13 14:46:42,65329.37,KZT,159281,approved,,True
4537,172,94,2025-09-13 10:07:05,69293.51,KZT,422791,approved,,True
4538,180,6,2025-12-17 22:19:24,35766.23,KZT,571162,approved,,True
4539,600,28,2025-08-23 19:12:02,62200.18,KZT,724201,approved,,True
4540,935,38,2025-10-17 17:26:36,60646.59,KZT,812252,approved,,True
4541,467,74,2025-07-20 13:33:51,15265.47,KZT,467476,approved,,True
4542,475,43,2025-08-16 05:28:57,1243.79,KZT,744113,approved,,True
4543,1182,32,2025-10-23 11:42:53,4485.38,KZT,172758,declined,limit_exceeded,True
4544,537,66,2025-12-14 15:22:07,7272.09,KZT,602509,approved,,True
4545,541,9,2025-09-19 18:10:59,67318.35,KZT,155146,approved,,True
4546,466,97,2025-08-20 15:05:38,39340.89,KZT,025975,approved,,True
4547,1152,64,2025-10-26 15:25:18,1682.38,KZT,779599,approved,,True
4548,167,66,2025-11-16 11:56:47,21820.12,KZT,722069,approved,,True
4549,356,100,2025-07-20 06:26:40,11173.41,KZT,955195,approved,,True
4550,651,74,2025-07-27 12:41:52,42688.88,KZT,561119,approved,,True
4551,1125,15,2025-07-08 05:41:12,2183.5,KZT,714054,approved,,True
4552,581,24,2025-12-21 02:01:15,37463.47,KZT,941008,approved,,True
4553,707,12,2025-10-26 21:46:02,47664.95,KZT,091720,approved,,True
4554,1071,13,2025-09-26 23:53:38,39257.31,KZT,582006,approved,,True
4555,189,20,2025-12-29 14:28:34,25188.62,KZT,658158,approved,,True
4556,741,23,2025-08-28 01:37:37,74004.5,KZT,027158,approved,,True
4557,392,42,2025-10-07 05:33:46,25420.8,KZT,957649,approved,,True
4558,930,37,2025-11-10 22:53:50,56533.79,KZT,688120,approved,,True
4559,939,76,2025-10-11 11:04:15,24524.57,KZT,185924,approved,,True
4560,17,5,2025-07-23 11:16:54,16106.1,KZT,230449,approved,,True
4561,172,24,2025-08-07 11:23:01,403.93,KZT,546276,approved,,True
4562,747,25,2025-08-19 07:37:12,40740.85,KZT,536251,approved,,True
4563,309,18,2025-07-29 10:22:01,27789.6,KZT,252376,approved,,True
4564,884,4,2025-08-28 15:16:53,19256.65,KZT,508957,approved,,True
4565,367,69,2025-10-04 07:07:24,71975.03,KZT,609286,approved,,True
4566,306,21,2025-11-21 10:46:12,49050.63,KZT,874057,approved,,True
4567,603,99,2025-12-22 18:50:08,69778.53,KZT,819594,approved,,True
4568,663,97,2025-12-29 20:46:34,73035.44,KZT,750404,approved,,True
4569,756,30,2025-08-17 17:06:54,53410.87,KZT,155128,approved,,True
4570,445,8,2025-12-15 05:15:49,76186.62,KZT,084503,approved,,True
4571,117,85,2025-07-12 05:06:14,905.82,KZT,909609,approved,,True
4572,935,56,2025-11-24 15:12:13,44522.21,KZT,503560,approved,,True
4573,943,9,2025-08-19 07:31:35,56580.41,KZT,318899,approved,,True
4574,825,76,2025-07-19 09:20:04,28586.19,KZT,919890,approved,,True
4575,587,6,2025-11-20 23:46:28,31746.33,KZT,814520,approved,,True
4576,416,91,2025-12-19 01:11:54,28841.24,KZT,861067,approved,,True
4577,486,69,2025-11-19 08:07:34,70015.69,KZT,549788,approved,,True
4578,4,94,2025-07-26 23:50:21,7832.32,KZT,824056,approved,,True
4579,304,10,2025-12-10 17:39:51,27469.6,KZT,958500,approved,,True
4580,516,15,2025-10-01 04:03:59,79094.84,KZT,645681,approved,,True
4581,1122,63,2025-08-30 16:00:15,47775.11,KZT,325190,approved,,True
4582,35,65,2025-11-28 12:33:01,78823.34,KZT,692446,approved,,True
4583,838,13,2025-07-29 13:29:21,72639.84,KZT,671202,approved,,True
4584,400,3,2025-12-29 21:19:32,7985.22,KZT,760048,approved,,True
4585,482,38,2025-11-15 03:12:36,22723.94,KZT,943133,approved,,True
4586,1007,20,2025-08-06 15:06:47,65170.97,KZT,433871,approved,,True
4587,1175,94,2025-09-17 02:54:45,61501.77,KZT,108914,approved,,True
4588,191,73,2025-07-03 02:01:40,63839.38,KZT,347475,approved,,True
4589,1077,25,2025-12-21 06:06:05,35052.64,KZT,463543,approved,,True
4590,618,41,2025-10-30 20:23:39,49040.03,KZT,812122,approved,,True
4591,541,88,2025-08-02 20:59:19,2670.02,KZT,845008,approved,,True
4592,956,25,2025-09-18 21:24:43,7806.8,KZT,953249,approved,,True
4593,611,13,2025-10-30 19:58:52,8847.23,KZT,018286,approved,,True
4594,364,52,2025-12-05 07:23:54,23355.18,KZT,255949,approved,,True
4595,715,23,2025-09-17 22:21:35,10329.5,KZT,561089,approved,,True
4596,226,71,2025-10-02 07:04:19,72205.7,KZT,383264,approved,,True
4597,779,51,2025-10-24 11:31:09,62080.68,KZT,263754,approved,,True
4598,468,57,2025-11-05 00:59:44,45029.39,KZT,969205,approved,,True
4599,785,13,2025-10-03 07:25:13,11700.53,KZT,279367,approved,,True
4600,207,8,2025-07-20 01:05:32,51745.3,KZT,632716,declined,card_blocked,True
4601,275,100,2025-09-04 05:47:56,33196.78,KZT,306658,approved,,True
4602,818,7,2025-08-31 21:35:21,23929.89,KZT,103053,approved,,True
4603,520,46,2025-09-08 23:28:18,75072.22,KZT,062902,approved,,True
4604,913,98,2025-11-04 18:56:09,52593.6,KZT,076525,approved,,True
4605,686,82,2025-11-21 11:21:04,44725.68,KZT,855706,approved,,True
4606,983,57,2025-08-28 05:15:11,35000.16,KZT,369578,approved,,True
4607,799,56,2025-11-23 17:48:30,45346.46,KZT,002095,approved,,True
4608,945,53,2025-08-13 09:25:46,75785.23,KZT,728505,approved,,True
4609,232,19,2025-08-18 05:14:16,41937.11,KZT,268312,approved,,True
4610,1097,93,2025-07-19 07:57:26,40946.65,KZT,801966,approved,,True
4611,751,26,2025-09-18 13:13:12,15694.0,KZT,260840,approved,,True
4612,255,98,2025-12-16 04:27:05,74395.85,KZT,829789,approved,,True
4613,792,34,2025-12-10 01:45:20,6443.94,KZT,056420,approved,,True
4614,843,97,2025-09-05 02:49:04,40078.88,KZT,883965,approved,,True
4615,820,5,2025-12-25 19:32:01,60791.93,KZT,666787,approved,,True
4616,152,37,2025-08-08 14:50:00,74219.43,KZT,842813,approved,,True
4617,992,60,2025-10-30 06:37:59,42373.91,KZT,593266,approved,,True
4618,685,32,2025-07-10 10:33:44,4927.9,KZT,337066,approved,,True
4619,586,94,2025-12-16 20:11:52,5682.0,KZT,415898,approved,,True
4620,913,73,2025-12-25 23:28:35,23549.46,KZT,218343,approved,,True
4621,935,53,2025-09-22 14:03:15,74985.66,KZT,004352,approved,,True
4622,1103,100,2025-07-16 12:02:34,16495.01,KZT,027243,approved,,True
4623,774,8,2025-07-24 20:04:56,31350.59,KZT,840651,approved,,True
4624,327,91,2025-11-15 08:30:50,37481.73,KZT,367728,approved,,True
4625,329,2,2025-11-19 08:35:31,45770.31,KZT,378110,approved,,True
4626,395,71,2025-11-17 20:10:09,69098.15,KZT,250140,approved,,True
4627,661,72,2025-11-09 22:01:35,31279.71,KZT,877937,approved,,True
4628,179,56,2025-07-20 18:05:11,58172.57,KZT,262946,approved,,True
4629,831,3,2025-11-22 09:29:42,72010.25,KZT,227997,approved,,True
4630,294,76,2025-12-11 15:29:09,17588.98,KZT,462476,approved,,True
4631,943,59,2025-09-05 23:23:13,47462.61,KZT,683728,approved,,True
4632,719,6,2025-10-26 02:07:11,37468.98,KZT,465083,approved,,True
4633,1124,97,2025-10-18 02:02:58,6884.27,KZT,614737,approved,,True
4634,544,94,2025-08-20 05:55:50,43668.08,KZT,190248,approved,,True
4635,834,6,2025-09-11 19:03:53,68940.64,KZT,651097,approved,,True
4636,420,63,2025-08-06 14:27:44,70189.7,KZT,847011,approved,,True
4637,891,88,2025-09-12 04:12:14,14401.44,KZT,588757,approved,,True
4638,927,85,2025-07-23 10:48:39,47210.9,KZT,914969,approved,,True
4639,376,98,2025-12-03 20:00:58,1868.91,KZT,471326,approved,,True
4640,407,65,2025-09-15 12:24:27,36516.36,KZT,917944,approved,,True
4641,816,14,2025-10-25 10:54:38,25939.75,KZT,894126,approved,,True
4642,397,87,2025-11-19 02:02:43,7447.76,KZT,415808,approved,,True
4643,682,28,2025-09-02 08:17:09,35562.46,KZT,638468,approved,,True
4644,1154,26,2025-11-13 11:48:15,65381.39,KZT,563568,approved,,True
4645,772,81,2025-07-31 08:45:19,47236.81,KZT,503995,approved,,True
4646,604,4,2025-09-08 14:22:34,61006.89,KZT,304315,approved,,True
4647,711,84,2025-08-02 03:20:46,14032.25,KZT,397017,approved,,True
4648,933,58,2025-09-23 04:34:30,14626.5,KZT,260435,declined,card_blocked,True
4649,224,48,2025-08-24 19:35:08,17532.31,KZT,220377,approved,,True
4650,244,29,2025-11-08 16:55:44,50323.96,KZT,207759,approved,,True
4651,304,3,2025-07-27 23:33:44,31323.69,KZT,338630,approved,,True
4652,1187,95,2025-07-18 16:23:13,26143.83,KZT,079173,approved,,True
4653,274,96,2025-12-10 17:01:21,26093.38,KZT,567535,approved,,True
4654,415,96,2025-07-29 00:15:09,23246.0,KZT,882799,approved,,True
4655,818,21,2025-10-25 06:44:55,51674.02,KZT,894376,approved,,True
4656,117,44,2025-08-18 13:06:47,61828.33,KZT,390533,approved,,True
4657,1155,62,2025-08-25 01:14:10,19975.64,KZT,600448,declined,insufficient_funds,True
4658,1012,94,2025-10-30 20:35:50,49127.68,KZT,162418,approved,,True
4659,1125,70,2025-07-26 05:03:49,56446.01,KZT,440437,approved,,True
4660,922,2,2025-12-10 03:53:43,77934.34,KZT,938643,approved,,True
4661,779,19,2025-09-08 04:32:16,49301.93,KZT,091858,approved,,True
4662,1169,39,2025-07-16 21:05:39,57062.88,KZT,368813,approved,,True
4663,376,46,2025-12-08 19:39:11,22848.53,KZT,810420,declined,card_blocked,True
4664,759,50,2025-07-10 17:44:54,24573.38,KZT,391805,approved,,True
4665,543,6,2025-07-19 15:29:26,66332.54,KZT,505450,approved,,True
4666,634,39,2025-08-27 09:57:50,7366.02,KZT,099249,declined,limit_exceeded,True
4667,341,29,2025-08-13 09:45:21,22746.4,KZT,015036,approved,,True
4668,671,18,2025-07-10 17:12:07,968.36,KZT,312500,approved,,True
4669,662,72,2025-10-13 10:59:43,32090.11,KZT,161207,approved,,True
4670,1095,39,2025-11-15 02:37:13,21254.86,KZT,748582,approved,,True
4671,881,53,2025-11-09 10:44:02,70364.7,KZT,357354,approved,,True
4672,551,19,2025-08-31 20:20:58,13253.21,KZT,098017,approved,,True
4673,326,49,2025-07-15 09:08:21,27721.3,KZT,381776,approved,,True
4674,942,77,2025-10-01 15:38:03,10854.57,KZT,029427,approved,,True
4675,861,42,2025-12-23 20:55:01,67876.52,KZT,557195,approved,,True
4676,314,71,2025-08-16 08:51:20,36890.89,KZT,221990,declined,insufficient_funds,True
4677,476,28,2025-07-08 19:50:53,32809.91,KZT,583461,declined,limit_exceeded,True
4678,608,47,2025-07-05 01:13:42,18279.31,KZT,523182,approved,,True
4679,1096,30,2025-08-29 13:49:24,38317.92,KZT,563937,approved,,True
4680,371,81,2025-10-15 14:02:19,47762.66,KZT,812725,approved,,True
4681,442,95,2025-12-16 13:58:25,43306.48,KZT,580019,approved,,True
4682,794,95,2025-10-08 22:01:36,34224.36,KZT,638986,approved,,True
4683,499,59,2025-07-20 00:55:10,76592.34,KZT,517068,approved,,True
4684,527,50,2025-07-20 21:36:19,59448.06,KZT,632045,approved,,True
4685,522,60,2025-12-22 17:21:57,26855.68,KZT,676768,approved,,True
4686,428,41,2025-10-04 04:02:37,62663.24,KZT,137429,approved,,True
4687,1014,45,2025-10-20 16:21:48,11144.25,KZT,545796,approved,,True
4688,655,38,2025-12-06 00:55:11,63809.18,KZT,610820,approved,,True
4689,793,13,2025-07-04 19:44:01,29607.44,KZT,830957,declined,card_blocked,True
4690,856,2,2025-08-19 23:40:30,17741.15,KZT,107280,approved,,True
4691,809,100,2025-09-18 06:12:07,60962.04,KZT,488246,approved,,True
4692,119,29,2025-09-18 14:52:40,53040.4,KZT,889056,approved,,True
4693,481,41,2025-08-07 03:07:45,8883.93,KZT,223903,approved,,True
4694,11,70,2025-08-26 07:00:45,28880.62,KZT,818493,approved,,True
4695,169,95,2025-07-06 15:04:09,14585.82,KZT,227310,approved,,True
4696,166,22,2025-12-07 14:42:15,15689.67,KZT,688700,approved,,True
4697,692,86,2025-12-13 21:07:23,69366.16,KZT,498944,approved,,True
4698,733,54,2025-11-21 08:03:54,5101.69,KZT,172007,approved,,True
4699,100,40,2025-09-24 21:36:01,70789.72,KZT,272340,approved,,True
4700,280,66,2025-07-10 13:26:42,52367.37,KZT,833024,approved,,True
4701,915,35,2025-10-28 15:45:17,30758.35,KZT,667605,approved,,True
4702,1039,3,2025-11-21 18:51:09,78228.25,KZT,400900,approved,,True
4703,847,1,2025-09-10 15:22:32,30952.87,KZT,818604,approved,,True
4704,590,3,2025-09-18 20:57:34,38677.81,KZT,231282,approved,,True
4705,1170,32,2025-11-13 12:27:43,16611.17,KZT,035115,approved,,True
4706,1179,17,2025-09-12 23:37:12,9318.95,KZT,678877,approved,,True
4707,639,77,2025-12-08 12:32:18,24223.9,KZT,289875,approved,,True
4708,356,64,2025-12-03 06:53:57,65507.59,KZT,078079,approved,,True
4709,362,25,2025-12-21 16:01:09,18803.48,KZT,538102,approved,,True
4710,914,73,2025-09-06 02:33:14,71382.59,KZT,285575,approved,,True
4711,107,72,2025-09-15 14:45:40,47628.55,KZT,626234,approved,,True
4712,394,23,2025-12-16 00:41:23,5006.67,KZT,470391,approved,,True
4713,194,38,2025-08-04 08:26:38,51537.78,KZT,232995,approved,,True
4714,521,89,2025-07-22 05:48:10,36781.7,KZT,994240,approved,,True
4715,1115,9,2025-07-16 06:03:05,3394.57,KZT,283659,approved,,True
4716,524,79,2025-10-08 02:52:55,2187.03,KZT,516225,approved,,True
4717,284,57,2025-07-16 09:44:29,74978.76,KZT,129329,approved,,True
4718,1028,58,2025-07-29 01:45:55,619.74,KZT,814252,approved,,True
4719,512,98,2025-08-23 21:00:51,61037.99,KZT,077106,approved,,True
4720,768,94,2025-09-12 12:52:04,74135.71,KZT,265695,approved,,True
4721,571,78,2025-07-20 20:36:24,8647.92,KZT,827330,approved,,True
4722,282,48,2025-09-23 22:47:48,68800.63,KZT,212674,approved,,True
4723,460,60,2025-07-10 12:32:01,45631.51,KZT,920553,approved,,True
4724,426,75,2025-09-21 23:19:12,4451.64,KZT,807067,declined,limit_exceeded,True
4725,428,7,2025-08-18 13:27:17,28056.37,KZT,023412,approved,,True
4726,106,91,2025-10-24 04:25:25,16749.78,KZT,872862,declined,card_blocked,True
4727,369,17,2025-10-06 15:45:48,10547.03,KZT,931214,approved,,True
4728,95,54,2025-09-28 14:10:32,43672.69,KZT,467250,declined,limit_exceeded,True
4729,1074,96,2025-07-11 00:04:48,60212.16,KZT,614327,approved,,True
4730,1168,24,2025-09-07 00:09:32,43893.42,KZT,959539,approved,,True
4731,562,96,2025-08-10 01:03:15,47819.49,KZT,358556,declined,card_blocked,True
4732,198,43,2025-10-01 21:47:05,39950.92,KZT,497280,approved,,True
4733,768,79,2025-08-04 22:11:31,54241.62,KZT,134559,approved,,True
4734,883,54,2025-12-09 22:14:49,11819.61,KZT,492870,approved,,True
4735,162,39,2025-11-24 10:35:33,40723.1,KZT,570640,approved,,True
4736,335,9,2025-11-27 13:59:54,7781.39,KZT,554475,declined,card_blocked,True
4737,669,38,2025-07-29 11:48:10,10142.59,KZT,430703,approved,,True
4738,148,9,2025-11-15 19:16:06,50805.71,KZT,068247,approved,,True
4739,679,16,2025-09-20 16:46:23,78360.0,KZT,013416,approved,,True
4740,460,78,2025-08-10 21:08:32,29025.5,KZT,459982,approved,,True
4741,752,88,2025-08-05 13:18:20,76544.57,KZT,141688,declined,card_blocked,True
4742,762,45,2025-07-13 21:54:50,64487.34,KZT,176707,approved,,True
4743,1140,6,2025-11-25 13:40:14,16966.72,KZT,447351,approved,,True
4744,242,13,2025-12-30 20:04:53,16677.26,KZT,221268,approved,,True
4745,78,63,2025-11-04 06:25:44,55081.76,KZT,091701,approved,,True
4746,927,10,2025-07-12 07:59:08,54040.22,KZT,410793,approved,,True
4747,284,28,2025-09-07 17:06:03,69341.05,KZT,885106,approved,,True
4748,918,23,2025-12-18 07:22:36,21744.25,KZT,953712,declined,insufficient_funds,True
4749,307,58,2025-10-15 05:40:52,18503.4,KZT,960455,approved,,True
4750,787,3,2025-08-01 16:05:23,17763.13,KZT,602050,approved,,True
4751,266,37,2025-07-09 23:25:16,29326.27,KZT,424128,approved,,True
4752,152,48,2025-10-25 02:48:53,79516.94,KZT,370565,approved,,True
4753,429,69,2025-08-02 14:30:04,39196.89,KZT,296570,approved,,True
4754,503,88,2025-09-21 14:05:43,73293.53,KZT,342932,approved,,True
4755,894,77,2025-10-14 09:29:54,48608.07,KZT,068709,approved,,True
4756,288,2,2025-12-02 13:19:25,34329.01,KZT,890090,approved,,True
4757,144,45,2025-07-10 15:30:32,71294.81,KZT,963655,approved,,True
4758,144,86,2025-10-29 23:39:39,69522.59,KZT,630355,approved,,True
4759,616,22,2025-12-23 10:39:41,16903.51,KZT,409998,approved,,True
4760,36,43,2025-09-01 19:20:21,72878.63,KZT,651951,approved,,True
4761,759,69,2025-09-06 17:21:19,27879.7,KZT,741843,approved,,True
4762,444,92,2025-09-29 01:58:22,32869.45,KZT,170403,approved,,True
4763,76,78,2025-08-10 22:41:31,45381.57,KZT,643021,approved,,True
4764,1163,91,2025-09-03 23:27:31,53744.68,KZT,143780,approved,,True
4765,871,85,2025-10-24 13:45:56,33665.23,KZT,197827,approved,,True
4766,851,100,2025-11-07 23:46:17,65673.58,KZT,887108,approved,,True
4767,196,21,2025-10-21 10:58:31,40437.75,KZT,464310,approved,,True
4768,474,48,2025-08-29 03:48:17,75467.77,KZT,243776,approved,,True
4769,53,43,2025-08-01 07:32:34,17906.19,KZT,066416,approved,,True
4770,523,11,2025-07-23 22:23:10,16126.28,KZT,055707,declined,insufficient_funds,True
4771,808,55,2025-10-15 08:49:00,21660.02,KZT,087827,approved,,True
4772,693,79,2025-07-05 20:06:38,74427.37,KZT,674501,approved,,True
4773,27,55,2025-11-23 19:34:17,74172.69,KZT,007651,approved,,True
4774,74,45,2025-12-16 09:12:49,33818.63,KZT,932127,approved,,True
4775,145,61,2025-07-06 23:36:48,29293.42,KZT,596790,approved,,True
4776,911,64,2025-12-11 20:07:23,54088.21,KZT,022111,declined,limit_exceeded,True
4777,1015,92,2025-11-04 11:02:14,3355.34,KZT,061252,approved,,True
4778,490,11,2025-09-22 06:10:23,71852.49,KZT,291401,approved,,True
4779,914,71,2025-09-26 16:36:56,20471.75,KZT,472346,declined,insufficient_funds,True
4780,854,72,2025-09-17 02:39:51,14052.18,KZT,966011,approved,,True
4781,319,94,2025-08-17 08:27:51,38591.61,KZT,585152,approved,,True
4782,568,85,2025-10-14 01:36:31,44964.82,KZT,916860,approved,,True
4783,149,32,2025-08-27 01:14:15,54125.69,KZT,738927,approved,,True
4784,389,96,2025-09-21 12:45:38,20053.75,KZT,465180,approved,,True
4785,661,47,2025-07-05 20:03:31,13448.89,KZT,915737,approved,,True
4786,117,20,2025-09-14 12:22:48,17585.23,KZT,745050,approved,,True
4787,634,33,2025-07-11 05:18:37,73764.18,KZT,665774,approved,,True
4788,364,86,2025-11-21 21:40:44,56509.31,KZT,024166,approved,,True
4789,1147,54,2025-12-22 22:43:37,77008.9,KZT,909782,approved,,True
4790,849,8,2025-08-04 16:05:39,22539.32,KZT,408474,approved,,True
4791,783,68,2025-09-01 04:40:13,74921.81,KZT,043780,approved,,True
4792,388,99,2025-11-30 23:21:01,75547.99,KZT,809066,approved,,True
4793,522,58,2025-10-16 13:32:36,46830.72,KZT,186520,approved,,True
4794,632,75,2025-08-10 12:26:42,36263.87,KZT,349665,approved,,True
4795,524,63,2025-12-27 07:15:09,1530.42,KZT,681701,approved,,True
4796,548,30,2025-07-24 10:18:54,69784.46,KZT,287397,approved,,True
4797,127,51,2025-08-24 16:07:17,59294.44,KZT,507692,approved,,True
4798,236,10,2025-08-12 15:02:58,37159.28,KZT,474734,approved,,True
4799,716,6,2025-12-08 23:31:58,61872.48,KZT,842975,approved,,True
4800,174,32,2025-10-20 07:28:08,69858.81,KZT,759175,approved,,True
4801,1123,11,2025-09-09 00:16:57,33660.38,KZT,028244,approved,,True
4802,3,36,2025-09-07 20:49:44,15281.63,KZT,676966,approved,,True
4803,97,17,2025-08-05 15:03:58,5019.59,KZT,606130,declined,limit_exceeded,True
4804,591,38,2025-11-27 09:21:36,43983.77,KZT,206115,declined,card_blocked,True
4805,312,24,2025-09-12 13:34:58,32494.18,KZT,526114,declined,insufficient_funds,True
4806,1120,29,2025-09-03 07:05:16,66301.75,KZT,962314,approved,,True
4807,982,30,2025-10-17 05:54:53,50735.82,KZT,360437,approved,,True
4808,991,67,2025-07-26 21:58:57,35674.03,KZT,871300,approved,,True
4809,165,96,2025-12-28 06:27:10,27360.9,KZT,823987,approved,,True
4810,66,30,2025-09-07 01:25:54,76366.54,KZT,559542,approved,,True
4811,863,39,2025-10-24 07:36:00,6846.9,KZT,647724,approved,,True
4812,24,82,2025-11-18 06:31:45,50706.99,KZT,232419,approved,,True
4813,323,57,2025-10-25 06:26:02,15832.45,KZT,521802,declined,limit_exceeded,True
4814,85,89,2025-10-22 23:55:26,76371.12,KZT,998630,approved,,True
4815,1043,13,2025-08-07 06:39:41,54265.98,KZT,680910,approved,,True
4816,56,19,2025-10-26 09:04:40,21255.44,KZT,861855,approved,,True
4817,674,32,2025-11-11 13:23:37,62919.18,KZT,724040,approved,,True
4818,280,21,2025-11-11 16:12:15,11371.62,KZT,808269,approved,,True
4819,822,71,2025-08-04 05:02:07,5744.48,KZT,623339,approved,,True
4820,779,36,2025-11-01 23:32:28,59473.31,KZT,061190,declined,card_blocked,True
4821,707,56,2025-11-05 13:49:48,51984.71,KZT,157749,approved,,True
4822,744,19,2025-07-11 12:55:29,5990.44,KZT,622144,approved,,True
4823,160,64,2025-09-04 19:22:01,73860.79,KZT,282114,approved,,True
4824,1074,89,2025-10-27 17:37:39,48109.86,KZT,654385,approved,,True
4825,619,64,2025-09-30 19:06:19,61378.91,KZT,564505,approved,,True
4826,128,90,2025-11-18 13:42:46,7378.99,KZT,102353,approved,,True
4827,793,57,2025-09-24 19:57:58,70264.66,KZT,254950,approved,,True
4828,742,73,2025-12-05 20:24:10,69630.63,KZT,531375,approved,,True
4829,580,41,2025-09-17 16:47:12,73679.75,KZT,571738,approved,,True
4830,52,77,2025-09-26 18:19:04,58269.92,KZT,943423,approved,,True
4831,891,46,2025-07-17 23:29:19,9695.99,KZT,284900,approved,,True
4832,1173,52,2025-09-15 08:53:43,3263.91,KZT,358073,approved,,True
4833,1168,22,2025-08-13 21:18:27,25723.77,KZT,705663,approved,,True
4834,1024,25,2025-11-18 10:31:51,75876.09,KZT,539754,approved,,True
4835,1130,65,2025-08-04 05:25:46,37396.62,KZT,964830,approved,,True
4836,690,84,2025-08-12 08:43:55,70776.35,KZT,956866,approved,,True
4837,65,86,2025-12-03 22:42:31,23206.33,KZT,736418,approved,,True
4838,706,78,2025-11-09 08:18:40,25374.06,KZT,514904,approved,,True
4839,942,76,2025-07-09 04:29:23,31988.0,KZT,000224,approved,,True
4840,714,36,2025-12-11 01:40:23,15047.77,KZT,271535,approved,,True
4841,775,73,2025-12-08 14:19:21,60230.68,KZT,813660,approved,,True
4842,1025,12,2025-09-11 13:08:29,75409.93,KZT,385173,approved,,True
4843,612,54,2025-11-24 16:26:34,76109.96,KZT,605527,declined,limit_exceeded,True
4844,716,39,2025-08-04 13:11:41,72640.83,KZT,282178,approved,,True
4845,933,81,2025-07-22 13:05:54,26028.72,KZT,091077,approved,,True
4846,1152,54,2025-11-19 14:58:41,18575.56,KZT,685488,approved,,True
4847,863,37,2025-08-22 05:27:39,24854.46,KZT,763922,approved,,True
4848,72,33,2025-11-29 14:04:57,5576.57,KZT,363382,approved,,True
4849,433,5,2025-07-13 18:57:27,20724.61,KZT,973926,approved,,True
4850,501,66,2025-07-24 08:46:49,26497.65,KZT,990243,approved,,True
4851,446,12,2025-08-26 14:25:10,50284.0,KZT,305487,approved,,True
4852,745,26,2025-10-03 12:12:10,73410.54,KZT,802432,approved,,True
4853,1129,30,2025-08-21 13:48:30,28454.23,KZT,351057,approved,,True
4854,514,85,2025-07-26 06:50:33,41977.07,KZT,343516,approved,,True
4855,494,47,2025-11-14 23:24:37,61923.82,KZT,351423,declined,limit_exceeded,True
4856,606,67,2025-12-05 11:00:02,46274.93,KZT,970587,approved,,True
4857,907,85,2025-08-08 16:31:53,71309.27,KZT,633306,approved,,True
4858,329,72,2025-12-29 12:19:08,18680.21,KZT,988599,approved,,True
4859,433,75,2025-07-12 00:15:45,1920.29,KZT,248144,approved,,True
4860,843,20,2025-07-24 16:08:12,7687.55,KZT,611879,approved,,True
4861,1185,27,2025-09-03 06:16:55,18989.3,KZT,713508,approved,,True
4862,841,44,2025-12-26 06:51:39,20385.91,KZT,461867,approved,,True
4863,1002,13,2025-09-07 12:54:51,28952.41,KZT,216822,approved,,True
4864,1151,86,2025-10-29 00:18:41,36061.75,KZT,009484,approved,,True
4865,1155,38,2025-09-19 06:57:12,76275.35,KZT,523604,approved,,True
4866,836,69,2025-10-03 10:53:50,14141.38,KZT,494182,approved,,True
4867,113,58,2025-11-09 09:26:00,62162.22,KZT,098204,approved,,True
4868,42,61,2025-09-11 04:40:22,29128.84,KZT,223349,approved,,True
4869,1127,69,2025-10-07 13:04:55,70259.75,KZT,381616,approved,,True
4870,810,65,2025-07-14 22:59:48,33799.19,KZT,635011,approved,,True
4871,526,6,2025-11-06 03:07:44,78431.64,KZT,657627,declined,card_blocked,True
4872,174,7,2025-09-30 02:51:29,33652.59,KZT,676002,declined,limit_exceeded,True
4873,439,62,2025-10-17 04:13:56,38863.53,KZT,614862,approved,,True
4874,750,98,2025-07-08 14:30:47,17889.69,KZT,673552,approved,,True
4875,368,63,2025-09-21 20:35:21,557.46,KZT,073267,approved,,True
4876,242,22,2025-11-09 23:10:04,67739.3,KZT,731837,approved,,True
4877,1153,99,2025-08-20 07:59:01,40342.52,KZT,968293,approved,,True
4878,487,34,2025-09-06 06:32:33,20629.39,KZT,463860,approved,,True
4879,768,94,2025-12-18 05:11:47,59354.66,KZT,069937,approved,,True
4880,744,75,2025-10-26 17:55:20,1441.2,KZT,737459,approved,,True
4881,846,27,2025-11-15 20:45:11,58241.72,KZT,501549,approved,,True
4882,953,77,2025-11-28 18:38:00,31320.39,KZT,697690,approved,,True
4883,66,88,2025-09-01 05:43:00,55738.11,KZT,866330,approved,,True
4884,1178,85,2025-11-28 18:00:07,11517.28,KZT,739486,approved,,True
4885,1141,4,2025-08-11 09:49:51,56589.03,KZT,047049,approved,,True
4886,98,9,2025-10-31 16:44:00,32559.84,KZT,999462,approved,,True
4887,1019,58,2025-08-29 10:14:36,50734.73,KZT,984011,approved,,True
4888,896,92,2025-11-26 06:33:45,32216.17,KZT,795938,approved,,True
4889,383,49,2025-11-29 02:47:14,13375.03,KZT,543193,approved,,True
4890,1148,20,2025-12-21 06:22:41,75347.92,KZT,998212,approved,,True
4891,1095,78,2025-07-24 19:20:30,27974.84,KZT,137915,approved,,True
4892,565,48,2025-07-11 19:14:02,40882.53,KZT,434490,approved,,True
4893,105,49,2025-11-29 11:50:25,78964.47,KZT,549050,approved,,True
4894,792,77,2025-10-11 08:23:04,25608.55,KZT,810357,approved,,True
4895,782,5,2025-09-25 20:44:29,76621.84,KZT,629388,approved,,True
4896,919,97,2025-11-10 22:58:29,23665.11,KZT,938358,declined,card_blocked,True
4897,256,49,2025-08-03 21:40:52,43145.88,KZT,339397,approved,,True
4898,823,93,2025-09-28 02:35:30,57272.34,KZT,382343,approved,,True
4899,519,39,2025-10-27 21:04:48,29937.39,KZT,969551,approved,,True
4900,434,48,2025-10-13 05:31:23,4166.45,KZT,806005,declined,card_blocked,True
4901,1043,54,2025-07-16 13:04:51,49764.63,KZT,931268,approved,,True
4902,419,81,2025-08-01 07:58:57,15444.83,KZT,964548,approved,,True
4903,199,41,2025-08-07 05:50:26,44683.61,KZT,986852,approved,,True
4904,614,59,2025-12-24 04:25:14,69669.55,KZT,195098,approved,,True
4905,1152,58,2025-12-11 10:17:53,49344.56,KZT,231278,approved,,True
4906,309,99,2025-10-13 19:20:13,62254.25,KZT,524607,approved,,True
4907,486,78,2025-08-13 16:12:34,21770.44,KZT,001821,approved,,True
4908,726,28,2025-07-15 11:24:11,70094.97,KZT,577770,approved,,True
4909,1130,27,2025-07-15 12:21:11,59977.81,KZT,180977,approved,,True
4910,973,29,2025-12-12 14:50:43,32054.33,KZT,101234,approved,,True
4911,772,70,2025-08-31 20:07:30,28490.7,KZT,280743,approved,,True
4912,309,19,2025-12-11 03:39:06,66984.37,KZT,340187,approved,,True
4913,769,90,2025-07-14 12:56:20,41592.9,KZT,849212,approved,,True
4914,160,84,2025-09-28 12:40:50,63521.57,KZT,211972,approved,,True
4915,310,57,2025-09-10 10:48:33,79472.46,KZT,894641,approved,,True
4916,9,41,2025-12-10 10:32:13,42917.2,KZT,691011,approved,,True
4917,225,82,2025-09-03 13:54:11,60403.79,KZT,350063,approved,,True
4918,69,31,2025-10-22 07:10:01,73622.04,KZT,470417,approved,,True
4919,735,27,2025-11-10 18:42:33,61040.6,KZT,068411,approved,,True
4920,52,3,2025-07-06 23:15:25,9678.07,KZT,603596,approved,,True
4921,298,100,2025-08-23 01:23:10,6304.71,KZT,163749,approved,,True
4922,603,61,2025-10-21 00:45:22,74975.74,KZT,998559,approved,,True
4923,383,16,2025-12-11 01:16:57,41737.25,KZT,804613,approved,,True
4924,590,72,2025-07-05 03:26:29,48179.82,KZT,659090,approved,,True
4925,840,21,2025-07-15 06:00:37,59383.09,KZT,084641,approved,,True
4926,927,71,2025-11-16 22:10:04,4593.76,KZT,222929,approved,,True
4927,557,47,2025-07-11 17:36:56,22248.11,KZT,007021,approved,,True
4928,722,97,2025-09-06 03:03:24,70750.03,KZT,652351,approved,,True
4929,1041,36,2025-12-21 10:41:02,72271.99,KZT,722739,approved,,True
4930,949,66,2025-12-25 18:38:35,18409.66,KZT,832777,approved,,True
4931,1162,33,2025-09-30 07:34:05,30904.18,KZT,792483,approved,,True
4932,751,27,2025-10-19 02:09:26,65182.08,KZT,091814,approved,,True
4933,1079,54,2025-11-26 02:20:17,38992.43,KZT,962283,approved,,True
4934,601,4,2025-10-05 12:00:10,30986.25,KZT,488626,approved,,True
4935,541,16,2025-09-20 03:42:57,76661.67,KZT,888430,approved,,True
4936,807,41,2025-09-23 15:21:44,22002.23,KZT,564055,approved,,True
4937,143,60,2025-11-26 22:45:55,64397.57,KZT,608073,approved,,True
4938,456,47,2025-09-15 15:57:39,59260.09,KZT,458156,approved,,True
4939,860,93,2025-07-03 21:33:45,61522.86,KZT,321026,approved,,True
4940,443,22,2025-08-04 10:48:35,53539.91,KZT,757987,approved,,True
4941,556,44,2025-09-05 19:17:11,49320.96,KZT,028072,approved,,True
4942,242,45,2025-07-10 23:40:52,73597.42,KZT,575422,approved,,True
4943,1096,12,2025-12-30 07:35:23,73725.15,KZT,226087,approved,,True
4944,430,82,2025-07-28 05:21:47,8697.21,KZT,252728,approved,,True
4945,933,79,2025-10-31 07:23:39,38631.77,KZT,473818,approved,,True
4946,473,96,2025-08-24 18:56:50,29168.54,KZT,701333,approved,,True
4947,965,3,2025-12-29 06:44:05,43063.83,KZT,828990,approved,,True
4948,776,3,2025-12-21 09:35:15,33196.61,KZT,376818,approved,,True
4949,1015,74,2025-10-15 03:12:05,1946.75,KZT,233697,approved,,True
4950,769,9,2025-08-20 13:46:25,56352.07,KZT,480192,approved,,True
4951,563,91,2025-12-13 14:41:22,4923.17,KZT,819271,approved,,True
4952,764,89,2025-07-14 08:15:26,11945.68,KZT,562267,approved,,True
4953,1180,100,2025-11-02 16:06:37,75494.44,KZT,599643,approved,,True
4954,746,93,2025-08-02 11:02:39,48976.93,KZT,808208,approved,,True
4955,1038,91,2025-07-12 11:48:08,19014.12,KZT,666721,approved,,True
4956,889,64,2025-12-17 17:46:34,18941.89,KZT,019329,approved,,True
4957,15,6,2025-11-27 17:22:05,55925.55,KZT,474029,approved,,True
4958,494,31,2025-12-20 21:51:20,48381.38,KZT,439248,approved,,True
4959,1012,5,2025-12-23 23:42:11,10824.61,KZT,740991,approved,,True
4960,706,23,2025-12-17 09:28:47,79327.84,KZT,837047,approved,,True
4961,1080,80,2025-12-29 20:27:58,37703.12,KZT,985304,approved,,True
4962,916,84,2025-08-27 09:48:18,68976.44,KZT,416074,approved,,True
4963,371,15,2025-09-02 02:14:55,77516.7,KZT,011690,approved,,True
4964,885,85,2025-09-09 18:15:52,72202.63,KZT,752499,approved,,True
4965,259,36,2025-12-07 13:23:54,11609.1,KZT,846188,approved,,True
4966,674,58,2025-10-16 21:15:09,34809.16,KZT,619638,approved,,True
4967,123,90,2025-12-21 00:02:03,54958.77,KZT,227660,approved,,True
4968,235,80,2025-08-13 17:33:27,11933.29,KZT,230924,approved,,True
4969,488,10,2025-12-11 03:50:21,10990.91,KZT,220187,approved,,True
4970,847,65,2025-08-26 16:35:41,42445.23,KZT,903814,approved,,True
4971,698,50,2025-12-22 18:27:44,46154.2,KZT,959951,approved,,True
4972,540,73,2025-09-10 23:37:00,75772.97,KZT,896099,approved,,True
4973,139,97,2025-09-19 18:12:30,27474.28,KZT,391573,approved,,True
4974,474,4,2025-09-09 16:26:47,47848.21,KZT,170402,approved,,True
4975,366,67,2025-10-02 00:12:13,1863.77,KZT,634639,approved,,True
4976,549,93,2025-11-15 01:31:53,73772.87,KZT,802387,approved,,True
4977,980,83,2025-11-08 15:54:55,56061.96,KZT,527836,approved,,True
4978,882,94,2025-12-11 08:19:33,68504.89,KZT,264449,declined,limit_exceeded,True
4979,796,32,2025-11-08 08:44:04,34920.57,KZT,074103,approved,,True
4980,1107,41,2025-08-21 19:58:10,46437.62,KZT,543668,approved,,True
4981,150,45,2025-10-23 02:49:50,59227.92,KZT,938044,approved,,True
4982,234,65,2025-10-05 12:54:37,17489.75,KZT,066403,approved,,True
4983,168,66,2025-12-03 16:40:25,68954.87,KZT,713001,approved,,True
4984,1172,81,2025-12-21 02:47:16,77090.08,KZT,342139,approved,,True
4985,859,8,2025-09-15 17:55:05,67379.4,KZT,283515,approved,,True
4986,502,23,2025-10-04 02:21:08,76764.15,KZT,502474,approved,,True
4987,1127,86,2025-08-05 15:05:02,36483.53,KZT,317530,approved,,True
4988,489,77,2025-09-08 00:44:45,30549.44,KZT,356146,approved,,True
4989,378,62,2025-12-13 15:23:18,74775.03,KZT,922801,approved,,True
4990,786,53,2025-10-06 10:07:20,12499.64,KZT,113413,approved,,True
4991,955,52,2025-08-07 06:09:16,59456.94,KZT,235106,approved,,True
4992,1014,48,2025-11-24 05:03:13,51880.57,KZT,478779,approved,,True
4993,267,61,2025-10-22 01:23:44,28189.29,KZT,507048,approved,,True
4994,695,87,2025-11-20 01:12:50,750.67,KZT,385983,approved,,True
4995,264,74,2025-08-02 21:07:53,12998.58,KZT,821286,approved,,True
4996,1046,40,2025-11-09 10:32:58,51768.39,KZT,449461,approved,,True
4997,737,84,2025-07-09 09:26:50,45148.12,KZT,303671,approved,,True
4998,705,44,2025-08-22 13:21:11,33207.77,KZT,620522,approved,,True
4999,1072,84,2025-12-16 18:10:04,74383.14,KZT,894585,approved,,True
5000,565,40,2025-08-08 08:13:54,49850.28,KZT,622375,approved,,True
