account_id,client_id,account_number,account_type,currency,balance,status,opened_at
1,540,RU37PPRR4070946577706,savings,USD,1317740.65,active,2025-11-28 08:20:52
2,127,RU93CETQ8972842680928,debit,EUR,3337674.83,active,2026-01-07 16:42:56
3,705,RU74ZEMV1641700537186,credit,USD,4853556.98,closed,2025-07-20 13:45:40
4,1134,RU48BKMX6880316647951,debit,USD,4092207.67,blocked,2025-11-17 04:32:40
5,1408,RU38EOSQ3124285354160,savings,EUR,4408387.69,blocked,2025-08-17 06:41:31
6,162,RU85CSTC9848087017086,savings,EUR,174607.74,closed,2026-04-07 22:02:17
7,1059,RU75PDLF0771074043368,credit,EUR,4913791.07,active,2025-06-08 22:17:48
8,1945,RU53SLXO9672461051109,savings,KZT,4745358.35,active,2025-07-14 12:08:52
9,1656,RU64ABVP0178502050254,debit,KZT,214336.83,active,2026-01-13 12:22:46
10,892,RU90SPFV3920102975997,debit,EUR,740243.38,closed,2025-08-01 08:51:49
11,655,RU64IUOV5396597442526,credit,KZT,436050.18,closed,2025-09-24 12:48:20
12,1131,RU15VVVT4204164153740,savings,USD,2598921.2,active,2026-02-22 16:22:18
13,1435,RU35ZZVL1337937669976,credit,EUR,2613287.49,blocked,2025-06-05 21:56:24
14,849,RU56RDXV6085571749058,debit,KZT,2833403.04,closed,2026-02-11 17:46:41
15,1976,RU82JTXM8814499080358,debit,KZT,2813856.11,active,2026-02-22 08:52:07
16,586,RU40MFJX0574450999863,credit,USD,4389589.92,active,2025-09-18 23:24:45
17,1342,RU92FILY3527911110851,savings,EUR,3045201.8,active,2025-06-29 02:12:23
18,565,RU55RINV6898593213596,savings,KZT,3091604.2,blocked,2025-05-08 06:40:04
19,811,RU53DQVG0734800226425,savings,EUR,1188658.89,blocked,2026-04-15 19:59:33
20,551,RU62TPVE0554829878192,savings,KZT,1689992.54,active,2025-08-21 23:26:46
21,575,RU37CYZJ7498474604293,savings,EUR,3424575.28,active,2025-06-14 09:45:08
22,616,RU71ODPX8472146172758,credit,USD,3870380.47,active,2025-08-05 20:21:53
23,1493,RU61BZIL2926769889798,savings,EUR,3228128.5,active,2025-10-11 18:17:08
24,433,RU30QOPK4458474134019,savings,EUR,2422817.19,closed,2026-03-25 23:58:32
25,766,RU42EXSW3605962751934,debit,EUR,3957660.47,active,2025-08-22 01:03:57
26,1454,RU75MHQT0124844793656,credit,USD,679113.46,closed,2026-03-30 17:09:44
27,1165,RU25DCLN8622307065948,debit,KZT,964624.47,active,2026-03-14 06:22:36
28,119,RU22AKHD6022743303727,debit,KZT,2282786.89,active,2026-01-21 20:51:10
29,408,RU75CRNU2447563112138,savings,USD,4117707.95,closed,2025-09-24 08:57:31
30,1302,RU87WAPR2878066154598,debit,EUR,153785.4,active,2025-10-30 01:00:40
31,1217,RU70KQMM3565418028825,savings,KZT,4802641.37,blocked,2025-12-07 03:18:32
32,1130,RU11ECFV8866905946998,savings,USD,818404.56,active,2026-02-08 02:00:44
33,1702,RU69YJFR8284705203132,credit,KZT,1426061.81,blocked,2025-05-12 11:58:11
34,334,RU92TRRO1232036686427,credit,KZT,4285698.83,active,2026-01-11 09:45:58
35,424,RU15XPRM2685272876032,savings,EUR,2048126.48,active,2026-03-25 00:07:25
36,1599,RU69AQPO8347106283345,credit,KZT,2371011.94,active,2025-12-30 15:07:43
37,355,RU75YYUW5735623277004,credit,KZT,1119626.39,closed,2026-03-01 21:07:47
38,1932,RU31KGKQ5973027322857,savings,EUR,4835155.19,active,2025-10-04 19:21:15
39,1834,RU96AJWF4025554689397,savings,USD,2295531.1,active,2025-10-21 11:07:45
40,619,RU16OUBJ1167881596467,credit,EUR,4121729.8,blocked,2025-12-06 05:00:13
41,210,RU68HQMZ5690448467332,debit,EUR,4997147.47,active,2025-11-27 06:20:53
42,1326,RU65WFTC2489558770062,credit,EUR,1414101.71,active,2025-10-27 07:18:58
43,131,RU60HVTI5994264076089,savings,USD,3203333.13,active,2025-08-02 15:15:15
44,1344,RU82KGBC2033980138716,credit,EUR,1494656.77,active,2025-11-10 02:42:51
45,1568,RU65ERHH5689058108015,debit,KZT,4027343.68,closed,2025-09-27 03:39:32
46,1353,RU92GGOI3567027728715,savings,EUR,700507.61,active,2026-01-02 17:57:52
47,1019,RU12MLTN9579457595995,savings,USD,4534650.9,blocked,2025-09-21 00:10:23
48,1509,RU35LAKK3629171485418,debit,EUR,3540636.73,closed,2026-03-06 02:59:48
49,389,RU04HTLF5252078821651,savings,EUR,3567133.08,closed,2025-12-27 02:42:08
50,1608,RU71CTUW2145744520302,savings,EUR,1793127.16,active,2026-03-17 13:04:01
51,349,RU97PUMY9473088240353,credit,EUR,906498.15,active,2025-10-23 01:11:03
52,263,RU70FXCZ2440293634094,credit,USD,3626208.0,closed,2026-02-13 12:06:06
53,1870,RU60CFZW1805257959900,debit,EUR,4498056.2,active,2025-07-18 12:44:29
54,728,RU93JPTI1232546018911,debit,EUR,4357289.73,blocked,2026-02-23 06:43:25
55,1817,RU22GZJX3485713399627,savings,USD,1303535.62,active,2025-10-20 07:45:03
56,1744,RU88NRNC2734211202913,debit,USD,269331.1,closed,2025-12-04 14:05:55
57,1934,RU10QCHB1494802989088,credit,KZT,2361626.19,active,2025-11-03 13:58:33
58,246,RU27UQWC9664523191990,credit,USD,2649662.68,blocked,2025-05-14 05:04:57
59,1784,RU37QECV3356831723667,debit,KZT,4961746.92,active,2025-09-29 03:07:58
60,1167,RU08BJWW1710389191874,savings,KZT,1582600.9,active,2026-02-19 17:26:47
61,166,RU06BKAD3320344956071,savings,USD,3155532.83,active,2025-08-22 22:25:10
62,1300,RU48IQPY6507752572316,debit,KZT,2260814.09,active,2026-02-12 20:01:27
63,1585,RU39YXGD6037811057039,debit,EUR,3822654.2,blocked,2026-02-22 03:53:04
64,1564,RU79TMYG0667005994696,debit,KZT,3072784.21,blocked,2025-09-26 21:05:18
65,879,RU66MVTH2337007158009,savings,USD,24341.02,closed,2025-07-09 15:51:50
66,1497,RU87PCIU0863323430658,savings,KZT,4460139.95,closed,2025-07-06 05:29:32
67,37,RU14YPJJ8883923759097,credit,KZT,3133807.96,active,2025-07-20 02:08:16
68,1421,RU74FEQK8258545513919,savings,USD,645525.07,blocked,2025-11-04 16:37:28
69,1206,RU89NZAG4823678838736,savings,KZT,327369.83,active,2025-08-17 00:38:06
70,1943,RU28SUGE3800436475846,savings,USD,3639431.73,closed,2025-11-12 18:19:08
71,692,RU19NZIQ6741637120631,savings,EUR,4977366.58,active,2026-04-08 06:41:39
72,1004,RU07OKLF9776014584081,savings,KZT,825252.66,blocked,2025-04-30 15:26:38
73,468,RU50DXYI4157281436116,debit,EUR,4924412.74,active,2026-02-02 07:16:43
74,45,RU56RMDD4603611892605,credit,EUR,845754.72,active,2026-01-24 09:12:54
75,1333,RU45KKWU4654268368437,debit,USD,4382844.14,active,2026-02-16 17:45:23
76,1096,RU84OCIZ0344545956600,credit,KZT,2970026.42,active,2026-01-05 07:11:43
77,222,RU31HACC9622723869742,credit,KZT,242127.05,active,2025-10-02 01:49:06
78,910,RU82WDUX7368385095709,savings,KZT,2736864.64,blocked,2026-01-20 19:04:28
79,314,RU43GIAY9916508113640,debit,EUR,3429014.4,active,2025-08-18 03:47:50
80,862,RU13HIQU4843770062795,credit,KZT,3312752.35,active,2025-12-21 02:05:04
81,1241,RU52WVSK1429544966954,credit,KZT,2094709.93,active,2025-11-07 21:30:15
82,1473,RU09ECXY7562752800161,credit,KZT,1414251.13,active,2025-11-02 12:27:10
83,407,RU39UOGI4794592351638,credit,KZT,3890016.62,closed,2025-07-10 12:55:08
84,734,RU07HFNI8971001707812,credit,USD,1477460.65,active,2025-11-22 02:12:43
85,1017,RU95VWTJ5761304948414,debit,EUR,4665688.6,active,2025-07-23 06:56:10
86,6,RU36FUWU3552833728756,debit,EUR,445925.19,active,2026-03-13 14:06:59
87,1176,RU61VPSR1302656477115,credit,USD,746573.32,active,2026-02-19 22:53:58
88,1048,RU37QREX1870894107911,debit,EUR,3618157.67,active,2025-12-29 10:50:34
89,474,RU51NDCJ6446119830975,savings,USD,1321360.99,active,2025-05-31 23:28:30
90,1666,RU39ZJFX4738852377487,debit,KZT,4261391.18,active,2026-02-28 12:36:20
91,1387,RU23OABP8812532512180,savings,USD,3692962.44,active,2026-03-19 19:22:31
92,1553,RU04RFYF6799096660286,debit,KZT,4260141.63,active,2025-08-28 20:31:46
93,733,RU84LXGR3957164682100,savings,EUR,1342278.68,active,2025-09-14 22:16:43
94,1670,RU12GVXP0907037808866,savings,KZT,570046.17,blocked,2025-10-17 12:26:15
95,557,RU36YZSH2070983484926,savings,EUR,4253507.22,blocked,2025-12-31 04:52:34
96,1815,RU17PXJR7629650744565,debit,KZT,663425.37,active,2026-03-17 03:05:58
97,327,RU79OENP6541982817947,debit,USD,4556222.58,blocked,2026-02-28 18:50:18
98,1166,RU13PSLA0345220262693,credit,USD,907121.54,blocked,2026-02-19 19:31:34
99,735,RU66BGEX6452573309074,credit,KZT,4313016.3,active,2025-10-27 19:49:02
100,1885,RU05YYBX6351685224767,savings,KZT,4438082.05,blocked,2025-05-11 01:40:54
101,130,RU95LDEK8379900536693,savings,EUR,1571875.49,closed,2026-02-15 07:04:29
102,1523,RU60GEPN3342285628372,credit,EUR,2825496.12,active,2025-11-10 19:32:53
103,1072,RU42ZHPV2259310337008,credit,EUR,3091576.84,blocked,2026-01-05 04:48:11
104,1489,RU69WSJE3403704333318,debit,USD,1729401.69,blocked,2025-06-19 22:44:54
105,1719,RU43ZQGR4561257804737,credit,EUR,273776.01,active,2025-11-05 13:25:11
106,1739,RU24DSQZ5176968064554,savings,USD,4347208.76,active,2026-02-09 01:01:25
107,1007,RU61JXWE1578379264053,savings,KZT,1655143.32,active,2025-05-12 18:29:28
108,1039,RU80WEUO3968859342883,debit,EUR,3216943.26,blocked,2026-03-06 13:08:36
109,482,RU66UZSB3979978331503,debit,USD,2221500.19,closed,2025-10-14 05:46:12
110,181,RU12FDTQ5965510250666,savings,USD,1580991.58,blocked,2026-02-06 15:19:09
111,1339,RU91XUQM0673476714998,debit,KZT,2017794.86,active,2025-11-25 14:01:33
112,1125,RU31NHER9591038524276,debit,KZT,3959124.64,closed,2025-12-26 19:28:28
113,624,RU60FEDK5963743963994,credit,EUR,1035049.39,blocked,2025-09-02 14:10:48
114,745,RU44TKTJ0389554656531,debit,KZT,4221742.88,active,2025-11-26 18:10:22
115,1572,RU70PBQP3002102736632,credit,EUR,2366195.27,active,2026-01-26 05:59:09
116,927,RU58LXMV7322348749391,debit,KZT,3796840.44,active,2025-04-24 01:39:56
117,700,RU92NVMA1910904886607,savings,EUR,4822203.98,active,2025-11-21 22:02:05
118,1070,RU32GXEN4478937859541,savings,EUR,532504.82,active,2025-10-31 10:53:44
119,288,RU69PNZB9093716458104,credit,EUR,3608073.92,active,2025-07-30 23:20:12
120,1252,RU41LYPH4669447338780,debit,KZT,604608.29,blocked,2025-07-15 22:37:42
121,937,RU09XYZW5289056651837,debit,EUR,1690329.81,blocked,2025-05-11 06:36:12
122,1898,RU97RZJX7719888374345,credit,EUR,2944466.73,blocked,2025-10-17 20:21:09
123,1349,RU26BTMQ5938062502308,credit,EUR,674045.44,blocked,2025-04-24 21:37:05
124,1087,RU50SUSV6469243435486,credit,KZT,2766578.42,blocked,2026-03-14 23:31:17
125,1199,RU03TKFD2156038710880,savings,EUR,3905626.4,active,2026-01-16 21:23:49
126,1185,RU52GKJN9466049037647,debit,EUR,4076405.53,active,2025-09-20 16:04:13
127,1347,RU88IONX9116122150396,credit,EUR,4413596.62,closed,2026-03-31 12:20:38
128,788,RU23WKLR6819004158933,savings,EUR,4579635.3,active,2025-08-07 11:17:13
129,815,RU49GLER6601385500295,savings,USD,2264775.68,active,2025-06-15 21:07:10
130,846,RU08ZPGZ8010124571815,credit,EUR,4432297.84,closed,2025-08-17 07:15:39
131,1727,RU84RBMX1949991365055,credit,EUR,4303677.02,closed,2025-12-24 21:17:31
132,446,RU46DSDV9396871867170,debit,KZT,3121213.78,active,2026-01-14 20:52:11
133,708,RU45RAUJ9293285071961,credit,KZT,4906696.15,active,2025-11-04 21:48:57
134,1112,RU10ESHG2134952209400,credit,EUR,1612584.61,active,2026-02-12 16:07:32
135,722,RU32GPVC7758856274806,credit,USD,2914448.55,blocked,2026-01-10 01:35:36
136,1532,RU62MDCW2620306951657,credit,USD,4387508.7,blocked,2026-03-03 03:08:06
137,27,RU09VCFD1860181123993,credit,KZT,127335.43,active,2025-05-13 19:47:24
138,1373,RU67GBFK5987920623145,debit,KZT,1335624.37,active,2025-08-12 12:38:20
139,1400,RU73TNRV8910961968045,savings,KZT,4197069.69,active,2025-07-11 10:36:53
140,1544,RU06ALFC1203608164180,credit,KZT,1794053.5,blocked,2025-06-02 00:22:17
141,1262,RU59IIXZ6081971408346,credit,EUR,2809863.03,active,2026-02-05 12:58:36
142,1326,RU16SKII9506095806274,credit,USD,1188739.77,active,2026-01-17 07:49:15
143,1361,RU92KMNT8398590742941,debit,USD,1938385.69,active,2025-11-23 15:21:46
144,111,RU12JEVT0495776253847,debit,EUR,1257454.3,closed,2026-03-26 15:27:25
145,1600,RU79MYMT1953016472861,savings,KZT,4557520.4,active,2026-02-10 11:18:09
146,1206,RU79PJVW6859026297611,credit,EUR,3017331.5,active,2025-08-15 11:07:25
147,920,RU91YMME8660349824689,debit,EUR,373270.5,active,2026-02-02 16:37:33
148,1053,RU39UZVN7016562774021,debit,USD,204130.53,active,2025-11-25 09:03:49
149,542,RU69LPEG1252423525600,debit,KZT,2920346.3,active,2025-04-25 09:48:18
150,677,RU73QKXQ9496172150520,savings,EUR,4687534.76,active,2025-06-21 21:48:28
151,1902,RU49ULXH5313184560599,savings,EUR,255226.35,closed,2026-03-16 15:49:22
152,1356,RU20HJVE3221091294431,savings,USD,3949751.0,closed,2025-09-09 06:47:17
153,150,RU37ZIWU1408783437798,credit,USD,2627449.94,active,2025-11-11 09:35:27
154,140,RU24EWJB2116823137998,credit,KZT,2080240.29,closed,2025-09-26 21:18:29
155,189,RU70CQDU0096242657896,savings,KZT,4417100.3,active,2025-08-29 18:57:08
156,739,RU08ZGVK5877452634888,savings,KZT,4751591.07,closed,2025-11-15 05:47:48
157,973,RU88EGXY7254422535117,credit,EUR,45009.68,active,2025-10-13 07:06:30
158,493,RU33QVRY2805034553882,credit,EUR,4593117.89,active,2025-05-08 16:52:17
159,1398,RU04QPFA4767666082887,savings,USD,4579746.22,active,2025-09-20 01:48:46
160,526,RU97JKWW8712075313685,credit,EUR,1414862.14,closed,2026-03-08 11:48:01
161,1578,RU26TGDL2621074144301,savings,EUR,4014280.87,blocked,2025-10-29 06:32:14
162,90,RU12AZMC4452996457443,savings,EUR,963369.43,closed,2025-05-25 04:42:13
163,1942,RU45GCTZ9711533349729,debit,KZT,4858172.22,closed,2025-11-16 07:01:37
164,16,RU69NTOA1003434499758,credit,KZT,1054696.59,active,2026-03-25 03:06:53
165,1404,RU08WLRW6188817860215,savings,KZT,1028692.26,blocked,2025-12-30 07:34:31
166,1673,RU90SSEP9437638274903,debit,EUR,3430531.65,active,2025-10-18 13:28:40
167,1469,RU10GDFF2395480704731,savings,KZT,438516.97,active,2025-07-01 08:11:44
168,1627,RU30JXXQ3687477740703,savings,EUR,353140.02,active,2026-04-12 00:11:56
169,530,RU51MMNY5600762282128,savings,USD,2256177.19,blocked,2025-10-08 09:16:28
170,648,RU75EDSG8682784726439,debit,USD,3366820.36,closed,2025-04-25 12:10:14
171,1314,RU38GGAJ5969206660485,credit,EUR,317124.72,closed,2025-05-10 21:26:11
172,1436,RU08HDFG4435849811846,debit,USD,4640310.7,active,2025-08-13 18:39:41
173,1612,RU29LDEI2106378170483,credit,USD,3033222.64,active,2026-02-14 10:03:41
174,1898,RU41ZMIU8116595585942,savings,USD,1976171.18,active,2025-10-24 07:04:26
175,321,RU34CTHP9313636597276,credit,KZT,682770.92,blocked,2026-02-26 15:37:38
176,1634,RU65ONQP7759358613417,credit,USD,4800711.19,active,2025-08-16 23:16:35
177,1388,RU44ITCS5380884267233,credit,EUR,1866279.44,active,2025-11-24 04:24:28
178,1792,RU36TTAV7615001113915,credit,KZT,617052.56,active,2025-12-01 15:18:46
179,1222,RU42JQAJ4236479214990,savings,EUR,2738079.73,active,2025-08-19 13:06:57
180,431,RU68CAXQ6164790499157,credit,EUR,4517828.33,active,2025-07-14 10:43:11
181,846,RU70HQVA6799673672096,credit,EUR,713133.13,active,2025-07-17 23:04:53
182,1264,RU53DBZF3726432058699,savings,KZT,573998.09,closed,2026-03-20 04:44:41
183,112,RU05OFIL9715579327701,credit,USD,3223727.89,active,2025-08-14 02:16:04
184,1376,RU96DVKJ9177326096856,debit,USD,491913.8,closed,2025-10-29 10:07:56
185,1949,RU32QRWR8610859735867,savings,USD,641947.52,active,2025-06-01 01:40:34
186,584,RU68SJGW3644702632767,credit,KZT,4500692.84,active,2025-10-28 21:44:36
187,923,RU84VNZY5964587669494,savings,EUR,3297451.83,closed,2025-06-21 09:36:45
188,1159,RU82OXCL5347450240537,credit,USD,4038691.12,blocked,2025-06-27 17:01:22
189,10,RU17PFTU0848965394503,savings,KZT,3928514.9,blocked,2025-08-08 16:01:53
190,1721,RU50OZLI8078053833856,savings,KZT,3398221.32,active,2026-03-30 03:40:39
191,983,RU76SGFX9136964804073,savings,USD,1794349.27,active,2025-10-29 08:05:27
192,1130,RU46OGBZ4150632405102,debit,KZT,3228112.47,active,2026-03-16 03:16:04
193,575,RU12NLQH8796334674646,debit,EUR,982963.21,active,2026-01-30 17:17:04
194,155,RU06NXBH3273997415920,debit,EUR,3158500.85,closed,2025-12-04 00:56:06
195,830,RU03WYSJ1010276078195,credit,KZT,4531611.58,closed,2025-08-02 10:18:31
196,1114,RU38DMJQ4977973833061,credit,USD,3269886.79,active,2025-09-12 06:51:55
197,804,RU21IIGK7547893505260,debit,EUR,3666400.91,active,2025-06-14 05:03:08
198,952,RU22FYOA6875670718129,credit,EUR,453679.57,active,2025-11-04 05:43:36
199,22,RU17FHXM1391237745998,credit,KZT,4240061.22,closed,2026-01-13 22:02:14
200,340,RU21JVDW3376870580791,credit,KZT,2231656.0,active,2025-11-29 04:01:14
201,1943,RU35YBUZ6510640707838,credit,EUR,4361103.58,active,2026-02-03 00:27:30
202,1500,RU43VUJO8483034857365,savings,USD,203058.71,blocked,2025-07-22 05:15:15
203,129,RU93VJWV0449272809031,savings,USD,1170859.33,active,2025-11-10 08:13:43
204,1860,RU62ORQH6431678598444,savings,USD,2348901.47,blocked,2026-03-31 13:50:55
205,96,RU74BRRV9593032075605,debit,EUR,1621031.48,closed,2025-12-25 06:27:39
206,1700,RU80ENTT0152302999663,savings,EUR,1317317.03,closed,2025-11-30 15:27:59
207,357,RU49HATF3565403079915,savings,EUR,1893214.07,closed,2026-01-01 22:43:35
208,1840,RU70IZZB2732012953185,debit,EUR,1258680.46,active,2025-11-09 18:07:20
209,832,RU81AAJE3182068204810,savings,USD,2434820.95,blocked,2026-04-02 18:13:49
210,1238,RU96SHBL4847385779739,debit,EUR,4410289.18,blocked,2025-06-26 12:44:48
211,472,RU76ZQXE4553815182723,debit,EUR,3217741.53,active,2025-06-20 13:31:50
212,383,RU24YQEN4295185255768,debit,USD,3010499.36,active,2026-01-04 23:10:37
213,472,RU61ZQVX1559030819695,savings,USD,3601558.04,blocked,2026-01-10 10:46:58
214,981,RU54JIXQ7615048849150,savings,KZT,2954363.7,blocked,2025-05-01 22:24:03
215,500,RU32QSEU4464035076955,debit,KZT,2867859.07,active,2025-06-14 12:54:27
216,1290,RU96ZLTW3558810822775,credit,KZT,4454097.56,active,2025-05-14 22:19:34
217,341,RU73JOYO7745925412387,savings,KZT,2583686.82,blocked,2025-12-11 23:36:20
218,1986,RU32EJXS3797900704559,credit,EUR,94081.56,active,2025-05-26 12:25:21
219,444,RU44JRJS6741662395671,savings,EUR,4963886.34,blocked,2025-06-28 10:59:10
220,450,RU64EKLS3502767490641,savings,EUR,714417.97,closed,2026-03-07 20:21:59
221,1572,RU36ZEYE7276531451341,debit,EUR,3298584.1,active,2025-06-27 08:28:05
222,1484,RU95PUBB5455834559556,credit,USD,4611837.37,closed,2025-12-08 13:56:32
223,141,RU18ZFDN8335766808950,debit,USD,1927923.95,active,2025-04-29 15:33:48
224,415,RU24JZXS1086043171557,credit,EUR,3422154.79,active,2025-12-14 08:57:37
225,198,RU86RKYF1979336860931,debit,USD,4508139.48,closed,2025-05-08 09:02:08
226,1798,RU05VVNB8988850105583,credit,EUR,3762163.37,active,2025-10-27 11:59:59
227,1351,RU84TCCD5320264009333,debit,EUR,2696890.65,active,2026-04-06 13:32:42
228,1921,RU50SNHP9020388782188,credit,EUR,2158052.63,blocked,2025-09-14 01:21:23
229,1792,RU53TGQJ4781676634208,debit,EUR,2649552.78,active,2026-04-22 15:54:43
230,1644,RU09HJQW1242664742644,savings,USD,1753238.55,closed,2025-05-31 03:58:34
231,872,RU43AIOU8327966379581,debit,USD,2386229.04,active,2026-04-11 15:47:56
232,1760,RU91VWRP7449924687144,debit,USD,2991863.46,closed,2025-09-28 22:03:07
233,528,RU63MTGZ9953155664239,debit,KZT,3546035.04,active,2025-12-03 16:25:09
234,1071,RU20IAEU6908964966681,debit,EUR,36963.07,active,2026-01-15 07:38:21
235,1648,RU34DVRF2923246872203,savings,USD,1811986.68,active,2025-10-05 16:27:49
236,1335,RU81OGHP8406138674857,credit,USD,1307253.17,closed,2025-10-04 17:04:06
237,1157,RU90QHBI5596576578680,savings,EUR,1378527.15,blocked,2026-02-10 10:02:12
238,418,RU05BLKC2676449436327,savings,EUR,3919158.3,blocked,2025-07-01 14:58:33
239,759,RU49BLND4653442004218,credit,EUR,2419317.03,active,2025-12-03 13:17:15
240,706,RU40NOIO1520351919850,credit,USD,3679176.37,active,2026-02-07 15:19:19
241,471,RU21ZKNL1335850814322,savings,EUR,4746276.65,active,2025-07-15 12:05:00
242,1042,RU68WSQP6632790423381,savings,USD,4004467.81,closed,2026-01-18 22:14:04
243,1402,RU17AMBX8917005229184,credit,KZT,804529.31,active,2026-03-01 14:27:16
244,187,RU27LOUY4965990527025,debit,USD,4629383.08,blocked,2025-05-27 10:43:09
245,132,RU95TTND1435830407751,savings,KZT,1854804.8,closed,2025-05-07 21:05:37
246,1484,RU37HBNC0922168974537,savings,USD,3070213.99,closed,2025-08-12 11:16:31
247,1458,RU23DJOH2043192743126,credit,KZT,4728633.57,active,2025-12-27 21:08:10
248,1013,RU10NNLM0233616558062,savings,KZT,1009334.51,closed,2025-08-12 06:57:45
249,399,RU04IOKK5267203670275,debit,EUR,2553228.7,active,2025-12-18 03:10:29
250,348,RU72DAAL6870690571121,credit,KZT,1799340.25,active,2025-06-23 08:40:48
251,178,RU16WQCM7932353933054,savings,USD,1766285.19,blocked,2025-09-27 16:15:55
252,1201,RU52QJXS5165707943218,debit,EUR,77817.25,active,2026-04-15 04:32:35
253,185,RU62HBEI2646855190204,credit,USD,3630967.41,closed,2026-04-13 13:41:25
254,1194,RU11CYUC5488051093346,savings,USD,4816475.04,active,2025-07-20 02:24:56
255,1242,RU26YLXH3633057543700,debit,USD,4648639.49,closed,2025-04-25 00:32:35
256,535,RU70SRJD6437702170470,debit,USD,2531684.24,closed,2025-05-21 07:52:29
257,1031,RU58DFKW9283397178568,savings,USD,4735130.31,closed,2025-08-01 07:03:54
258,1795,RU62DOMT7505917393010,credit,EUR,1251457.32,blocked,2025-09-16 15:49:53
259,1154,RU61VLXL9169833179364,savings,KZT,3787608.95,blocked,2026-01-12 22:06:41
260,944,RU58UPAQ9440654525935,credit,KZT,2410368.84,active,2025-05-19 10:50:23
261,784,RU97OAVP6509462078562,credit,KZT,3384887.97,active,2026-02-27 23:14:00
262,647,RU90UXFO1926026118680,savings,USD,2583004.58,active,2026-01-20 09:17:27
263,1705,RU69XDAT3609194908170,savings,KZT,1437160.62,blocked,2026-01-09 20:30:29
264,1534,RU31BGEP6280587777014,savings,KZT,2773202.97,active,2025-10-25 07:00:26
265,643,RU73VSOE6821195696460,savings,KZT,4471686.95,active,2025-07-03 04:51:47
266,1940,RU04POGU5956919220513,credit,EUR,4651346.06,active,2025-11-03 00:11:58
267,1510,RU61LMHX9748925007516,debit,KZT,3677409.9,active,2025-07-12 12:30:18
268,470,RU10OXIZ8673581821774,debit,KZT,4181837.22,active,2025-06-22 19:10:21
269,1596,RU33QOJP7935995843835,debit,KZT,4601020.46,blocked,2025-12-17 14:28:14
270,14,RU28MTSS7125201930646,credit,KZT,4240204.97,active,2025-12-20 06:13:43
271,646,RU73USDE6719196993353,savings,EUR,4343975.41,blocked,2025-07-03 05:40:40
272,1566,RU58VBGU1387830568287,credit,USD,1989999.61,closed,2025-06-12 00:31:39
273,111,RU11LHHK5262029487478,credit,USD,2392122.06,closed,2025-05-05 20:41:40
274,1030,RU69DDFR2699345173922,savings,USD,4302140.25,active,2025-10-17 18:33:52
275,2000,RU27ESHC7786503947505,debit,EUR,2591507.49,active,2026-01-15 21:05:47
276,18,RU37KPWV7791743124345,debit,EUR,1054551.18,closed,2025-06-01 08:13:35
277,667,RU60GLHQ1157509272094,savings,EUR,4309348.27,active,2025-11-22 06:10:12
278,539,RU42QBXZ3695756294339,debit,USD,2357255.48,closed,2025-09-03 11:04:45
279,750,RU05DNRM7088550694394,debit,USD,2120290.46,blocked,2026-01-20 08:18:13
280,1541,RU57IZDB1042797493549,savings,USD,4271776.11,active,2025-10-15 06:17:14
281,369,RU65EDAD8188969913293,credit,KZT,4896382.99,active,2026-03-05 09:59:44
282,205,RU62LOKG8481115703475,credit,USD,4020633.82,closed,2025-10-08 01:45:33
283,1754,RU21MBUC6426245546202,savings,KZT,730072.83,active,2025-10-23 21:44:49
284,1651,RU40DHKW4692239407173,debit,KZT,2108181.82,active,2026-04-05 03:04:20
285,1740,RU85VJHI6609547006039,credit,EUR,2670378.96,active,2026-02-22 05:01:19
286,997,RU87QCBO9516352141202,savings,USD,2811130.12,closed,2025-05-11 17:52:17
287,816,RU91FJUD7561680956418,debit,EUR,817546.06,active,2026-03-05 06:31:22
288,521,RU84XKID3336650285915,savings,EUR,482413.13,active,2025-08-02 02:24:44
289,740,RU51NWYK8179157829052,savings,EUR,2787899.95,active,2025-09-03 20:48:30
290,41,RU43XZJS2219114299948,savings,KZT,1756101.36,closed,2025-07-09 11:36:45
291,1182,RU92DJDJ0138569939142,credit,EUR,3246005.63,active,2026-02-20 06:11:47
292,583,RU28NKEA1201740209844,savings,USD,3366291.01,blocked,2026-02-18 02:19:46
293,1509,RU54NTQQ8665948182729,savings,KZT,1905973.92,active,2025-10-20 07:40:16
294,1294,RU45DHVM7591644915321,debit,KZT,3203262.68,active,2025-10-04 00:48:11
295,1293,RU78RUAD1308523156823,credit,EUR,2024458.83,active,2025-05-23 22:33:54
296,332,RU89JFRI0224626713202,savings,KZT,1568096.83,active,2026-01-24 02:54:31
297,548,RU92KHYI2386707760429,credit,EUR,1977881.17,blocked,2026-02-20 12:23:39
298,1768,RU87XGUU9876674087721,savings,EUR,2935011.95,blocked,2025-09-30 23:50:46
299,343,RU55BOUK2400330510972,debit,KZT,626074.51,active,2026-01-05 07:41:09
300,516,RU06JZOZ2542654168939,credit,EUR,3748948.94,active,2025-06-27 00:54:24
301,814,RU35FPNY3985238182893,debit,KZT,319898.21,blocked,2025-11-22 04:57:41
302,111,RU74MUGV2786807042357,debit,USD,2620389.97,active,2025-06-02 13:52:17
303,538,RU87YUHC8995931169921,credit,KZT,422472.02,blocked,2025-08-21 08:43:55
304,470,RU90UGKH4705070775088,debit,EUR,1421592.23,active,2025-06-13 04:46:47
305,1079,RU02YJSJ9996357686621,debit,KZT,176739.75,active,2026-03-23 08:24:25
306,1875,RU93HRAZ5951948454225,savings,USD,2336500.19,closed,2026-04-21 06:41:33
307,558,RU22SKKD3305915419635,credit,USD,676439.43,closed,2025-06-30 23:17:22
308,1211,RU15DXWD0967451363659,credit,USD,3155606.57,closed,2025-10-09 03:28:17
309,1073,RU89AKXA4173722342678,credit,EUR,2669386.87,active,2025-10-27 06:30:27
310,1106,RU86ZZOB3238128171899,debit,KZT,2209859.67,active,2025-09-30 07:12:23
311,533,RU18YHLJ7521127596373,debit,USD,53768.54,closed,2026-03-05 21:04:44
312,1553,RU46CCJT3310886230659,debit,USD,1434524.48,closed,2025-04-26 10:42:34
313,1409,RU84IVAA3818036485100,savings,USD,1498752.98,blocked,2026-02-27 02:45:33
314,600,RU38ECQE4140817028461,credit,KZT,3984040.15,closed,2025-09-15 07:48:07
315,387,RU72NURP8732149997032,savings,EUR,2186094.73,active,2025-06-25 14:58:14
316,1465,RU68AIGU4743344210651,credit,EUR,1949226.63,blocked,2025-07-17 21:15:32
317,539,RU33BZAJ6010413135557,debit,USD,3126989.75,closed,2026-02-14 03:12:07
318,1639,RU60SJEB7223956721761,credit,EUR,3423516.81,active,2025-12-31 01:14:46
319,1522,RU36WQZY9898787767751,credit,USD,2065106.48,active,2025-07-03 01:20:48
320,280,RU50GQPO1239818939720,savings,KZT,3184826.66,closed,2025-10-16 01:17:06
321,558,RU11IQPH0451945586817,credit,EUR,2460488.07,active,2025-04-30 17:58:00
322,312,RU31XHID8807964031575,debit,EUR,111632.3,active,2025-08-10 18:41:12
323,552,RU11QKTG9185362054493,debit,EUR,2192644.76,active,2025-07-22 15:08:23
324,185,RU89YHSF7195406385670,debit,KZT,2468404.19,active,2025-10-03 10:08:15
325,639,RU15EBXO1537842055553,savings,USD,2318958.65,active,2025-08-29 11:19:44
326,165,RU63VKIJ0789677888922,debit,KZT,1333251.39,blocked,2025-05-20 22:32:31
327,1113,RU19ZDYB0720409471124,savings,KZT,961769.27,active,2026-03-06 14:31:02
328,782,RU03MDWO5780410486671,debit,KZT,4873017.92,active,2025-09-19 15:45:53
329,1580,RU71QNII2624470498671,savings,KZT,3688357.44,active,2025-07-09 13:40:46
330,944,RU51DZAD8770332570443,credit,KZT,2606174.46,active,2025-10-23 20:14:31
331,797,RU08ZYAO3246689974903,credit,USD,4681140.02,active,2025-12-23 13:25:28
332,1492,RU81UYBI3817799899246,debit,EUR,4687167.2,closed,2025-06-09 15:37:48
333,519,RU61SFJO0481130186432,savings,EUR,1494766.61,active,2026-04-02 21:28:14
334,107,RU76HCIL6518127591700,credit,KZT,4866397.03,active,2025-12-25 00:19:39
335,890,RU02HIHY7432567405362,savings,KZT,837634.42,active,2025-12-06 06:57:30
336,246,RU53KCUV2311541119020,savings,KZT,45640.35,active,2025-12-04 21:13:08
337,1605,RU93MAPD3693005221442,credit,USD,3442344.29,active,2025-09-14 10:52:30
338,1579,RU94UNZO3538425611615,debit,KZT,789334.58,active,2026-01-14 14:39:21
339,1267,RU36VYTS9442618455375,savings,EUR,301201.63,active,2025-12-29 13:03:43
340,316,RU63REMQ2950814994023,credit,EUR,3957539.76,active,2025-10-29 16:12:49
341,477,RU88EGLR5935803528805,savings,EUR,3943020.57,active,2026-03-02 01:13:45
342,1827,RU69AZPK0781973544252,savings,EUR,965633.53,blocked,2025-09-09 07:33:05
343,1484,RU66IWWP7774449649304,debit,USD,4493416.56,blocked,2026-01-22 15:25:12
344,897,RU54NJZB0606988264862,credit,USD,2714127.65,blocked,2025-07-05 22:01:39
345,1161,RU51XVOL5377938546091,debit,EUR,1738975.73,blocked,2025-08-08 03:23:54
346,1777,RU52EDAI0725453960160,credit,EUR,802556.7,closed,2025-06-22 10:07:50
347,921,RU17STHE4707926251743,savings,USD,2708488.15,blocked,2025-04-23 11:53:52
348,1590,RU80DVMY0325039439884,credit,EUR,1895838.8,active,2026-04-01 02:42:53
349,39,RU84IEOR9523617949645,credit,USD,3880306.82,active,2025-08-25 18:16:27
350,1477,RU25ZJTW5957812731742,debit,EUR,4835848.62,blocked,2025-07-05 22:54:00
351,1074,RU13OXDQ3224023936276,credit,USD,3828904.74,active,2025-12-17 07:07:42
352,580,RU42DONI0404655112863,savings,USD,3204878.74,active,2025-05-30 14:21:44
353,1072,RU86QCDA5022892074595,credit,KZT,219842.54,active,2025-07-01 14:13:22
354,1789,RU08FZQW2767742393543,debit,KZT,536168.79,active,2025-05-31 13:38:19
355,66,RU26YHUO3278396921510,credit,EUR,4181661.33,blocked,2025-11-13 10:11:56
356,1278,RU85AEMA7721434869653,credit,EUR,1280436.71,active,2025-07-17 22:28:26
357,1241,RU07PCLL7310520898318,credit,KZT,66417.46,active,2026-01-02 21:12:56
358,1007,RU25OHAV9507933773129,debit,USD,4005298.73,active,2025-09-10 09:15:47
359,1143,RU83PGIC4850275908268,credit,USD,4110310.55,active,2026-03-09 02:05:50
360,1264,RU96WAAT0722087121894,savings,EUR,204225.11,active,2026-03-13 06:53:12
361,623,RU98LFHT5960233159987,debit,KZT,4802973.14,active,2025-06-01 12:40:30
362,1486,RU53LDOL7903230888060,debit,EUR,1927270.11,active,2025-11-13 13:39:13
363,1346,RU45TJCO5024130078867,debit,EUR,3126999.94,active,2025-11-26 02:04:21
364,1535,RU14ULQW7558509591450,credit,USD,3730795.77,closed,2025-09-09 05:38:56
365,1382,RU04JTOF3669462728651,savings,EUR,3326546.53,active,2025-06-26 23:57:50
366,1623,RU47RDJY2043845046217,debit,EUR,2008384.31,active,2026-01-03 13:49:47
367,324,RU29MIVG4939416674078,credit,EUR,2215617.84,active,2026-04-08 16:57:29
368,646,RU55VRVW6985857491106,credit,USD,4224425.22,blocked,2026-02-13 23:54:11
369,1297,RU52UZNO2641879397895,savings,EUR,1617931.15,active,2025-11-27 22:04:39
370,1118,RU36GOPB1249316459824,debit,USD,3828775.39,active,2025-09-10 00:42:41
371,1970,RU34HORA4704079365187,savings,USD,4799162.33,active,2026-01-30 06:55:08
372,71,RU02LMZS2692032735712,savings,EUR,82495.94,active,2026-04-03 23:36:53
373,619,RU23LMPF1230085789591,debit,USD,4921987.73,active,2026-03-21 13:04:51
374,645,RU31LHEW4256600980578,debit,EUR,4111864.95,closed,2025-11-07 18:35:03
375,1140,RU43GNUT0303413653298,credit,EUR,774419.22,active,2025-10-19 00:08:46
376,729,RU31KNXR4997707060074,debit,KZT,1325675.91,closed,2025-07-29 06:01:25
377,478,RU35MDIZ3370049174436,savings,USD,460433.7,blocked,2025-11-30 05:15:29
378,1880,RU09ROCV6387621577405,debit,EUR,386930.63,active,2026-02-25 03:35:28
379,989,RU11ILQN6182487414278,debit,USD,4128700.52,closed,2026-03-07 11:37:28
380,1859,RU89LHUC4198872634921,debit,EUR,3211630.86,active,2026-02-01 00:38:20
381,1656,RU29UFEG3998215900713,credit,USD,393308.5,active,2026-04-16 05:39:13
382,1579,RU67EVWA4484567715417,savings,USD,4399082.72,blocked,2025-10-01 23:27:08
383,1906,RU98UWMM0456893911645,debit,KZT,3738645.61,closed,2026-04-18 20:51:48
384,24,RU70OUMP7657666476085,credit,EUR,1913052.32,active,2025-11-12 20:47:44
385,85,RU64EAQV5296455217504,savings,EUR,2824999.56,active,2025-11-04 07:54:39
386,1430,RU91STRQ7829887275442,debit,KZT,253548.55,blocked,2025-10-13 06:37:58
387,1542,RU18FANC8506929873864,credit,EUR,2524142.0,active,2025-10-07 23:07:15
388,594,RU51BBMZ7246639032143,savings,KZT,661813.04,active,2025-10-25 00:28:31
389,1171,RU39BGCR3933011184065,credit,KZT,2741213.87,active,2025-05-26 06:10:56
390,817,RU45IQRK5875524529615,credit,USD,3869351.86,active,2026-02-13 03:51:00
391,277,RU62CIGN9745783517983,savings,EUR,991344.53,blocked,2026-01-01 12:35:04
392,1171,RU90UQOW1355669633895,debit,EUR,3080368.19,closed,2025-07-27 20:21:58
393,497,RU16WXRN4178256019991,debit,USD,3884082.72,active,2026-01-14 03:24:32
394,1893,RU22YXNE4694762936842,credit,KZT,563536.83,blocked,2025-10-04 16:52:23
395,749,RU26NQLD7973679901027,savings,KZT,1604371.08,closed,2026-01-02 18:03:04
396,50,RU90CTYB9520387212151,savings,KZT,4938271.93,closed,2026-03-08 06:54:25
397,1645,RU52SBUI5624462201656,savings,EUR,729946.56,active,2026-04-17 03:28:48
398,1676,RU41NGUZ3935082432625,debit,KZT,3427110.78,active,2026-02-11 11:46:45
399,1492,RU72HVRC4030755984142,debit,KZT,3698168.57,active,2025-12-20 09:21:03
400,1898,RU91BEJQ4350745093328,debit,USD,69652.73,active,2025-08-19 17:05:41
401,922,RU80BSUS9702440431090,savings,KZT,1660051.72,closed,2025-07-14 12:00:34
402,418,RU72OPDV8235327737655,credit,EUR,3752025.39,closed,2025-10-27 19:19:13
403,1276,RU98IOMC7275735548147,credit,KZT,3475660.65,active,2025-09-16 11:25:01
404,1194,RU09DFMN6153939294270,credit,EUR,218366.56,active,2025-05-16 13:27:17
405,582,RU29ECLB1343390627989,debit,EUR,3090205.92,active,2025-10-20 18:56:15
406,1341,RU82UKQF4773391299037,debit,KZT,1943837.09,active,2026-01-05 16:37:31
407,1746,RU17DWTD2759395571421,credit,USD,4321547.09,active,2025-08-14 19:26:41
408,1777,RU74ZXCN2206591004436,credit,USD,1156611.93,blocked,2025-11-06 17:07:40
409,1454,RU42IGMI4432969142200,debit,USD,2423826.1,closed,2025-11-15 15:41:34
410,181,RU05OUEF7683527808785,debit,KZT,2503753.46,blocked,2025-11-26 23:10:30
411,1898,RU59VPDB9338530009006,credit,KZT,199722.26,closed,2025-08-19 15:19:08
412,684,RU53GUEK8677546586172,savings,USD,3722209.21,active,2025-09-04 21:24:41
413,1402,RU50RVJO0344633246568,savings,USD,3126529.62,active,2025-11-03 21:11:27
414,565,RU62JYCK4635175735185,debit,EUR,1289139.14,blocked,2026-04-04 00:20:15
415,1669,RU81DZXP6965959656003,debit,EUR,4745632.98,active,2025-06-21 03:12:40
416,700,RU89WHOX5229648421092,savings,EUR,687166.12,blocked,2025-11-11 10:37:50
417,1968,RU92FEKC4557953723766,credit,EUR,4363634.65,active,2025-10-02 07:01:02
418,493,RU11BICJ2643029708137,credit,KZT,2132898.52,active,2026-04-11 12:32:13
419,1240,RU73EFSR2109352439229,savings,USD,2711626.52,active,2026-01-01 14:40:28
420,284,RU08ULBC4962840769539,credit,EUR,3420559.13,active,2026-03-24 05:05:18
421,283,RU52BROR3476790078244,savings,EUR,3525976.8,closed,2026-04-11 10:55:39
422,277,RU16MNMM9483609438682,savings,KZT,3281502.53,closed,2026-04-14 09:17:35
423,324,RU97VXLX0855925629726,savings,KZT,2787144.15,active,2025-07-03 17:27:11
424,651,RU20MSYE3257273468927,debit,EUR,148387.25,active,2026-03-31 00:36:44
425,1993,RU70BXVI7233446661051,savings,USD,1517437.18,active,2025-06-21 05:31:51
426,1596,RU70JTXX6180686288688,debit,KZT,658597.86,active,2026-02-13 07:42:51
427,1254,RU81PTFI4940395186956,credit,USD,3028416.95,closed,2025-07-21 21:26:18
428,1222,RU22ZCHV4408833183801,debit,KZT,3437202.05,active,2025-05-24 01:57:11
429,1410,RU48MSXG4769123779398,savings,KZT,2512120.61,closed,2025-10-22 06:22:51
430,1459,RU37ZACY2201631852002,credit,USD,920698.41,blocked,2025-10-31 01:47:36
431,971,RU86HSDL2313363140982,debit,KZT,967105.89,active,2025-09-28 21:30:56
432,1566,RU66CFPB2318967201295,debit,USD,4751040.01,active,2026-02-05 12:32:50
433,1375,RU63TAHD7756900019176,debit,KZT,331615.48,blocked,2026-03-25 23:25:00
434,1264,RU19KGYF4483438715154,savings,EUR,1625153.24,blocked,2026-04-02 22:05:53
435,506,RU61XPJN9117087027282,savings,USD,3881297.38,closed,2026-02-02 18:58:39
436,1689,RU93BIBB9380834912321,savings,EUR,1565174.56,closed,2026-04-22 22:35:59
437,1521,RU85MVVA0593241832527,credit,EUR,2681260.77,active,2025-11-11 09:59:23
438,224,RU89MFLE0213116795428,savings,USD,4135223.5,active,2026-03-30 02:41:26
439,504,RU96XGFM7011678116786,credit,EUR,1978660.37,active,2025-11-25 19:20:17
440,794,RU10XETA2515386426730,credit,EUR,4812998.97,active,2025-08-14 07:10:37
441,901,RU40FFBT9417530405319,savings,USD,3868611.39,active,2025-10-19 09:15:21
442,341,RU25QIYC0507550848528,savings,USD,3066058.26,active,2026-01-16 04:00:58
443,1059,RU83JNPO0378467970083,debit,USD,4149637.63,blocked,2025-05-28 08:09:28
444,1480,RU51AUOM4405835501727,credit,KZT,899677.19,closed,2026-04-22 10:30:49
445,1832,RU59FOUT7328290183205,credit,EUR,677398.06,blocked,2025-08-26 20:03:46
446,924,RU79DCYF1340636801990,debit,KZT,2268950.0,active,2026-03-31 23:08:10
447,932,RU76LAFJ0651174711706,debit,USD,1621049.83,active,2026-01-27 04:55:34
448,1502,RU82IRLZ7968863124079,debit,KZT,571710.53,blocked,2025-12-25 11:10:18
449,744,RU85AJUJ8138819011456,debit,EUR,3536688.31,closed,2025-12-16 22:07:05
450,1946,RU60PZWM7761952496017,debit,USD,2752179.08,active,2026-02-15 13:53:37
451,350,RU69BSEZ1764517702238,savings,EUR,4356655.71,active,2025-06-25 04:17:40
452,1780,RU21AIWL3478277253209,debit,KZT,3846014.83,active,2025-10-03 03:58:24
453,631,RU06LUSU2848987358727,savings,EUR,3843383.48,blocked,2025-08-13 08:49:05
454,1283,RU70FTTG3570240939866,debit,KZT,4492811.03,active,2025-04-24 14:07:03
455,1276,RU05GWTZ8464844273983,savings,KZT,2293754.65,blocked,2025-11-20 06:59:11
456,1654,RU63KXYM5239188676227,debit,EUR,4413631.9,active,2025-07-16 10:35:57
457,1206,RU48HKHH4062016633401,credit,USD,2269238.68,blocked,2025-05-24 01:17:45
458,1232,RU11IWEC5634526362886,credit,KZT,1224321.14,closed,2025-08-09 05:23:20
459,1270,RU72FGGL7044455143442,credit,EUR,4100786.84,active,2025-05-12 05:08:41
460,379,RU48CCDO5494495742188,debit,KZT,3266731.11,active,2025-06-18 16:10:34
461,1749,RU88WJFU4638151291164,debit,EUR,2890885.48,closed,2025-08-17 02:51:55
462,679,RU85YPUT2464299872473,debit,KZT,545329.34,active,2025-06-24 20:56:30
463,1377,RU79KGUT9875915300751,savings,EUR,3304962.13,closed,2025-12-01 11:14:56
464,1613,RU94ILUC8347923057824,credit,KZT,4831500.03,closed,2025-09-10 02:23:24
465,1908,RU30KXGC0812464378624,debit,KZT,3842791.4,active,2025-09-13 08:30:16
466,1839,RU06GXBU1460669610696,savings,KZT,3792451.5,closed,2025-05-18 10:20:29
467,600,RU86HXOJ9121879065061,savings,KZT,610994.13,active,2025-08-29 01:38:04
468,1080,RU94YIOC5901125023160,savings,EUR,1050017.0,active,2025-12-16 21:56:34
469,120,RU21AIYB2728986832120,debit,EUR,3648912.87,closed,2025-05-27 06:19:47
470,991,RU31RMCI9842507966997,credit,EUR,3024285.33,active,2025-10-06 01:37:00
471,1247,RU69QIFB0141442460737,savings,USD,2627430.74,closed,2025-09-07 15:20:26
472,1899,RU60FHWR6159528599475,debit,EUR,2813609.05,closed,2026-01-31 09:40:58
473,1295,RU48VPWN3798293055779,savings,USD,4040093.82,closed,2025-07-22 14:18:41
474,1452,RU60PVTU8367607410593,savings,KZT,8903.01,active,2025-10-20 18:14:12
475,1281,RU12TIXV8150439035602,debit,EUR,4240500.87,closed,2025-10-01 05:50:23
476,848,RU05QLYR6966096354760,debit,USD,1748900.57,active,2025-04-27 14:29:12
477,1312,RU29PKCZ2101842622644,debit,EUR,1408851.89,active,2025-08-20 17:50:12
478,615,RU44DQAZ2459408593565,credit,EUR,1620295.27,active,2025-06-06 10:13:26
479,1405,RU65HKFZ4377950765573,savings,USD,1980850.58,closed,2025-12-18 10:39:45
480,1967,RU11PIRZ5251225846790,debit,KZT,970883.88,active,2026-04-16 09:27:32
481,1378,RU41CVPZ5227929496523,savings,USD,3986474.66,active,2025-10-27 05:03:07
482,319,RU58ZTMP4999020385407,credit,USD,4460399.58,closed,2026-04-06 03:50:54
483,687,RU50ABRI1591242695753,savings,USD,4639022.09,active,2026-03-13 12:56:17
484,1068,RU83WRKC3976352946142,savings,EUR,3625095.81,active,2025-11-24 19:48:54
485,1098,RU63XNXF0408520633461,debit,KZT,2887410.81,active,2026-02-27 17:23:52
486,1877,RU46CQTP8737282659338,savings,KZT,4848096.85,active,2026-03-15 17:26:43
487,64,RU31BJDW9171603330854,savings,USD,3132927.73,active,2025-11-30 23:07:23
488,1241,RU48JCQU4366020931378,savings,KZT,2976364.14,active,2026-01-22 02:44:45
489,1757,RU73RBXF1093676777736,savings,EUR,159109.45,blocked,2025-05-26 22:12:09
490,1018,RU75KYOM4554590348195,debit,USD,2260079.74,active,2025-07-16 03:45:29
491,1076,RU12ZWIG5110269395533,savings,KZT,562044.13,active,2026-02-19 06:43:13
492,414,RU03BRTX2333135148550,debit,USD,2530467.47,blocked,2026-04-09 15:59:16
493,1025,RU40OAEM4062606741514,debit,KZT,1701239.41,blocked,2026-02-01 16:02:02
494,1790,RU66JQPN2164834279730,credit,USD,3877890.51,active,2026-02-16 01:16:30
495,1786,RU13FSJB6957252023589,debit,EUR,3383909.73,active,2025-07-11 21:40:15
496,1484,RU42GOOY1258284889199,debit,USD,1938553.49,closed,2025-06-07 04:51:29
497,9,RU53JTLC6599194564464,savings,KZT,3435574.6,closed,2026-03-27 19:39:12
498,179,RU58YKEH9004152428678,savings,USD,4446040.19,active,2025-11-11 09:19:28
499,1570,RU96LKIP0189779501467,credit,EUR,1563091.52,closed,2026-02-11 18:51:48
500,640,RU04BXTV3672502800417,credit,KZT,1605080.97,active,2025-08-12 12:11:24
501,567,RU67PWBU7346031613407,credit,USD,3864162.7,active,2025-08-07 02:30:36
502,306,RU98STEZ1645752754283,debit,USD,573187.51,closed,2025-11-26 13:16:43
503,1053,RU53EYRY6785150668815,debit,KZT,2713101.04,closed,2025-08-24 21:40:59
504,556,RU27LXOD5566166894093,debit,EUR,4020210.19,closed,2025-07-27 07:07:25
505,351,RU81NXHM4605955161133,debit,USD,3066701.15,active,2025-11-19 03:43:56
506,909,RU57SKNG2245182569619,debit,KZT,145934.44,active,2025-06-03 08:29:56
507,786,RU98ECEU6974869784879,debit,KZT,2132902.26,active,2026-01-21 21:15:35
508,1221,RU87YQUT6319630527043,credit,EUR,4181035.84,blocked,2025-12-18 13:39:50
509,729,RU35MSFF5916423012746,savings,USD,4087392.45,closed,2025-05-23 17:17:12
510,1995,RU04SWYA1763191986370,savings,EUR,659844.61,blocked,2025-05-30 23:44:43
511,934,RU68QLVL3606223063567,savings,EUR,3222448.63,blocked,2025-10-22 22:59:38
512,475,RU92GUXL7756942984104,debit,KZT,4305620.29,closed,2025-08-01 10:24:52
513,1870,RU91AWBG2730324827463,savings,USD,917582.01,active,2026-02-23 13:08:20
514,1763,RU80XZKE3561188203806,savings,USD,2438046.16,active,2025-10-24 19:37:33
515,232,RU65VWXS5862185311128,savings,USD,2306747.18,active,2025-08-10 20:01:04
516,1573,RU76YCOP9036666369472,savings,EUR,2873816.61,closed,2025-06-02 04:35:10
517,831,RU27QCUH2659845033790,credit,KZT,1630022.77,active,2026-02-24 23:10:49
518,619,RU09WFVV9403753531324,credit,USD,2004681.56,blocked,2025-07-24 20:52:17
519,1272,RU30XKEW7567195030568,debit,EUR,795942.43,blocked,2025-09-19 06:37:02
520,136,RU32ORBO1265249489185,savings,KZT,4069764.61,closed,2025-10-07 15:47:01
521,1607,RU87FZXT8388201514977,savings,EUR,3936846.53,closed,2026-01-17 18:58:42
522,484,RU23PNIS1361657652822,debit,EUR,3348356.38,closed,2026-03-14 04:14:49
523,997,RU95WZYM1954902948494,debit,EUR,2980781.39,active,2025-11-24 18:58:51
524,200,RU24GVXI5776613886550,savings,KZT,1540870.58,blocked,2025-05-20 05:58:43
525,1226,RU37YXBW9159567832395,debit,EUR,4070519.53,blocked,2025-08-28 08:51:16
526,1013,RU65YSYG6019412706618,credit,EUR,308349.63,active,2026-03-06 12:29:37
527,285,RU03YKVH6087807202033,credit,EUR,4049387.0,active,2026-01-04 21:02:58
528,306,RU90RRDC2099667637203,savings,EUR,1458224.76,closed,2025-12-03 15:53:59
529,916,RU90UOHJ4836567071905,debit,KZT,3407902.42,active,2025-08-17 14:55:27
530,1168,RU30MVKP4396770546739,credit,USD,4592589.61,blocked,2026-01-26 23:29:15
531,1875,RU75HCMI9095468873058,savings,KZT,2914052.16,closed,2025-11-07 10:41:02
532,828,RU96QNRD0253129266254,debit,USD,312990.38,closed,2025-05-13 20:22:15
533,2,RU55PYQB0958040146159,credit,EUR,4103945.66,active,2025-06-04 19:39:03
534,1764,RU65ZOYX0001900738854,savings,KZT,1176970.61,closed,2025-09-23 08:02:08
535,1281,RU71MOYW3474369390894,savings,EUR,1914565.28,blocked,2025-10-09 05:27:13
536,1117,RU71DGDS8596718321305,debit,EUR,867877.12,active,2025-07-05 07:35:23
537,1138,RU18JEVR4251119035940,savings,USD,4199973.47,active,2025-08-13 05:55:55
538,1788,RU58SJFV9412597999032,credit,KZT,672252.96,active,2025-12-31 00:36:51
539,33,RU24HRRW7676606289513,debit,EUR,4424558.52,blocked,2025-06-14 22:42:37
540,174,RU44YJAU3997838744308,debit,EUR,4029902.13,blocked,2026-04-05 05:58:51
541,1616,RU35DQGN3293970266382,credit,EUR,4651624.75,closed,2025-07-02 01:01:17
542,931,RU90APDL4818513311786,credit,USD,2760698.1,blocked,2025-09-19 14:59:22
543,728,RU59BKOO6771928892030,debit,KZT,2124434.51,active,2025-12-03 15:57:57
544,1021,RU20EQOK7405892303606,credit,KZT,3560937.86,active,2025-09-29 18:28:28
545,1898,RU84OPQP1924972655713,credit,EUR,1835483.16,active,2025-11-29 20:43:35
546,990,RU23MJSN7451453752574,credit,USD,566708.68,blocked,2026-01-16 09:05:22
547,164,RU13ZJVZ8825269901851,debit,EUR,3656734.62,active,2025-10-20 18:42:33
548,1059,RU72YDDK6733851576467,debit,EUR,4449687.48,active,2025-07-27 10:54:36
549,968,RU33BULB6809838319346,credit,EUR,3319020.96,active,2026-01-13 21:13:14
550,1298,RU80KWBF7586034563338,credit,EUR,1563186.11,active,2026-04-09 03:12:49
551,704,RU16SEHJ9524570515578,credit,KZT,2344875.18,closed,2026-04-10 02:14:02
552,961,RU79UEMG8803242716186,credit,EUR,1658238.43,active,2026-02-27 05:10:05
553,604,RU87YFWW8697476237038,savings,KZT,177595.87,closed,2026-02-08 06:20:18
554,623,RU17LUIP8726819319229,credit,EUR,1302955.24,blocked,2025-12-03 17:51:14
555,347,RU22ICYZ2328062539418,credit,KZT,3281943.11,active,2026-03-03 08:38:37
556,1511,RU64LIKL4189258831400,credit,KZT,1434791.46,active,2025-06-11 11:14:56
557,1036,RU93HLMH0328267354904,debit,USD,1261002.82,closed,2025-08-10 08:02:12
558,564,RU53OSYR6571689621325,savings,KZT,3707404.4,closed,2025-06-30 00:42:27
559,1864,RU86BQNF8685643476088,credit,EUR,756526.93,blocked,2025-09-13 19:39:54
560,1655,RU33FGAS2587289467363,debit,USD,3912856.0,active,2025-10-28 12:57:24
561,371,RU11CMGH0846017262803,credit,KZT,1714897.13,active,2025-06-18 13:20:28
562,1220,RU05GWMJ9084749116343,debit,USD,3764053.72,blocked,2026-02-16 09:32:12
563,785,RU08VBHD0166366228455,debit,EUR,2201484.86,active,2025-07-14 02:30:57
564,1184,RU31JCJY0857962295110,credit,USD,272574.61,active,2026-02-10 14:48:33
565,1679,RU52QJQN1066002604690,debit,KZT,838834.38,blocked,2025-10-25 03:59:31
566,618,RU29UDOI9538916244106,savings,EUR,4741310.62,closed,2025-07-22 23:04:11
567,778,RU26MUPR8457321650242,credit,EUR,1950962.36,active,2025-06-18 14:04:59
568,1087,RU47GYQS3544071107298,savings,KZT,1444672.32,blocked,2025-09-18 13:43:29
569,1390,RU25LAFH0506671485333,savings,EUR,3414698.68,active,2025-05-31 00:41:23
570,1880,RU78YDPY1479554129824,credit,EUR,1769786.64,blocked,2025-12-16 07:19:35
571,1881,RU86YYSF2028815208952,credit,USD,1675502.07,active,2026-02-28 19:19:08
572,202,RU24DOMR0126962505073,savings,EUR,2921299.99,blocked,2026-02-17 11:28:42
573,1383,RU97WEIX9139430325027,credit,KZT,3671832.97,closed,2026-02-16 10:44:37
574,400,RU37ITME3838440376543,credit,USD,3388913.08,active,2025-08-22 21:04:30
575,1122,RU04TSSI2858033086414,debit,EUR,43372.36,active,2025-04-27 20:40:37
576,843,RU54RNUH2908505048715,debit,EUR,520432.52,blocked,2025-09-06 17:33:32
577,450,RU91SAKD8237721090744,credit,USD,1260228.64,active,2025-05-02 10:05:34
578,1269,RU42IPSW3911717400345,debit,KZT,4692588.83,active,2025-12-11 23:51:41
579,1307,RU96MQVQ4865737449666,debit,EUR,4789018.89,active,2026-03-21 19:47:44
580,1239,RU37AOEH6604741208180,debit,USD,3282316.75,closed,2026-03-01 03:33:20
581,1981,RU37GNQT3825289404393,debit,KZT,3478572.51,active,2025-08-15 14:46:01
582,957,RU87YLDM0269577526684,credit,KZT,3194263.76,active,2026-02-16 00:08:07
583,875,RU58RBGV1636781752481,credit,EUR,3849632.67,active,2025-08-01 03:44:22
584,332,RU77HKHP6429839303953,debit,USD,3885752.65,blocked,2025-09-21 03:06:50
585,682,RU90TLEX6088532987340,debit,USD,4778072.89,active,2025-07-01 07:36:41
586,903,RU75CCIT9747547377049,debit,USD,4897130.48,active,2025-12-16 05:36:52
587,805,RU84TBSN7819456597739,debit,EUR,2460794.42,active,2025-11-19 04:14:43
588,1575,RU55MDYB3405736891080,savings,KZT,3070217.49,active,2026-04-12 15:19:23
589,905,RU35JZDW7569430721887,credit,USD,517332.29,active,2025-05-20 13:28:44
590,1171,RU20VOZC6991658723634,credit,USD,3886408.59,active,2026-04-06 09:17:23
591,1020,RU45YCDB4857867126572,debit,EUR,3202036.01,active,2026-01-06 07:45:50
592,800,RU62RCRE9127898852499,savings,KZT,3500575.94,blocked,2025-12-02 09:13:26
593,8,RU42CTMA8415855373043,credit,EUR,4699615.46,blocked,2025-10-25 21:46:15
594,894,RU27ONGD8559670716944,savings,EUR,3904904.25,active,2025-11-18 23:33:11
595,463,RU29RWDI4000407560231,debit,USD,4770822.57,blocked,2025-06-09 06:53:18
596,1162,RU26BXNJ0797296822885,credit,USD,1667865.12,active,2025-09-25 19:11:21
597,114,RU06XZJE7344979925197,credit,EUR,454244.21,closed,2026-03-20 14:54:47
598,1968,RU03WGZN6547587837105,savings,KZT,4206066.75,active,2025-12-30 19:03:10
599,416,RU17GSXW2590677185360,debit,EUR,197616.58,blocked,2026-01-04 19:40:36
600,392,RU29YUDP4304025600413,savings,EUR,1951133.52,active,2025-12-24 02:57:56
601,1411,RU11DNVM7752707127971,savings,USD,425227.56,blocked,2026-02-02 18:54:24
602,389,RU12ONGX5064272990438,debit,KZT,966270.5,closed,2025-07-24 20:01:52
603,1002,RU10RUDP6762270254316,savings,KZT,3963903.12,active,2025-11-03 06:34:56
604,1094,RU33UHSC5846472560467,savings,KZT,186176.36,active,2025-09-01 08:57:14
605,1614,RU71QFUB3690615502613,credit,KZT,2028133.77,active,2026-03-02 15:56:25
606,1340,RU37IAWT7312206676654,credit,EUR,2292393.45,closed,2025-06-20 01:32:13
607,1518,RU13UAKH2421694353286,credit,KZT,4624154.24,active,2026-02-02 20:10:12
608,290,RU74CORV0581380573213,savings,EUR,96295.97,closed,2025-05-11 00:05:28
609,498,RU53MYZO8864555261510,credit,EUR,653558.13,active,2025-12-24 22:01:14
610,103,RU07OAXL5705295086874,savings,KZT,2281466.78,active,2026-03-13 15:14:06
611,1211,RU85JCEY3599896258692,debit,KZT,571784.23,closed,2026-02-27 14:02:29
612,1261,RU70MHKN0062551517975,debit,KZT,4022463.2,blocked,2025-09-01 05:27:15
613,1662,RU26CSGP8495312734458,credit,EUR,2010641.04,active,2026-01-13 21:21:16
614,1180,RU36UAVC9762134616461,credit,KZT,1608627.84,active,2026-02-14 00:18:31
615,94,RU82KEWZ6532224708101,credit,KZT,1678183.13,active,2025-08-07 14:03:35
616,290,RU21IQWD2971988408943,savings,KZT,3481782.63,closed,2025-06-26 07:09:25
617,899,RU46OYZJ8126817930080,debit,EUR,204453.77,active,2026-02-24 10:19:49
618,1736,RU93KQRZ9905808140334,credit,EUR,1881279.15,active,2025-04-29 06:52:25
619,1802,RU87WAKB8105635869902,savings,KZT,32741.54,active,2026-04-17 21:24:38
620,183,RU68DYHC1669460212467,credit,EUR,2969058.89,active,2025-10-01 20:39:39
621,1421,RU35NYIE8125983620749,savings,EUR,635335.2,active,2025-12-27 16:47:47
622,555,RU33QRZI9591260920331,credit,USD,2060744.59,active,2025-12-16 07:48:54
623,1417,RU89XIXN5657166578130,debit,EUR,900822.33,blocked,2025-12-16 21:54:22
624,1947,RU57JSTL0438964164508,debit,EUR,4132591.51,active,2025-09-05 07:25:07
625,858,RU20MEXW9532230724876,debit,EUR,1178959.4,active,2025-11-15 03:00:05
626,196,RU42IDFN1395574586180,credit,USD,4313792.57,closed,2025-11-06 07:48:40
627,450,RU45WKQG9340835442788,savings,EUR,3296976.46,active,2025-05-13 19:49:39
628,397,RU87LSRQ1920696569325,debit,KZT,3426533.53,blocked,2025-11-02 10:21:46
629,362,RU10VTNZ2762236831275,debit,EUR,4613442.52,active,2025-12-29 15:43:38
630,746,RU21HIDR3995578022801,savings,KZT,2173923.54,active,2025-12-18 18:21:41
631,1649,RU35OPCV0629450269447,savings,KZT,523001.08,active,2026-04-17 09:31:16
632,1101,RU91HYLV3414391032318,debit,KZT,3927674.6,blocked,2025-11-09 04:26:20
633,238,RU63NVXN7906674772011,debit,KZT,3607294.0,closed,2025-12-04 08:57:36
634,668,RU27VBJA8384378260187,savings,KZT,3735686.68,active,2025-07-21 13:32:00
635,1596,RU42PWPZ9533422539392,debit,USD,1139682.54,active,2026-02-03 17:29:49
636,845,RU94EIEL7772774575021,debit,USD,4456934.38,active,2025-10-23 03:08:09
637,1199,RU53VZQQ5211484603638,savings,KZT,4452553.73,active,2025-07-16 03:59:38
638,1901,RU27HSMW8788420475983,credit,USD,891125.77,active,2025-06-15 04:34:18
639,938,RU54LVQZ9477069392853,credit,KZT,3160473.56,active,2025-07-10 17:55:50
640,688,RU92EUUB2546167946778,debit,KZT,3461360.44,active,2025-08-10 04:36:32
641,280,RU30VZCQ9863613959459,debit,USD,2293436.05,active,2026-02-12 12:04:01
642,704,RU98EWCD8572350194737,debit,USD,3018576.28,closed,2026-04-09 21:47:17
643,349,RU82PSNE6389654997791,credit,EUR,4275165.1,active,2025-09-30 02:28:29
644,1756,RU59WPRU2200810014286,credit,USD,4311133.07,active,2025-12-08 23:07:19
645,970,RU35VNTB6251575951490,savings,USD,73504.78,blocked,2026-02-03 02:52:22
646,1788,RU48SWMO1080045872422,debit,KZT,1637152.44,closed,2025-07-18 14:10:06
647,1827,RU13PVUJ9665294830517,credit,KZT,4568859.85,active,2025-10-02 11:06:16
648,91,RU38DSOE5123433536757,debit,USD,3667648.03,closed,2025-05-06 06:33:17
649,872,RU86VPPO3426587503104,credit,USD,2396867.43,active,2025-10-15 22:14:52
650,1015,RU81WUSO9140771280619,debit,KZT,2792876.35,active,2026-01-17 09:54:23
651,1499,RU20TBPI6669747217124,savings,KZT,664427.3,active,2025-07-25 01:24:41
652,1327,RU41YHLM6830325369525,debit,KZT,2399434.97,active,2025-06-25 01:18:01
653,1441,RU95KROX6735078107283,savings,EUR,3736686.2,active,2025-10-16 20:36:43
654,950,RU90UTJZ7646126149936,debit,EUR,2027396.5,active,2025-12-22 15:29:24
655,951,RU10VHDY9627564439095,credit,EUR,7816.88,active,2025-09-19 16:31:24
656,1830,RU59CUTK6630063621051,credit,USD,2655070.71,active,2025-10-05 14:53:07
657,1542,RU66MIBO8704811353739,savings,EUR,4730531.37,closed,2025-12-02 14:42:53
658,1628,RU59NLFP2959867770554,debit,EUR,405714.25,active,2026-02-02 22:58:34
659,1910,RU43QSSW0712996991548,debit,EUR,4726665.83,active,2026-04-03 01:44:33
660,106,RU64FPAB2933132689374,debit,USD,1828588.7,closed,2025-05-09 02:09:54
661,749,RU86NAFC3688415771291,savings,KZT,3241215.12,active,2025-11-26 23:50:02
662,1453,RU67QIFW5195617655892,debit,KZT,4906276.86,active,2025-11-18 18:56:25
663,233,RU45EHWL5285870630228,credit,USD,3687162.94,closed,2026-03-27 12:43:17
664,1965,RU34YWFT3352878971535,credit,KZT,3766114.32,active,2025-08-25 16:07:40
665,723,RU59ZTUN4726847464550,savings,EUR,3401453.47,active,2025-05-14 08:47:33
666,130,RU42OVEQ3101850880875,savings,USD,2262600.84,closed,2025-11-13 18:13:34
667,1699,RU19MXJL0581058010886,debit,USD,3549416.62,closed,2026-04-07 12:40:53
668,599,RU51PTPZ4476193788663,savings,EUR,1841361.11,active,2025-07-05 08:46:16
669,1827,RU77MZUJ6533347749633,savings,KZT,401771.85,active,2025-08-13 05:01:00
670,1963,RU88PSEE6281915023743,debit,KZT,824666.32,active,2026-01-18 22:27:53
671,304,RU48RUPH4505219405047,savings,KZT,4375090.7,closed,2025-12-22 19:49:35
672,47,RU26EYNA9796291459773,savings,USD,4847903.45,closed,2026-04-20 01:27:43
673,271,RU95NMAS8591981747366,savings,USD,2101229.74,active,2025-08-14 10:19:19
674,388,RU35LGTO8858748955713,debit,KZT,4359096.71,active,2026-03-13 11:27:48
675,1941,RU20DZUT8444961639525,credit,EUR,1680050.97,closed,2025-09-03 08:14:45
676,1343,RU21PIPP7437212384877,credit,USD,2431255.81,closed,2026-03-16 04:20:19
677,1124,RU54LMCZ9189875579832,savings,USD,1521107.61,active,2026-04-07 01:46:58
678,1617,RU55XFTB0059054517365,savings,KZT,3946549.26,active,2025-10-28 06:39:41
679,762,RU84RLJB5919344246271,savings,KZT,742543.34,active,2025-10-17 06:43:54
680,1959,RU17EGTH3065335359759,debit,EUR,4620734.07,closed,2025-08-11 23:52:46
681,374,RU70VRAS6282196087875,debit,EUR,3464603.49,active,2025-06-24 20:11:29
682,488,RU26UPQU8273763097739,debit,KZT,4968871.42,closed,2025-06-11 08:00:25
683,903,RU60UQXH6660979785500,savings,USD,923298.42,closed,2026-01-22 20:09:31
684,72,RU73VUJI5072962901079,credit,USD,4890134.79,active,2025-09-15 01:00:27
685,919,RU47HWFW2652782546305,credit,KZT,2668681.14,active,2026-04-15 16:15:18
686,52,RU21TJVC5671177539872,savings,USD,3842822.31,blocked,2026-04-18 13:00:59
687,656,RU18IZUK8198708840755,debit,KZT,4850780.67,closed,2025-11-06 06:35:00
688,679,RU60YGWR0536597268395,credit,EUR,1478488.79,active,2026-02-10 02:29:04
689,1175,RU74BYOX0513069672128,credit,KZT,3998081.3,blocked,2025-09-01 17:57:22
690,1412,RU96DKMR3870278537982,debit,EUR,2395427.19,active,2025-06-16 08:42:28
691,1389,RU97DJXS2413717306390,credit,KZT,1541102.92,blocked,2025-12-19 00:54:38
692,1723,RU42QLQG0684836816723,debit,USD,1787610.35,active,2025-05-14 14:08:21
693,1246,RU75RMNK6067755957354,credit,KZT,2917573.78,active,2026-02-20 15:16:38
694,1917,RU26DZAK7725040258988,savings,KZT,113720.68,closed,2026-03-19 02:38:57
695,913,RU44CAUR5587235784572,credit,EUR,4788160.87,closed,2025-09-23 09:28:59
696,399,RU07BQAE4104150749316,savings,USD,3016256.2,closed,2025-05-14 23:35:24
697,1861,RU30MAQV1611556613404,credit,USD,1988392.43,blocked,2025-09-13 18:23:22
698,791,RU38OVUL0004584089227,savings,KZT,1423967.18,active,2025-08-20 20:45:07
699,913,RU96AMST0649493565803,credit,KZT,1079260.08,blocked,2026-02-05 04:43:38
700,852,RU97ZUMG8364722455817,savings,USD,819787.93,blocked,2026-01-31 04:17:03
701,1836,RU05BQXH3514244966390,savings,KZT,4177722.15,closed,2025-05-26 15:29:36
702,295,RU53YBXB4539804886725,debit,USD,2373591.04,closed,2025-08-31 11:29:57
703,136,RU54DJAV9617099873170,credit,USD,443152.94,blocked,2025-12-27 07:17:31
704,1873,RU57SQDM6881303846912,savings,USD,875290.16,blocked,2026-01-24 01:10:13
705,1164,RU06RDLB1645466257312,debit,KZT,930846.08,blocked,2025-08-13 15:10:51
706,1135,RU44LHND2769876229579,savings,KZT,4114173.3,active,2026-03-13 08:05:11
707,1199,RU09JPIL0809897173315,savings,USD,2796846.0,blocked,2025-07-19 09:52:07
708,55,RU27YPDN0426144716504,debit,KZT,1314122.44,blocked,2025-06-10 10:36:05
709,1340,RU62IYDL2644582969454,credit,USD,2086366.7,blocked,2026-04-10 09:06:49
710,1409,RU90CVVS1378049876209,credit,KZT,143184.48,active,2025-10-31 16:44:59
711,1988,RU03GZRZ3739652427607,debit,EUR,3728082.3,closed,2025-10-26 19:38:30
712,1159,RU82JVVD4644026135342,savings,USD,3140352.24,blocked,2026-01-17 20:01:18
713,1676,RU68KLKM1832621384155,debit,USD,2563116.82,closed,2025-04-30 00:43:14
714,1732,RU76CASV5425275056880,savings,KZT,2908690.83,active,2025-08-25 08:49:57
715,945,RU78QIUQ2072712633402,credit,KZT,1787569.94,active,2025-08-07 02:39:37
716,740,RU51VTGP8132672733262,savings,EUR,4560611.0,active,2025-05-12 03:14:39
717,594,RU44OOXN7469588194687,savings,EUR,3195093.68,active,2025-11-08 18:46:17
718,397,RU96UWOY4929449931367,credit,KZT,3823682.21,closed,2026-02-09 12:11:41
719,343,RU54LUPF6684905366783,credit,USD,4362343.23,active,2025-08-06 15:22:10
720,1404,RU05YFBG1613177905340,credit,EUR,1813250.86,closed,2025-12-04 11:36:54
721,721,RU92GRVR3331518016648,debit,KZT,685610.28,active,2025-09-15 01:55:58
722,1595,RU40AFHN2801938895311,savings,USD,1702225.14,active,2025-06-01 23:47:32
723,447,RU08LIYV3978157341591,debit,EUR,1106346.4,active,2026-02-26 00:07:13
724,1838,RU54AVMY6086236504602,credit,EUR,3448574.49,closed,2026-03-17 19:07:48
725,1090,RU33NUFZ2478922518261,credit,EUR,3511622.18,active,2025-10-02 07:08:15
726,944,RU81ZYHK0621084015799,debit,KZT,4094404.88,active,2025-10-26 10:37:20
727,714,RU33PUAM2981099752686,savings,EUR,1813480.26,blocked,2026-04-03 18:02:22
728,1224,RU64NLBR3681682140737,credit,USD,861863.59,active,2025-05-04 09:14:48
729,1525,RU87GBQV7143903909200,debit,KZT,644443.68,active,2026-01-15 10:15:10
730,465,RU27KZXV6260702474857,savings,KZT,1049995.19,active,2025-10-05 04:39:31
731,1415,RU75TQWR8921327381522,debit,KZT,95013.25,blocked,2026-02-11 08:03:12
732,884,RU85TZGF2972540149384,debit,KZT,539979.09,closed,2025-12-09 13:59:28
733,122,RU21PYLJ3188645947800,savings,KZT,4542737.96,active,2025-05-18 22:39:31
734,618,RU54PUSF4636698375550,credit,KZT,3772996.81,active,2026-04-15 13:07:27
735,1233,RU37IKRH8750077099031,debit,EUR,4505973.16,active,2026-01-08 15:38:22
736,720,RU12OZED1359804333156,debit,KZT,728639.33,active,2025-12-04 08:51:46
737,713,RU59SNIA1014601933520,savings,KZT,4275835.27,closed,2025-07-26 03:08:16
738,1035,RU49NFFZ6093164266331,credit,KZT,496429.32,closed,2026-02-13 15:08:19
739,29,RU16MDJB8231017171994,credit,KZT,3579342.36,active,2025-06-28 22:13:59
740,1847,RU63KOXI0519950819005,credit,KZT,4867925.94,active,2026-04-17 03:39:22
741,439,RU55NYOZ3526359517635,credit,EUR,2374102.8,closed,2025-07-04 02:41:09
742,901,RU71FIDH0228671066560,credit,KZT,905061.84,active,2025-09-17 15:27:26
743,869,RU19FJSF3577741490571,debit,EUR,1138543.51,active,2026-02-12 22:02:20
744,644,RU75PKGE2799752615878,debit,USD,552470.49,active,2025-11-01 18:31:43
745,1562,RU55TWQT1683171511142,savings,EUR,1442068.03,active,2025-05-25 03:47:42
746,672,RU85XIDF4845467313717,savings,KZT,1924520.8,blocked,2025-12-12 09:13:27
747,1508,RU76WICS0669545085703,savings,EUR,4880919.06,blocked,2025-07-19 22:28:53
748,1135,RU89IADU1761706130112,savings,USD,4924826.68,blocked,2025-07-05 12:47:31
749,1755,RU46OGRH1817203579656,debit,USD,4695470.93,active,2025-07-01 20:21:37
750,27,RU04IAAC9154260782411,credit,USD,3360805.3,blocked,2025-10-10 08:11:18
751,1071,RU06NIGI2411475466248,credit,EUR,425944.54,active,2025-09-23 13:05:53
752,821,RU44EEHB6421168460389,credit,EUR,4887876.7,active,2025-05-18 08:20:00
753,745,RU47ZLDU5923466521746,debit,USD,1002117.22,blocked,2025-06-09 21:24:53
754,477,RU48IKGY3164950605411,savings,EUR,2496051.45,closed,2025-12-09 18:24:26
755,560,RU02WGPU1346310789078,credit,USD,1781130.44,closed,2025-09-27 06:52:34
756,993,RU97NSVX5760188304154,credit,USD,737723.12,blocked,2025-06-04 04:09:48
757,251,RU75UJPJ7334359736970,savings,USD,2486871.64,active,2025-05-04 18:13:54
758,204,RU50DVNQ5253175040937,credit,KZT,4151732.03,blocked,2026-01-11 13:36:29
759,55,RU86ACXD8596897409529,debit,USD,3023315.04,active,2025-06-21 12:47:50
760,621,RU21AKXZ5095792818472,credit,EUR,482571.81,active,2026-01-04 22:54:23
761,1540,RU61MMQB6399241611954,credit,USD,3963864.34,active,2025-08-15 05:23:36
762,1356,RU36BZWX6278908806831,savings,USD,2524468.99,closed,2025-09-03 15:55:06
763,1658,RU29YDEV1795928223312,credit,EUR,89334.29,active,2025-10-07 08:52:01
764,1803,RU74KMPP2503856162714,debit,USD,2251127.48,blocked,2025-10-12 02:06:39
765,942,RU84CGIZ2773235737421,debit,KZT,885169.0,active,2026-04-01 19:11:32
766,1447,RU30VJXE0942079374158,debit,USD,2153974.91,active,2026-01-26 04:12:44
767,797,RU26OCTW9425059253095,savings,KZT,2844707.26,blocked,2026-01-04 13:34:01
768,1135,RU56LWXV8779936427379,credit,EUR,2861478.96,blocked,2025-11-27 13:47:19
769,1750,RU24LOEH8161292135111,debit,EUR,279629.89,active,2025-11-01 08:02:38
770,1211,RU24HUGB1075350246948,savings,EUR,3382762.43,active,2025-08-25 16:18:16
771,126,RU28YJWX1232223208738,debit,EUR,226547.14,active,2025-09-05 16:57:21
772,1658,RU09YKWZ7094391370858,credit,EUR,135472.31,active,2025-09-18 00:23:22
773,200,RU05OQGP9213168226080,savings,USD,4959735.67,blocked,2025-09-06 15:15:19
774,116,RU29TZTG7151931784498,credit,KZT,1238822.04,active,2025-12-09 07:59:02
775,174,RU68RZYZ3803747381133,credit,KZT,4344830.86,active,2025-09-01 07:47:42
776,348,RU56OBVI9462455407700,debit,EUR,1631258.07,blocked,2026-01-03 16:01:43
777,1769,RU63KHLK8823481180829,savings,EUR,2574284.35,blocked,2025-08-04 18:15:24
778,42,RU02UXHQ5028477982587,credit,USD,2940358.18,active,2025-09-16 21:57:29
779,1169,RU72XLHO1564153307066,savings,USD,2863120.69,blocked,2025-06-01 01:47:04
780,1415,RU26NVPB6331191611955,credit,KZT,1680501.34,closed,2026-03-04 08:31:03
781,1567,RU72XHAT3731340377917,credit,USD,833969.46,active,2025-09-11 07:42:35
782,1986,RU59AYGP9306189200458,savings,KZT,2485261.61,active,2026-03-15 14:06:08
783,1742,RU78EBPE1624742468473,credit,KZT,1437490.44,active,2025-08-16 16:24:51
784,1175,RU45ELZK0652990536791,savings,KZT,3123236.88,active,2026-01-26 22:42:04
785,1729,RU58EAOF0957890355081,credit,KZT,2959731.41,active,2025-05-19 08:11:18
786,1161,RU19STYZ6844565781744,credit,USD,2136102.35,active,2026-02-26 05:12:01
787,158,RU08FBKI0515567409201,credit,USD,2523693.03,active,2025-10-08 08:12:24
788,1359,RU52XMUP5993001341405,credit,USD,1001184.85,blocked,2025-07-29 19:08:46
789,1280,RU27XURB6709144654840,credit,USD,3358129.68,closed,2025-07-02 08:30:37
790,1805,RU03BABJ0046454976834,debit,EUR,3516954.9,active,2025-12-03 05:45:28
791,1023,RU69XRZO5256048992466,debit,EUR,4810623.26,blocked,2025-08-05 06:31:57
792,1920,RU25EKON0138079511812,credit,EUR,4044858.46,blocked,2026-04-21 04:37:36
793,1160,RU33VDZM5250815959043,credit,EUR,300348.42,active,2025-09-11 16:28:28
794,948,RU73DKAO1741647763103,debit,KZT,753212.8,active,2026-03-17 00:58:33
795,892,RU51YFWH1976702546168,savings,USD,4301069.56,active,2025-12-25 09:49:15
796,417,RU65IJIM9645892441832,savings,USD,4118729.81,active,2025-07-31 19:26:40
797,1407,RU35QYCC3724479297591,credit,KZT,2029923.83,active,2025-06-20 10:56:17
798,394,RU19WIJQ9400946584639,debit,KZT,3985426.76,active,2025-10-20 11:28:14
799,995,RU53EUXJ8878073767649,credit,USD,2110673.63,active,2025-07-10 15:52:35
800,327,RU66PGOQ0534251918716,savings,KZT,146680.2,active,2026-01-04 00:26:40
801,1128,RU31ERSO4767666091919,debit,EUR,4262752.57,blocked,2026-02-21 00:08:08
802,41,RU64GLFM4259931769708,debit,KZT,1570209.97,active,2026-03-25 23:48:55
803,131,RU54ZLNY7591056396704,savings,USD,3358688.7,active,2025-09-24 08:31:06
804,1932,RU45IZOP7140577025015,credit,KZT,1180969.72,closed,2026-02-02 11:02:31
805,1025,RU98LJIT4099857525637,debit,EUR,3321421.46,closed,2026-02-18 05:47:31
806,1908,RU59IIXR4555766335420,credit,USD,2482759.06,active,2025-07-24 16:13:32
807,1229,RU73WKAS5307277282769,debit,USD,1647100.27,closed,2026-02-03 12:43:46
808,799,RU74KVQR7089426603669,credit,EUR,1180454.46,blocked,2025-07-16 21:10:26
809,296,RU92RAZU2764482943500,debit,KZT,1071329.08,active,2025-10-10 21:23:46
810,837,RU22PTMZ1653777842471,savings,EUR,280571.09,closed,2025-09-15 17:41:31
811,1433,RU78NJSC9163695072592,debit,USD,2729179.42,blocked,2026-01-13 08:46:19
812,505,RU62LBDM9156978079823,savings,KZT,1815627.06,active,2026-03-08 04:52:07
813,632,RU90BPVB0813349023743,debit,EUR,4834058.99,closed,2025-05-06 17:38:09
814,1724,RU22FNSW2494180169599,credit,EUR,3994907.66,active,2026-01-16 10:48:56
815,1879,RU48DDUW2946403118287,credit,KZT,1265661.5,blocked,2025-08-21 07:46:47
816,1309,RU46TDIN5951120339059,credit,USD,4515882.34,active,2025-11-16 22:55:03
817,1776,RU04MNVN9423943837542,debit,USD,1942966.6,blocked,2026-04-18 10:11:02
818,1880,RU69QQJM3773485030277,savings,USD,452161.39,active,2025-08-16 17:22:15
819,431,RU04ZEVZ1793162505532,debit,USD,3157132.16,blocked,2026-02-23 18:09:36
820,70,RU58NOTT2448372687793,savings,KZT,4116165.7,blocked,2025-10-23 04:04:39
821,1510,RU46XQVQ9491286728774,savings,USD,3587212.7,active,2026-03-09 09:09:41
822,329,RU95PZRM9104076296965,credit,USD,2532166.24,active,2025-10-03 15:59:10
823,1234,RU02FXJD5731802040410,credit,EUR,3689189.82,blocked,2026-01-18 05:00:59
824,57,RU04OZDS1294337026578,debit,EUR,3208320.96,blocked,2026-02-24 10:01:22
825,1313,RU35DJTM3550193531101,debit,KZT,2003908.59,active,2025-08-23 01:17:15
826,1180,RU60XKQJ5673137001749,debit,KZT,789954.37,closed,2026-01-25 08:05:11
827,1986,RU73GCOL6073021737339,credit,KZT,4234955.19,blocked,2026-02-25 01:09:00
828,1924,RU43PZUV0101492621892,savings,USD,2392349.03,active,2025-08-02 10:54:04
829,356,RU66FXVI0061386549660,credit,EUR,4134016.28,active,2025-07-09 08:52:07
830,173,RU20FUKC4358047118004,savings,USD,910264.38,blocked,2026-03-13 08:57:40
831,1812,RU23KBCK3119596027693,credit,KZT,104652.45,active,2026-04-16 17:13:09
832,1144,RU35ZWIZ7796605485625,credit,EUR,3133510.16,active,2025-10-19 19:18:03
833,407,RU46PLAI2246406948617,savings,EUR,4259302.52,active,2025-09-25 23:06:17
834,1266,RU11KIDX8277114881605,savings,EUR,1301528.74,active,2025-09-13 02:27:10
835,349,RU15RACS7557082678650,credit,KZT,71560.42,closed,2025-10-09 05:09:43
836,1584,RU97IIXJ1442942670880,savings,EUR,2471251.0,active,2026-01-25 08:05:04
837,417,RU89WLBC5137862684970,debit,USD,1440521.9,blocked,2025-09-18 14:22:18
838,267,RU39JEIC6981420768170,savings,KZT,3000813.85,active,2026-01-30 10:35:55
839,1387,RU75BNRC4365972397661,debit,USD,902668.99,active,2025-05-04 09:22:24
840,595,RU91VBKI1715007601751,savings,KZT,3088783.52,active,2025-09-13 18:27:43
841,1194,RU29WXRA0778428455761,credit,EUR,2291362.39,active,2025-10-22 07:28:55
842,273,RU72QUNP7066721922834,savings,EUR,1988376.02,active,2026-01-25 05:57:41
843,786,RU64SDIG0921527259783,credit,USD,3680784.42,active,2025-05-21 14:06:58
844,196,RU86GNOI0891205994476,credit,KZT,261510.95,active,2025-10-23 02:35:48
845,1861,RU90SXRR0122562083610,savings,EUR,4696670.38,closed,2026-01-23 18:49:21
846,1533,RU57RRBE5701620637035,debit,KZT,1269030.76,closed,2025-09-18 03:47:06
847,620,RU83KTLT1516761662965,savings,EUR,1855135.16,closed,2025-05-09 04:30:04
848,1189,RU95RMXG6025368732092,debit,USD,850162.63,blocked,2026-04-19 12:27:51
849,695,RU22FKIL0806940978738,savings,KZT,449150.26,closed,2025-10-08 08:23:07
850,291,RU33PDRG4100066584843,savings,KZT,1567034.77,active,2025-11-03 02:10:07
851,1786,RU86WYZZ9300460356089,savings,EUR,1803600.45,blocked,2025-08-11 02:14:43
852,1849,RU96WUPB6493759044790,savings,EUR,4148116.31,active,2025-11-09 23:43:23
853,642,RU71UKXR3047027890276,savings,KZT,1578399.05,blocked,2026-02-13 19:09:33
854,1946,RU17ILDG0050198575473,debit,EUR,4265315.27,blocked,2025-05-13 21:15:19
855,387,RU02RQYA8427406282850,debit,KZT,1150072.87,active,2025-10-22 20:12:47
856,533,RU09OFLK3205285155013,debit,EUR,2336197.07,active,2026-04-05 20:49:34
857,1899,RU36KFIO1178875051391,savings,KZT,2208156.92,closed,2025-10-28 15:34:33
858,938,RU37QUIC8051412007404,savings,KZT,4229345.92,active,2025-06-10 05:43:46
859,716,RU40XLCK6993327692689,debit,KZT,4340997.37,active,2026-03-13 11:31:14
860,345,RU91SIOH8793092523906,credit,EUR,4113036.21,closed,2026-04-04 04:55:38
861,1359,RU91BLNG6071241373949,credit,KZT,2918153.41,active,2025-11-13 12:00:27
862,1571,RU51CEUK8193669436436,credit,KZT,2082678.54,active,2025-07-27 19:32:31
863,1574,RU32LVWG1459456815089,savings,EUR,472431.81,active,2025-05-03 07:10:24
864,583,RU76KDJM3187989763302,credit,EUR,610832.73,active,2025-12-08 11:32:31
865,1903,RU18GAIE3338831960250,debit,USD,769723.57,active,2025-10-18 22:52:21
866,1702,RU30TXWV2704004386668,credit,EUR,2399795.61,active,2025-12-09 23:34:25
867,1348,RU97JOBZ7260275789663,debit,USD,4848882.8,closed,2025-10-16 04:24:19
868,666,RU62NQAL3738088233097,credit,EUR,4534484.96,closed,2025-06-12 10:32:24
869,433,RU33ACTZ9824770751862,debit,EUR,1415487.09,active,2026-02-06 01:54:25
870,145,RU33DASQ6367828168960,credit,EUR,1907573.26,blocked,2025-07-31 07:29:18
871,365,RU53AMYM8812790425284,debit,USD,446852.35,active,2025-06-25 11:54:21
872,796,RU34MKQA6817922419979,savings,USD,3236192.84,active,2025-06-09 01:16:50
873,612,RU53OAGD0808348098544,savings,USD,3679710.53,active,2026-04-09 04:36:09
874,1403,RU66QORS0483346586726,credit,KZT,1795862.25,active,2026-03-12 08:29:00
875,753,RU32BFDG1806664059974,credit,KZT,2448625.56,blocked,2025-10-25 05:55:42
876,550,RU64HUAQ7803782537126,credit,EUR,2115929.83,blocked,2026-03-04 04:12:14
877,755,RU46XQQP0415578137314,credit,KZT,2171095.51,blocked,2025-05-29 07:31:18
878,83,RU07FDPV5624799443317,credit,USD,4866385.68,active,2025-12-30 17:21:25
879,1406,RU20RFOH0597662084078,credit,KZT,4653407.4,closed,2025-12-23 17:06:33
880,1326,RU63IWMI0157746621997,credit,KZT,1454224.42,blocked,2025-05-23 23:13:43
881,1858,RU20QVKN5255424586672,savings,USD,743884.09,active,2026-01-13 23:27:24
882,1850,RU44TFST0722679406015,savings,KZT,2615937.19,active,2025-11-30 00:19:31
883,98,RU17YIDH8273868833923,credit,KZT,4586592.76,closed,2025-06-04 00:23:35
884,1046,RU57RVYT8622546862966,savings,USD,473327.33,closed,2026-03-04 21:15:52
885,519,RU86CBHL6574808437149,savings,USD,2928253.86,closed,2025-04-29 12:49:25
886,234,RU28FNEP3506001266460,credit,EUR,2314931.84,active,2026-03-16 13:40:39
887,805,RU25SZNC4909100916659,debit,KZT,2081841.56,active,2025-08-23 03:22:50
888,1203,RU10KJKJ3001784627420,credit,USD,3787013.97,blocked,2025-12-21 11:31:22
889,1655,RU76UKFW2589873073216,savings,USD,4833631.41,active,2025-07-14 04:29:18
890,380,RU08MLYM9107086117134,debit,EUR,4910948.75,active,2026-03-27 17:14:11
891,1380,RU30AUEL0064227643494,debit,USD,2672345.64,active,2025-09-23 14:14:19
892,239,RU94YVNK2650534774116,debit,KZT,3279349.06,blocked,2026-01-16 21:17:24
893,830,RU48AFQL9538875598759,credit,EUR,3009835.31,blocked,2025-08-18 19:29:20
894,1267,RU29XFBI1552823016430,credit,USD,3453620.8,blocked,2026-03-01 16:59:01
895,620,RU62VHUE9774443329457,debit,KZT,676434.62,active,2025-06-05 16:17:19
896,1672,RU70QNPW4047724649728,debit,EUR,4852631.3,active,2025-07-13 11:20:55
897,986,RU61GVYJ1906710099784,credit,KZT,3249049.39,blocked,2026-03-16 06:02:00
898,1283,RU91JFTQ2993164212826,credit,KZT,431381.64,blocked,2025-06-19 18:11:33
899,971,RU54LQLT7024891055799,savings,KZT,583177.64,active,2026-02-04 03:07:41
900,1439,RU31SCLY8434565123434,savings,USD,2357974.5,blocked,2025-12-06 11:53:34
901,497,RU52IBWO0806313959435,debit,USD,2847582.88,blocked,2025-05-12 23:49:03
902,684,RU98ORXZ4590731282111,debit,KZT,3152418.99,blocked,2025-10-01 15:39:43
903,1738,RU40FMJU2181544788937,savings,EUR,2893727.68,closed,2025-08-14 03:24:13
904,76,RU75UOBP0507095062632,savings,USD,2431018.7,closed,2026-01-29 15:04:56
905,1253,RU63OMFI3265720798047,credit,USD,1160297.02,active,2025-11-14 09:23:01
906,39,RU86BPQT3798775239996,savings,EUR,1579934.9,active,2025-08-05 05:43:15
907,1829,RU93GMSZ1845441983857,credit,USD,4445813.83,active,2025-11-01 08:57:16
908,1276,RU69WSEQ2629016515995,credit,USD,2242178.64,blocked,2025-05-01 07:07:23
909,331,RU90FPJO8715533317931,savings,EUR,961814.29,active,2025-10-10 08:40:34
910,476,RU53ZVGU4756196176502,credit,KZT,2938705.89,active,2026-04-16 04:23:13
911,1234,RU63DZAZ0027864995870,credit,EUR,2342867.94,active,2026-01-28 23:59:25
912,1457,RU61YALD2538063190537,savings,USD,4165570.65,active,2026-02-26 08:11:29
913,968,RU48MTGF8792746226897,debit,EUR,1036835.75,active,2026-01-07 06:36:19
914,989,RU45KGCC5243872075793,debit,KZT,998221.63,closed,2025-10-31 08:41:31
915,207,RU38XDJU4494199645962,savings,USD,1518955.82,active,2025-11-25 11:13:30
916,97,RU77UIVG8409277157368,debit,USD,4404649.63,active,2026-01-11 02:36:48
917,325,RU60KAUO0518251103186,debit,EUR,160818.07,active,2025-09-01 09:06:16
918,882,RU97OEAP5914456619667,debit,EUR,1134224.59,closed,2025-07-19 05:54:40
919,997,RU94VMZA1504340102655,savings,USD,3924644.13,active,2026-02-16 06:59:35
920,1798,RU42OMWJ7566573297741,credit,USD,4481692.18,closed,2025-12-13 21:34:29
921,1372,RU29YBKA6859023309462,debit,EUR,253059.79,blocked,2026-02-27 12:17:10
922,937,RU20DJWP0616537305342,debit,KZT,3908480.33,closed,2026-02-20 23:24:47
923,1758,RU57RTAP8162930961507,debit,EUR,210805.22,active,2025-06-27 02:10:22
924,1291,RU46DBNM1690367059041,debit,KZT,4555017.87,active,2026-01-31 01:53:45
925,599,RU90DOVS7796319946709,credit,USD,3810061.49,blocked,2026-02-01 17:04:01
926,1783,RU93TMVB8749612298308,debit,KZT,3235817.76,active,2026-03-07 08:19:13
927,283,RU26VYPR8477988824375,debit,KZT,2196103.2,blocked,2026-02-15 22:49:55
928,1575,RU59TMQX6862748230097,debit,KZT,4174232.04,blocked,2025-09-02 18:31:20
929,588,RU95CKIP5950133672115,credit,KZT,427084.07,active,2026-01-25 23:20:00
930,1546,RU94MOYX8140828246491,savings,USD,3147572.57,active,2025-06-21 02:18:27
931,1543,RU35UHOC6509423159637,credit,USD,3936291.49,active,2026-02-28 14:12:51
932,879,RU34RCZH1915181369004,savings,USD,4490428.22,closed,2026-02-25 19:27:57
933,1398,RU19OTBJ6449405815193,savings,KZT,2213450.87,active,2026-01-26 21:56:42
934,1652,RU67TIEP8911926890098,credit,KZT,424806.29,active,2025-09-26 04:50:45
935,1582,RU27NVBU6814416661177,debit,USD,308280.17,active,2026-01-04 14:28:35
936,1890,RU81VETI2067080585824,credit,KZT,4512653.15,active,2025-12-24 12:11:51
937,1461,RU44VAIT7795724003031,credit,EUR,4863333.08,blocked,2025-09-26 08:07:35
938,1815,RU45LCXZ8617598962249,credit,EUR,2768498.53,active,2026-01-28 10:31:54
939,1522,RU88JUON4194958325199,savings,USD,40503.27,active,2026-04-07 19:44:24
940,1081,RU16BCAE6334922777085,credit,KZT,3501775.02,blocked,2025-12-29 06:34:44
941,421,RU31SJVF6823955434482,credit,EUR,3941919.55,blocked,2026-01-19 02:05:21
942,708,RU16CHQU0115576941513,credit,USD,3877226.27,active,2025-05-25 22:44:37
943,76,RU60TRYL5323750839731,credit,USD,1950577.7,active,2025-11-11 08:19:04
944,1108,RU73OKFK2324342139579,savings,KZT,465005.02,closed,2025-08-22 11:35:31
945,1068,RU10NKNF8073350064558,savings,EUR,800976.67,active,2026-04-03 23:33:58
946,1632,RU12BJZQ2940782862558,credit,EUR,1294192.21,active,2026-01-30 08:44:44
947,866,RU63OXFS3706258736080,credit,KZT,3660198.84,active,2025-08-02 02:17:39
948,1285,RU29LLRE2623167501153,credit,USD,619941.28,active,2025-10-14 11:43:10
949,611,RU22EUOX0341477568863,credit,EUR,27061.78,active,2025-07-23 21:46:30
950,1650,RU28XPCH7998708053828,credit,EUR,2828420.54,closed,2026-03-17 04:27:34
951,1220,RU18SRXC2239657537644,debit,USD,1496708.85,closed,2026-01-09 08:43:33
952,287,RU60KDFU5622208346442,credit,USD,2598813.57,active,2025-06-03 01:58:28
953,672,RU68SSVX6138071860699,credit,EUR,963583.76,active,2025-10-16 15:39:39
954,201,RU34ZUGT9451068382921,debit,EUR,2129034.97,blocked,2025-05-25 00:59:29
955,189,RU56MESQ6042785710363,debit,USD,4442657.97,blocked,2025-07-15 15:07:27
956,914,RU10UALM9562509694123,debit,USD,3384435.39,blocked,2025-12-07 15:58:39
957,1145,RU43KFRQ8990888608110,credit,USD,4360201.95,closed,2025-11-02 22:35:45
958,1304,RU04ODJT2360368085884,savings,USD,3445400.29,blocked,2026-02-01 09:17:05
959,1994,RU27IZYI3721326776383,savings,KZT,722586.56,active,2025-10-28 11:31:13
960,1457,RU03YCWS1804384309797,savings,KZT,4840191.0,closed,2026-03-24 11:27:49
961,1084,RU65KYMQ4218180187472,debit,EUR,1064000.05,blocked,2025-05-05 21:06:41
962,1529,RU73TCWW3112659746030,debit,EUR,1847290.97,active,2025-12-12 20:30:32
963,1746,RU86EVGD2178170423275,savings,KZT,605211.27,closed,2025-08-13 16:22:06
964,83,RU55QRRC1859206304165,credit,KZT,589593.32,active,2025-09-15 15:24:23
965,622,RU10EOFM1891095310017,savings,USD,140860.95,active,2025-06-17 10:01:39
966,1606,RU22TVFY5136223801370,credit,USD,244206.58,active,2026-04-03 11:48:08
967,581,RU46FASU8194014696136,debit,KZT,4095806.22,blocked,2025-04-24 00:37:45
968,251,RU84BOPE7204509806353,credit,USD,338755.13,active,2025-10-02 09:16:16
969,986,RU87HGLA1626251049461,credit,USD,2829254.12,active,2026-02-20 15:53:32
970,773,RU18PHBL1513320967309,savings,EUR,4168583.64,active,2026-02-13 03:05:19
971,284,RU44ZEJA7413596653390,credit,EUR,2305219.89,blocked,2026-01-07 08:08:12
972,920,RU95HZMH8574339195800,debit,EUR,1626756.22,closed,2026-01-06 06:47:56
973,1278,RU11AZRJ1626750146831,savings,USD,1164878.59,blocked,2025-09-01 20:52:40
974,1108,RU88IMLA0394558464201,debit,EUR,4450325.78,active,2025-12-30 01:34:01
975,182,RU17QDYU9023201651988,debit,EUR,124995.64,active,2025-11-27 02:30:03
976,1322,RU23TAMX0917507519267,debit,EUR,2797204.76,active,2025-12-19 11:55:42
977,1110,RU20PULZ0461622843965,credit,KZT,4786506.74,closed,2025-07-05 18:29:09
978,1538,RU69NRXU8720204871036,savings,EUR,4484424.54,active,2026-01-03 20:33:51
979,1918,RU13ZVKH4764144271974,credit,KZT,4811921.45,active,2026-02-22 18:17:44
980,422,RU80KGCJ5955080029069,debit,EUR,4194748.29,closed,2025-10-12 17:42:26
981,174,RU90LJPG5642729436109,credit,EUR,1602835.37,closed,2025-05-10 16:27:59
982,1007,RU74ASQF4508146470236,debit,USD,2185650.08,blocked,2025-05-02 13:24:55
983,1761,RU38AOJD7060225255313,credit,USD,1910672.91,active,2025-06-06 17:45:14
984,204,RU11IXCO6228095417540,credit,KZT,1427473.27,active,2025-07-31 11:07:45
985,1574,RU81DMHO9058482817393,debit,KZT,1534664.3,blocked,2026-01-11 18:16:44
986,347,RU85GYTX6910829656120,debit,EUR,4805655.55,active,2025-05-03 18:26:32
987,1461,RU34ZMJM4676478562508,debit,USD,1950308.62,active,2025-06-17 13:01:01
988,846,RU85ILBX1439992570992,savings,USD,1878190.28,active,2025-05-13 08:43:39
989,415,RU55QNDA2855143825520,debit,EUR,2930559.36,blocked,2025-11-06 17:52:56
990,1541,RU54HFVX8659181980528,credit,USD,4746835.92,active,2025-05-16 18:19:10
991,652,RU97GZTY0530673083038,savings,EUR,2035975.24,blocked,2025-05-04 10:36:58
992,835,RU68QJAD6776921910507,credit,KZT,4568761.76,active,2025-08-05 17:56:21
993,1135,RU77DSOB9574454069143,credit,EUR,508445.57,closed,2026-01-01 06:04:59
994,1609,RU12QOZN7384315567695,debit,USD,2841659.94,blocked,2025-05-25 19:16:16
995,1734,RU81TOTF9626327324370,credit,EUR,1018081.08,active,2025-09-15 04:38:43
996,1107,RU65GVUT1905665141343,debit,KZT,2688140.61,blocked,2026-04-12 04:54:59
997,1137,RU83AOMQ3298768160519,savings,KZT,6004.29,blocked,2026-03-11 07:29:38
998,1272,RU10DPZA2423637437380,savings,EUR,4860436.94,active,2025-05-16 14:03:37
999,1912,RU26CGCQ4341357168261,savings,USD,2989740.89,blocked,2025-09-06 16:38:27
1000,1726,RU79CDXJ7620734787354,credit,KZT,2926210.67,closed,2025-08-10 11:11:59
1001,94,RU76DIKL6473116885926,debit,EUR,2670912.34,active,2025-08-17 23:20:28
1002,184,RU22MHPU0088943830148,savings,EUR,615761.85,active,2026-01-29 19:21:57
1003,1140,RU34VLPQ1656088041890,savings,USD,1055040.03,closed,2026-02-28 16:53:51
1004,652,RU62YVEJ4628826173460,credit,USD,3176214.23,blocked,2025-08-07 05:51:19
1005,504,RU91ZROG6314931813722,credit,USD,1708807.39,blocked,2025-12-12 01:03:39
1006,673,RU89SXGQ0450308349116,debit,EUR,669495.0,active,2025-12-15 15:29:32
1007,976,RU07JPNI9273868133722,debit,KZT,3363859.31,blocked,2025-11-25 01:31:58
1008,1834,RU78UPZW8181553925883,credit,EUR,2445394.6,blocked,2025-11-18 04:56:14
1009,167,RU22BFCG6716033841787,credit,EUR,388538.06,active,2026-04-04 20:33:51
1010,1705,RU52MAEQ7490726488105,credit,USD,3361557.32,active,2026-03-04 20:51:32
1011,771,RU34WAHS1678128837939,credit,USD,1934368.42,active,2025-06-10 16:04:19
1012,948,RU32URKU9308227814695,savings,KZT,2223443.71,active,2026-02-05 19:47:48
1013,41,RU02HSKH6982320724861,savings,EUR,4607072.05,active,2025-07-06 14:12:24
1014,185,RU06VCKN2306780194670,credit,EUR,1516589.48,active,2025-07-23 04:37:51
1015,1012,RU19CIWC2804471208362,savings,KZT,1404501.03,closed,2025-07-13 10:00:51
1016,15,RU66JROJ8562378861732,debit,EUR,1981034.81,active,2025-11-30 05:36:21
1017,1025,RU86ZOON0639513689906,savings,KZT,2759374.15,closed,2026-01-09 06:19:07
1018,1398,RU31LYPJ1698436633756,credit,EUR,878468.67,closed,2025-06-12 00:31:53
1019,1528,RU28YCQI5357777859294,debit,KZT,1298862.78,closed,2026-03-21 10:49:49
1020,467,RU98KQHN1883744892396,credit,EUR,3911481.29,active,2026-03-18 10:01:09
1021,1389,RU18BJEI4502567021782,debit,EUR,3388994.57,closed,2025-07-30 10:35:01
1022,1395,RU22TKZS8816103763294,credit,USD,10772.87,blocked,2025-12-28 03:25:38
1023,1379,RU76AHZQ0437412698086,credit,KZT,4269445.2,active,2025-10-08 04:49:47
1024,1730,RU68KKDA8619970783931,savings,USD,609466.76,closed,2025-10-21 10:05:31
1025,1015,RU82HETJ0275942501657,savings,EUR,3795349.55,active,2025-05-11 10:55:51
1026,570,RU87LLKP4863281070560,savings,EUR,2244858.62,active,2025-09-22 09:34:41
1027,399,RU10KKPG8410960066161,savings,KZT,4400612.2,active,2026-02-03 14:39:59
1028,463,RU80VKGC7660244569791,credit,USD,4788920.64,active,2025-07-08 16:12:48
1029,337,RU02QCJG3697575546068,savings,USD,315157.78,active,2025-05-04 00:58:53
1030,983,RU85GIYF6053388249969,savings,KZT,2963061.32,active,2026-03-15 15:17:13
1031,513,RU74MMXB8187588041403,debit,KZT,2368409.05,active,2026-03-12 12:48:51
1032,112,RU67NHJQ7451261937902,savings,EUR,3970761.49,active,2026-02-18 11:41:51
1033,1229,RU98FUXT3094431213455,credit,USD,3820728.75,blocked,2025-12-04 01:14:56
1034,256,RU93OTTT0072566872306,debit,KZT,4583655.18,blocked,2025-08-22 21:09:52
1035,1823,RU51UGNL7837151041367,credit,KZT,3913448.55,active,2026-04-15 03:58:07
1036,1644,RU57OPMP9593224967371,savings,KZT,1508053.9,blocked,2025-05-18 18:23:53
1037,209,RU92SNPK5791209454028,credit,KZT,2796731.0,active,2026-03-19 07:06:14
1038,782,RU58WTWI4388269769413,savings,KZT,3086892.58,blocked,2025-07-22 17:56:59
1039,1771,RU86VMMP4886899690878,credit,EUR,3120416.77,blocked,2025-09-19 07:34:57
1040,951,RU51NHSC4183590949044,savings,EUR,3096533.54,active,2026-01-01 00:12:57
1041,1921,RU81IOIF7072544527861,credit,KZT,2270929.74,active,2025-12-07 12:00:22
1042,395,RU97BTKI7287407519391,debit,KZT,62430.62,active,2025-12-09 11:17:28
1043,1617,RU15IMZA3782803568991,debit,EUR,630782.15,closed,2025-07-31 17:56:53
1044,728,RU11VARU5877707501399,savings,USD,3623390.56,blocked,2025-07-04 10:07:13
1045,498,RU42GZTU2567974631771,debit,KZT,303395.42,active,2025-12-06 05:19:52
1046,893,RU40QMFN6786163386381,credit,EUR,3772113.8,active,2025-12-05 21:20:57
1047,1813,RU06HAGE6249864094665,credit,KZT,737897.9,active,2025-12-13 12:37:37
1048,703,RU56ZISP7053644349541,savings,USD,4851385.02,closed,2025-12-06 23:12:17
1049,1347,RU47EDUO6208012893482,credit,KZT,287530.91,closed,2026-03-07 08:32:05
1050,1711,RU41RAAZ9205365045686,credit,KZT,2110883.64,active,2025-07-10 00:47:24
1051,1312,RU12TNTB0192331524041,debit,KZT,1708418.07,blocked,2026-01-18 01:01:20
1052,1417,RU20KUOK8427686127793,savings,EUR,3462376.78,closed,2025-11-29 01:35:39
1053,1973,RU88ZHHH5694201844576,savings,EUR,1498858.32,active,2025-06-25 05:44:51
1054,215,RU89MCNW2950641031841,savings,KZT,2480157.44,active,2025-12-27 06:55:44
1055,457,RU95UUPH2652346554612,credit,KZT,2333217.25,active,2025-07-25 01:00:27
1056,985,RU97VZBH8467264401989,credit,USD,4036549.26,blocked,2025-07-11 22:52:32
1057,820,RU81FWQT1435354256286,debit,KZT,1814722.91,active,2025-09-09 04:56:02
1058,62,RU09ZXUA7813847513407,credit,KZT,712867.46,blocked,2025-07-07 17:09:36
1059,1293,RU07VITC8505824055465,credit,USD,220480.22,active,2025-07-09 13:08:53
1060,406,RU14CEBM9061195973725,savings,KZT,1095506.26,active,2026-01-27 09:13:55
1061,357,RU56HZAH1584643944280,savings,EUR,1230575.34,active,2025-05-01 13:30:31
1062,361,RU86WKIV0092319507873,savings,KZT,105947.81,active,2025-09-17 09:00:16
1063,1342,RU62AKVG9003432926205,debit,USD,4680634.41,active,2025-10-17 09:18:54
1064,492,RU45VLYW5562849756578,savings,USD,3304882.67,closed,2026-02-27 12:37:16
1065,1277,RU78WHZH9399431095188,savings,EUR,327822.22,active,2026-04-01 00:45:51
1066,1893,RU17QLYO8782809572839,debit,KZT,959214.78,blocked,2026-01-17 21:02:09
1067,767,RU48OQGA1898659846074,savings,EUR,2148271.28,active,2026-04-15 21:39:27
1068,95,RU47KNFV5670327188758,credit,EUR,946321.72,closed,2025-08-15 11:10:13
1069,1618,RU97OKBZ9802075204690,debit,USD,1236611.07,active,2026-03-28 04:45:15
1070,259,RU14OJGS0648477392024,credit,EUR,4429285.6,active,2026-01-30 16:06:08
1071,167,RU58UZIY4073197189011,savings,EUR,3074817.35,active,2025-11-06 17:48:46
1072,795,RU22FBYG6729169426166,credit,EUR,1871956.19,closed,2025-10-20 12:28:23
1073,367,RU02VNIP1079352756520,savings,EUR,1870019.73,blocked,2026-01-26 03:31:43
1074,1958,RU19RHDV3001618321529,savings,USD,1342408.96,blocked,2025-12-27 00:45:49
1075,1887,RU48BBPJ1664308604283,credit,EUR,183985.84,active,2026-04-05 18:07:04
1076,416,RU60DMPE3246447106060,savings,KZT,1980103.98,active,2025-10-05 06:41:19
1077,1821,RU05NOUH7788921418100,savings,EUR,786889.47,active,2025-07-31 01:34:23
1078,1128,RU17OFZT0847980117056,debit,KZT,3758362.14,active,2025-10-12 20:16:42
1079,1063,RU55IOUV6585757903367,savings,KZT,2920227.16,blocked,2025-11-08 03:49:02
1080,1273,RU24XKUS4791099993784,savings,USD,2256304.86,blocked,2025-09-29 00:54:17
1081,753,RU64RWMK2308045334304,savings,USD,1365824.31,active,2025-07-01 22:51:45
1082,905,RU28TRFA7000267554753,debit,USD,3227128.91,active,2026-04-08 07:33:09
1083,169,RU74ZWYT6416382511723,savings,EUR,2564442.16,active,2026-02-22 10:03:31
1084,567,RU30BGZL8217263308048,debit,KZT,593820.82,active,2025-05-08 01:59:49
1085,1119,RU90UUAR8611258044306,debit,USD,984034.97,active,2025-07-29 07:34:40
1086,620,RU95KVYO7211271681098,credit,EUR,4227395.73,active,2026-01-22 06:15:16
1087,1238,RU54DVON6352152673711,debit,EUR,3699365.21,active,2025-04-26 12:43:48
1088,1578,RU87AOYA6868646414735,savings,USD,4111721.97,blocked,2025-09-27 19:07:54
1089,1684,RU24TJNR9537425257768,credit,EUR,60441.71,closed,2026-02-12 19:43:08
1090,1949,RU94SSUW7739516603237,debit,USD,1138664.88,active,2025-10-24 11:16:25
1091,479,RU69XADI0950715199632,credit,EUR,3930087.27,blocked,2026-01-28 19:28:23
1092,1668,RU45HBUJ7725961159533,savings,USD,3959782.53,active,2026-03-17 16:37:53
1093,385,RU48ZYQY4162906288156,savings,EUR,2089021.64,blocked,2025-10-14 23:13:51
1094,1747,RU69MBVZ3098051834349,credit,KZT,1874126.14,closed,2026-03-28 13:07:51
1095,263,RU68GNHK6808779347244,savings,EUR,49396.09,active,2025-09-02 04:33:41
1096,462,RU07DWNO6218743096474,savings,USD,3429128.27,blocked,2026-02-13 11:23:14
1097,1595,RU32ETUG2683487092951,credit,EUR,1498886.4,closed,2025-05-02 05:47:58
1098,1163,RU51NVFR9084548262773,debit,KZT,769302.51,active,2025-11-29 21:06:41
1099,1290,RU84HDFK8128766340419,credit,EUR,2869819.79,blocked,2025-09-18 07:20:06
1100,419,RU69OXII7652246968516,savings,KZT,2672918.41,active,2025-10-24 14:26:13
1101,223,RU35SFCP5171352845470,savings,EUR,4809728.79,active,2025-05-29 10:15:44
1102,352,RU25WUKA0574580766487,debit,EUR,2764980.97,active,2026-03-10 04:29:32
1103,1412,RU53QJDH8312760783359,credit,USD,135165.69,active,2025-05-20 04:53:31
1104,1867,RU51JRFU2452488160353,savings,USD,1030255.59,active,2026-01-04 08:49:32
1105,1074,RU77JDPN5461411910147,debit,USD,288208.45,closed,2025-04-27 12:09:17
1106,352,RU67HSUV1298358448012,savings,USD,1956135.26,active,2025-06-12 08:50:20
1107,1099,RU63OPCE7715685390917,savings,USD,3715970.63,blocked,2026-04-09 03:14:04
1108,1773,RU31JIPS4080308922906,debit,KZT,4352374.89,active,2025-10-08 01:35:27
1109,1676,RU56IDTT6584029376452,credit,EUR,2374425.34,closed,2025-12-02 13:25:43
1110,1924,RU84NUKR7280238656260,savings,EUR,1015661.23,blocked,2025-08-08 04:29:04
1111,414,RU68ARAL9801888003005,debit,KZT,2229212.17,blocked,2025-12-14 02:47:10
1112,1654,RU23GORE8687220307108,debit,EUR,1645128.42,closed,2026-03-30 16:17:37
1113,1006,RU71CYNS2239766215415,savings,USD,2881087.63,active,2025-08-13 00:43:15
1114,1324,RU65WCSR0702729294286,savings,USD,3501882.38,active,2025-09-22 02:24:54
1115,1256,RU54GKRY3492638987495,debit,USD,1246424.95,closed,2026-02-01 23:31:03
1116,885,RU08LTCB9233558857283,savings,USD,4554254.64,active,2026-01-19 11:53:09
1117,1165,RU69IMUG8916190558753,debit,USD,3493525.14,active,2025-07-25 07:18:37
1118,1814,RU30AWUE9614990941679,debit,USD,4412896.61,closed,2025-08-14 13:47:48
1119,1366,RU10KUVF0279891454811,debit,EUR,3632962.24,active,2026-04-11 03:13:35
1120,1011,RU02RTDP2845848749400,savings,EUR,607031.89,active,2025-05-22 22:32:01
1121,1548,RU89SFNF8865807200805,debit,EUR,3832928.86,active,2025-09-29 11:33:39
1122,924,RU26OZAC9743575292555,debit,USD,1037653.11,active,2025-10-19 16:54:06
1123,55,RU14UNQA8469001581236,debit,EUR,3472734.08,blocked,2025-09-18 05:48:57
1124,704,RU86EIWF4947002519067,credit,USD,4279009.95,blocked,2025-05-07 21:16:26
1125,22,RU23EJWI6095772487747,savings,KZT,3545788.93,active,2025-08-28 06:04:41
1126,1373,RU92MHBV8357289091006,credit,USD,2424311.43,active,2025-05-25 06:35:51
1127,1124,RU49HIUO4180420223059,credit,KZT,3568194.12,blocked,2025-06-16 16:28:01
1128,965,RU65PLOH3682876575552,savings,KZT,853774.89,active,2025-12-14 22:43:55
1129,206,RU09KQNR5685066487826,debit,USD,621632.76,blocked,2025-06-27 15:17:16
1130,159,RU04JQPD3000255464533,credit,KZT,3387238.33,active,2025-10-11 08:25:07
1131,734,RU83JOTQ5294844704145,debit,KZT,3572346.95,closed,2025-07-16 04:00:23
1132,906,RU39BKVX6337069511819,credit,KZT,4182669.2,closed,2025-12-28 03:51:18
1133,1357,RU91MUDG8759559422981,credit,EUR,4485152.39,blocked,2026-01-16 07:41:10
1134,632,RU79VGHU2419977118016,savings,KZT,2991428.55,active,2026-02-17 04:34:07
1135,773,RU05OWZO4360489098592,debit,KZT,1873848.87,active,2025-07-09 21:11:25
1136,188,RU78ODIH6947493476889,debit,USD,140692.91,active,2025-09-01 03:20:36
1137,1681,RU15GWQN1618776458084,debit,EUR,3345078.33,active,2026-03-31 20:41:26
1138,198,RU37GCZT6521790053126,credit,KZT,3620333.47,active,2025-10-01 15:36:25
1139,1050,RU66ALKW7402845958769,debit,USD,1614075.2,active,2025-12-21 19:33:58
1140,425,RU88KLSD2681307837318,credit,USD,4694677.22,active,2025-07-22 11:23:22
1141,438,RU48WWHL9412345923258,debit,USD,1617515.77,active,2025-09-26 09:24:01
1142,1340,RU74BXFJ5571162743514,savings,KZT,1946544.11,blocked,2025-07-17 16:38:01
1143,136,RU86TEQN3270231740281,credit,USD,3250075.03,active,2025-05-10 06:43:45
1144,138,RU41BMAY7634433460263,debit,USD,1508369.71,closed,2025-11-03 05:34:28
1145,209,RU96HXLM4162987025215,credit,EUR,3956507.61,closed,2025-06-28 19:18:12
1146,516,RU02XXCI3517236850448,debit,EUR,1622447.1,blocked,2026-01-11 11:40:45
1147,1894,RU33LFMB2354722405530,credit,KZT,1660900.69,active,2026-03-19 22:14:56
1148,1365,RU52YMCD3900458927523,savings,KZT,1676190.99,closed,2026-04-12 10:36:25
1149,1199,RU74IBQP0568335556385,savings,USD,2555619.68,active,2025-11-04 17:24:12
1150,1204,RU64SRCQ2843997486980,credit,KZT,1163796.92,closed,2026-02-11 23:01:54
1151,1837,RU53BLWL7338079266094,debit,USD,1182745.23,blocked,2026-02-11 07:13:49
1152,499,RU77AJIO5017505665589,credit,KZT,300555.16,active,2025-11-02 21:39:22
1153,608,RU32YTUX0658697223242,debit,KZT,1879363.97,active,2025-07-24 16:06:20
1154,1892,RU46BIHA0631910697136,credit,EUR,4942768.34,blocked,2026-02-04 07:33:01
1155,1797,RU13YHKS1142028612232,savings,KZT,1391354.09,active,2025-11-11 12:04:31
1156,1622,RU67RNVY1402454224922,savings,EUR,4063739.99,active,2025-07-21 03:43:00
1157,1735,RU15JHAE3200013278928,credit,USD,1714299.35,active,2025-11-18 15:56:18
1158,111,RU47VVFI3509791353295,credit,KZT,4007457.59,active,2025-12-15 08:44:54
1159,1788,RU26MDUP6294846764089,savings,EUR,1608863.32,blocked,2025-12-23 19:11:13
1160,13,RU63OOSL3614083070906,debit,USD,350854.61,active,2025-05-13 10:51:35
1161,1300,RU24HHMB2731567261736,debit,KZT,628679.44,active,2025-12-09 08:54:23
1162,1125,RU98FSEJ5989777382438,debit,KZT,2537615.32,blocked,2026-01-29 18:34:36
1163,957,RU90ECIN2922228338138,savings,KZT,3608647.16,active,2025-10-04 21:18:41
1164,362,RU77KFXF3590627094014,credit,KZT,1516200.44,closed,2025-10-14 07:22:44
1165,1982,RU97JCFJ5229245670893,credit,KZT,1360032.06,blocked,2025-05-24 06:59:29
1166,1948,RU41SWHW5046293374153,savings,USD,1889209.73,blocked,2025-10-11 15:06:42
1167,866,RU64KRZX3387895919053,credit,EUR,3674905.59,active,2026-03-07 12:26:59
1168,1954,RU69YBSU4587595082572,savings,KZT,3809884.56,blocked,2026-03-20 21:26:20
1169,171,RU11HFXW3007086186948,savings,EUR,2686451.2,closed,2026-01-30 10:02:27
1170,360,RU18JMVO4752914835650,savings,USD,2318792.52,blocked,2025-08-11 05:02:38
1171,769,RU64RUYM9227025254110,credit,EUR,2404740.83,active,2025-06-15 06:55:05
1172,1465,RU93YLLX6241266768094,savings,KZT,774467.55,active,2025-04-24 20:09:15
1173,27,RU59BXKS6470336424532,credit,EUR,3627001.53,blocked,2025-09-27 07:55:00
1174,1896,RU47ANKI3261434037152,savings,USD,4852492.69,active,2025-09-19 08:40:36
1175,1003,RU18WIGZ1091568309531,savings,EUR,4937622.79,active,2025-09-28 23:21:54
1176,1813,RU11XFFL2649747870676,debit,KZT,1924745.23,closed,2025-06-25 06:30:56
1177,398,RU37JJFQ6307078101012,savings,USD,3856580.62,active,2025-11-07 03:04:58
1178,1453,RU15JJQY0569421187490,savings,EUR,3442758.49,active,2026-01-01 00:04:31
1179,790,RU16AIIS1007231492049,savings,EUR,1234712.27,blocked,2025-05-06 14:49:20
1180,1888,RU43TGAW6404121070431,savings,EUR,3533088.22,active,2026-01-19 02:05:36
1181,1364,RU32AZLL0315887850660,credit,KZT,1307392.16,blocked,2026-01-12 17:11:18
1182,302,RU64YNOZ5141483515609,savings,KZT,3011144.49,active,2025-04-28 00:10:53
1183,240,RU26LDIX2770215386115,debit,EUR,3558335.73,blocked,2025-09-24 15:42:46
1184,1447,RU29DDCW6271435934106,credit,KZT,2593166.68,active,2026-03-29 10:09:28
1185,867,RU34DUNK0472553107371,debit,USD,1265103.31,active,2025-11-03 15:33:18
1186,1982,RU16FEAO2508452408860,credit,EUR,4433367.78,closed,2025-08-20 19:45:34
1187,1504,RU34XTNV9253360109993,savings,EUR,4347220.38,active,2025-12-26 06:49:05
1188,1173,RU94ZCSD4009981297192,savings,KZT,1345837.67,active,2026-04-19 09:34:26
1189,1533,RU16VWZU2887415949254,savings,EUR,1541193.61,active,2026-03-06 06:29:20
1190,1008,RU77UGJW5026642738696,debit,KZT,350137.63,blocked,2025-11-13 02:11:20
1191,854,RU98NIRC1051292724306,credit,USD,3665478.14,active,2025-06-30 17:22:04
1192,768,RU53PPPT8367781070824,debit,EUR,672525.98,blocked,2025-07-02 21:24:19
1193,1030,RU57BQTZ3513315792082,debit,USD,2835893.58,active,2025-07-04 07:27:38
1194,412,RU72VHZN6162017295126,debit,EUR,914464.27,active,2025-08-01 22:31:25
1195,1848,RU76UMBV8696110840390,savings,USD,3134560.06,closed,2025-06-04 14:57:50
1196,1779,RU93XSFV7673608633399,credit,KZT,399969.2,active,2025-09-16 21:52:25
1197,256,RU42ULBM6676055080050,savings,KZT,1711417.44,closed,2025-07-23 09:29:52
1198,979,RU71VTBR3069250980556,savings,EUR,3802907.44,active,2025-05-16 22:16:34
1199,545,RU29JJZC9941243616050,debit,EUR,2912644.8,active,2025-05-30 19:49:12
1200,433,RU80WFTU9907619181498,credit,KZT,1878953.35,closed,2026-02-12 21:36:54
1201,545,RU33GNPQ4903217749117,savings,USD,3784801.28,closed,2025-10-06 23:59:11
1202,690,RU26NOKL0043753157522,savings,EUR,4450870.83,active,2026-03-06 10:45:22
1203,491,RU07TKBW8386039036748,savings,EUR,1992958.28,closed,2025-05-15 10:43:06
1204,1998,RU24NOLM7535153474392,savings,USD,4031544.76,active,2025-10-17 15:59:05
1205,1783,RU44PAQD2078003781010,credit,USD,3626375.72,active,2025-05-03 04:32:51
1206,1233,RU37HUEZ0823416099097,debit,EUR,1398058.18,active,2025-09-13 07:12:14
1207,926,RU36LPWQ8516619076444,credit,EUR,3294721.65,blocked,2025-11-09 04:32:05
1208,847,RU07TBIH9461622277261,credit,KZT,16642.42,active,2025-04-29 16:11:39
1209,1298,RU32AKIY0260284655921,savings,KZT,4848018.29,active,2026-01-11 11:56:55
1210,910,RU94WQSK6886499339745,debit,EUR,2423196.18,closed,2026-02-25 13:26:08
1211,167,RU11GTCR0238487614443,savings,USD,4695484.68,blocked,2026-01-03 21:21:10
1212,1756,RU06XWHV7360908575379,credit,KZT,3671654.44,active,2025-12-15 00:27:31
1213,400,RU83JOMY3183429002492,credit,KZT,4349423.76,closed,2026-02-22 00:37:55
1214,1755,RU12UPRZ5234615121676,credit,EUR,159696.99,blocked,2026-02-26 16:05:47
1215,179,RU19XAQT6010665897824,savings,EUR,4981527.39,blocked,2025-06-27 11:33:16
1216,1836,RU69EXLN5829385404450,savings,KZT,2411360.56,closed,2025-07-25 18:33:15
1217,499,RU14WHSR6383466908144,debit,KZT,3766509.35,active,2025-06-03 04:14:14
1218,891,RU38TQMB2965328315307,credit,KZT,802016.15,active,2026-04-08 18:28:57
1219,786,RU08AOTZ1904878601508,savings,KZT,3596155.74,blocked,2026-04-06 18:35:46
1220,1374,RU36WYUZ3345129829454,debit,EUR,679646.41,closed,2025-12-25 06:17:08
1221,1486,RU61YCQG3788147425074,savings,KZT,3977906.78,active,2026-03-27 20:15:50
1222,459,RU74HQEB3950078677550,credit,EUR,324270.48,active,2025-09-16 15:10:46
1223,1865,RU91BYKG5760367336142,credit,EUR,3680276.44,blocked,2026-01-02 04:09:41
1224,1316,RU27IPIC5163295661482,credit,USD,4042428.96,active,2025-08-01 20:07:09
1225,237,RU19WIUH6485178275773,savings,KZT,557801.23,active,2026-02-04 19:54:21
1226,1213,RU86BYMC4601741964000,debit,EUR,4710096.38,closed,2025-09-13 00:44:46
1227,261,RU07XSEK6835962783877,savings,USD,2885007.29,active,2025-08-21 22:02:40
1228,127,RU50PMKI0234714513740,credit,EUR,950098.52,blocked,2025-10-04 18:20:41
1229,655,RU23YERU2656529367562,savings,EUR,4669691.9,active,2025-11-11 01:37:21
1230,1360,RU20OLYI5403498939759,credit,EUR,1111485.64,blocked,2025-04-26 18:49:54
1231,1103,RU55LKHM4220947054476,savings,USD,724359.23,active,2026-03-14 08:36:48
1232,449,RU56LQWW3901876927043,savings,EUR,2279466.87,closed,2025-08-11 06:36:04
1233,299,RU86QRKX2871583443029,credit,EUR,4245788.22,active,2025-12-11 19:09:27
1234,656,RU10TWVO3854424029480,savings,EUR,4951685.22,active,2025-08-07 09:57:03
1235,1737,RU05JWNQ8698908763427,credit,EUR,2391935.45,active,2025-11-01 11:09:39
1236,597,RU50FJOZ7115787378156,credit,USD,295004.13,active,2025-06-21 12:28:35
1237,1696,RU15DMFC7367138731403,credit,KZT,4240501.67,active,2026-01-20 05:27:31
1238,1507,RU64CSWD6661624698896,debit,KZT,4284037.2,blocked,2025-08-17 09:01:09
1239,1670,RU44PMFX1822479224768,credit,KZT,4955325.01,closed,2025-09-22 13:33:18
1240,692,RU55NOBV7167148957925,savings,EUR,2367634.67,active,2026-02-11 11:35:48
1241,802,RU90ORLW2352980093413,savings,KZT,2639694.33,active,2025-08-10 21:00:45
1242,1427,RU83YOHI5424711558221,debit,EUR,4281404.85,blocked,2025-05-31 00:16:21
1243,269,RU32RDSK1719070677693,savings,EUR,4329411.3,active,2026-03-19 05:59:21
1244,1915,RU67DGDZ6453833642550,credit,USD,2288204.97,active,2025-12-03 08:41:08
1245,282,RU45HLHH2101254675914,savings,EUR,2412726.15,active,2025-07-13 16:21:09
1246,447,RU75SSVT5977031705682,credit,KZT,3676859.16,active,2025-09-10 21:22:39
1247,1487,RU25LRGF0143545636798,credit,KZT,3391910.71,active,2025-09-16 10:56:34
1248,1947,RU37QVZH6863644498106,savings,EUR,4208458.8,active,2025-05-30 12:25:06
1249,729,RU28GYEZ6739206042942,savings,KZT,4725370.92,active,2025-11-09 09:23:33
1250,1332,RU27TTEY1192474350697,savings,EUR,2169673.38,active,2025-12-22 16:59:46
1251,1480,RU97RFBS9387211203829,savings,KZT,170930.15,active,2025-09-24 06:11:09
1252,1001,RU19TQGS9015059547616,savings,EUR,2981181.24,active,2026-01-01 17:41:50
1253,1527,RU74RYBX6803040054680,savings,EUR,4955828.64,active,2026-02-19 06:09:54
1254,950,RU58CZWY3143360574321,credit,USD,1376804.99,blocked,2025-09-12 20:53:15
1255,24,RU65XDDL4959929179196,debit,KZT,414102.32,blocked,2025-12-28 07:33:24
1256,1370,RU55TZVB9136417659205,credit,KZT,116110.78,closed,2025-12-01 14:29:32
1257,983,RU76SJRU3609016801153,savings,EUR,3727051.11,closed,2025-07-02 13:07:52
1258,787,RU83XNAT6439453497320,savings,EUR,3513982.19,active,2025-12-01 03:14:16
1259,257,RU13ASNB1535305325624,debit,USD,318428.01,closed,2025-07-04 00:29:12
1260,831,RU35VRRX8804970464855,credit,KZT,1969588.93,closed,2026-02-21 11:42:02
1261,1664,RU27LDVM9324057411935,credit,USD,320594.38,closed,2025-11-18 12:51:46
1262,1462,RU67GSDU0389166770952,credit,KZT,3767787.57,active,2026-01-03 23:37:16
1263,1839,RU14CQKV8680439429008,debit,KZT,4310155.21,active,2025-04-25 06:48:42
1264,1137,RU08VVQS2585783980370,savings,USD,616103.47,active,2025-12-02 13:19:56
1265,423,RU51GOPG1205886948530,credit,KZT,440016.82,active,2026-03-19 21:16:43
1266,1543,RU72OIQO8134095140501,debit,KZT,4899662.25,closed,2025-08-17 04:08:11
1267,745,RU73RDHW6170004854123,credit,KZT,2115833.59,active,2025-07-28 15:51:28
1268,616,RU89VIQD0945255396255,debit,EUR,4523192.95,active,2026-01-04 04:58:57
1269,1094,RU24NCII1298701093215,savings,KZT,2885780.27,active,2025-11-12 04:47:28
1270,1866,RU94ESID7611148324096,savings,EUR,2691509.22,active,2026-01-15 09:09:49
1271,203,RU18XKYE6121669481001,credit,KZT,1186264.68,active,2025-06-17 05:37:25
1272,614,RU37CFWG3016796556732,debit,KZT,3011119.79,active,2025-12-09 01:00:26
1273,736,RU35HRXU3684143446228,savings,KZT,3645792.92,blocked,2025-05-22 02:16:15
1274,1127,RU56AXPI9053890595094,savings,USD,1909529.78,active,2025-09-25 14:00:44
1275,935,RU93FQUC6836257721087,debit,USD,3382951.83,active,2025-11-17 08:10:44
1276,418,RU78FOJD0591579815551,debit,EUR,3663641.82,active,2026-01-25 16:17:54
1277,763,RU09RJSL5296435221732,credit,EUR,3239207.79,closed,2025-12-14 03:40:54
1278,336,RU34RJEI8729802029172,savings,KZT,1582485.34,blocked,2025-09-17 09:10:59
1279,54,RU27MKYD3420457813145,credit,KZT,388545.46,active,2025-11-15 14:50:58
1280,226,RU67YMEX5303024130011,credit,EUR,2034499.54,active,2025-12-27 20:04:31
1281,183,RU66GCJN4421437780559,savings,USD,3890576.68,active,2026-03-26 15:30:27
1282,1635,RU82EXEP7026049769799,debit,USD,50306.8,blocked,2025-07-18 12:28:51
1283,776,RU48XQOW2569641135076,debit,KZT,879481.13,active,2025-12-07 21:27:16
1284,1683,RU34ZJTT6727633968007,savings,KZT,2645271.63,closed,2026-03-25 07:17:09
1285,578,RU64DDTJ7505220112704,credit,USD,3037727.25,active,2025-06-28 12:40:11
1286,652,RU47EEWL9332381433161,savings,KZT,1726519.27,closed,2025-11-23 11:08:29
1287,1218,RU75NMXT7446970711989,savings,USD,2961958.31,active,2025-04-26 21:42:41
1288,1407,RU05KCZD1578723903715,credit,EUR,778300.92,active,2025-06-17 14:58:14
1289,776,RU88ULQM0264236245884,credit,EUR,1337582.15,active,2026-01-22 23:35:20
1290,1593,RU59WMXS3714787508057,debit,EUR,3043906.25,blocked,2025-07-03 07:50:47
1291,899,RU25UCCP8444002748942,savings,USD,2511644.0,active,2025-10-06 08:14:53
1292,1067,RU62IJHO9366604486711,credit,KZT,1526631.97,active,2025-08-19 22:09:37
1293,833,RU07RQCN1827734774967,savings,KZT,3173748.73,active,2026-01-31 16:50:38
1294,492,RU46QXJL2733188156754,debit,KZT,2877008.17,active,2026-02-05 22:16:01
1295,586,RU59DGZK4557970790770,credit,USD,4041926.25,active,2025-10-04 21:00:08
1296,1387,RU80JUUL5300173141272,credit,EUR,683005.48,blocked,2025-11-09 05:26:36
1297,1404,RU08LSFD2985672405552,credit,EUR,3489711.88,blocked,2025-04-28 14:44:54
1298,1263,RU26KDPP4856526424374,debit,EUR,37443.99,blocked,2026-01-21 01:49:04
1299,1095,RU67EQXE2022041064960,credit,USD,1221887.01,closed,2026-01-13 21:15:31
1300,1248,RU59OFMK2014876096737,debit,EUR,2243811.57,active,2026-01-10 04:11:27
1301,1906,RU20FLBB9321956932050,credit,KZT,874896.16,active,2026-03-15 05:02:49
1302,274,RU61NXLB6961588445236,credit,USD,4762465.53,blocked,2025-11-01 15:39:23
1303,777,RU84ISIC1002089676040,debit,USD,4848672.29,active,2026-04-13 04:42:25
1304,1391,RU78ZNEH2151751967929,debit,EUR,4254034.48,active,2025-08-13 20:47:16
1305,613,RU26NAKQ6531434220704,savings,USD,1324489.19,active,2026-02-03 20:05:12
1306,1293,RU23GCZV0772228749958,credit,USD,1088098.51,active,2026-04-19 01:06:43
1307,1912,RU02SGXM7428601767873,credit,EUR,4128811.21,active,2026-04-21 11:52:57
1308,949,RU22QYQB1113052923835,credit,USD,288426.15,active,2025-12-18 06:20:46
1309,943,RU98FEGO7504480632448,savings,USD,1770109.83,active,2025-09-06 00:49:51
1310,1824,RU31VTMR4604126165542,credit,KZT,2010938.37,active,2025-06-01 13:43:30
1311,883,RU96OSHG9970214616904,savings,KZT,424634.15,closed,2026-04-07 03:54:30
1312,315,RU72PVMC0296544190437,savings,KZT,4565632.45,active,2025-06-22 15:46:08
1313,1576,RU18OBFT6705035623724,credit,USD,1131250.07,blocked,2025-09-15 14:00:20
1314,613,RU83MVIY5604851199065,savings,USD,4461074.74,closed,2026-03-04 09:19:32
1315,552,RU45YMXH2267911178512,debit,USD,3281741.94,blocked,2025-06-25 01:35:37
1316,287,RU55LTWF7291694222925,savings,EUR,2170366.81,active,2026-04-01 08:42:58
1317,1783,RU75HRIC8757617657224,credit,KZT,554217.55,active,2025-05-08 20:24:16
1318,274,RU68LQQH6607983340833,savings,USD,3719876.01,active,2025-06-24 11:24:33
1319,1365,RU68PQGM1592668668080,debit,USD,4798534.57,active,2025-06-08 08:24:47
1320,863,RU50PSLN5300022750936,savings,EUR,2478342.41,active,2025-08-27 09:21:41
1321,1539,RU18VAIP0928033714213,savings,EUR,3630246.79,blocked,2025-06-13 06:05:24
1322,225,RU06ZPJO2793922689495,debit,KZT,631491.77,active,2025-11-03 09:32:06
1323,28,RU48IFPN2933698324072,credit,KZT,261147.14,active,2025-10-07 01:57:25
1324,2000,RU08ZQCZ9598161809809,credit,EUR,41136.42,blocked,2025-08-13 15:12:47
1325,578,RU92RRXB4093362724452,savings,KZT,3804738.59,active,2025-12-19 01:45:37
1326,313,RU96FPLT4267327222155,credit,EUR,935114.32,active,2026-02-14 23:36:28
1327,236,RU39HEKB1699329745116,savings,EUR,1237524.5,blocked,2025-07-09 06:31:36
1328,971,RU12KWYZ1608624951339,credit,KZT,3506023.63,closed,2025-12-16 13:03:27
1329,372,RU48NNXA5752966471181,debit,EUR,3144910.64,active,2025-07-21 07:12:15
1330,247,RU34GEVA7239191846550,debit,USD,192793.79,active,2026-04-19 01:00:45
1331,300,RU66YNGN9851676559991,savings,KZT,3082720.32,active,2026-03-24 21:30:56
1332,105,RU20TMNS7602236449951,savings,USD,2625330.94,active,2025-07-18 08:17:01
1333,689,RU67JHOV0434249162631,savings,USD,307687.27,blocked,2025-12-29 06:31:17
1334,106,RU19POPY4422212421973,savings,KZT,1346961.2,active,2025-09-06 12:58:27
1335,1458,RU38QCVX9034731751029,savings,KZT,1599884.58,active,2025-07-02 19:14:11
1336,84,RU77LRHX8508332710453,debit,KZT,3302493.36,active,2025-07-14 12:57:45
1337,585,RU49XKCG5634317191633,savings,USD,4542501.39,active,2025-10-07 13:32:16
1338,379,RU74YLIO1543382541768,savings,USD,1818542.63,active,2025-06-05 12:42:38
1339,199,RU88SEWV2068299458028,credit,KZT,3415124.6,active,2025-08-29 20:18:20
1340,739,RU10JLOD8691981625499,credit,USD,3714917.17,closed,2025-11-14 14:32:25
1341,1239,RU39GDJK3651338613674,savings,KZT,3251591.47,active,2025-12-06 03:30:46
1342,787,RU53MCND6054337073671,debit,KZT,653296.54,closed,2025-06-08 22:58:20
1343,85,RU84EPWI7069531217894,credit,EUR,4087228.35,active,2026-01-21 21:05:46
1344,913,RU05AVVM9729672041862,debit,KZT,4709148.2,closed,2025-09-03 09:13:45
1345,618,RU14TGCT1678758647401,credit,USD,4948233.43,active,2025-11-16 10:18:19
1346,1477,RU16TEUL5317550461614,debit,KZT,640031.89,blocked,2025-11-23 00:10:48
1347,1458,RU73WHRX4039726754576,savings,EUR,4875655.66,active,2025-10-14 09:20:45
1348,1290,RU94SUBS4142509563603,credit,KZT,4554335.05,active,2025-10-27 17:24:10
1349,859,RU82QKUK2882313299678,credit,EUR,3954634.98,active,2025-12-11 21:42:19
1350,562,RU74GJGL8599197763858,credit,KZT,1448992.13,closed,2025-05-16 19:49:26
1351,1627,RU52MWZV9225437636628,credit,KZT,3703835.27,blocked,2025-11-01 11:09:51
1352,1403,RU50PDCO1653595539450,credit,EUR,4857720.55,active,2025-10-10 05:16:01
1353,1538,RU30NVSQ9582948630997,credit,USD,2812930.45,blocked,2025-09-25 21:22:18
1354,1244,RU09WEQK5417939431491,savings,KZT,921147.64,active,2025-12-01 07:39:50
1355,447,RU50IFCL4409676242857,credit,EUR,45297.76,closed,2025-10-17 02:12:22
1356,1032,RU94IBJA5277035476630,credit,EUR,2625840.94,active,2026-03-20 06:49:56
1357,452,RU73OZVO9975109065194,savings,EUR,1343304.75,active,2025-06-28 16:02:27
1358,459,RU54APFZ3461504117082,debit,EUR,1191845.66,active,2025-12-27 14:50:08
1359,304,RU35SEEB9251390029501,savings,KZT,1352903.84,active,2025-12-28 16:54:46
1360,510,RU06ZXCJ7472990555237,debit,EUR,581808.01,active,2025-12-24 22:13:13
1361,1240,RU81QGWT0497574568442,savings,USD,417147.53,closed,2025-08-03 18:12:10
1362,1479,RU06MHGG3884651903483,debit,USD,4491780.46,active,2025-08-27 07:00:26
1363,118,RU41ZBRE4130160644903,credit,KZT,4119835.0,active,2026-01-31 21:43:28
1364,1977,RU98LUXS3417733430718,savings,KZT,1280680.07,active,2025-11-17 22:00:51
1365,1347,RU90XEDU8216063923186,credit,KZT,3613288.37,blocked,2026-01-02 03:16:36
1366,528,RU43OUVQ1108023883697,credit,EUR,3022104.11,active,2026-03-06 10:45:17
1367,906,RU65AYVE5795356441193,debit,USD,1344698.72,closed,2025-12-23 19:21:22
1368,1655,RU18LJYO2863996240238,savings,KZT,2230833.47,blocked,2025-09-13 09:09:45
1369,304,RU59WITE0317591450909,savings,KZT,2480309.92,blocked,2025-07-04 01:46:29
1370,1671,RU41UAUG9572869395391,debit,KZT,2848720.27,active,2025-12-30 16:55:30
1371,578,RU11AMWP3338276534802,debit,USD,815430.33,active,2026-03-06 16:50:00
1372,808,RU55WJSM6899238585520,credit,EUR,940052.24,active,2025-05-21 04:43:51
1373,874,RU80CAVD5444847920740,debit,USD,4545746.14,blocked,2025-06-01 03:26:07
1374,1484,RU88LDZX8703221775990,credit,KZT,3634096.36,active,2025-12-13 12:17:30
1375,205,RU41ELYI9839103204103,savings,USD,104558.86,active,2026-02-13 17:01:07
1376,1701,RU06UPEQ1029729575512,credit,KZT,661763.05,active,2025-08-05 03:55:40
1377,293,RU70NGOB0796330225176,credit,EUR,68471.02,active,2026-02-24 16:00:04
1378,218,RU34NNRT9212746213345,credit,EUR,4091458.54,active,2025-07-10 18:57:46
1379,286,RU55SWLR2956562192959,savings,EUR,4462059.07,active,2025-08-20 14:13:27
1380,680,RU11BSXS4414753763782,savings,KZT,1219800.48,closed,2026-01-16 23:28:48
1381,548,RU20LNJY8586476695577,credit,EUR,616254.5,active,2025-06-02 03:29:48
1382,1116,RU81XAKD8650679964511,savings,KZT,2558200.54,blocked,2025-06-17 07:11:12
1383,3,RU14LSUA5925687042646,debit,KZT,1134149.03,blocked,2025-06-19 10:50:14
1384,724,RU81TPTL0804660638285,credit,USD,1130196.08,blocked,2026-01-14 22:18:51
1385,1811,RU19BWJD6275020922521,credit,KZT,2459611.05,active,2025-07-19 09:53:22
1386,209,RU95FYYH8029446276351,savings,USD,382373.42,active,2025-06-08 04:17:58
1387,739,RU81JQOI9715129545893,debit,KZT,3022927.4,active,2025-10-06 16:17:41
1388,1087,RU36XRKH3584999916953,savings,EUR,907646.07,blocked,2025-06-20 13:20:26
1389,1830,RU23LYUU9522875120901,credit,EUR,1508517.27,active,2025-09-05 12:22:42
1390,1793,RU63RCPV4973111496336,debit,USD,4581255.54,active,2026-04-20 12:16:39
1391,544,RU15ASRT1050459619740,credit,KZT,3944491.78,active,2026-02-19 06:39:40
1392,1344,RU25AWLT7583445942104,debit,USD,739753.13,blocked,2026-01-28 08:35:49
1393,1632,RU17FAVQ4182865490787,savings,KZT,566707.01,blocked,2026-01-30 10:35:44
1394,571,RU50FKKB5415190937577,debit,KZT,1615944.01,active,2025-07-02 20:21:41
1395,1572,RU59AOZS6061694135128,savings,USD,1597259.58,blocked,2025-10-27 03:07:22
1396,1421,RU52IZRG6955958277069,savings,EUR,3967714.45,active,2025-06-15 21:30:15
1397,1643,RU82TEEN9156949060827,credit,KZT,1916542.87,closed,2025-11-02 06:31:04
1398,1104,RU58NDAA2351209459691,credit,USD,2662839.69,active,2025-09-19 14:10:28
1399,172,RU39KYPG4943856337598,credit,EUR,2109781.96,closed,2026-02-18 19:33:21
1400,1421,RU03WXIS1387870188111,credit,KZT,3515763.47,active,2025-09-10 16:33:53
1401,6,RU34XHHZ7952331432417,debit,KZT,1812629.81,blocked,2025-06-14 02:21:45
1402,1887,RU21AVOY1278796338790,debit,KZT,4556898.28,active,2026-03-18 20:07:33
1403,1740,RU52QXCG2208220448435,debit,USD,2302481.54,closed,2026-04-19 21:55:22
1404,1870,RU34DTPQ8164957104259,savings,KZT,1054476.11,active,2025-05-14 21:53:39
1405,1530,RU72SAAW2842241701831,debit,KZT,4810297.87,active,2025-09-16 19:22:41
1406,1502,RU96HPPV4340305792517,debit,EUR,4824601.05,active,2025-05-14 05:16:54
1407,1437,RU61HHHL8136822015297,debit,EUR,2908453.76,blocked,2026-03-14 10:40:08
1408,1217,RU34TNRL4621167006208,debit,KZT,735286.47,active,2025-05-23 21:27:34
1409,502,RU66EDEI0766453629213,debit,KZT,2846346.59,blocked,2025-06-20 08:39:15
1410,1568,RU74XKBU1134496895092,debit,USD,3718046.13,closed,2026-01-19 12:16:34
1411,1944,RU76SCQJ8994549497254,savings,USD,2058200.89,active,2025-10-12 15:19:22
1412,1601,RU10OEVY0474421756394,credit,EUR,67033.89,active,2025-06-22 18:09:50
1413,123,RU90SAIM5144446574814,credit,KZT,3021263.82,active,2025-11-04 16:14:31
1414,329,RU75XKFK2888646508930,debit,USD,4163567.79,blocked,2025-11-24 10:17:46
1415,1457,RU94IHCP8421391369975,savings,EUR,2509860.32,active,2025-10-04 18:04:53
1416,1908,RU39IQHT3777271542241,debit,USD,4865638.52,closed,2025-09-16 20:18:19
1417,1948,RU56FKYZ0383412472237,debit,EUR,1060109.35,closed,2025-05-14 23:07:00
1418,449,RU45EBOJ1975370063239,savings,KZT,4112702.32,closed,2025-12-14 04:58:28
1419,1724,RU66TRVU8773352108583,debit,EUR,2342712.04,active,2026-01-01 16:47:35
1420,1315,RU02UOLL8263218945108,savings,USD,824956.97,active,2025-12-30 08:22:38
1421,869,RU93QLYQ9981811994281,debit,USD,542896.01,active,2025-09-11 01:48:46
1422,1236,RU95PWRH4206433955343,savings,KZT,1198410.06,active,2025-11-19 12:58:02
1423,219,RU79GJSV7197204093242,debit,KZT,2985956.67,active,2025-07-05 03:05:15
1424,1130,RU55IYGU0091731633243,debit,EUR,4646080.34,active,2025-08-05 18:00:58
1425,175,RU59AVQU7244783907121,credit,EUR,225327.82,blocked,2025-05-10 22:57:46
1426,99,RU71FLPT8969102419827,savings,KZT,4717602.2,active,2025-09-08 17:23:58
1427,1540,RU83YFIJ9520769915283,savings,USD,2501580.2,active,2026-02-09 04:51:59
1428,801,RU69CCYS7789516650180,credit,USD,4869279.86,active,2025-08-29 21:17:52
1429,835,RU36BLIJ0277601231625,credit,EUR,505913.41,active,2025-05-02 09:57:06
1430,1203,RU03PLCA0036685743973,savings,USD,2932204.66,active,2025-08-13 21:17:50
1431,331,RU49RIZO1845816302129,debit,EUR,2316068.01,active,2026-01-27 05:44:47
1432,475,RU80ZCRF3637251129803,debit,EUR,3271446.53,active,2025-11-04 00:37:30
1433,1058,RU48YXCB2623705067482,credit,EUR,3257323.18,active,2025-10-14 00:00:23
1434,1609,RU71VLFE9254654763169,debit,USD,1454917.11,closed,2026-03-21 15:14:40
1435,1926,RU56CJLL9036535423724,savings,KZT,4453508.98,blocked,2025-07-25 01:51:40
1436,428,RU80NNOM2267617479045,credit,EUR,375916.45,active,2025-11-29 09:05:15
1437,1286,RU09YKFY2420596425497,savings,KZT,4023827.5,active,2026-02-14 19:47:01
1438,1783,RU71RBMI3719603489731,savings,EUR,4337800.85,active,2025-11-02 23:23:16
1439,193,RU47DNBD5653995211542,savings,USD,849418.48,active,2025-06-24 22:13:16
1440,140,RU71IACL0437908680883,savings,EUR,1817278.0,active,2025-05-20 20:12:17
1441,367,RU89KQWX5583645487597,credit,USD,1290462.55,blocked,2025-07-31 15:31:36
1442,1563,RU44SSYY7425429043682,savings,EUR,4620879.7,active,2025-11-30 02:10:06
1443,1000,RU77ZPKM8497850786725,debit,USD,4295157.27,blocked,2025-09-29 01:39:16
1444,1756,RU83HBYQ1580867894511,credit,EUR,645792.21,active,2025-11-08 05:50:29
1445,1731,RU33THVF4671999275237,credit,USD,1869041.79,blocked,2025-11-05 16:54:49
1446,922,RU96DAAX2959635187570,savings,EUR,214335.2,active,2026-02-05 00:12:21
1447,1620,RU30LGFB9361301446419,debit,EUR,4106353.94,active,2025-06-22 05:48:46
1448,1748,RU54PFWS4103675806932,debit,USD,1879732.62,closed,2025-09-25 06:45:06
1449,1749,RU95WXYY8940117130370,debit,KZT,1941726.77,blocked,2026-01-08 02:07:26
1450,192,RU29TODQ4679087737316,savings,USD,2342975.0,closed,2026-04-07 18:58:32
1451,1676,RU61ZSZE7592746010069,savings,KZT,430026.91,active,2026-04-14 12:32:19
1452,1966,RU10UOPJ0097018325661,savings,USD,998155.53,active,2025-05-18 06:06:24
1453,650,RU87RAMD0853700700102,savings,EUR,2431988.79,blocked,2025-06-06 14:47:17
1454,571,RU56YEEX1268390510118,savings,KZT,2725861.03,blocked,2025-06-18 17:28:31
1455,1312,RU88CXMS3491067698710,debit,USD,2841464.65,closed,2026-02-17 21:18:25
1456,779,RU30DJTJ1163282251964,debit,USD,3948006.09,blocked,2025-07-15 02:24:53
1457,111,RU32YESK8616721170254,debit,KZT,4763272.4,blocked,2025-08-06 00:21:19
1458,517,RU09JZTM5502421825480,credit,KZT,418872.83,active,2025-08-07 14:10:16
1459,830,RU29KWOL9502424263352,debit,USD,4369005.67,blocked,2026-03-27 14:11:30
1460,860,RU29HDVO5487713202061,credit,KZT,3348552.35,active,2025-07-03 16:55:21
1461,1701,RU97WGTZ2031867674482,debit,KZT,4474887.98,blocked,2025-09-03 01:02:17
1462,1973,RU84FQXP8073900496309,savings,KZT,993827.94,blocked,2025-10-27 06:15:40
1463,974,RU84MNMO6296029649910,credit,EUR,3919503.1,blocked,2025-09-07 23:09:40
1464,1870,RU34IZWP1649545844657,credit,EUR,1946300.7,active,2025-11-27 01:14:03
1465,1604,RU31OWDH7153427893287,credit,KZT,389965.76,closed,2025-12-18 15:30:01
1466,297,RU11YGEZ2766548427494,savings,EUR,4931853.37,active,2025-04-28 17:25:08
1467,309,RU10NWJK4030021436659,savings,KZT,2497728.9,active,2025-06-06 08:04:53
1468,1623,RU23JLGR8232345335668,credit,USD,1314750.67,active,2025-10-15 04:42:09
1469,1932,RU04ZFEY8965754920398,debit,EUR,2247193.93,closed,2025-05-31 01:27:06
1470,75,RU71ADGH7619157701411,debit,EUR,4895180.91,blocked,2026-01-18 16:32:11
1471,1119,RU17CLXY8162315394281,debit,EUR,1888405.3,active,2025-07-13 16:19:19
1472,1951,RU25DLRO6509163975057,debit,EUR,2884605.31,active,2025-09-14 00:13:42
1473,1667,RU44XTYZ2151098100944,savings,KZT,1510420.41,active,2025-11-04 04:57:42
1474,1678,RU51HABE7732065694276,debit,EUR,2496154.19,blocked,2025-10-01 00:26:56
1475,841,RU46UGRA8263267631143,savings,USD,4141101.12,blocked,2025-11-12 09:29:05
1476,1995,RU98CXBO5398714142642,savings,KZT,4631817.95,blocked,2025-10-06 14:00:47
1477,765,RU56SHAZ6461438381674,debit,EUR,2974864.16,closed,2025-10-09 11:50:56
1478,782,RU87WXEW8954058474389,savings,EUR,3443064.73,blocked,2025-12-25 11:29:47
1479,581,RU34JPKE8972459798982,credit,EUR,4689569.77,active,2025-05-27 05:52:04
1480,1651,RU48FZJK5404210014996,debit,KZT,3248473.31,closed,2026-04-20 08:41:17
1481,843,RU41DDYP7854539057986,debit,USD,3749968.45,closed,2026-04-18 07:35:18
1482,1116,RU77MEXN9233953002553,debit,EUR,2221072.68,closed,2026-03-02 04:26:50
1483,67,RU15TKVF5637731252458,credit,USD,4258674.58,active,2025-07-18 18:34:29
1484,1592,RU94XPZB1311175173358,savings,EUR,1906018.08,active,2026-03-21 18:52:49
1485,962,RU85GNEJ9215156944387,debit,USD,4838112.89,blocked,2025-09-30 14:01:09
1486,1860,RU35RPCO1359358910548,credit,EUR,3923391.21,blocked,2025-04-26 04:04:24
1487,1925,RU23YYFK6273964331612,savings,KZT,2538296.51,active,2026-03-30 19:43:17
1488,1349,RU51AUTT2868784277515,savings,USD,4192582.39,blocked,2026-01-09 16:48:25
1489,495,RU61HMVO2097506699128,debit,USD,164340.38,active,2025-06-21 18:45:01
1490,1619,RU75KXMQ5944164933111,savings,EUR,4100351.92,closed,2025-08-24 12:13:56
1491,687,RU25KMYU8540262180603,debit,EUR,4964152.8,active,2025-11-25 01:03:24
1492,1994,RU47YNHF3518522916561,savings,KZT,3081723.32,blocked,2026-03-10 23:50:00
1493,106,RU63GWBO3987148454430,credit,USD,645223.45,blocked,2026-01-30 23:41:27
1494,356,RU34AOUJ5777414651831,savings,USD,2586868.11,blocked,2025-07-21 21:58:49
1495,204,RU11MHGY2533630575786,credit,KZT,2521780.98,closed,2026-02-21 19:13:12
1496,803,RU63MBOB2507666069508,credit,USD,4186852.05,active,2025-08-26 10:13:03
1497,418,RU86LWEN1068965532647,debit,KZT,129175.51,active,2025-12-23 10:54:24
1498,1578,RU40IDUW4124043968483,credit,KZT,140063.85,closed,2026-04-15 17:45:00
1499,1992,RU22KSZY6000182087163,debit,EUR,1912641.84,active,2025-10-16 10:02:14
1500,1300,RU77QRDS3927191899381,credit,USD,933589.3,active,2025-08-16 12:42:25
1501,397,RU96TRPT2165018175760,credit,KZT,3631836.79,blocked,2026-02-16 09:45:31
1502,534,RU21DQBQ6752262491528,credit,KZT,1375549.16,active,2025-12-22 21:20:05
1503,48,RU86THFQ1665177313197,credit,EUR,4334828.29,active,2025-10-18 12:34:08
1504,1899,RU09JSHD3527625593765,credit,KZT,536276.19,active,2025-08-02 23:09:21
1505,1833,RU75CCQE5665163917271,debit,KZT,387829.76,active,2026-04-12 16:20:50
1506,1717,RU27YKIR3628134135033,debit,USD,504257.93,active,2025-09-30 21:34:21
1507,151,RU70JMAW7496875744654,savings,EUR,382487.11,blocked,2025-09-15 22:48:46
1508,1823,RU51WIRE1873982125588,savings,EUR,4541603.7,active,2025-07-02 01:06:21
1509,612,RU12PPIB5031513465086,debit,KZT,3298672.3,closed,2026-03-21 04:35:07
1510,65,RU37KWNT9638744771341,debit,USD,4968704.15,blocked,2025-12-17 16:07:47
1511,1229,RU47FKXH8341065729976,credit,KZT,792782.95,active,2026-04-18 01:34:11
1512,250,RU22MLNY2067039336777,debit,EUR,148746.66,active,2025-11-10 09:15:04
1513,1049,RU28IJDB8439711820034,debit,KZT,4334504.42,active,2026-04-07 04:29:24
1514,445,RU36BTXH5827173203106,debit,USD,693686.54,active,2026-01-30 20:15:12
1515,1417,RU08MMJN5184788797888,debit,USD,1369058.74,active,2025-05-28 22:24:34
1516,714,RU64JLQU7957971149179,credit,EUR,3259970.73,blocked,2026-02-06 14:54:15
1517,1657,RU98JNCU9069239510832,savings,USD,2563770.08,blocked,2026-04-16 10:05:45
1518,396,RU27YPVQ6686899842003,savings,KZT,990184.34,active,2025-09-22 18:35:29
1519,211,RU33FMZK0305241142076,credit,EUR,1558614.06,active,2026-01-28 15:16:43
1520,1000,RU37LDZH3529495760396,savings,USD,2119262.87,active,2026-03-06 01:51:18
1521,653,RU87WCAR4929704538687,credit,KZT,3036870.95,blocked,2025-07-09 18:43:16
1522,1162,RU15MCEW9767621354561,savings,USD,4489575.49,active,2025-10-14 17:55:54
1523,343,RU35IXHD5383489953120,debit,EUR,1266065.24,blocked,2025-08-15 04:33:37
1524,1237,RU04BQYK9040024170364,credit,EUR,1761914.43,active,2025-06-06 17:48:13
1525,369,RU34FHZP3313424147189,savings,USD,3954690.97,active,2025-07-27 11:43:10
1526,149,RU52PMFC7794292101727,debit,EUR,1858929.81,active,2026-02-19 22:47:27
1527,644,RU09IRYE1517507963132,debit,KZT,1593627.12,active,2026-01-26 14:16:23
1528,674,RU14IVBV4961965196627,debit,USD,2837778.79,active,2026-04-07 06:05:22
1529,477,RU48CILP0658686237857,credit,KZT,1928568.83,closed,2025-07-14 14:48:16
1530,1080,RU69ODVO1219993917670,debit,KZT,2805232.54,closed,2026-04-01 06:42:06
1531,1654,RU12VYPU0022796244527,credit,KZT,2870168.04,blocked,2026-01-13 03:07:08
1532,1549,RU91QJGA0398780646594,savings,USD,4067158.98,active,2025-07-08 18:30:37
1533,102,RU20XTCV8684987493203,savings,USD,234912.43,active,2025-10-03 19:24:15
1534,245,RU55XSEF6868703755785,debit,USD,856527.51,active,2025-12-08 19:18:09
1535,785,RU48ZJKP6530924643081,debit,EUR,107322.22,active,2025-12-29 04:35:46
1536,1605,RU82HEEF5750412266435,credit,KZT,4558304.07,active,2025-06-13 02:44:17
1537,1724,RU96XYAS4557314926622,savings,KZT,4479251.8,closed,2025-05-08 09:48:56
1538,691,RU78ZVIP7603828071002,credit,KZT,348201.12,active,2026-03-11 11:57:11
1539,1644,RU13IKQY8641793996979,savings,EUR,1505690.36,active,2026-02-09 22:06:35
1540,709,RU41HVYZ3933833876883,savings,KZT,2782694.56,active,2025-10-31 23:54:41
1541,1255,RU85RXZM8982581738681,debit,USD,1492920.63,blocked,2025-10-31 19:25:09
1542,1739,RU52MLFX2350799378735,credit,KZT,4215535.14,closed,2025-06-02 02:49:42
1543,60,RU47EDST8068496033429,debit,KZT,4127457.19,active,2025-06-03 01:07:27
1544,662,RU29YTXL0867226628107,credit,EUR,2178976.63,active,2025-05-27 09:33:50
1545,392,RU57MOOX7867397181905,credit,USD,4080921.94,closed,2025-04-25 03:14:43
1546,1914,RU75USOI6899330537406,credit,KZT,1299178.77,active,2025-06-05 05:57:10
1547,99,RU75FIEM1033248773651,savings,KZT,1319371.93,closed,2026-02-24 15:41:41
1548,1664,RU36QRIY9198661329406,savings,USD,3493625.49,active,2025-12-05 19:21:59
1549,944,RU77HLPF4763985726850,debit,KZT,1597344.07,active,2026-02-09 15:58:54
1550,1197,RU43AOER4385800999866,savings,EUR,2234451.92,active,2025-11-11 20:22:43
1551,1081,RU87VWSF4505149048735,debit,EUR,2390156.16,blocked,2025-08-10 04:01:33
1552,660,RU59XTPL4345364996107,credit,USD,1129926.76,active,2026-02-14 18:42:31
1553,607,RU59PXST7722226461533,credit,KZT,1765695.48,active,2026-01-04 07:59:41
1554,1326,RU06BAEP0275076976938,credit,KZT,3475130.36,active,2025-11-01 07:14:54
1555,124,RU77WBKD4538690168120,debit,KZT,3352824.27,blocked,2026-03-07 02:16:05
1556,789,RU16PKAB0699155859392,debit,USD,523569.06,active,2026-03-05 08:10:32
1557,1210,RU28EIIK5652322148944,credit,EUR,4292435.71,active,2026-01-23 09:00:08
1558,930,RU80YCGT9951769933038,credit,KZT,4239187.09,active,2026-04-13 05:27:13
1559,267,RU14CKNS5907056951063,debit,USD,1928493.17,blocked,2026-03-26 06:13:07
1560,1271,RU75NDUZ1287408117306,credit,KZT,3900325.28,active,2025-05-19 20:57:12
1561,570,RU23SZTH8214528789999,savings,KZT,3431643.73,closed,2025-12-31 00:33:21
1562,210,RU32MEQS3028405218505,debit,USD,4381104.98,active,2025-07-25 15:23:35
1563,34,RU41MBRG1912604858965,savings,KZT,1334516.59,blocked,2026-01-05 06:24:31
1564,1088,RU02ITRC8440938654719,savings,USD,1328628.05,closed,2025-05-25 20:44:51
1565,726,RU44YFPU0548748705662,savings,KZT,753949.61,closed,2025-10-07 12:59:13
1566,1041,RU85HAZX0560944615012,savings,KZT,2207261.65,active,2025-05-31 04:52:08
1567,101,RU98YVYX3506656605059,credit,USD,3660276.05,blocked,2025-07-07 12:45:44
1568,603,RU08AQLU5765789379391,debit,USD,884048.88,active,2025-11-14 21:04:16
1569,1245,RU81TJPI3729903521960,savings,EUR,2168393.14,active,2025-12-30 05:33:33
1570,510,RU75SDAE7647142432111,debit,KZT,576824.34,active,2025-12-02 14:43:31
1571,546,RU25USBE6623773813309,debit,KZT,2661126.49,active,2025-07-20 03:59:43
1572,1808,RU94RHDI5237803463328,credit,EUR,3579400.77,blocked,2025-09-22 19:08:46
1573,208,RU23OIUE5656866805800,debit,EUR,4120519.22,active,2025-11-01 12:31:22
1574,422,RU73BWLR9538157501543,debit,KZT,1738817.93,active,2026-01-22 08:13:07
1575,1222,RU08VRWX5781807794914,savings,EUR,16531.25,active,2025-11-04 15:43:36
1576,1860,RU88QQZD5144661995417,credit,EUR,2384314.89,active,2026-03-20 07:39:37
1577,1857,RU54CBAN5626668854553,credit,KZT,851992.64,active,2025-06-26 22:26:12
1578,384,RU54YUVM3776659959902,savings,USD,710026.44,active,2026-01-06 21:03:03
1579,972,RU98VHIJ2381622664849,savings,USD,105113.41,active,2026-03-31 11:06:14
1580,158,RU79UDQU6146288363580,debit,EUR,3801543.5,active,2025-12-09 21:43:04
1581,722,RU95VLYG3151313561170,savings,EUR,6031.36,active,2025-10-23 17:50:38
1582,225,RU47FPQJ7344793722391,debit,KZT,2836766.38,active,2026-03-13 15:17:56
1583,468,RU61PYMC9682258858431,credit,EUR,837356.38,active,2026-02-18 07:06:12
1584,193,RU27GUWY5740874740739,debit,USD,4019659.2,active,2025-10-15 23:52:43
1585,1005,RU80PESU6175657799061,credit,USD,4948975.8,active,2026-01-05 20:36:15
1586,997,RU38QHXJ4251180954551,savings,USD,2294295.06,active,2025-08-18 03:57:40
1587,1455,RU56SVEJ1528634840161,savings,EUR,3872856.95,closed,2025-10-28 07:42:10
1588,231,RU44VOBU6491445337520,savings,EUR,2597025.19,active,2025-06-19 15:43:12
1589,841,RU57DLMT1461641573376,debit,EUR,4970441.23,active,2025-11-02 13:19:16
1590,64,RU94QIAX9134178109071,debit,EUR,3705321.13,blocked,2025-09-09 19:13:30
1591,423,RU69SLPU1451495149558,credit,KZT,970016.72,blocked,2025-12-27 06:37:07
1592,222,RU28YGRP3680729661808,savings,EUR,3394328.83,blocked,2026-03-29 10:57:56
1593,1080,RU63IHQQ1684827230990,debit,USD,4551726.35,active,2026-04-03 01:54:03
1594,679,RU51OAZJ6445030060451,savings,EUR,2087054.13,active,2025-08-21 08:17:26
1595,391,RU38VTTB8187330027632,debit,EUR,2600868.59,active,2026-03-13 04:13:52
1596,1255,RU85ZOFF3736950432605,debit,USD,3976869.19,closed,2026-02-25 00:03:44
1597,1623,RU28SBIO3535226549305,savings,USD,551842.7,active,2025-11-02 23:31:31
1598,1899,RU14GSOG4513599642606,credit,KZT,2332121.04,active,2025-11-12 09:38:13
1599,1980,RU85BWAT8972740514316,savings,EUR,2791146.1,active,2025-08-19 03:22:14
1600,998,RU49JCZC9913656402542,savings,KZT,3999125.54,active,2025-10-16 11:27:12
1601,84,RU36NBBN2892238435799,debit,USD,4127527.53,active,2025-05-13 20:59:09
1602,1001,RU71GRUT5945892251747,savings,KZT,2152183.82,active,2025-05-12 14:18:33
1603,515,RU45KFTI9775655128895,debit,USD,4393731.76,closed,2026-01-06 14:28:34
1604,1964,RU20NGRG6766570310122,credit,KZT,4768472.59,active,2025-06-17 14:43:45
1605,1502,RU51UCHH8753421448354,debit,USD,2926538.96,active,2025-08-14 03:39:35
1606,449,RU88VYYK7498839683825,debit,USD,4664740.88,active,2026-03-04 10:51:56
1607,1390,RU94ELJG0935352151734,credit,USD,2113393.87,active,2026-04-05 00:51:55
1608,536,RU33ZMNA6899247157561,savings,EUR,1554368.27,closed,2025-10-09 11:17:26
1609,1391,RU54ARBV1030221239551,savings,EUR,696742.62,active,2025-07-29 07:32:53
1610,278,RU78FDNT8323285414226,savings,EUR,998416.35,active,2025-05-26 11:01:08
1611,609,RU84HUEN2144537150451,credit,EUR,2306310.76,active,2025-09-16 05:26:42
1612,1603,RU21TMPR7788011591326,savings,KZT,693910.77,blocked,2026-01-17 18:58:50
1613,642,RU06RJFG2635546903369,credit,EUR,3563279.93,blocked,2025-09-07 18:30:52
1614,876,RU94WGCB5719732381545,savings,USD,4807273.16,blocked,2025-05-03 23:07:08
1615,1869,RU23KEOR7626023564093,credit,KZT,4787501.28,blocked,2025-05-27 13:24:23
1616,1548,RU60ATTY9868919507867,debit,EUR,4534337.07,active,2025-12-04 14:11:08
1617,1049,RU92SMSS9938191948746,savings,KZT,3104827.82,closed,2026-03-30 02:55:35
1618,601,RU23DFHV1900241551758,debit,USD,630553.27,active,2025-10-19 22:52:12
1619,1654,RU96YMGO3533270289966,credit,USD,4196150.99,active,2025-05-14 10:57:43
1620,554,RU16NQNZ8584311621065,credit,KZT,1668083.79,active,2026-03-08 10:13:33
1621,596,RU65YCJW9473965431055,credit,USD,3453273.92,active,2025-06-09 09:06:59
1622,1517,RU25OPCV0302759608895,credit,EUR,2554593.53,active,2026-01-20 16:19:11
1623,420,RU13RMTO9358434231494,credit,KZT,2810684.21,blocked,2025-06-15 04:33:15
1624,458,RU53YKFX1258606209818,credit,EUR,4261426.22,active,2025-12-23 04:48:17
1625,637,RU79BVIB9991514140508,credit,KZT,4028278.6,closed,2026-01-15 07:42:48
1626,412,RU25LAVC3474296364122,debit,KZT,1178.52,closed,2026-03-30 22:26:32
1627,248,RU39ZNJO2543924539604,credit,KZT,1236783.22,active,2025-10-24 04:47:16
1628,51,RU46EIAR1744253968527,credit,USD,1954178.75,active,2025-08-17 16:40:50
1629,829,RU79ZNQF0918812246614,savings,KZT,4101534.52,closed,2025-08-02 07:05:42
1630,1683,RU65FYYR0970209790963,credit,EUR,2196210.12,closed,2025-06-10 01:27:48
1631,886,RU59LDVK9117533170253,debit,EUR,109267.73,active,2026-03-07 02:37:42
1632,1525,RU34HPTP0860437758725,credit,KZT,854706.68,closed,2025-07-10 00:35:44
1633,976,RU55GOCP2015333003256,savings,USD,1447955.72,active,2025-12-07 20:51:53
1634,1010,RU26SZNI7413311519683,savings,EUR,1376631.56,blocked,2026-01-19 03:46:59
1635,1639,RU55TJRY4226631543099,debit,USD,2085065.45,blocked,2025-06-19 18:12:02
1636,58,RU68AGUU4913156536671,savings,USD,601512.36,blocked,2025-04-27 11:53:56
1637,1189,RU94GMJN3514522823253,savings,KZT,3225899.83,closed,2025-10-12 20:02:12
1638,88,RU42JQVK2979934965775,savings,KZT,2340067.63,blocked,2025-08-08 18:07:16
1639,19,RU15RHUH5219706406412,debit,USD,2503691.26,closed,2025-07-14 01:48:06
1640,715,RU65GWZX1540244783075,credit,EUR,1953731.0,active,2025-06-29 23:37:02
1641,1344,RU19ADMG2703491410526,debit,USD,3280010.99,closed,2025-09-01 23:36:38
1642,942,RU33TUMG6427212645436,credit,KZT,1392422.38,active,2026-04-16 20:37:03
1643,807,RU79PNQU7967467269863,debit,EUR,2419239.56,blocked,2025-12-14 12:02:36
1644,1350,RU82AZCW3332798821702,debit,EUR,3542792.42,closed,2026-02-18 08:25:18
1645,1350,RU87UNVP1996149491851,credit,USD,647980.43,active,2025-12-07 21:41:16
1646,1957,RU27JXOL6160384952606,credit,USD,2922881.63,blocked,2025-05-19 10:59:11
1647,93,RU97QFFQ7956141096615,debit,EUR,796739.19,active,2026-01-06 13:52:13
1648,218,RU60TFTG2578908850690,savings,EUR,2382588.62,active,2026-02-16 22:21:27
1649,1656,RU51GBWY3471120273023,credit,KZT,528053.61,active,2026-01-31 00:09:40
1650,1828,RU49QULU9512920722303,savings,USD,4611956.62,active,2025-12-16 20:32:37
1651,513,RU50HLXR2339895111399,debit,KZT,4234162.46,active,2025-10-11 16:31:55
1652,1564,RU15PYXP3879278767823,savings,EUR,3156838.98,active,2026-04-16 21:18:23
1653,357,RU73MAUR4229665144486,savings,KZT,3493929.9,blocked,2025-06-13 22:51:27
1654,1306,RU64KOIG0620681484991,credit,EUR,999472.41,active,2025-10-30 22:36:01
1655,897,RU88SQWO2029811300843,credit,USD,1128257.2,active,2025-10-08 18:56:56
1656,1667,RU10UGSD4198117963305,credit,KZT,431005.47,active,2025-12-23 12:58:17
1657,1966,RU63AOYI9504432719298,credit,KZT,1018494.51,active,2026-04-05 03:15:51
1658,11,RU52UAEW8441616936240,savings,USD,2841906.85,active,2025-09-02 12:50:53
1659,380,RU09QXQY5163238137057,credit,EUR,4788760.33,closed,2025-11-01 21:52:45
1660,390,RU70WVJC0376226594152,debit,EUR,4138051.12,closed,2025-09-06 23:03:17
1661,731,RU71LZRG8516357811644,credit,EUR,4267254.58,active,2025-10-10 15:49:43
1662,876,RU83WNNQ4713290102915,credit,USD,4370010.53,closed,2025-05-23 13:32:30
1663,261,RU83QYVK1185811014602,credit,USD,505464.11,blocked,2025-07-21 18:17:22
1664,106,RU75GYXL3596828901408,credit,EUR,1655268.05,active,2026-03-08 04:31:06
1665,1927,RU09DEWH5631676602716,savings,USD,1952741.62,active,2025-05-19 14:33:17
1666,1787,RU88RSFO8884787181938,debit,USD,374810.84,closed,2025-07-25 23:11:05
1667,1748,RU51HJPV7051047308028,credit,EUR,2500734.99,blocked,2025-12-19 11:22:37
1668,117,RU75FDGD1482414304446,credit,EUR,4459150.07,closed,2025-10-23 03:01:41
1669,1919,RU89SORU9425963490019,savings,EUR,150860.17,active,2025-10-03 20:58:27
1670,535,RU23ONQX9334500419511,debit,USD,4440252.13,active,2025-06-16 07:27:09
1671,419,RU64GUBG0766170616684,credit,EUR,1648716.24,active,2025-07-23 17:18:00
1672,1011,RU35NJZW8209872848181,debit,EUR,4521715.0,active,2025-09-04 12:42:10
1673,145,RU90RMSM9234440557247,savings,EUR,3696707.67,active,2026-04-02 21:27:42
1674,1130,RU04YOFC3963620916049,savings,KZT,1353271.52,active,2025-06-02 15:06:34
1675,73,RU74VJDP2319017066863,savings,EUR,1126999.96,active,2025-10-07 19:12:18
1676,979,RU50OEDW8589358404705,savings,KZT,108194.87,active,2025-05-03 10:49:26
1677,1585,RU73WOCZ2656564165666,debit,EUR,3041086.34,blocked,2026-01-13 01:20:29
1678,1401,RU76ODKO1112070180589,credit,KZT,2762927.3,active,2025-09-20 13:27:11
1679,1569,RU34GYLS6792625525761,savings,EUR,627061.73,blocked,2025-11-22 15:19:06
1680,283,RU65LAWW3359848086186,debit,USD,590844.79,closed,2026-04-09 02:53:49
1681,754,RU37VYVW8304342299785,savings,KZT,1716285.06,active,2025-07-24 17:05:45
1682,476,RU39GEDW0133989309040,debit,EUR,51238.2,blocked,2026-02-07 12:10:01
1683,1542,RU49BHPN5849014056502,credit,EUR,229852.82,active,2026-03-28 08:31:21
1684,1475,RU51LORP0909590279904,debit,KZT,383981.77,active,2025-10-10 12:49:32
1685,370,RU13MGMT1991838648836,savings,KZT,1571315.29,closed,2026-01-02 16:10:43
1686,1824,RU84ENSN1636771775296,debit,USD,649451.51,blocked,2025-10-26 03:00:31
1687,1347,RU43WVSW4269154897881,debit,EUR,384942.37,active,2026-04-22 15:25:56
1688,1114,RU17VUID2452770508755,debit,USD,3526570.68,active,2026-04-06 19:48:05
1689,1875,RU61BKNF4481888678950,debit,USD,3565956.16,active,2026-02-20 05:15:28
1690,1130,RU89DHSD9387074142013,savings,EUR,1221784.75,active,2025-08-25 01:10:09
1691,1430,RU53ITVZ8438281404624,credit,EUR,522786.48,active,2026-04-07 21:45:41
1692,842,RU73PRNV3572362733089,credit,EUR,2431552.27,active,2025-07-11 06:27:29
1693,1868,RU45AHJK4468432109549,debit,EUR,1153449.1,closed,2025-07-14 01:42:14
1694,252,RU06MRND7730790991998,savings,EUR,4082082.17,active,2025-05-07 03:29:58
1695,482,RU86ZIMO6170995110356,credit,USD,3249890.52,blocked,2025-06-06 13:58:11
1696,44,RU52XFKP6210902805795,savings,KZT,1352222.56,closed,2025-09-19 09:58:28
1697,616,RU59LAAZ0444156630572,debit,KZT,1396183.32,closed,2025-09-19 07:44:02
1698,1015,RU46PLNE2021758928390,debit,USD,1923931.59,active,2025-07-19 09:11:59
1699,422,RU52KGOA1376072032489,savings,KZT,3299968.55,closed,2025-05-13 12:17:01
1700,1353,RU42GYEH7756779466853,savings,KZT,2708204.28,active,2026-04-22 04:44:54
1701,54,RU77FIDY4842689880775,credit,USD,4613570.72,active,2026-03-03 21:12:25
1702,1543,RU25PUJN5857856451924,credit,KZT,3786503.83,active,2026-01-30 02:00:25
1703,1699,RU66EOSH4682985165228,credit,USD,4328845.72,active,2026-03-02 18:40:16
1704,224,RU93PGKD1877863414487,credit,USD,4762415.49,active,2026-03-22 15:07:11
1705,1921,RU46VPOJ7639710318872,credit,USD,2119751.27,closed,2026-02-15 20:54:11
1706,1063,RU22PPSN0688867420505,savings,KZT,4801564.74,blocked,2026-02-06 18:59:59
1707,1894,RU66PRJM2216346518651,debit,KZT,4538655.26,active,2026-02-27 17:53:51
1708,1398,RU73LHCE1413829879086,savings,KZT,4994031.65,closed,2025-08-16 02:28:36
1709,692,RU49VQNK1466017059396,credit,USD,193992.44,active,2025-09-10 16:25:44
1710,551,RU17OBDW5522641246552,credit,USD,3912349.01,closed,2025-04-28 00:11:51
1711,255,RU56WVXT5787351683202,savings,EUR,3304221.6,active,2026-03-18 09:19:29
1712,367,RU30FZOW1131800214980,savings,USD,87316.17,active,2025-10-21 08:43:11
1713,76,RU77BXYR4755577343282,savings,USD,3189077.75,closed,2025-07-16 19:37:40
1714,837,RU21HTCG2183669498359,debit,EUR,4694232.46,active,2026-04-06 14:14:50
1715,1250,RU63QUAQ4698732975845,credit,USD,4766513.14,blocked,2025-07-02 01:04:57
1716,529,RU54NEPD3702446984598,savings,USD,4345407.8,active,2025-07-20 12:53:11
1717,1291,RU44TXAT0660947830626,debit,KZT,4356324.67,active,2025-07-22 13:51:11
1718,235,RU93JMXK8899872444631,credit,KZT,922093.21,closed,2026-03-23 10:17:05
1719,902,RU87EXQV4209274939098,credit,USD,210735.98,active,2025-05-16 20:00:20
1720,1950,RU89CVCE2021512851368,credit,USD,4876436.36,active,2026-01-11 16:13:16
1721,1731,RU85IBKJ1652370087775,savings,EUR,3591878.17,closed,2025-07-23 08:43:18
1722,717,RU74CTBY0322607347843,debit,KZT,2535182.76,active,2025-11-07 16:23:05
1723,159,RU75FNOI8464310323385,debit,KZT,1629619.44,active,2026-03-11 05:18:48
1724,1685,RU59ZIHO6730585821964,credit,USD,357894.48,blocked,2026-03-29 08:43:53
1725,580,RU17YKTT6822431212558,debit,KZT,1633376.17,active,2025-08-31 07:28:56
1726,1998,RU70QTQG9230781412570,savings,EUR,1874203.32,active,2025-12-20 17:52:09
1727,64,RU06VNOB7792445475971,debit,USD,224008.27,active,2026-04-12 08:27:28
1728,1211,RU55DHDL6873102426459,debit,KZT,3045581.69,active,2025-11-07 14:09:13
1729,1466,RU66XZNH9468458310903,credit,EUR,3917552.27,active,2025-07-15 15:54:36
1730,776,RU82LRVL8726327502719,credit,KZT,3285639.6,active,2025-09-18 05:12:06
1731,1562,RU60EMJF1023872880736,credit,KZT,4775941.57,active,2025-11-28 19:07:14
1732,1032,RU70NXYW4970695990196,credit,EUR,2741616.92,blocked,2025-11-18 12:43:43
1733,1502,RU81VUIH3562395021118,debit,EUR,3991229.53,closed,2025-10-23 15:36:55
1734,1351,RU45PAVB0082220532208,credit,EUR,2205646.05,active,2025-07-07 22:56:24
1735,1713,RU19SHSW5608980466171,credit,USD,4555436.54,active,2025-07-26 14:47:46
1736,1637,RU68ACJP8247599117390,savings,KZT,2279650.05,active,2026-01-17 09:05:54
1737,494,RU24ZMNK0688857602731,savings,EUR,4788085.1,blocked,2025-09-10 18:09:55
1738,164,RU70NAHL0245063270524,savings,EUR,2528711.57,active,2026-01-01 22:39:53
1739,992,RU29CVNT4564686676469,credit,KZT,2245391.14,blocked,2025-07-21 10:44:16
1740,1167,RU43DIFW8400001374378,debit,EUR,1225474.71,blocked,2026-01-10 00:18:13
1741,1198,RU14IPXD0738232258337,credit,KZT,3028122.78,active,2025-09-02 20:52:06
1742,643,RU92NYYF2334501541776,debit,KZT,2043105.45,closed,2025-06-19 20:21:48
1743,1180,RU38LORN6100005911862,savings,EUR,4407324.77,active,2026-04-07 16:36:28
1744,369,RU15UXIP9393348914026,savings,KZT,834687.95,blocked,2025-08-03 12:01:55
1745,1568,RU42SUVM3155580087575,credit,EUR,4650695.7,active,2025-06-11 07:18:10
1746,1781,RU38OKDW3183823708444,debit,USD,120633.39,active,2025-05-21 13:44:06
1747,272,RU44MRUK0138138541842,credit,EUR,4593196.39,blocked,2025-09-07 20:08:08
1748,262,RU53THFM4570177337010,savings,EUR,2785146.96,active,2025-06-08 10:37:31
1749,690,RU61NLGM0549712793108,savings,EUR,3044178.45,active,2026-01-28 16:23:24
1750,93,RU98EMFU7756999060418,debit,EUR,4603697.82,blocked,2026-04-11 21:17:15
1751,838,RU26NTMA9566118289210,credit,USD,3703746.7,blocked,2025-08-13 13:34:38
1752,1552,RU02PKQN4358309753363,savings,EUR,673893.09,active,2026-01-29 06:37:51
1753,1569,RU44DISE8969186175686,credit,EUR,419863.67,active,2025-12-09 17:30:22
1754,1215,RU24GIKV4964220699255,savings,EUR,3247374.4,blocked,2025-08-25 15:52:36
1755,899,RU78QYHB0358087563449,debit,EUR,3612943.4,active,2026-02-17 10:07:47
1756,199,RU76DXBQ8534883192727,debit,USD,2466974.04,active,2025-11-28 07:16:25
1757,1061,RU11ZOQZ3407932818167,credit,EUR,2541631.23,blocked,2025-08-11 23:58:42
1758,662,RU06CPOV1103402073617,savings,USD,3786743.77,active,2025-05-09 12:02:44
1759,1668,RU56JKOY4179184800000,credit,EUR,1054192.77,closed,2025-08-09 06:43:28
1760,1178,RU65CHHB2148904011392,credit,USD,498233.21,active,2025-06-26 12:37:22
1761,243,RU09DLVU8192772443764,savings,USD,2433691.99,active,2026-04-02 01:14:27
1762,347,RU65KMCQ4689158336597,savings,USD,4944039.07,active,2026-04-17 06:18:03
1763,475,RU14JPBU9148719290833,credit,USD,705874.62,active,2025-11-23 15:43:29
1764,1718,RU06QEXM5619789681266,credit,KZT,137723.27,active,2026-04-04 02:35:47
1765,1106,RU67NVTS1699277086657,credit,KZT,34318.87,active,2025-09-13 17:33:22
1766,417,RU86ZJRX6597759776738,savings,EUR,2133086.3,blocked,2025-11-11 12:16:17
1767,259,RU26ABOK0682337339347,savings,USD,4590057.97,active,2025-10-12 19:20:38
1768,1821,RU55YJWC2678865707385,savings,USD,1316019.6,active,2025-08-09 08:33:37
1769,1499,RU85IMAX5217321330587,credit,KZT,4842229.43,active,2026-02-06 06:21:28
1770,1625,RU70VRSF8802295576930,debit,EUR,372677.3,active,2025-11-06 03:19:55
1771,687,RU33QQRG7079919062315,savings,USD,3153489.09,closed,2026-01-09 05:26:31
1772,1592,RU58XJHY4491974708486,debit,EUR,3439999.94,active,2025-10-08 12:33:39
1773,206,RU76PDDW7249859634365,credit,EUR,1588318.47,closed,2026-01-04 23:22:14
1774,1716,RU04ZXBT4162672408962,credit,KZT,4745963.54,active,2025-07-27 17:16:14
1775,281,RU02RVPB1321566701918,credit,USD,4360701.99,active,2026-01-09 17:14:36
1776,401,RU47ODOD0459992071898,savings,USD,758014.1,active,2026-02-02 02:28:11
1777,1018,RU20VAEF1318960503461,savings,KZT,993666.27,active,2025-11-09 17:30:41
1778,1756,RU21UCPH4174146554512,credit,EUR,1071731.19,blocked,2025-05-19 08:06:32
1779,1005,RU29HGKL9164915663036,credit,EUR,1043526.31,active,2025-05-08 06:56:58
1780,857,RU36GHQN4865007443525,credit,USD,3067277.73,closed,2025-07-23 08:53:53
1781,1307,RU94UACS1653647066967,savings,USD,2652775.23,active,2026-03-30 03:42:47
1782,615,RU27PQUD3414524486491,debit,USD,3340211.03,blocked,2026-02-26 15:24:04
1783,1291,RU62VKGL0904351840639,savings,EUR,1786282.23,blocked,2025-08-15 22:40:36
1784,198,RU17ETWI6513271004991,debit,KZT,4814631.84,active,2025-10-03 04:05:18
1785,1986,RU07FNYY4384709819205,savings,USD,1237733.89,blocked,2025-06-07 04:42:05
1786,361,RU41BTDM3392362593286,savings,USD,3303403.69,active,2026-01-18 21:24:23
1787,816,RU33LPXZ1192491283006,credit,KZT,3868635.22,blocked,2026-03-15 11:40:56
1788,1649,RU93FHYR1839245167917,savings,EUR,2060602.59,active,2025-05-04 11:08:20
1789,596,RU21OMDV9607911729233,savings,EUR,1076315.76,blocked,2025-05-16 19:54:57
1790,1152,RU50WKSD3353153562872,savings,USD,3375270.25,blocked,2025-09-22 05:05:58
1791,1657,RU30WJLW0409414771682,savings,USD,1993998.88,active,2025-08-05 10:05:11
1792,995,RU94RVTR2182446821636,credit,KZT,1699867.94,active,2025-08-21 00:42:58
1793,917,RU11ETPA3864732232242,savings,KZT,2862955.98,active,2025-11-17 09:11:34
1794,423,RU81NGOR3681254145287,credit,KZT,4739441.09,closed,2025-12-16 09:48:15
1795,676,RU41RIPL9044741764344,debit,EUR,2699296.78,active,2026-02-28 20:13:07
1796,777,RU04CALO9406525329324,debit,EUR,1667107.11,active,2026-02-15 00:40:28
1797,1569,RU36JIVR3451995508977,credit,KZT,3275002.98,closed,2025-07-13 22:50:58
1798,742,RU50KZIP2815706625016,credit,KZT,4926101.27,closed,2025-09-23 19:45:38
1799,1761,RU88FFAJ3771494872484,credit,KZT,1451647.23,active,2026-04-11 21:05:49
1800,766,RU54SEND5283056820808,savings,USD,1078859.87,active,2025-04-28 12:19:51
1801,74,RU30FAXP8098822092521,debit,EUR,513501.13,blocked,2026-02-24 13:02:39
1802,994,RU96AUWZ9423547913027,debit,KZT,1416165.52,active,2025-07-21 12:59:34
1803,1294,RU92YSES9025100227982,credit,KZT,169856.29,active,2026-03-04 22:51:32
1804,1606,RU23LOSZ9883594326032,savings,EUR,2004353.93,active,2026-03-23 23:27:32
1805,174,RU68FJBR0770037817150,debit,KZT,2523043.81,blocked,2025-05-01 01:02:21
1806,31,RU75MRKE4608889592085,credit,EUR,3024754.43,active,2025-05-30 07:50:28
1807,1508,RU22DLCY2286600999749,credit,USD,972226.12,closed,2026-03-22 22:28:25
1808,640,RU11IDDY7159036487372,savings,USD,2562265.8,active,2025-08-18 13:28:04
1809,562,RU24WLTV0125996848343,savings,KZT,499296.41,closed,2025-10-23 06:57:30
1810,772,RU52WESV7867154295995,savings,USD,466218.91,blocked,2025-11-27 02:03:09
1811,571,RU23ZPCZ9477007191035,savings,USD,4538421.12,closed,2025-11-05 22:58:56
1812,501,RU84GHMH5921723405155,savings,KZT,4965776.62,blocked,2025-09-14 23:21:19
1813,1563,RU80RXRU6631438706115,credit,EUR,542413.17,active,2025-12-03 15:24:56
1814,1998,RU02JEDD8895949192659,debit,USD,3856257.75,blocked,2025-09-13 20:10:33
1815,977,RU63KDPG3666481431374,credit,KZT,3214450.01,active,2025-06-18 01:14:01
1816,1659,RU28AYXA1980110638224,credit,KZT,477849.79,active,2025-07-12 20:55:24
1817,1772,RU60IHFM5495189819785,savings,EUR,1250595.32,active,2025-09-26 19:14:20
1818,1263,RU42KCOT1543698034594,savings,EUR,3615439.04,closed,2026-02-12 14:19:22
1819,477,RU62RTGA4940809100695,debit,USD,1260867.22,active,2026-02-04 19:15:09
1820,692,RU40MTRC9833316792664,debit,KZT,1607893.47,closed,2025-12-11 17:45:27
1821,833,RU96AYWH0750599906408,debit,USD,3452296.3,closed,2026-02-25 20:17:24
1822,1001,RU92DBMO1091796510592,credit,USD,1565767.86,active,2025-08-26 04:56:08
1823,945,RU23ARMK3749455839318,credit,USD,2572641.15,active,2026-04-15 23:40:41
1824,216,RU17LXNM5493478126888,savings,EUR,388444.72,active,2026-02-11 03:53:02
1825,28,RU80XDAP8632019703078,debit,EUR,3740995.66,active,2025-07-08 20:47:17
1826,897,RU06DOXN2325588119127,debit,KZT,4427628.66,blocked,2025-06-28 12:26:01
1827,1283,RU09ONDL1807844246760,credit,USD,700187.08,closed,2025-10-02 14:36:15
1828,818,RU16BIVE5976571254458,debit,USD,588798.81,active,2026-01-27 19:32:37
1829,1889,RU93JZOS5196149901409,credit,USD,2612878.03,closed,2026-04-03 16:20:59
1830,762,RU66AKJU4496252165389,credit,EUR,830562.42,active,2025-11-12 10:14:37
1831,1403,RU73OYZX3907666752442,debit,EUR,4760024.82,active,2025-11-10 22:09:32
1832,1239,RU30AHDY5799706581124,savings,USD,2314937.95,active,2026-04-18 06:11:48
1833,1530,RU06LYBZ7783635096801,credit,KZT,822026.82,blocked,2025-04-27 00:43:43
1834,651,RU70SEEO1662393526017,savings,KZT,752595.03,active,2025-04-25 09:24:25
1835,639,RU49UOFN5581326135427,credit,KZT,997138.92,active,2025-11-18 01:12:33
1836,940,RU63ACVR2332002530467,savings,KZT,306477.84,blocked,2025-12-10 01:54:20
1837,321,RU24XJAY7185331156483,debit,USD,3182081.3,active,2025-09-04 04:25:30
1838,1288,RU82KNFX8753184833649,debit,KZT,1373628.49,blocked,2025-12-06 04:49:43
1839,1494,RU60EDLE9645871663930,savings,USD,3122880.18,blocked,2026-04-21 01:34:10
1840,522,RU69GEFD6880701821557,credit,EUR,3208355.17,active,2025-05-23 07:19:06
1841,1214,RU70IZVC2512188334017,debit,KZT,3653559.73,active,2025-07-01 11:18:01
1842,539,RU39SWCS4455766962536,credit,KZT,634393.74,closed,2025-12-07 07:22:49
1843,1321,RU19ODDP1203457417565,savings,USD,2878702.9,closed,2025-12-14 02:06:07
1844,568,RU52ZTXF3002242237166,credit,EUR,3342816.07,blocked,2025-07-13 12:04:06
1845,345,RU29JHGV3519997211152,debit,KZT,4945447.04,active,2026-04-19 05:11:44
1846,1646,RU79TFOY0993067642011,credit,KZT,717523.33,blocked,2026-03-28 21:10:58
1847,1,RU49PYWH1010910460052,savings,KZT,4479870.76,active,2025-06-15 09:53:14
1848,1048,RU71UBJS5668651038953,savings,USD,3324546.3,active,2025-08-18 17:14:11
1849,1025,RU08PVUF2783929025324,debit,KZT,2801165.53,blocked,2026-02-17 18:38:32
1850,790,RU69IQRR0769657765439,credit,USD,1775603.17,closed,2025-08-24 07:34:51
1851,1087,RU30LTFR9146312453474,debit,EUR,4211113.91,active,2025-12-25 08:21:07
1852,1708,RU94SWVC1608478182223,savings,EUR,715277.12,blocked,2025-11-26 21:17:43
1853,905,RU87UWIV4944748485694,savings,EUR,3945036.31,active,2025-11-25 21:14:27
1854,1843,RU27JKCW4215729914260,savings,EUR,1741554.26,active,2026-03-25 14:11:02
1855,749,RU05PCHG9143827646123,savings,EUR,1730611.79,blocked,2025-07-15 05:45:44
1856,1264,RU46XTLK4525913720677,credit,KZT,1912904.62,active,2026-04-20 15:10:21
1857,1532,RU37UVGB9780399346862,debit,KZT,2210960.76,closed,2025-07-07 21:40:55
1858,12,RU07BWPK3919193828918,credit,USD,1642929.27,active,2026-04-13 21:07:46
1859,520,RU73XGXK0739848550506,credit,KZT,3034265.3,active,2025-12-30 13:41:55
1860,564,RU78QDLD1462785662176,credit,USD,1992071.72,active,2025-08-07 16:40:26
1861,1281,RU68FVOW2438144565149,debit,EUR,4116805.22,blocked,2025-12-15 03:55:48
1862,1295,RU19TOKG0144633845545,savings,USD,869681.07,closed,2026-03-02 18:59:17
1863,213,RU92ZACE2219884813120,debit,USD,145156.01,active,2026-01-22 06:13:34
1864,1508,RU65LTHB8989309222024,debit,KZT,415040.28,active,2025-05-14 23:35:37
1865,909,RU56CZPN6970683828266,credit,EUR,312565.04,active,2026-03-22 09:18:20
1866,1115,RU98OJBV0097735496259,savings,KZT,3275871.01,active,2025-08-30 09:51:03
1867,1715,RU36LSAX1213553012534,credit,USD,4488784.63,active,2026-04-09 23:09:18
1868,1202,RU16VGNX4669370675644,credit,USD,2582185.91,blocked,2025-10-01 22:07:10
1869,1716,RU53AGUC4822119457205,credit,EUR,308355.55,active,2026-03-09 15:11:20
1870,1560,RU33LKHF1685550269450,credit,KZT,3645056.38,active,2025-06-29 05:47:58
1871,909,RU60LQGX6072288499392,debit,USD,3043036.6,closed,2025-09-29 03:41:21
1872,355,RU91ZXRU8668980106528,credit,EUR,4210778.02,active,2025-08-22 01:27:07
1873,561,RU68LJJX3052361416370,credit,USD,589455.14,blocked,2025-11-29 20:56:50
1874,1713,RU31OUFP4200502940799,credit,KZT,2831380.25,blocked,2025-05-27 10:55:03
1875,239,RU63HTOP8810485915905,debit,KZT,3648022.34,active,2025-08-24 12:30:54
1876,1211,RU72IFJR7840414714088,credit,KZT,3833846.12,active,2025-07-16 16:40:35
1877,1307,RU10OPSY5156992291379,savings,USD,407293.39,active,2025-08-20 17:55:39
1878,1715,RU29BUCM8840476330994,credit,EUR,4713344.43,active,2026-02-07 11:32:24
1879,1548,RU86PYUT1415928427677,credit,KZT,1553124.82,blocked,2026-01-22 08:47:01
1880,588,RU33IDNK3746678563716,debit,USD,702989.94,active,2025-09-30 23:47:15
1881,463,RU83JHMC1168595241716,debit,USD,4417959.33,active,2025-08-15 18:09:26
1882,532,RU77QPJP8256343251011,credit,USD,1323461.17,blocked,2025-09-08 03:27:19
1883,1186,RU32AFVZ8831491410112,savings,USD,3862080.35,closed,2025-10-14 20:26:45
1884,1699,RU31BZCU7474815796194,credit,EUR,4158820.48,active,2026-03-13 09:22:55
1885,1199,RU37EGYQ0212458247080,savings,KZT,2690205.97,active,2026-01-20 22:03:00
1886,889,RU39XPBS2785743642542,savings,EUR,4054730.7,active,2025-07-12 18:44:03
1887,701,RU69VJVO0269154666920,credit,EUR,2758504.42,active,2025-05-28 11:06:35
1888,1052,RU69PYWF9722318708633,debit,USD,1092056.34,active,2025-05-05 10:18:20
1889,1889,RU10JYXI5397508290385,debit,EUR,3292002.57,active,2025-10-24 18:27:54
1890,287,RU51MWTQ0284402783626,savings,EUR,1615631.79,closed,2025-09-16 23:33:59
1891,1349,RU84RWIT4147904475153,credit,KZT,1612537.86,active,2025-12-23 16:17:37
1892,735,RU52PUTF6060823820002,debit,KZT,2107617.41,active,2025-08-31 23:11:51
1893,1327,RU56TPRA6782465530922,debit,KZT,4565830.97,active,2025-06-25 10:05:16
1894,957,RU84FFDE8816903583223,credit,KZT,3760473.84,blocked,2026-03-03 11:40:41
1895,1263,RU65FPEH4424160838814,savings,EUR,2880250.04,blocked,2026-02-01 02:10:54
1896,818,RU51YRSU9482233228466,savings,KZT,1263621.27,active,2025-12-12 14:22:23
1897,692,RU94DTSS7108186321337,savings,EUR,2006364.37,active,2026-04-18 23:59:55
1898,1797,RU64YWKW2145544722700,debit,EUR,540168.72,blocked,2026-02-17 20:04:00
1899,552,RU94IQTV9744225973037,credit,USD,2965787.18,active,2025-11-08 03:16:45
1900,341,RU12IQZL0837432006083,savings,EUR,4826212.82,closed,2025-07-09 06:59:23
1901,1949,RU22AUOP3667585987715,credit,KZT,650324.24,active,2026-02-23 11:11:17
1902,1966,RU70OHHH5383790238940,debit,KZT,1547058.42,active,2026-02-28 11:36:48
1903,709,RU46KNTX4761927812079,savings,USD,827545.06,active,2026-01-03 23:51:56
1904,303,RU23UMEI8099522427561,debit,KZT,1507110.39,active,2025-07-03 21:43:34
1905,484,RU52OWHO2017011755567,debit,USD,451744.31,active,2025-06-22 01:51:29
1906,1403,RU98OJPH5106744499890,credit,USD,25718.97,active,2025-09-04 02:08:09
1907,205,RU37ZWPD6778803024923,savings,EUR,3434245.41,active,2026-04-12 17:24:33
1908,968,RU34VVXA0833418715503,credit,USD,4156903.61,active,2026-02-13 13:23:15
1909,1878,RU63TUGB3803543137312,debit,USD,643383.47,active,2025-09-25 12:22:24
1910,1584,RU04WSLZ0488819875997,savings,USD,4099135.59,blocked,2025-12-11 01:03:43
1911,807,RU67HEWF9278099283986,credit,KZT,1734989.06,closed,2025-05-03 15:52:48
1912,455,RU18GSDU0620467863038,credit,KZT,3839451.79,active,2025-09-10 21:53:13
1913,697,RU19CMSC9486707698644,credit,KZT,3053222.05,blocked,2026-04-13 09:44:52
1914,159,RU92ISCD8510154272557,credit,KZT,691261.42,active,2025-05-10 09:36:32
1915,433,RU63HAXD8087258423022,savings,USD,465158.91,blocked,2026-01-02 05:19:45
1916,369,RU08UXPZ2752152723114,savings,KZT,1425535.66,blocked,2026-01-10 11:11:18
1917,1682,RU54HJCX6638267759727,savings,KZT,1305836.47,blocked,2025-07-01 22:25:02
1918,335,RU04OODU9846053465740,savings,EUR,2587225.51,active,2025-10-20 18:34:56
1919,1652,RU94TMZR3486987164629,debit,USD,3430642.03,active,2026-01-02 22:19:37
1920,1767,RU80ESCY7736053908110,savings,KZT,805258.01,active,2025-12-02 09:36:54
1921,1039,RU23ABPW7831826374198,savings,EUR,2274005.64,blocked,2026-01-02 03:12:24
1922,1966,RU53PVXB3225081933922,credit,USD,2112862.88,active,2025-08-18 20:55:45
1923,871,RU22PIUJ5454472787924,savings,EUR,3170951.78,closed,2026-03-02 16:08:22
1924,1644,RU65JZOV7174066867994,savings,EUR,1864753.75,blocked,2026-01-24 17:43:42
1925,687,RU34EAVY6137698237618,credit,USD,559249.02,active,2025-10-04 21:45:43
1926,1089,RU03EKXT3087879091281,savings,EUR,400965.55,active,2025-09-01 03:20:04
1927,1942,RU47FCFM3581567102622,credit,EUR,1289924.92,closed,2026-03-04 21:21:39
1928,1259,RU12WKYX1933562844372,credit,USD,2175005.33,blocked,2025-08-10 14:57:10
1929,82,RU39ZRFQ4012520043209,debit,USD,2301793.33,active,2026-04-03 12:48:56
1930,1228,RU32CRFQ1247966678303,credit,USD,1262381.7,active,2026-01-10 08:36:35
1931,607,RU34DPFT4099375137684,debit,EUR,1336910.36,active,2025-09-08 19:36:04
1932,855,RU28QDJX1967991845192,debit,USD,1623838.12,active,2025-12-10 14:15:01
1933,229,RU29AQXI9653851940568,savings,EUR,184025.14,blocked,2025-07-28 18:33:27
1934,359,RU43JYVL9340107528799,debit,EUR,473768.3,active,2025-12-25 00:25:50
1935,1011,RU84PFEK7502259312272,savings,USD,1727586.02,blocked,2026-01-15 19:03:32
1936,1265,RU23LIJV9550307958254,debit,EUR,4102607.72,closed,2025-10-18 05:58:07
1937,84,RU98ZNPO2396778390751,debit,USD,1864603.85,active,2025-12-15 20:46:29
1938,1483,RU33NGRA6626794099073,credit,KZT,1910183.06,active,2025-09-01 09:27:31
1939,1900,RU71OXEF9176480361454,credit,EUR,1510627.89,blocked,2025-05-01 21:49:03
1940,377,RU25IAVW2919565058484,credit,USD,3608248.2,active,2026-03-14 05:13:36
1941,1869,RU34CUIS2283560229351,savings,KZT,3968430.33,closed,2025-08-02 13:39:31
1942,621,RU87CVPY4863693805846,credit,EUR,2696248.98,active,2026-01-17 20:08:02
1943,1637,RU87BPAV4351759317261,debit,USD,2867106.74,active,2026-02-12 15:36:14
1944,1916,RU79BRVI5631479612650,savings,USD,3734602.09,active,2025-08-08 17:39:11
1945,1028,RU43QRWT9755853799788,credit,KZT,3023508.22,active,2026-01-11 14:32:51
1946,584,RU77CNWN8096511988874,savings,KZT,2036506.78,active,2026-02-20 22:25:41
1947,849,RU41UJWP3217785457477,credit,KZT,1374568.53,blocked,2025-12-11 21:00:49
1948,1619,RU73AMBQ5588348564327,credit,USD,486641.34,active,2025-04-30 05:38:25
1949,1453,RU60WLJC1565277015626,savings,KZT,319548.57,active,2026-01-31 00:10:07
1950,1459,RU06MYTS8180527920085,credit,USD,2939982.91,closed,2025-08-28 21:22:46
1951,1109,RU24IMHD6460664932375,savings,USD,4649433.61,active,2025-09-03 09:43:15
1952,698,RU59KWRG8833314932548,savings,USD,4113320.88,active,2025-10-19 14:51:06
1953,1750,RU24KSVF8206665347971,credit,USD,1053976.34,active,2026-01-09 13:52:20
1954,799,RU21BSAA2810003266617,savings,USD,162300.28,closed,2025-05-23 17:52:23
1955,1294,RU12RAQW8644991627765,savings,EUR,4924751.05,active,2025-07-12 19:42:21
1956,1532,RU22AEXT4250122915353,credit,USD,1520859.62,active,2025-10-15 13:27:57
1957,1382,RU29OKSF7197661624293,savings,KZT,780346.59,closed,2025-06-26 23:15:53
1958,1279,RU74GQAD0701774460834,savings,EUR,2158222.43,active,2026-02-09 00:38:10
1959,1994,RU47RMIS1750783123315,savings,EUR,3720516.04,active,2025-09-15 23:05:31
1960,1887,RU98VHIT7621741037514,credit,KZT,1892765.79,active,2025-05-30 21:06:21
1961,811,RU35DMIR6689823973278,debit,KZT,4960662.4,closed,2025-08-13 14:06:59
1962,366,RU10MBFZ8496355501219,debit,EUR,4894503.61,closed,2025-09-28 20:50:07
1963,721,RU42VZSZ1499525359530,debit,USD,4502394.07,active,2025-08-25 06:14:41
1964,1578,RU19CYSM5497059445991,savings,EUR,529088.25,active,2025-11-04 07:00:26
1965,1097,RU65IKEY1020388707136,credit,USD,1126270.96,blocked,2025-11-01 09:22:06
1966,1550,RU95AJEC2100468797521,savings,USD,4130866.04,blocked,2025-06-23 04:14:04
1967,1893,RU72BBQJ8654255686222,debit,USD,1442750.64,closed,2026-03-11 12:06:11
1968,685,RU37TBXU5441710567392,savings,EUR,862181.07,active,2025-09-19 02:18:05
1969,1189,RU57TGWZ6907064872358,credit,USD,4871262.71,blocked,2025-07-05 13:37:50
1970,1304,RU39YYYX3895175204770,debit,EUR,1121738.87,closed,2025-12-19 23:15:52
1971,1031,RU22BJQG0762732553827,debit,EUR,2853352.94,blocked,2025-05-02 02:00:48
1972,666,RU91XJGR3262250634837,credit,KZT,833127.9,blocked,2026-01-13 23:54:52
1973,187,RU17HXVX2301464675038,savings,KZT,3715083.91,blocked,2025-11-23 14:44:10
1974,1048,RU29BZTK4185203971010,debit,KZT,2289386.72,active,2025-06-30 06:16:24
1975,968,RU48IYIG3050980993409,credit,KZT,1614298.28,active,2025-05-18 09:17:16
1976,1832,RU86NWAB8768486558422,debit,KZT,2888433.64,blocked,2025-07-27 09:11:30
1977,1401,RU08LFOO6857556442927,credit,USD,4948576.93,active,2025-10-19 09:48:22
1978,1025,RU74PKAC9325267494222,credit,KZT,4018631.18,active,2026-03-27 21:36:51
1979,1885,RU06CNMB9523814987142,debit,KZT,2311598.95,active,2025-04-25 21:20:44
1980,1534,RU38XAXW3577793124049,debit,EUR,3384685.01,closed,2025-10-22 19:51:22
1981,1766,RU81HQMW3623175533734,savings,KZT,3915430.62,active,2026-04-01 06:40:22
1982,1467,RU70POUN3065858276546,credit,KZT,3579258.47,closed,2025-12-30 12:29:54
1983,1094,RU55TSCL8973037858144,credit,KZT,2193167.08,active,2025-08-14 23:48:08
1984,1663,RU82UESQ3687619075056,savings,EUR,3844038.82,active,2025-09-25 08:08:26
1985,1468,RU88CDWL5510749818869,credit,EUR,3248499.39,blocked,2026-02-23 00:30:28
1986,255,RU93MDCL8890171872970,debit,KZT,4235504.84,closed,2026-02-09 21:02:35
1987,1622,RU29CXFN8315624206051,debit,EUR,845598.38,blocked,2026-01-03 04:33:25
1988,696,RU21YDMT7690543526821,debit,KZT,3977969.94,active,2025-08-03 22:34:44
1989,199,RU44TJWO1902327107325,savings,EUR,3468886.57,blocked,2026-04-07 10:17:46
1990,1453,RU18OLTE1230348990564,savings,KZT,3785145.91,active,2025-08-15 21:30:36
1991,1412,RU53ZGCO2104631186701,savings,USD,3937082.37,active,2025-11-29 21:29:13
1992,564,RU56SRPR3505445931813,credit,KZT,3806852.37,active,2025-11-11 20:31:26
1993,591,RU54DELJ7099734135054,debit,KZT,4400972.8,closed,2025-09-11 02:01:24
1994,1462,RU60WAON4718629436813,savings,USD,4724014.76,active,2025-11-29 15:58:34
1995,1299,RU87CJKH9480720784584,savings,USD,3565681.11,active,2025-06-22 04:41:08
1996,1524,RU73KRJB2227760218066,credit,KZT,733484.17,active,2026-03-22 21:01:29
1997,787,RU88PEKF7934445190677,savings,EUR,1140362.23,active,2025-12-05 17:17:22
1998,621,RU77JUEC0830634437108,debit,EUR,61321.52,active,2026-01-28 06:41:40
1999,1042,RU46IFKO5423735349724,credit,EUR,2029817.32,closed,2026-04-07 17:50:02
2000,349,RU84QNQT8322535022774,savings,EUR,780228.41,closed,2025-08-23 06:38:30
2001,1072,RU55UMUS0338471370587,savings,USD,4327178.03,blocked,2025-12-31 00:29:44
2002,347,RU87VWPX5222120040234,credit,USD,877761.39,blocked,2025-04-28 17:50:45
2003,1370,RU26EBGH8738453500215,debit,USD,1124901.05,active,2025-07-19 07:54:33
2004,308,RU07VXNH8366694365869,savings,EUR,3890293.78,active,2025-12-31 15:35:47
2005,404,RU94JTCT9785134455329,savings,USD,2297149.24,active,2026-03-15 10:20:34
2006,1529,RU65MPPG7594283188861,credit,KZT,3707147.93,active,2026-01-06 04:23:32
2007,68,RU67MNMH3428091154168,savings,EUR,495101.26,active,2025-11-06 06:39:11
2008,138,RU54FJTZ7705491140654,savings,EUR,4808319.24,closed,2026-03-28 02:33:20
2009,163,RU27PMLD2674907535138,debit,USD,2833944.1,active,2025-07-27 05:53:08
2010,525,RU64HILN2933495651582,credit,KZT,3448805.49,active,2025-07-20 21:28:15
2011,1413,RU89EWGB9476059676561,credit,USD,887975.94,closed,2025-08-04 10:16:56
2012,1131,RU05FISR3344146796938,savings,KZT,3715809.14,active,2026-04-10 03:02:04
2013,1850,RU54SELV2914937352908,debit,EUR,1514501.51,active,2025-07-20 14:26:46
2014,500,RU36HCYX1686744786873,credit,EUR,2386934.24,active,2025-11-17 17:46:22
2015,1806,RU27EAOC8116944182697,debit,USD,3950290.62,active,2025-07-08 12:00:36
2016,980,RU17VCQW7015398740541,debit,USD,417847.66,active,2025-06-01 00:05:58
2017,1111,RU47SCSZ9949851174261,credit,KZT,2991870.56,active,2025-11-30 07:43:19
2018,20,RU03JEEO4045122858937,credit,USD,4305834.38,active,2026-01-27 19:54:07
2019,1816,RU33ARDB3574318910049,savings,EUR,974799.02,closed,2026-02-10 15:21:36
2020,935,RU20FIMB1285499726315,debit,USD,3773046.69,closed,2025-08-06 08:41:53
2021,1009,RU23BQCA8667042957903,credit,KZT,1643868.36,blocked,2025-11-08 21:52:55
2022,582,RU31KIVB6428235984887,credit,USD,1321735.32,closed,2025-07-28 22:14:30
2023,699,RU80MTVC8648412123496,savings,EUR,2806760.32,active,2025-12-22 07:12:06
2024,902,RU05BLTU3706272352643,debit,KZT,2438414.62,active,2026-04-05 03:58:27
2025,1996,RU21MCDH8870571629847,credit,USD,2479443.85,active,2025-05-18 16:14:49
2026,1558,RU30XLJQ7009646146994,savings,EUR,1523900.26,blocked,2025-09-03 04:53:00
2027,1307,RU30QHZZ8560166858677,credit,EUR,4112965.85,active,2026-02-19 16:03:15
2028,223,RU55QTKH2497539303619,debit,KZT,1536694.49,active,2025-08-25 11:57:09
2029,1570,RU38SSGE6038615742368,credit,USD,515482.67,active,2026-04-18 10:35:42
2030,1249,RU60GOXQ0371718658807,debit,EUR,3359764.29,active,2025-06-22 22:49:40
2031,394,RU21JMZD2046545656636,savings,KZT,4261934.06,closed,2026-01-05 12:58:55
2032,322,RU53XYGM3813922230421,savings,EUR,4905790.89,closed,2026-02-23 12:51:31
2033,854,RU98BHPT9820487937012,credit,USD,1144389.28,active,2025-10-23 12:22:35
2034,1914,RU27HGKY7937759012929,savings,USD,725787.65,active,2026-01-30 10:36:48
2035,725,RU35VTET2013370457408,credit,USD,2249089.67,blocked,2025-11-27 23:23:54
2036,806,RU28KBXP4911392823696,savings,KZT,3811351.5,blocked,2025-05-14 16:41:28
2037,1984,RU70XJTH8268313800338,savings,USD,3229317.78,active,2025-10-17 15:42:33
2038,1571,RU24GHNX7361404761945,savings,KZT,4092846.81,active,2025-07-13 05:33:56
2039,1356,RU52NCVX5818110699429,credit,USD,1474689.65,active,2025-05-02 09:53:34
2040,660,RU75FFHC9789589320108,savings,USD,1629099.98,closed,2026-02-04 05:19:33
2041,409,RU68TZQW1072322747830,debit,EUR,2515214.17,active,2025-06-03 16:57:32
2042,153,RU75CTYJ4108834442537,debit,KZT,1628089.7,blocked,2026-01-28 07:51:22
2043,1215,RU33JEIT4178584770239,savings,KZT,3906358.49,blocked,2026-01-15 07:57:29
2044,1966,RU58EQVU3109157191043,credit,USD,1249980.78,closed,2025-12-06 20:10:13
2045,769,RU87XSOY9234102425059,debit,KZT,281516.72,active,2025-08-08 10:07:33
2046,1102,RU69VMGD0626844187768,savings,USD,4618106.86,active,2025-10-23 11:03:51
2047,276,RU26TNCW7687296204297,credit,KZT,1623403.04,blocked,2026-03-09 08:19:16
2048,311,RU38LZWR1014100825923,debit,EUR,1494979.29,active,2025-11-27 09:52:59
2049,181,RU16BMLD1768251528800,savings,KZT,1639882.72,closed,2026-02-13 10:52:48
2050,1354,RU63JTNA5469050849517,savings,EUR,2655606.37,active,2026-01-16 00:26:53
2051,45,RU13XAIE0473087887526,debit,KZT,4353755.9,active,2026-03-20 15:45:49
2052,740,RU46HFFX8441333580210,savings,EUR,4423041.51,active,2025-08-25 23:36:55
2053,960,RU84GPXP0023358235062,debit,USD,1811656.77,active,2026-01-11 09:31:10
2054,1990,RU48OJVC5708832860416,credit,USD,1277533.53,active,2025-06-16 16:35:57
2055,245,RU97DJHK4349189245574,credit,USD,2137227.31,blocked,2026-02-27 03:59:30
2056,99,RU92UNUJ3330403058181,credit,KZT,4564998.03,closed,2025-09-15 06:13:19
2057,34,RU94LVQL3506292580994,credit,USD,4978276.67,closed,2026-03-28 06:53:32
2058,1635,RU62TCSU4373331293865,savings,EUR,2460555.34,closed,2025-08-30 19:59:16
2059,1300,RU67KMYR5022080538479,debit,EUR,378687.31,active,2025-11-26 00:50:04
2060,1599,RU20WEOT5132465183591,debit,EUR,791961.37,closed,2026-03-17 21:16:12
2061,1744,RU68INDU2014079834007,debit,EUR,4612561.91,closed,2025-12-31 17:14:58
2062,391,RU34OZCZ6010831734996,debit,EUR,2155302.7,active,2025-10-21 01:58:06
2063,925,RU72GFDL5339753175286,credit,KZT,3252568.05,active,2025-07-02 18:30:40
2064,1327,RU09DZFV2400025937581,credit,USD,2270781.35,blocked,2026-04-03 14:58:09
2065,44,RU04RHKB0228740897578,savings,EUR,1469775.12,closed,2026-03-10 20:46:59
2066,799,RU19XIEH5180264214928,debit,KZT,1126924.45,blocked,2025-06-20 15:54:10
2067,531,RU70WQJC6344779279693,debit,EUR,3373017.02,active,2025-11-15 23:10:59
2068,938,RU15TVEA5515704533043,credit,EUR,1002457.43,closed,2026-04-17 14:08:12
2069,727,RU46ITIR1598826874433,credit,EUR,763871.31,active,2025-07-12 06:35:29
2070,632,RU90VPGD4029030081039,debit,KZT,132096.23,closed,2026-03-17 06:20:51
2071,81,RU06CCDU4075597862163,debit,EUR,1743249.48,active,2025-08-28 09:20:48
2072,1783,RU65IQJX4305344755082,savings,KZT,3291177.05,active,2025-08-18 20:41:46
2073,335,RU79HREQ8816137195880,savings,USD,1165661.27,active,2026-02-17 03:58:08
2074,728,RU17PHZE7146355428468,debit,KZT,4388310.33,blocked,2025-06-10 00:39:28
2075,1709,RU71NGYU8720323832270,savings,KZT,2220318.36,active,2025-09-17 22:55:40
2076,101,RU49JTIH2740265585924,savings,USD,1996491.83,active,2026-02-16 15:16:40
2077,780,RU69LRBF3310818548051,credit,KZT,465166.24,active,2025-11-06 00:00:21
2078,1871,RU52IHVQ8273749099447,credit,EUR,2582964.42,active,2026-02-11 01:16:15
2079,430,RU09CRUY1324062146133,debit,USD,3703469.36,active,2026-02-08 08:44:12
2080,649,RU08LIOG3702555634814,savings,KZT,1052426.98,active,2026-02-27 19:46:58
2081,1039,RU42DULO7180749223966,savings,USD,1277167.4,active,2025-10-17 16:18:22
2082,34,RU79LERU5141908274574,debit,USD,4017254.95,blocked,2026-03-22 05:36:12
2083,205,RU70LNLS9250763373643,savings,USD,4728713.19,active,2025-10-08 19:44:58
2084,1938,RU29LYHP1214630700958,credit,USD,1147564.83,active,2025-12-31 19:39:36
2085,1319,RU80GZAI2863231026557,savings,USD,80234.3,active,2026-01-31 13:49:29
2086,1326,RU66JPIV4936673521608,savings,KZT,704538.36,active,2025-07-01 02:17:18
2087,1157,RU88HJBF8974093934964,debit,KZT,2593591.48,active,2026-01-18 03:42:45
2088,963,RU18PZZT3539562154262,debit,KZT,2981426.24,active,2026-03-25 16:06:35
2089,1516,RU24NOCQ8926701361916,credit,USD,1859148.49,blocked,2026-03-08 22:26:28
2090,323,RU54MOHF2177594144772,savings,KZT,874012.77,closed,2025-06-21 00:09:25
2091,1520,RU92AYIK3376979162762,credit,KZT,1825974.98,active,2026-02-22 16:25:45
2092,333,RU09ZIHS6063007982338,debit,USD,1021180.4,blocked,2025-12-22 01:31:24
2093,765,RU06SCPQ7356392118781,savings,EUR,1606042.6,active,2025-08-29 23:45:26
2094,59,RU46XMEM9877351059734,savings,KZT,3675019.25,active,2026-04-13 00:20:34
2095,835,RU26JYNQ5009479479293,debit,EUR,1885806.82,closed,2026-01-28 19:35:18
2096,1076,RU64UMYU1662908792968,debit,KZT,501476.12,active,2026-04-06 15:35:36
2097,457,RU54MHUZ6776396635273,debit,USD,4940969.35,active,2025-10-24 22:56:05
2098,952,RU39MAAZ7550408413838,savings,EUR,2202638.74,closed,2026-03-03 13:34:39
2099,1305,RU66SBDC7528207907798,debit,USD,2381741.1,active,2025-06-12 00:05:10
2100,662,RU09XXRV6182561664028,credit,EUR,1828548.05,closed,2026-01-07 19:25:33
2101,1468,RU04UAER0222446616517,debit,USD,2464515.74,closed,2025-07-08 10:43:01
2102,258,RU66WLRN6626570438833,debit,EUR,649908.25,active,2025-07-19 19:29:02
2103,1351,RU76YSFG8409912691764,debit,EUR,474851.16,blocked,2025-08-10 20:24:47
2104,1817,RU98SRLO7427359840705,credit,KZT,1249644.19,active,2025-07-03 22:02:04
2105,1496,RU16JOEB9264652967947,credit,USD,1643800.17,blocked,2026-01-07 18:43:17
2106,1210,RU71DQTC6680731001797,credit,EUR,2886258.38,active,2026-02-12 07:54:37
2107,1843,RU45PMMV0022003642382,debit,USD,2110682.74,active,2025-12-04 05:17:41
2108,1509,RU47EHKK2209412456212,debit,EUR,4530166.64,blocked,2025-12-24 14:44:21
2109,99,RU48XAFL4094113965452,debit,KZT,72594.33,active,2026-03-13 15:29:09
2110,1628,RU05KWKD7656983649509,debit,KZT,1984421.21,active,2025-12-01 09:25:24
2111,985,RU37UFNE8975720314306,savings,USD,939553.58,closed,2025-09-27 18:11:04
2112,926,RU88DJHZ2885899470990,debit,USD,3106941.49,closed,2025-10-11 01:00:32
2113,242,RU45NTSX8189237104490,credit,USD,3277647.06,closed,2026-04-17 00:25:36
2114,691,RU32PDVD3646890688785,savings,KZT,1277166.83,blocked,2026-02-17 00:49:21
2115,1125,RU77RAGT1277905387518,savings,EUR,483420.56,active,2026-02-13 15:22:27
2116,1064,RU79WTKG4297039773380,savings,KZT,3909989.39,blocked,2025-12-28 15:47:25
2117,53,RU72AICI3269441042320,credit,KZT,473823.02,blocked,2026-03-11 14:04:33
2118,228,RU86BWVR6586233487819,debit,EUR,3563764.08,active,2026-03-28 08:59:50
2119,712,RU75HJFC1474675732514,savings,USD,2181384.37,active,2026-03-25 21:54:40
2120,1991,RU22DKNC7312432197924,credit,KZT,1988392.94,closed,2025-07-07 21:34:59
2121,291,RU11PZWW6174035300568,credit,KZT,3879780.89,active,2026-02-02 01:05:12
2122,1525,RU02IDOE7340697541326,savings,EUR,3005080.56,active,2025-11-27 19:38:18
2123,1762,RU78GWWA1508922983092,credit,EUR,235929.11,closed,2025-09-11 01:23:20
2124,1105,RU54ECYH3704503860729,debit,EUR,4735870.34,closed,2025-06-26 23:26:36
2125,767,RU07JGBN2873451295197,debit,KZT,3402304.11,closed,2025-07-20 02:03:40
2126,1727,RU22VVER5586793160278,credit,KZT,2704567.01,closed,2025-10-04 21:18:06
2127,1758,RU69NGXW4876561280695,debit,USD,245512.0,blocked,2025-08-16 08:44:08
2128,799,RU78KZYF1109531615667,credit,USD,4468828.73,blocked,2025-08-26 05:42:44
2129,279,RU29WRVK9713411292881,credit,USD,2767.71,active,2026-01-23 07:24:20
2130,1139,RU82AIFG8524796554508,credit,USD,1044565.24,closed,2025-12-09 21:31:45
2131,1965,RU06KKIR8598069043987,debit,KZT,3776092.66,active,2025-06-18 01:25:23
2132,985,RU76QQRT9949844060269,debit,KZT,1956800.11,active,2025-12-30 03:08:01
2133,859,RU39YBSU5940521989902,savings,EUR,967663.12,active,2025-05-20 14:35:28
2134,464,RU25AZYP7730881530293,savings,KZT,4463299.86,active,2026-01-30 03:48:10
2135,1515,RU23GGMZ7705297925384,credit,EUR,760079.16,blocked,2025-06-17 12:31:53
2136,1377,RU75DWYE7913253325888,savings,USD,54834.41,active,2025-11-11 09:43:16
2137,638,RU98ZIYU0416274221211,credit,KZT,3858518.49,closed,2025-10-23 04:14:45
2138,476,RU32XYKJ4485024610168,credit,USD,1494812.25,active,2025-11-19 10:05:33
2139,1522,RU76CAPD3779730951460,credit,USD,769229.36,active,2026-03-29 02:58:28
2140,558,RU41OGPF0403240440121,debit,USD,4190049.25,active,2025-06-06 00:54:39
2141,1284,RU76ORKN3436145501290,savings,USD,2925307.89,blocked,2026-02-11 18:32:37
2142,597,RU11IHCF8686677564698,debit,EUR,516147.78,closed,2025-12-11 20:42:40
2143,1772,RU94YVGM3320948168531,savings,KZT,4346937.08,blocked,2026-03-14 03:52:58
2144,1437,RU59SSVT0870146187027,savings,USD,284205.95,active,2026-03-25 05:07:54
2145,1577,RU14WHTE4678314642508,savings,EUR,3662480.73,active,2025-12-27 20:53:41
2146,1041,RU45ZQXF3243969647732,savings,USD,3335225.44,active,2025-09-08 17:30:46
2147,171,RU23HPFI9292133240618,debit,KZT,3565765.0,blocked,2025-07-26 11:43:43
2148,1200,RU30MVTU4605692745056,savings,KZT,2955831.11,active,2025-06-02 14:13:00
2149,1600,RU80TLVQ2616913438125,credit,USD,2803793.13,closed,2025-09-16 04:06:24
2150,1243,RU73RBFK6219747604404,credit,EUR,1913553.54,closed,2025-06-04 01:56:08
2151,1210,RU37EIDJ2656261604643,credit,KZT,2878552.0,active,2026-02-13 22:28:14
2152,489,RU28AXAO2476605313978,savings,EUR,3363374.36,closed,2025-10-04 00:55:22
2153,1670,RU43GOJP6693777242427,savings,EUR,3721804.57,active,2025-12-30 12:29:25
2154,1615,RU97QJZW1287612826124,savings,USD,2867151.27,closed,2025-05-07 16:37:41
2155,1926,RU32WSTR7799948194068,savings,EUR,3722187.33,blocked,2026-01-08 01:21:27
2156,1860,RU32DFOL6104086732586,debit,KZT,2835083.06,active,2025-12-24 02:04:22
2157,1938,RU91QIQC0624716569386,savings,KZT,1462091.94,blocked,2026-02-28 15:23:38
2158,59,RU63KCFA5415280786477,credit,USD,4247300.99,active,2025-09-09 11:28:46
2159,1677,RU91ADNS6202336270653,credit,USD,1762539.87,active,2025-08-08 15:35:24
2160,914,RU56VRCG7895623543512,debit,USD,2291564.66,active,2026-02-15 17:09:49
2161,1626,RU17SAJL8963859524050,debit,KZT,2792830.35,closed,2025-12-30 23:39:38
2162,660,RU68BIKZ1066605880959,credit,USD,3766842.45,active,2026-03-17 06:32:53
2163,1024,RU23FUIG9815883225702,debit,USD,1759671.7,closed,2026-02-04 13:10:38
2164,1649,RU53DDNR6602892814989,debit,USD,4143586.87,active,2026-04-13 05:52:58
2165,1479,RU55MLNV9178154836115,debit,EUR,2030920.26,closed,2025-11-02 07:21:37
2166,1310,RU02HRHH6644934743034,debit,USD,1011543.44,blocked,2025-09-06 08:57:38
2167,691,RU37UENO8456611556816,savings,USD,3774099.46,active,2025-08-26 13:31:40
2168,33,RU89ATMJ0578766017829,debit,KZT,2909652.33,closed,2026-01-20 03:47:21
2169,1316,RU75MDJX7307480279727,credit,USD,3784096.12,closed,2025-07-01 07:24:44
2170,816,RU13GADS9699465217456,credit,EUR,380600.82,active,2025-05-28 09:06:11
2171,1458,RU53KRSW8843868443806,credit,EUR,2023780.81,active,2025-06-18 19:49:15
2172,1467,RU54QIDJ5795573815679,savings,EUR,1769644.46,active,2026-04-15 23:56:18
2173,789,RU26TPUE8156130232763,debit,EUR,4073050.86,active,2025-12-17 10:40:39
2174,1168,RU53TCMW9497397687659,debit,USD,4997195.02,blocked,2026-03-10 01:18:57
2175,84,RU20NJPD8175340961997,debit,EUR,775904.06,active,2025-05-03 10:52:26
2176,1013,RU59YULD1756344060210,debit,EUR,4916328.21,active,2026-03-29 02:02:48
2177,463,RU82SDMZ2696967278332,savings,EUR,4057815.1,active,2025-04-28 00:56:09
2178,608,RU68ZZFM3731968243698,debit,KZT,4287799.19,blocked,2026-03-14 15:16:08
2179,899,RU71CYEB0678972671569,savings,EUR,2756579.54,closed,2025-07-06 20:59:13
2180,845,RU95CUJX7012983945416,debit,EUR,2904897.17,closed,2026-04-03 07:34:46
2181,1848,RU97IMAP1500665285300,savings,EUR,1308199.91,active,2026-03-01 05:39:44
2182,1642,RU82IKLP8685922220065,savings,USD,1851772.28,active,2025-08-25 13:14:48
2183,1107,RU61XVTP7414420180342,savings,KZT,4790497.37,active,2025-08-26 03:18:03
2184,1762,RU49AWMX8721704668708,credit,KZT,3977989.83,closed,2025-06-12 05:21:44
2185,198,RU30DZPT6211671230465,credit,EUR,2379212.81,active,2025-06-02 22:03:59
2186,1654,RU69QHMZ5998016658136,credit,KZT,3600811.13,closed,2026-03-08 02:11:09
2187,459,RU86ZNWF2208610213050,savings,USD,2871721.51,active,2025-10-18 22:55:32
2188,1268,RU40SMHT9478348814608,savings,USD,2955723.58,active,2025-06-28 18:12:15
2189,46,RU84EIWO4079434441756,credit,USD,2795421.21,active,2026-04-06 03:02:16
2190,712,RU43NMCT6213239295019,savings,EUR,740252.73,active,2025-05-18 14:52:46
2191,1956,RU48PZMC0321658087267,credit,USD,2849198.38,active,2026-01-25 08:32:10
2192,1225,RU55VBWK1193883090458,savings,USD,3521384.88,active,2025-09-24 02:28:09
2193,441,RU95CMVP2919304201859,credit,USD,1549816.55,active,2025-08-29 13:58:54
2194,477,RU86BYLF7311876567224,credit,EUR,4731392.67,active,2026-02-14 19:37:28
2195,1106,RU82DFQM5038410195992,credit,EUR,1572978.5,active,2025-12-15 23:01:14
2196,109,RU20FFIS2444066159222,credit,USD,2937650.92,active,2025-12-17 14:41:22
2197,131,RU49BSPM4861838255914,credit,USD,3652171.33,active,2025-07-28 20:10:05
2198,1232,RU05HFZC1724560518208,debit,KZT,148408.29,blocked,2026-01-31 04:51:30
2199,245,RU78UBRN1780871353847,savings,KZT,471712.98,blocked,2025-12-02 03:16:59
2200,1436,RU59GEIE0570365959257,credit,USD,4024764.83,blocked,2026-01-18 16:14:50
2201,972,RU34APXF7929046998117,debit,USD,915765.0,active,2025-09-08 03:29:28
2202,364,RU38ECUH7026167167270,credit,USD,4395443.6,blocked,2025-05-28 10:53:43
2203,378,RU80EEXJ1026210830832,savings,USD,1003835.86,active,2025-12-30 13:45:55
2204,1297,RU89AYZS1431938415311,debit,USD,2259185.74,active,2025-11-12 15:59:07
2205,528,RU56WQTF3073139729887,debit,EUR,305443.55,closed,2025-05-16 04:28:16
2206,1399,RU86FQOO1304238768090,savings,KZT,843397.05,closed,2025-04-28 02:25:42
2207,10,RU05AXPV7964277097852,savings,USD,1532013.17,closed,2025-11-28 00:07:41
2208,768,RU63LHYS9138541317448,debit,KZT,943222.0,closed,2025-11-02 16:45:42
2209,373,RU82VUKZ1954423344025,credit,KZT,4878896.09,active,2026-03-27 21:43:21
2210,1400,RU66WRUQ5510889217108,debit,EUR,1871467.35,active,2026-04-04 09:58:53
2211,903,RU73VOIR5315996460872,credit,KZT,2537136.31,blocked,2025-05-04 23:59:36
2212,1275,RU38KIPP7538817683532,debit,EUR,4441279.48,active,2026-03-02 16:52:58
2213,1914,RU40IPQC1016219897446,savings,USD,539766.84,active,2025-12-08 09:22:41
2214,1062,RU19SYGC6815164919070,debit,KZT,2488757.6,closed,2025-06-22 12:14:52
2215,1256,RU32UIIK1964923066190,savings,USD,4643103.75,closed,2026-03-12 05:50:53
2216,797,RU19DPUI8425246719306,savings,KZT,3343856.7,active,2025-09-01 14:46:57
2217,505,RU60WUZJ7390875358983,savings,KZT,1198017.33,blocked,2025-07-05 08:38:46
2218,1627,RU46FXIG5951333169543,savings,KZT,1792248.71,blocked,2026-03-04 03:23:34
2219,1728,RU43EHFI6935516978837,credit,EUR,3773303.03,closed,2025-05-31 13:53:18
2220,1737,RU81ZPPZ2043971888427,credit,KZT,3317899.49,active,2026-04-12 08:24:19
2221,1080,RU31DXMX9656455392840,credit,EUR,3511327.33,closed,2025-09-23 07:15:29
2222,1551,RU18GIPN9645440668994,credit,EUR,1005459.51,active,2025-06-14 19:54:48
2223,918,RU85EKGF8369308011872,debit,USD,4721292.15,blocked,2025-09-27 04:57:38
2224,892,RU84DUGS8302005657238,savings,KZT,2452836.25,blocked,2025-06-02 17:30:27
2225,659,RU43NVDN0186191364069,credit,USD,3048706.52,active,2025-11-02 11:17:34
2226,1611,RU97KRBZ5184047735031,savings,EUR,3494809.37,closed,2026-03-12 01:04:02
2227,86,RU91QZQJ9741632285563,debit,KZT,1536292.03,closed,2026-02-07 15:40:07
2228,1844,RU94HNNV0235217921182,credit,EUR,867620.43,active,2026-02-04 07:33:49
2229,99,RU27RSCH0510271905814,credit,KZT,236990.54,active,2025-09-19 16:43:46
2230,386,RU49OUSN0562330947976,savings,EUR,263123.84,blocked,2026-02-04 00:52:52
2231,1042,RU67QQKX4346458295463,credit,KZT,2544219.17,active,2026-04-11 21:10:28
2232,440,RU18PGHH0030471662342,debit,USD,4749871.54,active,2026-01-24 21:20:11
2233,656,RU14LHXU0128194001129,debit,EUR,1018837.56,active,2025-12-01 00:38:56
2234,1312,RU21LEBP8187414656637,credit,KZT,227124.18,blocked,2025-07-12 05:31:33
2235,1844,RU91BPBU4373751435355,credit,KZT,4621636.87,active,2026-04-09 10:46:06
2236,493,RU74XINX2228476600974,credit,USD,4922025.42,blocked,2026-03-10 05:24:00
2237,468,RU91ZYSA9126193581514,savings,USD,224739.17,active,2025-12-11 17:57:30
2238,505,RU18DRZL9400489656084,credit,EUR,1291668.3,blocked,2026-01-12 10:56:10
2239,1169,RU20MSLI4956977556123,credit,EUR,1549386.5,active,2025-09-29 03:14:26
2240,1414,RU86JABC5229040150762,debit,USD,4117951.05,blocked,2025-08-09 05:08:39
2241,1726,RU90SWZI2012172209434,debit,USD,1267873.99,active,2025-12-22 12:56:15
2242,1419,RU37FFAQ2419857787341,savings,KZT,3480312.83,blocked,2025-06-12 06:30:50
2243,1358,RU26VWHO2307357136187,credit,KZT,353551.25,active,2025-06-06 23:39:40
2244,326,RU83OISP8953525853559,savings,KZT,917609.45,active,2025-06-27 05:09:34
2245,1933,RU54SKDK4143604387243,credit,USD,4776630.7,blocked,2025-08-11 19:46:48
2246,1099,RU10ARQJ8606414425096,savings,USD,4277684.96,active,2025-06-04 08:24:28
2247,1559,RU75SGHY7579015508806,debit,USD,4114564.53,active,2025-05-26 19:27:20
2248,1137,RU08GSKQ4545052965370,savings,KZT,636448.03,active,2025-10-22 08:11:04
2249,981,RU62IPNX8098568350518,debit,KZT,1143996.75,blocked,2025-07-03 20:39:04
2250,172,RU42HIJA2755470142950,credit,KZT,1209517.48,closed,2025-09-14 06:14:41
2251,898,RU63HUGN9368340211045,credit,KZT,2210677.07,active,2026-01-05 15:38:52
2252,1913,RU23JYSQ0460653493096,credit,KZT,3842977.52,active,2025-05-10 05:02:30
2253,1165,RU51NNGJ9166055773904,debit,KZT,1707396.11,active,2026-04-16 05:21:29
2254,360,RU90LKUJ3623319312108,savings,USD,1004045.84,active,2025-09-22 04:28:46
2255,779,RU87DDVB3877380077898,debit,USD,2528467.39,active,2025-07-03 15:50:58
2256,1285,RU56DSWM8706668843316,debit,USD,3290403.07,blocked,2025-05-03 01:05:30
2257,1785,RU17KBTR3381272490140,savings,KZT,4217268.09,closed,2025-11-14 11:41:35
2258,590,RU08LJGT3469898473843,credit,KZT,717673.89,active,2025-05-15 05:47:35
2259,229,RU48SKGP2580153584962,credit,KZT,2050210.92,closed,2025-04-29 23:56:40
2260,1267,RU66ABGF3020192686017,credit,KZT,3620672.73,active,2025-09-14 01:18:26
2261,79,RU59HQLK5550518176142,debit,KZT,3421898.72,active,2025-09-18 06:21:17
2262,8,RU53MZNE4436770411080,credit,KZT,4068716.62,closed,2025-06-08 16:20:01
2263,1756,RU42BUFU6491359748956,debit,EUR,176940.91,closed,2025-05-21 22:12:37
2264,41,RU16IELE7531779105372,credit,USD,4686117.47,blocked,2025-08-10 21:59:07
2265,1405,RU03LNLM3373434889190,credit,USD,2248906.37,active,2026-01-13 10:06:08
2266,1005,RU17AYYA0242012776066,credit,USD,1726386.12,blocked,2025-10-26 06:59:43
2267,1883,RU39ELVS5787441128484,debit,USD,2682736.93,active,2025-07-19 03:31:37
2268,296,RU19FCPX2742194047891,savings,EUR,3655161.7,blocked,2025-08-01 02:34:06
2269,1807,RU44GNPD6168498991263,debit,USD,3700287.87,blocked,2026-03-02 00:31:52
2270,615,RU79WQWZ2794145509733,debit,KZT,2300200.42,closed,2026-03-19 23:27:20
2271,465,RU49GBTQ7038242985270,savings,KZT,4200836.6,active,2025-07-13 00:49:47
2272,1929,RU65JTOU3444634647496,savings,USD,4418225.34,blocked,2026-02-02 01:25:53
2273,927,RU05KSDH1101522181595,savings,USD,2318122.26,active,2025-08-27 19:49:52
2274,1363,RU09RRCF3688660882323,savings,KZT,3616815.24,active,2025-07-27 18:08:28
2275,445,RU18LDCH9522549457031,credit,KZT,2842364.58,closed,2025-09-11 08:27:39
2276,1844,RU53PMRV1013247073081,savings,EUR,4312330.98,blocked,2025-09-15 18:43:58
2277,1319,RU60JCIF3757454517330,savings,KZT,1964754.97,blocked,2025-06-04 09:52:54
2278,1112,RU44CNKW4876578159166,credit,USD,1502301.05,closed,2025-09-30 06:24:19
2279,105,RU08ZLKU1728642136017,debit,KZT,1689078.08,active,2026-01-04 09:35:09
2280,788,RU21CJPF2294531965164,credit,USD,902395.85,blocked,2025-05-02 11:21:02
2281,1422,RU67ZJDR0540085380942,debit,USD,2837397.13,active,2025-08-07 08:42:55
2282,1528,RU73AYOY9619909798965,credit,EUR,3846430.91,blocked,2025-12-02 13:13:17
2283,1602,RU35XSWC3118708781574,debit,KZT,2057037.37,blocked,2025-07-27 15:15:51
2284,1778,RU45WSVD6716567098667,credit,KZT,3813338.73,blocked,2025-08-24 00:31:20
2285,1251,RU52ZRRK1682038528579,credit,EUR,3676852.79,active,2026-01-10 19:43:50
2286,199,RU30JZBC5415068985118,debit,KZT,108308.88,active,2025-08-29 23:04:22
2287,1747,RU80RUCC6787348085149,debit,USD,4657881.67,active,2025-07-11 01:21:05
2288,1523,RU54MNOL7169540231342,debit,KZT,1538501.66,active,2025-09-11 04:02:06
2289,1277,RU02VMRG9699571395700,savings,EUR,4522671.21,blocked,2025-10-24 17:19:24
2290,694,RU62DNRJ5122402387893,credit,KZT,1449415.5,active,2026-02-28 19:30:05
2291,1151,RU04BGRD4760409626292,debit,KZT,817120.47,active,2025-11-15 22:37:56
2292,1865,RU85ELYS5376210985327,credit,USD,792243.83,closed,2025-12-23 08:56:02
2293,962,RU31EOZE0667549059730,credit,USD,3450128.6,active,2025-06-06 05:47:04
2294,1360,RU57HOKV3745088306829,debit,USD,486247.6,active,2025-06-14 21:03:37
2295,1803,RU97IQDO0496729427919,savings,USD,1897469.4,active,2026-02-15 03:26:02
2296,41,RU86CNGO9800472028882,credit,EUR,4938877.49,active,2026-04-19 18:11:55
2297,904,RU45GSOS7087701524244,credit,EUR,909986.49,active,2025-10-31 04:47:22
2298,1939,RU48HCBE9932103674009,credit,EUR,1719800.27,active,2025-05-26 05:32:38
2299,1816,RU47FXKY4270983181803,savings,KZT,887000.12,closed,2025-08-17 18:21:56
2300,1388,RU35YIGA7148830545082,savings,KZT,555748.11,active,2025-12-25 12:34:23
2301,657,RU58PULV9868581974884,savings,EUR,3964116.55,active,2025-09-07 23:20:33
2302,1235,RU64NUOI8223286425046,savings,KZT,3109689.11,closed,2025-10-02 10:47:42
2303,347,RU80IOCW7426588406612,savings,USD,960923.71,active,2025-11-11 07:57:45
2304,1852,RU71ILAC1601241811607,debit,USD,1593519.19,active,2025-05-13 09:58:00
2305,1330,RU32MFXD0969262168472,debit,EUR,1533873.96,blocked,2025-10-08 08:34:19
2306,692,RU36XAFB6314109244329,debit,USD,3750238.12,blocked,2026-01-04 07:20:24
2307,165,RU41LXJA5686429617247,savings,EUR,157837.66,closed,2025-04-27 08:42:49
2308,1505,RU79ZEZP3188970604462,credit,KZT,1514249.63,active,2026-04-09 12:03:51
2309,963,RU58AGOJ4571991673421,savings,USD,180879.81,active,2026-01-18 20:21:29
2310,769,RU55IECD4078136649290,savings,USD,4015927.01,blocked,2025-09-28 08:31:17
2311,1449,RU52PBGQ3942713424706,savings,KZT,4714588.37,active,2025-11-23 17:46:05
2312,396,RU89VJVV9222571640048,savings,USD,1334095.98,blocked,2026-04-15 00:48:09
2313,1376,RU40WSLF4143456466397,debit,EUR,4566795.14,closed,2026-04-06 02:49:41
2314,233,RU82CQBC2063357599794,debit,KZT,4031327.04,active,2025-07-26 13:44:58
2315,153,RU75TOKM7564667667491,debit,USD,325730.89,closed,2026-02-28 11:18:35
2316,486,RU82HJWQ1694032422164,debit,KZT,49216.57,active,2026-02-03 05:53:56
2317,1653,RU45XLGW2442146100498,savings,EUR,352843.49,closed,2025-12-22 09:06:33
2318,1978,RU17GKTB0581983651469,savings,EUR,4367133.78,active,2025-12-17 02:42:35
2319,250,RU91BKTV1837653979005,debit,EUR,694435.99,active,2025-07-04 06:52:16
2320,188,RU56ORGY4108075095035,credit,KZT,20201.83,active,2025-07-13 20:34:19
2321,103,RU53ILDG6402942208595,credit,KZT,1935117.84,closed,2025-07-07 00:42:37
2322,975,RU04AGZD2155959959241,debit,EUR,4939659.96,closed,2026-01-22 12:08:21
2323,382,RU27TWOD6655360181170,savings,USD,3658092.15,closed,2026-03-25 03:38:58
2324,1764,RU86GERB3253836144917,debit,USD,925454.31,active,2025-05-24 02:43:32
2325,361,RU52SECU6514811146872,debit,USD,720319.97,closed,2025-12-02 16:37:22
2326,1993,RU52MDDP3702153845035,debit,EUR,620927.53,active,2025-07-05 07:19:33
2327,384,RU78KUST6731312131243,savings,KZT,812955.46,closed,2025-08-16 10:48:53
2328,1232,RU32IWVM6629136215394,savings,EUR,3203334.29,active,2025-10-05 20:40:26
2329,514,RU69IAYM0146120584984,savings,EUR,1204612.7,active,2026-01-02 12:45:35
2330,1824,RU86IOLH9360074813353,credit,USD,1407964.24,active,2025-05-18 07:48:05
2331,127,RU95GWHN9417518007565,debit,USD,1721772.04,active,2025-12-19 22:33:58
2332,1548,RU16REKK4838686123587,savings,KZT,3370501.09,blocked,2025-04-27 21:01:36
2333,1525,RU41TAKA7309072948563,credit,KZT,1592671.84,active,2026-01-19 07:43:41
2334,1395,RU89MNMO3139628633897,credit,EUR,4796521.21,closed,2025-08-03 03:16:53
2335,1490,RU96KJPA1121435939394,savings,USD,1791204.52,blocked,2025-09-14 01:58:16
2336,1024,RU12FOFQ2881565960402,savings,USD,1568059.9,active,2025-07-20 19:20:35
2337,1203,RU54RVOJ4770648133578,debit,KZT,3454632.22,blocked,2025-10-20 18:47:18
2338,1803,RU34FTSZ2442350688439,savings,USD,4617306.66,blocked,2025-10-20 06:28:34
2339,1780,RU34HSZH9606263823919,savings,USD,764271.55,blocked,2025-10-03 04:07:03
2340,1945,RU30ESJP8745456031868,debit,KZT,3941538.26,blocked,2026-03-27 04:30:40
2341,1295,RU44MLSF7994812964548,debit,USD,1829184.54,blocked,2026-02-24 13:20:21
2342,1675,RU02EOPD9591199413644,credit,KZT,756042.22,active,2025-07-16 11:43:02
2343,195,RU22VOPF9118844014708,debit,USD,2361968.82,active,2025-09-01 05:11:39
2344,406,RU85FGCV9617258828442,debit,USD,1961767.26,active,2026-03-11 11:16:53
2345,1957,RU71ODUZ8045591289951,credit,USD,1139468.71,blocked,2025-12-14 21:12:27
2346,1483,RU70FDUV7447563651837,savings,USD,2176102.76,active,2025-10-29 11:32:47
2347,1985,RU46AJOB2371250682120,credit,KZT,1767493.67,active,2025-05-19 04:47:54
2348,1952,RU03HLQD3979519624524,savings,EUR,2384024.55,active,2025-06-17 03:51:26
2349,482,RU67BLLQ9723591998855,credit,USD,4018306.61,blocked,2025-10-30 17:02:38
2350,27,RU08FFTE9770259845855,savings,EUR,793853.38,active,2026-01-13 21:04:02
2351,1267,RU62JEFB5487291298967,savings,EUR,610115.09,active,2025-11-14 21:45:38
2352,578,RU59HHUL3706323001719,savings,EUR,1867400.12,active,2025-09-13 17:48:27
2353,1158,RU26XLLP6329516621567,savings,KZT,89531.23,active,2025-10-02 03:54:56
2354,505,RU61IZRX6374703036638,debit,USD,3441720.6,active,2025-12-25 09:17:54
2355,1876,RU10NVWB2687175840531,savings,USD,2775423.74,closed,2026-02-25 12:06:31
2356,679,RU84RURN5852288761727,credit,KZT,4509377.21,active,2026-02-20 18:10:59
2357,1296,RU19INBA3410588287035,credit,KZT,3540816.31,closed,2025-07-24 06:21:19
2358,1666,RU53CPCS9497450097064,debit,USD,2816926.8,active,2025-08-22 22:50:52
2359,1047,RU83VIBZ7125346115552,debit,USD,3751211.42,closed,2025-08-26 03:13:47
2360,167,RU33IUAZ2782015811308,credit,USD,2313983.62,active,2025-05-19 04:58:44
2361,921,RU10UHTL3116951522345,savings,KZT,3956616.61,active,2026-01-24 16:38:54
2362,294,RU27ZYBR9607137667080,savings,KZT,2369260.93,active,2025-12-25 01:49:37
2363,7,RU38MYAN0506405118328,savings,USD,4124359.06,blocked,2025-11-27 10:16:12
2364,300,RU12XIAW1440790438935,savings,USD,2424003.87,active,2025-12-14 02:03:47
2365,1809,RU19HDOG2461552241134,credit,KZT,4120858.07,active,2026-04-16 22:46:55
2366,1224,RU59CJRD2689265835273,credit,KZT,1478802.26,active,2026-02-02 20:29:51
2367,1813,RU50RGXU9688560694568,debit,EUR,3994443.64,active,2025-07-28 14:49:37
2368,1620,RU85UIOB9319579965912,savings,USD,3503529.82,active,2025-08-17 00:23:59
2369,535,RU83UHTX4494930784578,debit,KZT,1481220.76,active,2026-01-01 06:52:00
2370,1319,RU58IITU0230771465028,savings,KZT,1843789.62,active,2025-10-13 16:35:43
2371,1282,RU90NACC8376910818981,savings,EUR,785735.11,blocked,2026-02-11 18:33:46
2372,644,RU58WUYH7801104708444,debit,USD,2280260.24,active,2026-01-22 12:21:04
2373,1243,RU62IKHY2567211951109,savings,USD,815342.56,active,2025-08-26 13:56:14
2374,1959,RU32ILXV2658216551462,debit,KZT,263064.99,active,2025-11-23 19:33:43
2375,978,RU95VAAA8888764143772,savings,KZT,1577028.39,blocked,2025-11-22 20:44:42
2376,53,RU38FFQL5693149354881,credit,USD,3231995.26,blocked,2025-07-01 08:15:15
2377,669,RU81XBXP3276199037773,credit,KZT,3218461.27,active,2025-11-28 21:07:12
2378,1550,RU42CDAZ2537593358515,credit,KZT,4416414.81,active,2026-01-28 21:57:19
2379,1469,RU55VCUJ9400746723979,credit,KZT,2483886.37,active,2025-06-16 13:15:27
2380,311,RU95QRCD8821076059558,debit,EUR,817745.28,active,2025-05-28 21:22:49
2381,1546,RU24VUVV7042537769673,savings,USD,1691452.09,blocked,2025-09-03 15:31:19
2382,1538,RU70ELIS6607028737238,debit,USD,2003398.82,active,2025-11-12 23:33:16
2383,853,RU44ALOD2166296682734,credit,USD,3473238.44,closed,2026-03-08 18:40:07
2384,184,RU64FQSB4268544606889,debit,USD,796143.22,active,2025-07-20 12:40:27
2385,491,RU84KQTT3219133044217,debit,EUR,3417926.17,active,2025-05-13 14:21:59
2386,1317,RU86TKGJ8564504462404,credit,KZT,2393987.47,active,2025-07-17 06:25:29
2387,1554,RU10VYYU4163166417000,debit,KZT,4772150.68,active,2025-11-03 14:58:06
2388,655,RU33HHOS0474212066058,savings,USD,3780059.42,blocked,2025-04-30 16:39:54
2389,1045,RU20AWRY5690289170888,savings,USD,118542.17,blocked,2025-11-22 19:50:59
2390,140,RU33AOZE4207530877226,debit,KZT,2948753.64,active,2025-07-21 08:20:22
2391,1194,RU45TNYM7349586015008,savings,KZT,1747558.29,active,2025-12-05 01:56:13
2392,1806,RU03LZRK4914651679212,savings,EUR,4492996.27,active,2025-09-24 11:11:18
2393,436,RU57OCXT5261718670968,debit,EUR,37742.37,closed,2025-08-10 12:11:11
2394,545,RU59HWWX7201648547133,credit,USD,2554887.24,active,2026-03-13 10:17:48
2395,413,RU06EVKR1963481300436,credit,USD,1673094.22,active,2026-04-06 22:29:07
2396,534,RU46ELUM9153930581876,savings,KZT,3252662.72,blocked,2025-05-04 09:47:13
2397,913,RU58FJAI6610106195816,credit,EUR,3359560.01,blocked,2025-07-11 16:06:22
2398,379,RU50CQTG2986536614501,debit,KZT,1937872.87,active,2026-02-05 16:42:40
2399,1911,RU04RCRP8503743612514,debit,KZT,3799036.65,active,2026-03-12 16:39:21
2400,1413,RU17FYVV6189124152121,credit,KZT,4433374.12,active,2025-09-10 09:22:39
2401,950,RU29ZUZU9338730060328,debit,EUR,3130962.05,closed,2026-04-03 22:30:52
2402,1812,RU10SOTZ5737756410894,savings,KZT,2555985.82,active,2025-04-28 00:23:43
2403,444,RU04LEBP2594037649413,debit,USD,1032557.15,blocked,2026-01-27 19:47:19
2404,671,RU26HASQ4552255494228,savings,USD,3009463.08,active,2026-04-15 19:50:35
2405,1007,RU30KCIC3632558613333,savings,EUR,2984105.13,active,2025-05-23 09:09:50
2406,1263,RU37ALND3111372367908,debit,KZT,4263554.31,closed,2025-05-12 15:29:01
2407,1756,RU97FXDG5221111890983,debit,USD,4650866.98,active,2025-10-13 01:27:15
2408,782,RU26VXBQ7993330913891,credit,EUR,4806080.78,active,2025-05-14 00:11:50
2409,754,RU05UUTR6020828968181,debit,EUR,954736.44,blocked,2026-02-05 07:41:56
2410,1795,RU19IHGY5862835880588,savings,KZT,1400613.43,active,2025-08-16 17:48:33
2411,1578,RU81YOPV9680768790244,debit,KZT,1510948.52,active,2025-10-17 16:03:46
2412,1905,RU53NIIF3598648409270,debit,KZT,4597112.39,active,2026-03-31 02:05:28
2413,1907,RU12ESBZ7542248980147,savings,KZT,72705.84,active,2026-01-29 16:53:54
2414,481,RU68MRSR3639159658668,savings,EUR,3474897.97,active,2025-08-06 02:23:38
2415,47,RU24XDIB3484545367932,credit,EUR,2399145.26,active,2025-07-15 21:33:59
2416,134,RU75NGGI5708117596614,savings,EUR,1887747.69,active,2025-11-02 09:30:39
2417,886,RU84JVNM5849089571070,savings,USD,875939.44,active,2025-12-03 04:59:16
2418,1838,RU52MDDI0223596065855,debit,EUR,315988.22,active,2026-01-23 21:57:08
2419,577,RU34FFYS5094436048848,credit,USD,1014290.46,active,2025-05-02 16:43:59
2420,1375,RU47VWWV6181745757682,savings,KZT,1174857.69,blocked,2026-03-03 22:14:04
2421,4,RU81NUGZ6900897303659,credit,KZT,4367730.9,blocked,2025-11-26 06:55:40
2422,1950,RU65WYBO7467433409705,credit,USD,3960026.9,active,2025-08-12 11:43:17
2423,746,RU76KKZA1333431727496,debit,EUR,1837118.47,blocked,2025-11-20 17:08:32
2424,336,RU23WHDQ8534026101585,savings,EUR,4509202.65,closed,2025-11-19 05:30:09
2425,299,RU62EMGF3107857788462,savings,EUR,3196931.61,blocked,2025-06-29 18:38:19
2426,1189,RU07BLJE0118668272634,savings,USD,2337953.4,active,2026-02-15 05:04:00
2427,599,RU09BCYQ8149774181827,debit,EUR,3758544.48,blocked,2026-01-10 15:16:07
2428,1111,RU39CULZ1319482882763,savings,USD,4806970.69,active,2025-12-13 01:39:03
2429,519,RU52IGZT4635718868354,debit,USD,4623670.66,blocked,2025-10-15 06:39:28
2430,1544,RU25PHOJ5714727479319,credit,EUR,822216.48,active,2025-09-03 14:24:34
2431,1038,RU78RAOC2336781215542,credit,KZT,2994363.95,closed,2025-12-24 22:21:22
2432,1704,RU80HOHS9770414588613,credit,KZT,4255638.19,closed,2025-06-16 09:37:16
2433,1672,RU36MIGE3590632877554,debit,EUR,1982354.53,blocked,2026-03-31 06:07:19
2434,230,RU87XQJB0421099798857,credit,EUR,210850.14,active,2025-12-02 16:54:26
2435,9,RU25NWAC9666793992783,savings,EUR,3323520.06,active,2026-02-04 11:47:50
2436,465,RU50MUWB7989097892079,credit,EUR,3938833.5,blocked,2025-06-07 14:58:28
2437,667,RU32QHWH8101362408319,credit,USD,2742705.09,blocked,2025-11-12 09:01:47
2438,1346,RU32KZVE6467445632250,savings,KZT,2885520.15,blocked,2026-01-15 07:57:28
2439,1540,RU95LJUM7884880595474,debit,KZT,3202706.27,blocked,2025-06-22 16:25:43
2440,1709,RU61FAAE8923437142438,credit,KZT,3581293.23,closed,2026-02-27 21:07:30
2441,221,RU27VQBZ1372492884096,savings,KZT,4579302.64,active,2025-07-26 03:14:19
2442,1548,RU96TYNK7385375122072,savings,USD,4126334.55,closed,2025-12-27 02:05:48
2443,198,RU77CKZS8056022247032,debit,KZT,82083.76,active,2025-06-09 05:41:39
2444,425,RU13UWCH3780068409642,debit,EUR,357609.42,active,2025-10-15 23:43:13
2445,1948,RU03SHRL5507932008224,debit,USD,4724428.17,blocked,2025-04-27 07:41:37
2446,1430,RU82IVZW9130610855704,credit,USD,1716504.77,active,2025-07-13 04:04:06
2447,623,RU11DSGN4064151182224,savings,EUR,2948864.29,blocked,2025-12-25 21:51:51
2448,1260,RU68DHVW2950102323213,credit,KZT,3395908.0,active,2025-11-03 09:28:42
2449,655,RU86SSUV2858142735022,savings,KZT,1279655.1,blocked,2026-03-23 15:55:12
2450,1634,RU73DWIZ9161019953210,savings,EUR,3849167.18,blocked,2026-01-15 15:19:23
2451,1203,RU82KTPQ4281435194199,credit,USD,4745662.43,blocked,2025-05-03 19:54:18
2452,779,RU17OTZR1763019115431,debit,USD,3795488.32,active,2025-10-24 15:18:52
2453,517,RU89NWOB1410488206456,credit,KZT,415740.45,active,2025-10-16 19:10:16
2454,778,RU80EUUA0983273652939,credit,USD,1207651.82,blocked,2025-05-06 13:16:50
2455,662,RU28OELU2056567916712,savings,EUR,3886041.69,blocked,2025-07-16 07:37:50
2456,1257,RU56OZTJ4013059725332,savings,KZT,52459.46,active,2025-12-09 16:20:54
2457,1767,RU08JYUS7073068688786,credit,KZT,4677755.38,blocked,2025-05-20 01:14:37
2458,1029,RU45DSFB2285404026166,debit,USD,1374431.0,closed,2025-09-20 23:16:14
2459,1642,RU64ZQVI5015622584819,credit,EUR,3621930.29,active,2025-12-06 15:56:43
2460,241,RU55YANA4598278147056,credit,EUR,2456003.91,blocked,2025-08-15 03:46:36
2461,1749,RU55JTYO1729126981533,debit,KZT,1452143.0,active,2025-10-05 22:36:55
2462,225,RU70ILHG8430926978833,credit,KZT,4842855.28,active,2025-07-09 13:09:00
2463,988,RU71DBWF0852056459803,savings,KZT,29456.81,active,2026-02-17 05:03:45
2464,772,RU69IIBK8565951974395,debit,USD,914206.32,active,2026-03-25 08:50:40
2465,1399,RU89BIJY4920954554912,credit,USD,1144433.89,blocked,2026-03-03 04:11:42
2466,1436,RU78YQGC1794944228329,debit,KZT,823001.96,active,2026-02-04 17:48:37
2467,1939,RU24USKV8742796304955,credit,EUR,119367.33,blocked,2025-09-12 14:51:11
2468,1627,RU46ASZJ7864163882810,credit,USD,103667.49,closed,2026-04-06 20:15:39
2469,1421,RU53XKXS2512118946231,savings,EUR,2717879.66,blocked,2025-10-24 04:00:04
2470,69,RU96CNML5636300433590,savings,USD,2786850.51,blocked,2025-05-19 05:06:04
2471,134,RU02CLMJ0755694146735,debit,USD,4389027.35,active,2025-10-24 13:01:08
2472,822,RU66TEWQ3962577416165,credit,KZT,4533174.58,active,2025-06-09 05:05:30
2473,50,RU75NVMY5764063365586,debit,KZT,2852532.7,active,2025-10-13 11:09:42
2474,1352,RU61DODC0696796939249,credit,USD,2787285.0,blocked,2025-05-19 03:59:08
2475,1989,RU38UNEH4436928515628,credit,KZT,2911020.43,active,2025-11-26 13:39:33
2476,82,RU73GPTY4774173336010,debit,KZT,737788.77,active,2026-02-07 04:23:52
2477,1437,RU73PRNP6053450358165,savings,KZT,1859920.94,closed,2026-02-23 06:41:33
2478,25,RU25JTXR0618464876085,debit,EUR,3329890.05,closed,2025-11-15 05:59:12
2479,19,RU40OMJN0363242866227,savings,KZT,1598326.46,active,2026-03-23 10:25:42
2480,984,RU49DTUE1736656673906,debit,KZT,3320517.72,blocked,2025-10-26 03:18:58
2481,439,RU71VYBP2772365761476,debit,KZT,1939899.83,closed,2026-03-22 16:47:08
2482,1647,RU15NLWZ7164022612349,debit,KZT,3335744.66,closed,2025-06-18 16:26:21
2483,1764,RU37WIKX7244917648261,debit,USD,2567409.56,active,2025-11-29 02:09:29
2484,338,RU81JZQU1099578183380,debit,EUR,3767315.32,active,2026-04-22 08:20:01
2485,462,RU33PAHU3156670533085,savings,USD,299305.41,blocked,2025-05-09 21:07:42
2486,1784,RU04CTRG8606962498956,savings,USD,139298.52,active,2025-09-21 23:29:13
2487,922,RU09XSCC0308975863804,credit,KZT,3743293.92,active,2025-10-26 09:12:06
2488,1260,RU48BZJY4161661306354,credit,USD,3230558.76,active,2025-07-25 22:38:45
2489,1227,RU20QLGS6104808805749,credit,USD,2486170.29,active,2025-10-08 06:37:55
2490,1229,RU17QWWP5840249387138,debit,USD,332603.55,active,2026-01-21 19:21:56
2491,1827,RU88TTYE7935444589057,debit,EUR,200702.79,active,2025-09-22 22:42:21
2492,576,RU41ZGUB1995261457824,savings,EUR,4034250.11,active,2025-08-19 01:59:04
2493,1713,RU51LXUM6363051281637,credit,EUR,1636111.75,active,2026-03-21 09:53:52
2494,1943,RU81TSNH1733385683695,savings,EUR,2439449.76,closed,2026-01-18 05:23:03
2495,1148,RU42OBXX0150343162923,credit,EUR,2997110.07,closed,2025-06-15 12:36:46
2496,962,RU76XKMF1343357120574,savings,KZT,3457428.95,active,2025-11-16 02:40:37
2497,1059,RU81TECH8606828972870,credit,EUR,315608.92,active,2026-04-21 00:11:56
2498,556,RU42EILM4531076907009,savings,EUR,2568076.03,active,2026-04-18 03:46:32
2499,1856,RU08MBRS6744359345716,savings,KZT,2830508.61,active,2025-08-20 04:33:19
2500,393,RU06WVDL6336061013231,savings,EUR,3380824.48,active,2025-08-03 17:00:34
2501,1225,RU21FGAH6726847308169,savings,EUR,3295896.53,closed,2026-04-04 01:43:11
2502,1612,RU22BGKA3420628958042,debit,EUR,1475781.48,active,2026-01-24 23:17:53
2503,1112,RU02JRKD1688392114367,credit,USD,1023117.97,blocked,2025-12-05 03:28:57
2504,1066,RU17RLQO3346676682930,debit,KZT,3623238.9,active,2025-12-27 05:19:43
2505,506,RU25AXPG7038774643850,debit,EUR,3949935.18,active,2025-07-03 07:35:51
2506,1818,RU68QQFL7044554283588,credit,USD,1875618.12,blocked,2025-10-28 07:35:43
2507,1469,RU83PUIF1094380547948,savings,EUR,2295937.05,active,2025-06-19 01:10:31
2508,522,RU78SQHA1860807539398,credit,KZT,1263425.94,blocked,2026-03-04 23:57:55
2509,1128,RU10LYMO6004270983965,savings,KZT,333665.47,active,2026-04-18 12:57:52
2510,1014,RU26JXQU9433805363471,savings,EUR,2918334.45,active,2025-11-07 17:09:26
2511,1163,RU25WMPQ0478054452925,savings,KZT,1329240.32,blocked,2025-12-23 03:37:24
2512,1003,RU28QFIS1480874592189,credit,KZT,2382364.41,blocked,2025-08-22 19:53:00
2513,245,RU14GDYW0587686946184,debit,KZT,615460.07,active,2025-05-09 03:39:32
2514,1736,RU03CMKX7141787410566,debit,USD,538200.68,closed,2025-08-05 10:59:28
2515,261,RU08GENF4630257865357,debit,EUR,3433934.63,active,2025-05-08 17:25:55
2516,1826,RU67RMNM7360321124586,credit,EUR,300339.54,active,2025-09-01 07:54:12
2517,1279,RU24CLIP9984418519968,credit,USD,1421656.32,active,2025-07-21 17:29:44
2518,452,RU79GWFP6289082371059,credit,EUR,2853514.88,active,2026-04-18 13:23:30
2519,1132,RU09NAFG3980473272243,savings,KZT,759362.78,closed,2025-12-06 01:34:54
2520,649,RU40WYPK8116259697185,debit,KZT,4028745.83,blocked,2025-07-11 02:36:06
2521,1110,RU96CDIV7771631593809,credit,KZT,4772412.12,active,2025-12-01 01:32:01
2522,1517,RU89ZMEU7861189192834,credit,USD,4047942.12,active,2025-05-30 09:01:29
2523,505,RU07YYWV4026083588974,savings,KZT,1210880.51,closed,2025-06-26 13:05:20
2524,1827,RU09UUGL4085842049549,debit,KZT,1398073.94,active,2025-07-24 22:41:35
2525,1375,RU08FQPM7567538668814,savings,USD,2898608.22,closed,2026-03-19 03:56:13
2526,792,RU93KUGY9241337332640,savings,KZT,1161671.47,active,2025-09-28 21:00:25
2527,1460,RU63QDTU4448902084273,savings,USD,752777.29,blocked,2026-03-19 13:13:41
2528,1260,RU86LTSD9215786448296,savings,KZT,2706781.84,active,2025-07-11 21:07:38
2529,1806,RU64CZFA5287001906246,credit,USD,2183814.8,closed,2025-09-03 03:33:03
2530,660,RU64YLEC2256244376292,debit,USD,2538289.11,blocked,2026-03-14 17:57:19
2531,906,RU62XBNN5456670370701,credit,KZT,1865432.3,active,2025-12-12 14:28:53
2532,1715,RU89BSLW5753882578437,credit,EUR,1888943.68,blocked,2025-07-12 15:47:19
2533,447,RU60CDPU1856911781887,savings,USD,2026106.32,active,2026-01-25 20:51:16
2534,596,RU41ZKZQ1589186239378,debit,USD,3002577.74,blocked,2025-05-02 15:27:25
2535,1406,RU98IBQU7195715621000,credit,KZT,3227740.8,active,2025-10-15 20:25:30
2536,1461,RU91IPWZ1940656859003,debit,USD,2858710.91,active,2025-09-18 04:05:42
2537,42,RU21OARN1463910274237,savings,USD,3621168.27,blocked,2025-05-27 23:01:28
2538,896,RU62ZQGO6231470126056,savings,USD,1143555.62,active,2026-04-12 05:54:13
2539,533,RU21WWFT2669236201342,savings,KZT,843539.74,closed,2025-12-29 17:06:27
2540,1060,RU02DIWQ7630298628118,credit,EUR,4050900.63,active,2025-09-18 08:30:18
2541,747,RU89AGDS6885359135826,debit,KZT,450772.53,active,2025-05-29 02:12:09
2542,1261,RU81HPXJ7888245919878,credit,EUR,251275.3,active,2025-11-13 04:54:34
2543,1909,RU16DXGG9172328823927,savings,USD,745997.67,active,2026-03-22 14:59:27
2544,893,RU58KJCY3870554405475,savings,KZT,1146214.25,active,2025-06-26 22:16:53
2545,1067,RU85LGFJ1369070249914,debit,KZT,4359178.74,closed,2025-05-13 11:13:46
2546,1173,RU98VDAW7178789675360,credit,EUR,880543.7,closed,2025-10-22 20:13:15
2547,1930,RU05AIYK4579427537373,savings,KZT,1181989.87,active,2025-12-13 06:08:51
2548,1460,RU85FMWS5372444971226,debit,KZT,3864408.73,active,2026-03-06 14:52:52
2549,1604,RU22SKCJ3692009125853,debit,EUR,621562.27,blocked,2025-11-24 03:36:38
2550,1559,RU20JXBE9708953897064,savings,EUR,895440.98,closed,2026-04-20 05:27:26
2551,383,RU46BCGP4896782637692,debit,KZT,1628063.82,active,2026-02-14 20:05:05
2552,558,RU26IMCA5993180447940,credit,KZT,2505064.52,active,2025-09-23 03:43:24
2553,277,RU66KBZX5159490603562,debit,KZT,2345865.38,active,2025-07-26 04:05:53
2554,1765,RU03OAMC0500917195372,credit,USD,2869748.65,active,2025-10-19 19:07:03
2555,504,RU50RDOP4089884797531,savings,KZT,3551335.71,active,2025-06-25 03:56:52
2556,1311,RU49ZVXD5451643398288,credit,KZT,336303.08,blocked,2025-06-14 23:54:29
2557,2,RU22HMZO0097418868287,savings,USD,2644936.37,blocked,2026-01-11 08:10:59
2558,1545,RU14XLPD9887230755786,savings,EUR,2707803.3,blocked,2026-04-03 09:20:13
2559,1076,RU76UDMK8413009322064,savings,EUR,4716483.43,active,2026-02-22 14:49:31
2560,1241,RU49MFAN6729836194102,credit,EUR,4188301.06,blocked,2026-02-09 02:53:59
2561,515,RU73QWVW2963802649280,credit,USD,835310.74,blocked,2025-06-11 05:49:45
2562,1649,RU89HCLD2265817729257,debit,KZT,368011.94,active,2026-03-16 04:41:39
2563,612,RU51QGNH6812305325260,debit,EUR,4520921.85,blocked,2025-09-16 05:14:33
2564,614,RU09BCUC8123073888012,savings,KZT,1573411.36,active,2026-02-08 14:35:51
2565,33,RU18FCEI3652101074520,debit,USD,3875585.22,active,2025-10-14 22:56:14
2566,1772,RU21XLWB0991197158085,credit,EUR,700085.73,active,2025-09-24 03:32:19
2567,501,RU33UDCW1504122501128,debit,KZT,4502617.38,blocked,2025-07-30 10:34:24
2568,997,RU38OYYK0826703909738,savings,USD,3564738.5,active,2026-03-31 21:35:54
2569,420,RU46AOTS1493719104514,savings,KZT,2079584.34,active,2025-07-27 12:09:55
2570,1941,RU50DIMW8817561095834,debit,EUR,4613810.88,active,2025-09-15 11:27:12
2571,109,RU69RXHK9127536247990,savings,USD,4547050.77,blocked,2025-05-23 13:21:07
2572,1226,RU49LFYH3475091783563,savings,USD,4105650.0,closed,2025-10-25 12:09:30
2573,83,RU54UMIB5858811855771,savings,KZT,1763059.68,active,2025-08-21 17:47:00
2574,1889,RU94PAOO5766271061042,credit,KZT,56269.87,active,2025-06-18 21:26:20
2575,1525,RU84YYBH0735386828159,credit,EUR,1348773.44,active,2025-11-07 02:08:07
2576,448,RU49ORAA7861690085347,credit,EUR,1856960.89,blocked,2025-09-26 21:15:41
2577,685,RU72KKBX7481444394469,credit,USD,1735281.81,active,2025-08-11 20:54:08
2578,754,RU53FMMF6395198138334,debit,EUR,2928520.2,blocked,2026-02-11 18:51:03
2579,999,RU15WTUJ1552992777713,savings,EUR,181743.45,closed,2026-01-31 04:50:00
2580,1534,RU18LRTT6160013113787,credit,EUR,337378.62,active,2026-04-20 12:53:25
2581,1690,RU25CZRP9789293090772,savings,USD,3303420.69,blocked,2026-02-01 06:47:42
2582,1480,RU93KRJB0906250946660,credit,USD,720613.43,active,2025-05-29 09:46:43
2583,1264,RU84KANQ9025528897378,savings,USD,1972602.63,active,2025-05-10 07:25:24
2584,621,RU49IAOV0419024161772,debit,KZT,973272.74,closed,2025-07-07 10:16:13
2585,856,RU37GPSU7309053301925,debit,USD,2735732.8,active,2026-04-13 23:35:29
2586,432,RU35DQNJ7048550231374,debit,KZT,817793.81,active,2025-08-04 07:53:58
2587,1490,RU49WIPD5650371500748,savings,KZT,1096253.16,active,2026-04-17 09:09:08
2588,1378,RU53QHQE6820120215262,savings,KZT,400767.68,blocked,2026-03-04 10:41:08
2589,1842,RU08BPVV6795757186972,savings,EUR,3639881.56,active,2026-03-19 13:17:51
2590,961,RU95LAZA6973658794923,savings,EUR,2793284.36,active,2025-12-24 11:25:25
2591,1362,RU84DULD1081783135719,savings,EUR,778836.03,closed,2025-11-11 04:23:23
2592,1398,RU11BSWG6617658818837,savings,EUR,3891702.27,active,2025-07-20 01:30:54
2593,1669,RU66MANC7125507584939,debit,USD,2417496.43,active,2025-11-06 19:52:29
2594,616,RU30DZVP8264083444340,savings,EUR,4956573.2,active,2025-12-09 00:09:56
2595,616,RU36FQQK5991087717566,savings,KZT,4120520.9,closed,2025-07-19 01:31:35
2596,1730,RU02XVHK7903818683200,debit,KZT,2322273.54,active,2026-04-17 20:36:55
2597,202,RU75OXGR6543701126992,credit,EUR,2529712.44,blocked,2026-02-05 14:00:35
2598,819,RU79QTOU2249761934877,savings,EUR,1656734.46,active,2025-07-26 09:23:53
2599,333,RU78UVMB1310986245311,credit,USD,4742509.63,active,2026-02-18 04:23:44
2600,643,RU93KYPD8265227106846,debit,USD,2030217.61,blocked,2025-06-22 01:00:03
2601,849,RU38NNLN5840429103749,savings,KZT,1669595.48,active,2025-06-08 03:08:18
2602,631,RU95OGNJ5671212498764,debit,USD,4395650.11,blocked,2026-04-18 13:14:32
2603,1963,RU72CKLP2131913968390,savings,EUR,1070928.82,blocked,2026-03-19 02:38:13
2604,482,RU18FZZQ2976722071135,savings,KZT,3053253.05,active,2025-08-31 17:58:22
2605,327,RU88AUWH3668949492783,credit,USD,2967636.76,active,2025-06-01 07:24:22
2606,169,RU02NPPI4732457195549,debit,EUR,43440.83,closed,2025-10-06 15:29:43
2607,1009,RU35YNRI7276041281771,debit,EUR,3240200.84,active,2025-04-24 00:38:35
2608,966,RU45PCMS9444283963247,debit,KZT,668283.02,active,2026-01-11 19:30:04
2609,1405,RU43BAJF9554712007316,credit,USD,3330625.1,active,2025-05-08 22:01:19
2610,339,RU03RBRB6824239977675,savings,USD,500756.58,closed,2025-05-25 04:42:25
2611,81,RU63GETS9839187599058,credit,KZT,4107327.48,active,2026-02-23 20:15:35
2612,349,RU12QJDS4824641188034,savings,USD,538584.82,closed,2025-08-14 09:29:54
2613,1261,RU67MOBW0616938473810,credit,KZT,4159179.28,active,2025-06-16 01:11:00
2614,134,RU09YWMH7072185082261,savings,EUR,4262124.8,active,2025-12-29 02:42:28
2615,1590,RU03MHJB5464985901752,credit,EUR,481504.83,closed,2025-07-19 03:04:49
2616,1412,RU58JBWA1755049357814,savings,KZT,1967574.0,active,2026-01-06 11:31:04
2617,334,RU32CEPP0153387928392,credit,USD,4051543.68,active,2025-11-06 20:15:20
2618,628,RU29TDEH8118740074326,savings,EUR,3528581.49,blocked,2025-10-02 12:56:51
2619,1653,RU42FRXU4323760356729,debit,USD,3331610.57,active,2025-07-25 16:30:02
2620,945,RU23IIEJ7222647283334,debit,EUR,776940.17,active,2025-05-16 00:45:37
2621,1204,RU46XHFU6032227561758,debit,KZT,539264.8,blocked,2025-06-11 04:36:59
2622,306,RU74GJVI1730981819242,credit,KZT,1413093.83,active,2026-01-15 07:15:27
2623,656,RU91IDZF9635975228832,credit,KZT,3593483.76,blocked,2025-09-29 09:33:08
2624,252,RU50AYTH9749800929367,credit,EUR,4712951.07,closed,2026-01-31 11:30:25
2625,1204,RU23ORLC4554944442973,savings,EUR,1049649.62,blocked,2026-01-03 01:14:42
2626,70,RU60PENR3233483375573,savings,KZT,1954580.6,active,2025-05-18 20:52:08
2627,101,RU45PRKC3931165312645,debit,USD,1948405.79,blocked,2025-10-20 05:21:30
2628,1349,RU05MWXT6757057171591,savings,EUR,4313009.43,blocked,2025-06-13 19:56:12
2629,1671,RU63URHH3356255013584,savings,EUR,4833518.89,blocked,2026-01-03 21:57:58
2630,645,RU18DYYB3411373202201,credit,EUR,920625.45,active,2025-07-29 12:57:12
2631,852,RU10OHRF2606868663070,debit,USD,4377729.28,active,2025-06-19 18:12:44
2632,87,RU73TTNZ4886399875681,debit,KZT,2564409.27,blocked,2025-08-09 03:03:10
2633,1859,RU88SFTS5911029849383,debit,EUR,903384.1,active,2026-02-16 14:07:26
2634,19,RU50KASH2753296948632,credit,USD,3557114.72,closed,2025-09-15 02:01:23
2635,691,RU81BWCH0653323969118,debit,KZT,2414509.03,closed,2025-07-10 13:17:31
2636,433,RU88MMJV1151644659239,debit,USD,3402098.2,closed,2025-08-07 09:53:25
2637,1088,RU21NYLT7826900800470,savings,EUR,4968161.72,closed,2026-04-18 01:31:25
2638,1254,RU55GFFN0088843913497,debit,USD,3848789.47,active,2025-10-16 21:39:11
2639,1975,RU39HDAL3888931290442,credit,EUR,2736068.78,closed,2026-02-10 17:30:32
2640,935,RU54QEHX6160109728938,debit,USD,1663694.43,blocked,2025-12-08 02:03:05
2641,1285,RU67FCEX1015106097849,debit,USD,4147934.29,blocked,2026-04-19 00:32:50
2642,950,RU28PVAJ2097766310094,credit,EUR,1155495.24,active,2026-03-13 10:06:31
2643,1211,RU21KGCT4223653271472,debit,USD,1324237.82,active,2026-03-06 09:43:20
2644,470,RU90UVLA7623327509444,credit,EUR,1271455.43,active,2025-04-24 21:07:40
2645,1087,RU61QHCP4936016168763,debit,KZT,1109782.89,blocked,2025-07-25 00:38:36
2646,814,RU98XAPG7225758483639,debit,USD,239771.02,active,2026-02-28 20:00:59
2647,1646,RU51DOBD3898810295788,savings,EUR,4072308.96,closed,2025-10-02 01:37:38
2648,34,RU69EFVG3586234223422,credit,EUR,3973353.98,active,2026-02-15 19:51:50
2649,1230,RU42NJCA1442305665776,credit,KZT,2483681.37,closed,2025-07-15 02:21:23
2650,1094,RU17AXYM1251743421084,credit,EUR,1438498.13,active,2026-03-21 08:32:46
2651,481,RU71HTRQ9390316964668,savings,EUR,3628880.42,active,2025-11-20 21:32:46
2652,1344,RU63AYEM8748511766124,debit,KZT,3425735.12,active,2025-08-28 21:35:31
2653,1325,RU22PZZV6859766469265,debit,USD,104433.79,active,2026-04-19 19:30:05
2654,1535,RU71TVUB2827746948254,credit,USD,845944.14,active,2026-01-09 02:55:11
2655,527,RU78ZKOM3447820013768,savings,KZT,4529866.76,active,2026-01-31 09:28:08
2656,336,RU64HLFX8137242046535,savings,KZT,3825698.41,active,2025-08-21 09:52:01
2657,1111,RU07FCUP0572677983002,credit,EUR,3195474.0,active,2025-06-22 15:11:35
2658,1789,RU07XXBG0433077900121,debit,KZT,4767974.06,active,2026-02-19 14:52:16
2659,1578,RU85LGFH8840995550627,savings,KZT,567740.43,blocked,2025-09-01 07:11:41
2660,249,RU10DRDB6319854480667,credit,EUR,2327020.83,active,2025-10-27 02:41:16
2661,1369,RU09XMIW6290651651265,credit,USD,3927699.52,active,2026-02-23 15:12:06
2662,189,RU94IPGP0421415238778,savings,KZT,1940015.53,active,2025-11-20 23:47:40
2663,1936,RU37PZBY0098545069357,savings,EUR,92119.51,closed,2026-03-01 14:30:36
2664,1986,RU48MHVG8123543360620,debit,KZT,812298.36,active,2025-06-24 11:39:50
2665,1070,RU39GPNB2070737366803,credit,EUR,971658.04,active,2025-05-04 18:50:35
2666,697,RU35CNTU7607904660055,savings,USD,518743.37,closed,2026-02-18 12:44:53
2667,1663,RU50SYHX1994934499161,savings,KZT,838447.54,closed,2025-12-26 19:01:08
2668,991,RU29LTBF8798262255574,credit,EUR,3487076.09,active,2026-03-13 07:23:47
2669,1346,RU61YDTI5089066036340,savings,EUR,3854424.24,blocked,2025-08-26 08:26:26
2670,1316,RU77SUCW6169313336345,savings,KZT,4499952.69,active,2025-10-16 02:36:37
2671,386,RU06ZZFR0433264445816,debit,EUR,1777751.89,active,2025-12-31 03:40:03
2672,694,RU13JSIN1528681591567,savings,EUR,4187758.06,active,2026-03-23 23:40:29
2673,950,RU70JUYA7949179060812,debit,KZT,4215268.9,closed,2025-11-11 08:43:56
2674,1150,RU65LOBM0298224897147,debit,EUR,679715.74,blocked,2025-11-24 04:58:31
2675,1130,RU84BNPL9650002197976,credit,USD,599645.47,active,2026-02-22 12:36:08
2676,1711,RU64JZUO0486016561246,credit,USD,1230941.84,closed,2026-03-08 12:19:04
2677,872,RU54NEKN9512516280261,savings,KZT,4293425.91,active,2026-04-22 21:45:21
2678,615,RU12ZZIF2847469785136,credit,KZT,3479837.97,blocked,2025-06-21 15:35:40
2679,575,RU02QCTI8044635800272,savings,USD,4906570.01,closed,2025-09-11 11:54:46
2680,154,RU98TCOD4112129058884,savings,USD,3693403.36,blocked,2025-05-02 01:04:06
2681,54,RU26CSGM2631349460781,savings,USD,924695.96,active,2026-03-26 21:33:41
2682,282,RU82XQFT5219385222931,credit,EUR,2998130.15,active,2025-09-11 00:13:59
2683,233,RU57CJFH1154797049988,debit,USD,3840225.9,active,2026-04-03 05:45:17
2684,254,RU72VHCZ2060539543284,debit,EUR,1062340.03,active,2025-07-22 03:06:20
2685,101,RU83LUCE9938788431074,savings,USD,4207494.5,closed,2026-02-10 08:48:47
2686,1109,RU32SCIQ7642730092018,debit,EUR,2745133.57,closed,2026-03-27 04:58:35
2687,1415,RU91RPBY6983292401162,credit,USD,4531690.75,active,2025-06-01 05:19:02
2688,1834,RU36QACY6807328197507,savings,KZT,1560149.09,blocked,2025-05-29 07:42:29
2689,1348,RU92PECQ8906650565534,savings,USD,3705730.51,active,2025-05-19 21:57:44
2690,194,RU98ABZE6716172775399,credit,KZT,535036.65,blocked,2025-05-09 17:32:56
2691,961,RU38KIGV1611869814218,savings,USD,2710280.1,active,2025-06-23 21:22:35
2692,1211,RU19LSFS3004492294689,credit,KZT,410962.38,active,2025-07-04 02:43:04
2693,1329,RU57OMUD6611857001092,credit,EUR,4333594.28,active,2025-10-22 20:50:54
2694,448,RU33BZPH7866557195572,credit,EUR,634180.44,closed,2025-07-24 20:58:34
2695,836,RU41SBGI1386517673727,debit,EUR,2615352.64,active,2025-12-03 04:20:09
2696,1628,RU91FLSZ0635931215100,credit,KZT,2463771.39,active,2025-05-16 06:34:21
2697,881,RU91TTTD2998248613110,debit,EUR,3334744.55,active,2026-03-09 14:58:56
2698,1081,RU12GKQA7710912045938,savings,USD,681916.35,closed,2025-09-30 01:02:51
2699,1866,RU38PTLT6384535468196,credit,USD,1347531.83,closed,2026-03-21 16:59:29
2700,1822,RU44MFGX0037363757081,debit,EUR,2101700.7,closed,2025-11-02 11:52:36
2701,3,RU70KCWR0778336826144,debit,USD,2954096.06,active,2026-01-16 16:34:16
2702,263,RU14MIYL5753100266897,credit,KZT,4072416.71,closed,2025-06-08 19:27:26
2703,1981,RU70JFPK7148912552916,credit,KZT,663110.42,active,2025-07-21 20:55:09
2704,512,RU35LGZT7944740158668,credit,KZT,3656531.17,blocked,2025-06-13 20:29:05
2705,1977,RU70JSFO2545283240230,debit,USD,4797039.66,closed,2025-04-24 07:27:04
2706,1335,RU14QXSX1229439715010,debit,EUR,554760.87,active,2025-09-30 17:56:39
2707,220,RU36EVHS4142900940177,savings,KZT,2235925.44,active,2026-01-29 12:17:10
2708,1328,RU39XITU1928324951109,debit,USD,1626232.95,blocked,2025-09-17 07:09:29
2709,1351,RU68WNWW7024911699347,credit,EUR,1376047.89,active,2026-03-22 08:03:22
2710,1301,RU18URYO7629746793072,debit,KZT,1946665.95,active,2026-03-27 01:43:13
2711,1364,RU35DYXP8219279006846,credit,KZT,2450076.75,active,2025-10-10 02:31:32
2712,101,RU44JFRP3457635873111,savings,KZT,2167033.66,active,2025-05-17 01:31:15
2713,1601,RU91GLJX9258674564431,debit,EUR,2294279.32,active,2025-07-11 09:06:50
2714,847,RU21GFRD5613682332904,debit,USD,704348.61,active,2025-06-30 23:30:29
2715,873,RU52NAQJ6740724801879,debit,USD,3928690.42,closed,2025-05-18 13:46:56
2716,1202,RU93TTPD7908481527711,savings,USD,1516675.25,active,2025-10-14 17:22:10
2717,412,RU40LXFP5073613204063,credit,USD,4197500.38,blocked,2025-08-05 22:24:39
2718,329,RU32YFFG6281979911130,savings,KZT,2191208.32,active,2025-04-29 20:59:55
2719,1600,RU39PHNM1967197969781,debit,EUR,2430026.93,active,2025-11-23 11:50:21
2720,1044,RU17MFMM7141682659700,credit,KZT,550012.17,active,2025-11-11 22:50:39
2721,522,RU83OGFD2712151970962,credit,KZT,1359788.74,closed,2026-02-27 16:42:30
2722,636,RU98OHDZ6734992842678,credit,USD,102477.51,closed,2026-04-01 20:12:09
2723,220,RU52NXCO8405485120612,debit,USD,1261241.74,active,2026-02-11 11:48:30
2724,1962,RU86XMQP3701449877158,credit,EUR,4279394.94,closed,2026-02-27 12:21:30
2725,1894,RU07UTXE7812598339919,credit,KZT,3137969.16,closed,2025-04-24 12:36:25
2726,306,RU24PXVS3686421511261,debit,USD,3842697.11,closed,2025-10-03 05:19:11
2727,1164,RU88ASXC2827756539983,savings,KZT,2405615.24,active,2025-06-04 08:10:01
2728,1501,RU57PNWU7326426677301,savings,EUR,3821046.92,active,2026-01-18 12:37:47
2729,1648,RU16IEGK2794340716276,savings,EUR,998134.08,blocked,2026-01-08 08:30:54
2730,1725,RU97NIPQ4860564131066,credit,EUR,2820546.01,active,2025-09-17 18:18:49
2731,967,RU55MYBX2972945135609,credit,KZT,4451395.09,active,2025-05-11 00:06:27
2732,1757,RU85SBCV4806810659503,savings,USD,2357447.77,active,2025-11-16 00:19:03
2733,683,RU37UMGV2623750543226,savings,KZT,2154685.14,closed,2025-04-29 14:20:24
2734,1413,RU03AFPR4624068375945,debit,KZT,2826229.65,active,2025-07-22 01:06:07
2735,842,RU97QPWB2307105640067,debit,KZT,2335947.3,closed,2026-02-04 01:34:58
2736,149,RU04JDLQ6795240874155,debit,EUR,4948883.19,closed,2025-10-11 14:13:38
2737,1472,RU33AOKP6449639214819,debit,KZT,3690384.35,active,2025-09-14 06:00:45
2738,199,RU30MJFI0436545191600,debit,USD,59477.44,closed,2025-09-29 02:37:58
2739,247,RU76UFWE2656799266243,savings,EUR,2943542.55,blocked,2026-04-05 01:30:34
2740,429,RU93IWXX1781480896586,debit,USD,4617912.25,closed,2025-06-08 08:17:24
2741,192,RU16DJNT2119368757412,savings,EUR,2684918.54,active,2025-05-10 08:53:16
2742,975,RU42FWQP6704447186941,credit,USD,2705834.63,active,2026-04-17 22:15:40
2743,1725,RU70HTBI0808628355714,savings,KZT,3978815.71,active,2025-06-01 02:07:41
2744,182,RU58FOBS3191212595353,credit,EUR,1147416.81,closed,2025-08-09 01:15:36
2745,1,RU13UEXJ1266620685660,savings,EUR,1745445.1,active,2026-02-09 18:42:31
2746,927,RU38YTAW2885411112015,credit,EUR,822307.48,active,2025-12-22 19:10:35
2747,1171,RU51BEZM1554277141045,debit,EUR,1377014.4,active,2026-03-08 13:42:39
2748,322,RU51EQRP6468809049526,debit,EUR,226975.64,active,2025-07-08 06:41:57
2749,1695,RU71AKWD8546413728112,debit,KZT,664008.21,blocked,2025-05-17 00:18:52
2750,1356,RU41FGCJ4886366802955,savings,KZT,3093612.42,active,2025-06-07 23:52:28
2751,1487,RU36IRKY9975265700562,credit,KZT,1833845.42,active,2026-03-13 09:35:20
2752,1407,RU85QWJJ3290811609629,savings,KZT,3439897.73,active,2025-10-24 04:40:21
2753,775,RU42VHSX5613615100374,debit,KZT,1873303.68,closed,2025-06-30 05:11:57
2754,1402,RU27UUSV2120969860077,savings,KZT,425051.72,active,2025-07-14 11:10:10
2755,150,RU49VKOC5556239476469,debit,USD,543090.18,active,2026-01-19 22:44:56
2756,1665,RU49CXJK7859095198095,debit,USD,3568771.37,closed,2026-04-01 11:04:06
2757,1387,RU73TTYB5603266251031,credit,EUR,4494976.32,closed,2025-08-29 09:28:15
2758,1816,RU43LHAQ7033024677696,savings,KZT,4144048.92,closed,2025-11-16 03:41:23
2759,1353,RU58RURO0641080910729,credit,KZT,4768136.91,blocked,2025-06-29 01:36:11
2760,1252,RU63TXNP2248551570343,savings,USD,1579335.28,closed,2025-07-15 09:11:03
2761,1897,RU49JZSC7100357058334,credit,KZT,982151.98,active,2025-09-16 01:20:44
2762,1583,RU07SIHU7475063685399,credit,USD,4636310.6,closed,2025-06-07 00:18:19
2763,1632,RU41WFQM3693411525641,credit,KZT,4504253.87,active,2026-02-03 10:33:35
2764,1435,RU33UMLB6433054069651,credit,KZT,2800764.18,blocked,2026-04-11 08:47:10
2765,1331,RU83IQEM8272563930092,credit,EUR,3688323.73,active,2025-05-13 17:36:56
2766,1061,RU56VEIY1177155367317,debit,EUR,4379119.62,active,2025-07-25 14:39:06
2767,1860,RU14ZJFZ1152192693609,debit,EUR,4291657.48,closed,2026-04-01 16:35:23
2768,152,RU14SPBP3995513103986,debit,EUR,2761834.25,active,2025-11-13 03:15:01
2769,1101,RU60YRQY6359412307567,debit,USD,1306439.82,closed,2025-06-15 02:28:39
2770,1696,RU27JKHO7096422563851,debit,KZT,2139175.81,active,2025-06-16 11:24:10
2771,1645,RU08NAGD2191442381454,debit,EUR,3181610.68,closed,2025-06-19 14:59:29
2772,1280,RU88BHEP4154642255922,savings,KZT,2111189.92,closed,2025-05-24 08:18:17
2773,1511,RU18PCTF0744114862978,savings,USD,824008.54,active,2026-03-18 05:54:21
2774,692,RU37GEUQ4538129166040,debit,KZT,3827631.75,active,2026-02-18 07:32:52
2775,1362,RU25WYZY0989368701721,credit,KZT,4314566.05,active,2025-05-25 16:42:43
2776,661,RU56LWCR4744000543122,debit,EUR,4040052.72,closed,2025-05-24 16:45:08
2777,170,RU59FWNJ9232724450389,credit,KZT,2404418.61,active,2025-10-10 16:46:11
2778,1605,RU10GJPN4995232537742,credit,EUR,1858325.94,closed,2025-05-03 06:02:47
2779,1473,RU04FUNY7164843514546,debit,USD,1564907.29,active,2026-02-25 20:13:55
2780,1873,RU87EMBK5385558859918,credit,EUR,1450019.12,active,2025-08-02 12:03:31
2781,327,RU82SYBH4774499585391,debit,EUR,4064016.61,closed,2026-01-07 16:44:16
2782,1181,RU83DYZC3083212161762,credit,USD,1436631.83,closed,2026-04-11 17:22:01
2783,1573,RU86LCYZ9731029833126,debit,KZT,879449.11,active,2025-11-03 22:43:08
2784,1274,RU40KZEU8100749888710,debit,USD,1897846.85,active,2025-11-06 04:06:37
2785,891,RU32LIQJ0438008666581,savings,KZT,221687.93,active,2025-04-24 07:14:43
2786,1356,RU93KGTH6223393646954,savings,KZT,1890100.79,active,2025-05-27 15:49:33
2787,741,RU75SVJN5920548885073,credit,EUR,1376121.49,active,2025-09-27 13:46:16
2788,774,RU64ELOT1629077269252,credit,KZT,1179773.07,active,2026-02-27 00:17:33
2789,552,RU87GEBT9662725070120,credit,KZT,4953347.03,active,2026-01-05 01:10:27
2790,101,RU23ARJB7588222724859,savings,USD,4108069.49,closed,2025-09-15 23:28:33
2791,1495,RU76THCP8587873405386,debit,EUR,3571726.25,blocked,2025-05-13 19:31:36
2792,833,RU02PWMO7037379672803,debit,KZT,2051507.14,closed,2025-11-26 00:34:15
2793,943,RU97NODW9994650123578,credit,USD,3932829.59,active,2026-02-17 04:09:57
2794,1279,RU15EFGU9497083406262,credit,EUR,924647.37,active,2025-05-16 19:03:47
2795,549,RU77TLVH6441487774599,debit,KZT,4326391.39,active,2026-03-13 11:00:14
2796,1083,RU73IDQR3680898809320,debit,EUR,4576259.4,active,2025-08-02 19:33:00
2797,1282,RU41OTMJ4817552539125,credit,USD,4810798.09,active,2025-11-21 20:03:01
2798,1943,RU37KEKA0308973760278,savings,USD,4402389.49,active,2025-11-09 11:31:09
2799,398,RU28PBGH2158363039285,savings,EUR,3819500.25,closed,2025-12-30 18:35:12
2800,132,RU18QXNO4360489883362,savings,USD,1211893.72,active,2025-06-17 04:04:23
2801,1427,RU23XRVU1750609471888,savings,EUR,3389837.31,active,2025-11-11 20:00:13
2802,1171,RU78AVVM9513191429673,credit,EUR,3335227.86,active,2025-09-28 12:40:48
2803,610,RU69YAOI6863864610781,debit,KZT,1214338.39,blocked,2026-02-11 00:05:17
2804,1469,RU47FOOT4917655898823,debit,USD,3611525.13,closed,2025-10-07 13:21:56
2805,439,RU87TCNW2704914185623,debit,USD,4803907.49,active,2025-05-25 03:03:08
2806,947,RU81HGRV3167290037247,debit,USD,1458834.98,blocked,2025-06-23 01:28:39
2807,727,RU72BXVS4195130745529,savings,USD,4331501.0,active,2025-07-04 16:19:29
2808,826,RU92BUAG5920570839226,debit,EUR,3379078.78,active,2025-11-20 06:41:19
2809,1400,RU29HZXA3078371642946,debit,USD,959168.61,active,2026-01-07 21:35:32
2810,174,RU08DEUL7981233160308,savings,USD,1539339.62,active,2026-03-24 09:42:58
2811,596,RU93WTTF5631140215308,credit,EUR,4799898.54,closed,2025-11-05 10:08:46
2812,1877,RU96ZAZJ0276177812893,debit,KZT,3654169.59,active,2025-07-25 23:36:14
2813,1139,RU57HEHI5422317781621,credit,EUR,2594215.78,active,2025-08-29 23:28:12
2814,1486,RU24XIFP6565707621416,debit,USD,3050866.1,active,2026-01-09 20:19:14
2815,1410,RU28GKBV2142106114106,savings,KZT,1449191.26,active,2026-03-20 11:24:08
2816,597,RU85JKKQ2009412445161,debit,KZT,4582513.05,active,2026-02-14 07:56:17
2817,1688,RU79TJNK3709238798323,savings,KZT,4142799.36,active,2025-12-07 05:33:29
2818,646,RU08FYXH6770989534251,credit,KZT,1974205.28,active,2026-03-02 12:13:26
2819,290,RU55PBDG5881215552489,debit,KZT,473779.87,closed,2025-10-16 19:42:32
2820,1078,RU63THAY8713016188041,savings,EUR,4393104.08,active,2025-11-20 15:09:30
2821,99,RU82DWFC2610906102967,credit,KZT,1206240.51,active,2025-12-24 05:21:24
2822,1391,RU86INWT7780349316393,debit,USD,1084694.51,blocked,2025-12-29 07:58:00
2823,662,RU31WJRH5574908574717,debit,KZT,4412031.5,active,2026-01-29 03:24:00
2824,158,RU42ODKK6489643224696,debit,EUR,3807006.58,blocked,2026-02-11 17:58:24
2825,1970,RU21HDZR1589960993263,savings,USD,477443.66,closed,2026-03-22 13:51:20
2826,834,RU78IGBT2620482401521,credit,EUR,4320215.35,active,2025-04-27 08:39:29
2827,1867,RU81OYGR1018973324715,debit,KZT,4101923.95,active,2025-12-06 19:56:45
2828,219,RU83VFKR9996739031697,savings,USD,560961.11,active,2026-03-14 12:09:22
2829,1224,RU77YFQD8858407343190,credit,KZT,1222684.8,blocked,2025-08-30 20:54:51
2830,968,RU30ZVRL7346986758970,credit,EUR,2487260.93,active,2026-03-08 20:29:09
2831,1221,RU92CKWW4227095577200,debit,EUR,4539776.28,active,2026-03-31 20:38:45
2832,1272,RU13XKWH6889089643538,credit,KZT,1959415.29,closed,2026-02-24 19:55:58
2833,709,RU75FBDR7767129441153,debit,KZT,382183.45,closed,2025-05-20 18:08:33
2834,1656,RU89UATD2707366206272,debit,EUR,3196803.09,closed,2025-08-12 14:41:43
2835,223,RU31IIOA9967450716239,credit,USD,1129994.59,blocked,2025-11-15 00:06:27
2836,978,RU95ELEN5557576811200,savings,KZT,2933198.86,blocked,2025-07-07 19:58:45
2837,350,RU12LNKV5530407439387,credit,KZT,4708059.09,closed,2025-12-12 23:54:18
2838,1036,RU04FVOA7593359242384,debit,KZT,1201471.79,active,2025-08-31 09:23:51
2839,692,RU13IREH2890171063781,savings,KZT,462031.48,active,2026-01-18 06:56:44
2840,1528,RU57WZDR6893839543457,credit,USD,651132.2,closed,2025-09-28 09:00:51
2841,1927,RU55WWCE8403840588704,credit,KZT,4148085.79,active,2026-02-19 08:50:45
2842,1623,RU60TXCS3187323351950,savings,KZT,2462385.27,blocked,2025-10-06 16:40:41
2843,892,RU88TNEG3440593898333,credit,KZT,2597176.93,active,2025-06-07 11:09:54
2844,1529,RU49GOVQ7335805829989,debit,USD,3901753.51,active,2026-04-22 19:51:37
2845,87,RU05WKSX8148805951556,debit,KZT,2601762.56,active,2025-09-10 12:57:16
2846,800,RU84PIMJ2273006364704,savings,EUR,442810.35,active,2025-09-20 05:37:03
2847,316,RU18ZQPB4280489192944,credit,USD,364324.37,active,2025-06-01 00:45:01
2848,1952,RU60ONGG7799380470130,debit,KZT,1270880.57,active,2025-09-08 09:26:29
2849,107,RU70GONA4919179970579,savings,EUR,2751906.66,blocked,2025-12-01 09:00:06
2850,223,RU67VOGD0802713622557,savings,EUR,4237311.15,blocked,2026-02-13 13:20:54
2851,1150,RU85QJCS0322211388691,credit,KZT,3106272.15,closed,2026-03-12 02:19:09
2852,541,RU18RMNA7094195724168,savings,EUR,4815682.16,active,2025-07-26 05:43:30
2853,623,RU46KXQV4536981053405,credit,KZT,3969263.04,blocked,2026-02-20 05:34:58
2854,398,RU11HJPJ9230810799345,savings,USD,1187890.94,closed,2026-02-03 07:20:23
2855,1831,RU37MLCH9072674533962,credit,KZT,2037878.78,active,2025-07-22 23:52:22
2856,1322,RU23KXSS9178027152273,savings,EUR,3619562.83,active,2025-06-02 00:19:20
2857,1367,RU95PWFX2638617168138,savings,USD,3455847.78,active,2025-12-14 10:33:16
2858,1684,RU85GKQD7810524503578,debit,EUR,1841845.87,closed,2025-12-04 19:02:36
2859,1450,RU44GLJF1135796144400,debit,USD,1429536.31,active,2026-04-21 07:39:44
2860,33,RU02KOSS7984315227911,credit,USD,4959478.6,closed,2026-03-02 18:00:05
2861,340,RU21AVOJ6550653020068,savings,EUR,3531102.03,closed,2025-12-22 07:34:53
2862,862,RU11XMZL2320420422470,credit,EUR,4040542.22,active,2026-03-11 15:58:46
2863,1132,RU15IFQJ8501367245089,credit,EUR,3797713.73,blocked,2025-05-28 00:49:50
2864,1821,RU56HEXB0858752193269,credit,USD,726760.06,active,2025-12-04 04:27:56
2865,787,RU43JIVM4310291209765,credit,EUR,1241755.86,active,2025-11-28 18:32:17
2866,211,RU20QGUL7178620892799,savings,KZT,3861725.21,active,2025-11-30 09:08:28
2867,1268,RU69PTGI8329480742689,debit,KZT,4452807.85,active,2025-07-04 01:05:25
2868,1719,RU30ADOL0177547503168,debit,USD,3902860.04,blocked,2025-09-27 04:43:08
2869,1155,RU09DLOG6640968012003,credit,KZT,2039687.7,active,2025-11-25 21:16:23
2870,969,RU07SAQU1970476595440,debit,USD,3201557.11,blocked,2026-02-13 20:14:32
2871,856,RU17RRRQ5037219304180,debit,EUR,2210504.72,active,2025-08-21 09:57:14
2872,1151,RU76QUJR2960462087384,credit,KZT,2600448.9,active,2025-08-27 17:39:37
2873,1373,RU88HEFD5634397682523,credit,EUR,4539392.21,active,2026-04-07 04:01:10
2874,1946,RU89QDKY4743299557553,credit,KZT,3286638.64,closed,2026-02-11 05:03:13
2875,36,RU09ZQHL0654139074432,savings,KZT,4486356.73,blocked,2026-04-02 19:15:46
2876,1360,RU20SPSE0222123703228,debit,KZT,4511340.29,closed,2025-12-16 02:51:57
2877,890,RU58QRTX7026005206108,savings,KZT,2746711.73,active,2025-09-27 23:32:07
2878,1210,RU14JDAZ6977753238637,savings,EUR,3383094.39,blocked,2026-01-04 21:23:47
2879,545,RU69PGMX4217857228043,debit,EUR,1912787.01,blocked,2025-09-04 02:11:16
2880,834,RU56MTCO4238086919180,credit,KZT,4617383.64,active,2025-04-29 00:22:30
2881,1151,RU87SRDP4552753700410,savings,USD,492165.64,active,2026-02-14 21:24:09
2882,390,RU22FXGH6286411692770,credit,USD,2857963.58,active,2025-07-30 01:21:05
2883,1728,RU02HRTH1364903657168,debit,USD,1993953.79,active,2025-07-25 15:45:02
2884,1204,RU63QTPE9319010185540,savings,EUR,1360235.38,active,2026-03-21 02:58:55
2885,61,RU41LYPY4487038171747,debit,USD,3761911.89,active,2025-04-25 17:53:50
2886,1368,RU12JTAZ7923285337362,credit,USD,3002361.81,blocked,2025-05-17 12:42:32
2887,113,RU08GAWK7620726693185,debit,USD,2519992.75,active,2025-05-24 18:09:32
2888,1369,RU26ZQYK2186253956394,debit,EUR,1674870.07,active,2025-05-11 19:47:58
2889,1937,RU41VRPJ2243490934269,debit,USD,2639534.07,closed,2025-12-30 23:38:40
2890,572,RU45YFNH4448304105458,debit,USD,3149680.25,active,2026-03-22 08:48:26
2891,1511,RU43TMAC9377286756680,savings,KZT,2266231.37,active,2026-03-24 07:59:07
2892,1290,RU60ZPGJ5710717806550,credit,KZT,4359331.42,blocked,2025-12-28 13:44:41
2893,843,RU79FNJP2231464202076,credit,KZT,252445.57,active,2025-07-17 20:29:52
2894,1306,RU21LPSN6758134344776,savings,USD,85072.7,blocked,2025-10-11 08:20:24
2895,907,RU15XFHM9663786120459,credit,USD,1954299.1,active,2026-01-25 15:05:25
2896,1932,RU37PPYN7404950692519,savings,KZT,3630380.03,blocked,2026-01-08 23:01:44
2897,267,RU81VDCL5652927813624,credit,KZT,1723407.86,closed,2026-02-27 09:18:16
2898,189,RU58VRAY4677933839502,credit,USD,3625215.85,blocked,2026-04-16 14:34:38
2899,788,RU70UORM2631413503978,debit,KZT,2827541.43,closed,2025-05-19 03:45:17
2900,1576,RU34KCJC2011906773685,savings,KZT,1986997.24,closed,2026-01-10 05:13:06
2901,1093,RU91FVHO4761155849738,savings,KZT,4851514.57,active,2025-07-10 22:10:36
2902,930,RU83JAAQ1105212407667,debit,KZT,4686271.21,active,2025-09-09 04:51:43
2903,1465,RU75QMWZ1986645338373,debit,KZT,1724360.86,blocked,2025-06-04 10:28:11
2904,957,RU62GDBZ7476031077735,credit,KZT,2321810.92,active,2026-03-19 03:31:35
2905,1842,RU71HHSN4144127579880,debit,EUR,509181.13,closed,2025-06-25 16:01:36
2906,1,RU32FOYE0993525120987,savings,KZT,1095136.48,blocked,2025-07-24 15:15:27
2907,1690,RU21LKJX6700475870128,credit,EUR,1589461.94,blocked,2025-11-01 17:53:44
2908,1119,RU93AROB3411638610108,credit,USD,1880529.56,active,2025-07-16 23:27:38
2909,917,RU47GBDL3527800560886,debit,EUR,2726398.78,active,2025-08-03 23:25:37
2910,1214,RU10GZRV4196284194474,debit,EUR,4806227.93,closed,2025-08-26 15:58:41
2911,98,RU78MTAX5792321839576,debit,USD,1470788.52,active,2026-03-06 16:28:49
2912,194,RU08WRLG8933562419517,savings,USD,1424518.36,active,2025-07-24 01:35:54
2913,926,RU18YRMH1892786985687,debit,EUR,1251379.55,active,2025-09-24 22:10:08
2914,964,RU48XSMW7379956880859,credit,KZT,4638492.07,blocked,2026-02-04 23:01:49
2915,1620,RU53VNNL2163487864801,savings,EUR,2567440.55,active,2025-05-22 09:54:13
2916,29,RU08BKDU1842641022058,debit,EUR,462250.43,blocked,2026-04-05 12:21:14
2917,1681,RU02HKSK7880835262738,credit,EUR,4136786.59,active,2025-12-23 05:02:55
2918,397,RU34FOMA6706250917926,savings,EUR,4652997.12,blocked,2025-06-28 20:47:57
2919,1173,RU27DDTW8095606993232,credit,USD,3673005.31,blocked,2026-02-21 20:16:32
2920,1498,RU35XGNP3654019731112,credit,EUR,2190217.08,blocked,2026-03-25 18:19:57
2921,1693,RU23AXEO2216317419938,debit,EUR,1215903.93,active,2026-03-18 13:49:49
2922,1056,RU07SEVO3340958635469,debit,EUR,3407977.18,active,2025-09-28 19:59:13
2923,60,RU93FHZE6624299663907,savings,KZT,2862554.39,blocked,2026-02-04 03:10:05
2924,47,RU20IEVM6338912280023,savings,EUR,2943469.35,blocked,2025-09-26 15:22:59
2925,1395,RU52UPBU6093141733612,debit,USD,2392127.94,active,2025-09-26 14:14:44
2926,1764,RU63HSGG8189454975152,savings,KZT,4501662.27,closed,2026-02-20 02:15:06
2927,1654,RU96HYQV5897250671322,debit,KZT,1826066.45,active,2025-09-16 06:51:05
2928,1108,RU81VYHO0903134644390,debit,KZT,3294893.8,active,2025-07-02 07:05:41
2929,459,RU93WCKV3395833265090,credit,USD,1640125.12,active,2025-05-26 16:31:46
2930,806,RU48DFQC8489364590300,credit,EUR,1830836.45,active,2025-11-18 13:43:38
2931,917,RU78MOZS9134680606561,debit,EUR,1325278.13,closed,2025-06-20 14:27:49
2932,1501,RU76EDVP4726723406887,debit,EUR,3256857.14,active,2025-05-21 11:17:53
2933,1169,RU26PEPY5386689707342,debit,USD,2839767.31,blocked,2026-02-10 09:57:14
2934,1217,RU35DRAX8931698237995,debit,EUR,2953572.92,active,2025-07-23 13:35:25
2935,881,RU38HWJE0566807352675,credit,EUR,2709746.34,closed,2026-03-26 08:15:31
2936,34,RU78MLFT8053036100460,debit,KZT,4460990.63,active,2026-03-19 15:53:41
2937,678,RU77XKDA0199500987264,debit,EUR,3459274.55,active,2026-01-05 10:23:54
2938,1724,RU19NEOD6752059354157,credit,USD,4875071.67,closed,2026-01-26 13:47:33
2939,1417,RU46XFHS7424742589199,savings,EUR,4845359.02,active,2025-08-17 00:01:45
2940,1808,RU18WKTP4651984656316,credit,USD,4230831.53,closed,2025-11-08 03:17:28
2941,1134,RU54AZGF8889489789417,credit,KZT,3236706.5,active,2025-09-04 21:24:23
2942,926,RU38ENYH5288280823143,credit,EUR,2538166.98,active,2026-01-18 05:40:16
2943,1342,RU62VWBV2520029890426,savings,KZT,1785332.41,active,2025-07-23 14:09:56
2944,1834,RU72SWRB8782534670997,credit,USD,2238448.27,blocked,2025-07-08 07:56:10
2945,1105,RU47VQXK0616131217888,credit,KZT,132063.24,closed,2025-10-15 18:11:37
2946,563,RU62WQVW1626669874223,savings,KZT,4817654.67,active,2026-01-27 14:33:50
2947,1286,RU21HQZJ4461179549571,credit,USD,2474996.39,closed,2025-10-31 11:21:09
2948,788,RU21VCOY0494415361451,credit,KZT,4285261.8,closed,2026-04-13 16:34:23
2949,894,RU66VVUR3132181670491,credit,USD,3592980.18,active,2026-03-14 07:00:48
2950,1709,RU49LMDA0726076851640,debit,USD,2581068.19,active,2025-11-01 00:44:13
2951,1536,RU25UNJB0584451282729,debit,EUR,2661171.19,closed,2025-04-23 11:17:24
2952,817,RU65IZFR9811664972483,credit,KZT,3412011.29,active,2025-09-13 09:32:37
2953,107,RU98ZEKZ9574859133759,credit,USD,4415219.28,active,2026-02-10 15:35:05
2954,800,RU78SYGH4582388187169,savings,EUR,3098076.26,blocked,2025-11-30 06:27:23
2955,79,RU90IMXO5689292476807,debit,EUR,625002.57,active,2026-04-07 15:37:21
2956,1110,RU70EKPV9751315463676,debit,EUR,1713814.81,active,2025-08-05 10:08:06
2957,515,RU14EDGV6062949447272,debit,EUR,1966473.64,closed,2025-09-23 06:09:33
2958,402,RU14JLKV7699987511948,debit,USD,4132515.64,closed,2025-08-15 10:59:40
2959,381,RU61SHVG3639960144715,credit,KZT,3170111.14,active,2026-01-13 16:06:31
2960,1091,RU77VXSS7719445959614,credit,EUR,4233868.84,blocked,2026-03-11 16:13:24
2961,1775,RU04BTOO4184126405352,debit,KZT,2731364.26,closed,2026-04-21 03:41:54
2962,212,RU96THFE7697305721864,savings,USD,822943.23,active,2026-01-14 00:54:16
2963,1394,RU92KVHE6169174993945,savings,KZT,2665668.23,active,2026-01-28 18:38:19
2964,1910,RU65UFFO9180554700688,savings,KZT,4569855.29,active,2025-09-21 07:38:41
2965,344,RU43PHZW0296205633640,credit,KZT,2018853.39,closed,2025-07-18 07:08:10
2966,1779,RU57YSON2827128826310,credit,KZT,1717281.9,closed,2026-02-20 18:59:53
2967,1406,RU91XSMY8725407748816,savings,KZT,1118544.73,closed,2025-06-03 11:08:36
2968,1147,RU49QEAI3281277317742,credit,USD,1846787.91,active,2025-12-30 00:40:30
2969,1003,RU26VPRT4378872427581,credit,USD,4781338.63,closed,2025-08-27 04:35:43
2970,33,RU87IAWM5058095316470,credit,USD,3780183.52,active,2026-03-09 13:27:34
2971,536,RU22LTUI8875340732845,debit,KZT,971603.54,closed,2025-06-08 19:27:45
2972,1798,RU67MRQV9322817108228,credit,EUR,4121818.55,active,2026-04-17 23:06:14
2973,1705,RU59DSIB3349775933678,debit,USD,2995406.23,active,2025-05-11 10:14:00
2974,408,RU81HLQR4549086781382,credit,EUR,1668742.06,active,2025-08-05 17:41:50
2975,1625,RU82YHWW1196764758335,debit,KZT,4192975.53,active,2025-09-23 10:28:54
2976,630,RU34MMHQ8282270697777,debit,USD,1468956.3,active,2025-08-28 02:53:07
2977,1695,RU15HBRJ2985077023681,savings,KZT,537003.89,active,2025-09-12 09:34:56
2978,1269,RU73VBXV4636320154612,debit,USD,2379802.3,closed,2025-05-31 00:48:58
2979,488,RU53CIXS1228673194194,savings,USD,4257945.08,active,2025-04-29 10:50:54
2980,1966,RU40SEUN5118580202315,credit,USD,4763700.28,active,2026-01-18 22:52:23
2981,1771,RU42UYUF1809612492018,credit,KZT,1418110.54,active,2025-05-06 21:12:12
2982,1590,RU47XJXH5973098065727,savings,KZT,2283708.24,closed,2025-11-14 17:48:10
2983,1942,RU53GQBD6584563245405,debit,EUR,2959082.27,blocked,2025-11-27 06:36:49
2984,124,RU21HNAM5681540985217,credit,EUR,4174725.85,blocked,2025-04-25 19:53:03
2985,557,RU08WPFU9622923467184,savings,KZT,1175814.68,closed,2025-11-13 19:09:46
2986,1143,RU13INCV7327430766740,savings,USD,814784.82,active,2026-04-21 09:38:30
2987,678,RU69ADUQ4766995359607,credit,USD,2080999.44,active,2026-03-24 18:34:23
2988,1583,RU36CEIB8476520562247,credit,EUR,2078147.85,blocked,2025-11-18 12:14:22
2989,906,RU96DRBG8814371045826,savings,USD,4313100.82,active,2025-10-31 13:35:45
2990,1447,RU49BSMX0075079752217,savings,EUR,1687089.38,active,2025-11-19 10:55:52
2991,1295,RU25QANN7748189301636,savings,EUR,2942017.78,active,2026-02-26 14:03:41
2992,1776,RU21QIEN3361891355965,savings,EUR,4208040.14,active,2025-07-01 06:10:21
2993,1029,RU02OFOE8781841476238,debit,USD,4790067.59,active,2025-05-25 10:35:54
2994,1664,RU78BFMY7094618677164,credit,USD,4926945.07,active,2025-06-15 01:58:05
2995,1910,RU72CQDI6049912936322,debit,KZT,215331.79,active,2025-09-14 21:10:25
2996,1310,RU28QAXV2979801347209,debit,EUR,3237052.91,active,2025-05-21 11:15:02
2997,1963,RU23NPHR6675196537670,debit,KZT,3213609.84,active,2026-02-27 15:19:02
2998,668,RU91HTXF7499143839750,savings,KZT,1042511.27,active,2025-09-02 05:33:49
2999,985,RU63KHAR3360146715118,debit,EUR,1021252.26,blocked,2025-11-24 23:15:11
3000,1512,RU92VRQR2703224891360,debit,EUR,502746.54,active,2025-08-11 15:38:36
