card_id,client_id,account_id,card_number_masked,card_type,card_level,issue_date,expiry_date,card_status
1,994,1802,4871********9516,mastercard,gold,2024-03-23,2027-03-23,expired
2,854,1191,4634********9038,visa,gold,2023-11-23,2026-11-22,active
3,1263,1818,4433********8356,mastercard,platinum,2024-02-10,2027-02-09,active
4,1201,252,4658********7771,visa,platinum,2024-05-31,2027-05-31,active
5,1818,2506,4132********7001,visa,gold,2025-03-29,2028-03-28,active
6,1814,1118,4214********2140,visa,classic,2024-08-13,2027-08-13,expired
7,1601,1412,4827********2734,visa,classic,2026-04-21,2029-04-20,active
8,691,2114,4129********4279,visa,platinum,2025-06-25,2028-06-24,active
9,1454,409,4641********5994,visa,classic,2025-01-06,2028-01-06,blocked
10,1534,2580,4756********1132,visa,platinum,2024-03-20,2027-03-20,active
11,779,2255,4425********5299,mastercard,classic,2024-11-30,2027-11-30,active
12,1870,53,4734********8588,mastercard,classic,2025-01-07,2028-01-07,expired
13,970,645,4169********8727,mastercard,platinum,2023-09-12,2026-09-11,active
14,1718,1764,4681********8471,visa,classic,2024-04-20,2027-04-20,active
15,170,2777,4491********8606,mastercard,gold,2024-10-29,2027-10-29,active
16,497,901,4575********5352,mastercard,classic,2025-11-05,2028-11-04,blocked
17,1958,1074,4158********1535,mastercard,classic,2025-06-07,2028-06-06,expired
18,1295,473,4092********9371,mastercard,gold,2026-01-20,2029-01-19,expired
19,247,2739,4246********2675,mastercard,classic,2024-10-09,2027-10-09,expired
20,1930,2547,4889********3976,mastercard,classic,2024-05-31,2027-05-31,blocked
21,1568,45,4179********2037,mastercard,platinum,2024-03-20,2027-03-20,active
22,41,290,4203********8256,visa,platinum,2025-10-18,2028-10-17,expired
23,968,913,4989********4049,visa,gold,2025-02-12,2028-02-12,active
24,1938,2084,4176********3542,visa,platinum,2025-11-09,2028-11-08,blocked
25,1240,1361,4902********3804,visa,platinum,2024-09-12,2027-09-12,blocked
26,1932,2896,4818********6356,visa,platinum,2025-12-17,2028-12-16,active
27,482,2604,4241********3357,visa,classic,2023-06-19,2026-06-18,active
28,261,1227,4668********6958,visa,platinum,2026-03-15,2029-03-14,expired
29,548,297,4208********6246,mastercard,gold,2023-10-05,2026-10-04,blocked
30,1427,1242,4125********9013,mastercard,platinum,2025-04-07,2028-04-06,blocked
31,673,1006,4224********3647,mastercard,gold,2024-09-11,2027-09-11,active
32,1787,1666,4964********1320,mastercard,gold,2025-02-22,2028-02-22,active
33,1508,747,4591********9161,visa,classic,2024-10-04,2027-10-04,blocked
34,541,2852,4618********8189,visa,classic,2025-02-26,2028-02-26,expired
35,583,292,4178********8211,visa,classic,2024-06-15,2027-06-15,active
36,1986,782,4339********5038,mastercard,platinum,2024-01-17,2027-01-16,blocked
37,1577,2145,4736********2843,visa,gold,2023-09-01,2026-08-31,active
38,552,323,4141********9502,visa,classic,2026-02-04,2029-02-03,active
39,343,299,4028********2614,visa,gold,2025-05-17,2028-05-16,blocked
40,1095,1299,4746********1889,visa,classic,2025-02-09,2028-02-09,active
41,830,195,4904********1728,mastercard,platinum,2024-04-06,2027-04-06,blocked
42,1564,64,4621********8628,mastercard,gold,2025-11-28,2028-11-27,active
43,1893,394,4709********7098,mastercard,classic,2023-05-26,2026-05-25,active
44,1224,728,4652********9765,mastercard,classic,2024-12-18,2027-12-18,active
45,193,1584,4206********1284,mastercard,gold,2026-01-13,2029-01-12,active
46,1664,1548,4944********7354,visa,platinum,2024-07-22,2027-07-22,expired
47,1189,2426,4328********2793,mastercard,classic,2023-06-19,2026-06-18,active
48,1976,15,4855********3670,visa,platinum,2025-09-22,2028-09-21,expired
49,997,2568,4920********2533,visa,classic,2023-08-21,2026-08-20,expired
50,84,1601,4171********6705,visa,classic,2023-06-16,2026-06-15,active
51,479,1091,4203********8831,mastercard,platinum,2025-09-18,2028-09-17,expired
52,926,2112,4197********1928,visa,classic,2026-04-19,2029-04-18,expired
53,1860,204,4425********8702,visa,classic,2024-06-29,2027-06-29,expired
54,577,2419,4511********2522,visa,classic,2023-12-16,2026-12-15,blocked
55,150,153,4049********3472,visa,classic,2023-10-18,2026-10-17,active
56,930,2902,4161********2934,mastercard,gold,2023-10-07,2026-10-06,blocked
57,510,1360,4770********3287,visa,classic,2026-03-19,2029-03-18,expired
58,200,773,4789********2462,visa,classic,2024-08-04,2027-08-04,blocked
59,575,2679,4412********2712,visa,classic,2025-12-17,2028-12-16,active
60,184,1002,4123********1522,mastercard,classic,2024-04-18,2027-04-18,active
61,343,719,4677********9669,mastercard,classic,2025-09-19,2028-09-18,active
62,1662,613,4947********4507,visa,gold,2025-06-08,2028-06-07,expired
63,786,843,4197********8068,mastercard,gold,2024-01-31,2027-01-30,active
64,1510,267,4549********1219,visa,gold,2024-05-03,2027-05-03,active
65,263,52,4795********9535,visa,classic,2023-10-17,2026-10-16,active
66,1779,1196,4180********2645,visa,gold,2025-03-16,2028-03-15,active
67,203,1271,4808********7468,visa,gold,2025-03-30,2028-03-29,active
68,1994,1492,4590********6351,visa,classic,2023-09-16,2026-09-15,expired
69,468,1583,4293********7153,visa,classic,2024-02-15,2027-02-14,expired
70,484,522,4198********7008,mastercard,platinum,2025-11-26,2028-11-25,blocked
71,482,1695,4859********2081,visa,classic,2024-05-05,2027-05-05,expired
72,1986,2664,4610********6656,visa,platinum,2023-12-01,2026-11-30,expired
73,1695,2749,4508********1279,visa,classic,2025-03-02,2028-03-01,blocked
74,1966,1922,4121********3324,mastercard,classic,2025-03-11,2028-03-10,blocked
75,1072,103,4957********6882,mastercard,platinum,2024-08-25,2027-08-25,active
76,399,696,4396********6028,visa,classic,2025-04-01,2028-03-31,active
77,1525,2333,4265********2227,visa,classic,2025-05-16,2028-05-15,active
78,1894,2725,4493********1881,mastercard,classic,2023-09-15,2026-09-14,active
79,927,2273,4628********3653,mastercard,classic,2023-05-29,2026-05-28,expired
80,1764,2483,4506********5553,visa,classic,2024-02-26,2027-02-25,expired
81,1321,1843,4634********2007,mastercard,platinum,2026-03-24,2029-03-23,active
82,1403,1831,4441********7982,visa,gold,2023-10-02,2026-10-01,active
83,892,795,4133********3072,mastercard,platinum,2025-12-30,2028-12-29,active
84,833,1821,4350********6233,mastercard,classic,2023-10-24,2026-10-23,active
85,347,2002,4227********5676,visa,classic,2026-03-15,2029-03-14,active
86,1600,145,4127********1276,mastercard,gold,2025-02-19,2028-02-19,blocked
87,792,2526,4577********8396,mastercard,gold,2025-10-18,2028-10-17,active
88,300,1331,4637********2063,mastercard,gold,2023-11-06,2026-11-05,expired
89,25,2478,4693********6702,mastercard,gold,2025-05-04,2028-05-03,blocked
90,390,2882,4863********3825,visa,gold,2025-07-02,2028-07-01,blocked
91,312,322,4861********2743,visa,gold,2025-05-01,2028-04-30,blocked
92,1462,1262,4444********1044,visa,classic,2024-06-13,2027-06-13,expired
93,47,2415,4060********2941,visa,classic,2024-07-15,2027-07-15,active
94,1866,1270,4027********7759,visa,classic,2025-04-22,2028-04-21,blocked
95,243,1761,4408********5524,visa,gold,2023-05-02,2026-05-01,active
96,1968,417,4433********9458,visa,platinum,2024-07-23,2027-07-23,active
97,87,2632,4529********2596,mastercard,gold,2023-09-02,2026-09-01,active
98,1865,2292,4151********1499,visa,gold,2026-01-30,2029-01-29,active
99,321,175,4474********2383,visa,platinum,2024-07-06,2027-07-06,active
100,1998,1726,4418********8421,visa,classic,2024-04-26,2027-04-26,active
101,1013,2176,4473********4755,mastercard,classic,2026-02-10,2029-02-09,active
102,1353,46,4832********5714,mastercard,platinum,2024-07-03,2027-07-03,active
103,52,686,4503********5919,visa,gold,2023-08-04,2026-08-03,active
104,536,1608,4116********4220,visa,classic,2024-05-06,2027-05-06,expired
105,449,1232,4445********3977,mastercard,platinum,2026-01-18,2029-01-17,expired
106,1574,863,4692********6821,mastercard,gold,2024-01-08,2027-01-07,blocked
107,1550,1966,4610********5157,mastercard,classic,2024-05-26,2027-05-26,active
108,1492,332,4123********1089,mastercard,classic,2024-12-18,2027-12-18,active
109,1670,94,4621********7595,visa,gold,2025-09-17,2028-09-16,active
110,942,1642,4858********8167,mastercard,gold,2024-12-09,2027-12-09,active
111,678,2987,4080********6787,visa,platinum,2023-06-23,2026-06-22,active
112,786,507,4850********3264,mastercard,classic,2026-03-08,2029-03-07,active
113,1214,2910,4058********5358,mastercard,gold,2025-04-30,2028-04-29,blocked
114,1102,2046,4102********6088,mastercard,platinum,2023-06-18,2026-06-17,expired
115,1484,496,4025********2111,visa,classic,2024-07-04,2027-07-04,blocked
116,859,2133,4602********8956,mastercard,classic,2023-05-25,2026-05-24,active
117,540,1,4038********1321,mastercard,platinum,2024-07-30,2027-07-30,active
118,387,315,4556********2113,mastercard,platinum,2025-05-11,2028-05-10,active
119,736,1273,4322********5084,visa,gold,2025-08-04,2028-08-03,active
120,621,1942,4043********5186,visa,platinum,2024-09-30,2027-09-30,active
121,1147,2968,4662********9141,mastercard,platinum,2025-09-12,2028-09-11,expired
122,1783,1317,4504********4664,visa,classic,2025-03-23,2028-03-22,blocked
123,993,756,4604********8192,visa,gold,2023-11-14,2026-11-13,blocked
124,687,1771,4617********5794,visa,gold,2024-08-13,2027-08-13,blocked
125,545,1201,4978********2631,visa,classic,2023-06-06,2026-06-05,blocked
126,84,2175,4293********1804,mastercard,gold,2025-09-09,2028-09-08,expired
127,564,1992,4272********5067,visa,classic,2025-07-04,2028-07-03,active
128,1326,880,4447********3998,visa,platinum,2025-11-16,2028-11-15,expired
129,1447,766,4685********5736,visa,platinum,2024-12-04,2027-12-04,blocked
130,1575,928,4826********1240,visa,platinum,2026-01-22,2029-01-21,active
131,1550,2378,4169********8058,visa,classic,2026-01-08,2029-01-07,active
132,205,1375,4478********1835,mastercard,platinum,2024-07-31,2027-07-31,active
133,977,1815,4108********2458,mastercard,classic,2024-01-17,2027-01-16,active
134,1761,1799,4676********1449,mastercard,classic,2025-02-18,2028-02-18,expired
135,1546,930,4966********2371,visa,gold,2025-12-29,2028-12-28,expired
136,1521,437,4585********9404,mastercard,classic,2024-10-15,2027-10-15,active
137,804,197,4085********8281,visa,platinum,2023-09-21,2026-09-20,expired
138,475,1763,4515********5747,visa,classic,2026-02-23,2029-02-22,expired
139,1277,1065,4950********7537,mastercard,gold,2024-01-15,2027-01-14,expired
140,195,2343,4141********3633,visa,gold,2025-01-23,2028-01-23,active
141,1806,2529,4534********9407,visa,platinum,2026-02-27,2029-02-26,blocked
142,1094,1269,4995********9304,mastercard,gold,2023-05-07,2026-05-06,active
143,1764,2324,4552********3827,visa,classic,2025-05-06,2028-05-05,active
144,1873,2780,4553********1767,mastercard,gold,2025-06-25,2028-06-24,active
145,1611,2226,4484********2535,visa,classic,2024-10-21,2027-10-21,blocked
146,350,451,4576********2394,mastercard,platinum,2024-11-20,2027-11-20,blocked
147,1479,2165,4093********2376,visa,platinum,2023-10-25,2026-10-24,blocked
148,1243,2373,4690********5430,visa,platinum,2025-12-07,2028-12-06,blocked
149,1850,2013,4573********9268,visa,gold,2025-01-13,2028-01-13,blocked
150,646,271,4592********8817,visa,gold,2025-09-27,2028-09-26,active
151,1214,1841,4602********6810,visa,platinum,2023-11-25,2026-11-24,active
152,881,2935,4264********2448,mastercard,classic,2023-04-30,2026-04-29,active
153,1918,979,4437********1721,mastercard,platinum,2025-04-15,2028-04-14,active
154,691,2167,4181********8987,mastercard,platinum,2025-02-23,2028-02-23,expired
155,66,355,4571********4672,mastercard,platinum,2023-08-21,2026-08-20,blocked
156,1307,1877,4362********2753,mastercard,platinum,2024-04-19,2027-04-19,blocked
157,1949,185,4186********5798,visa,platinum,2024-07-25,2027-07-25,blocked
158,1,2745,4718********5637,mastercard,gold,2023-06-08,2026-06-07,expired
159,1869,1615,4254********5338,mastercard,classic,2024-02-12,2027-02-11,active
160,1252,2760,4463********9383,mastercard,classic,2024-10-01,2027-10-01,active
161,1894,1707,4454********1190,visa,platinum,2023-08-12,2026-08-11,active
162,1295,1862,4104********7323,visa,classic,2023-11-27,2026-11-26,active
163,1458,247,4593********4983,mastercard,gold,2024-09-21,2027-09-21,expired
164,1511,556,4559********3048,visa,platinum,2025-04-21,2028-04-20,expired
165,1569,1753,4983********4637,mastercard,platinum,2023-05-15,2026-05-14,blocked
166,1347,1365,4545********9221,visa,platinum,2023-12-06,2026-12-05,active
167,1421,68,4901********8141,visa,gold,2024-10-31,2027-10-31,blocked
168,1653,2619,4491********3479,mastercard,platinum,2025-12-08,2028-12-07,expired
169,1251,2285,4069********7961,visa,platinum,2024-10-05,2027-10-05,active
170,2,533,4091********5913,visa,classic,2023-06-26,2026-06-25,active
171,1946,2874,4600********5067,mastercard,platinum,2023-11-13,2026-11-12,expired
172,1335,2706,4655********3674,visa,platinum,2023-06-19,2026-06-18,blocked
173,48,1503,4110********4811,visa,gold,2025-06-27,2028-06-26,blocked
174,1356,762,4915********1006,mastercard,classic,2026-02-14,2029-02-13,active
175,775,2753,4044********5169,mastercard,platinum,2026-02-17,2029-02-16,expired
176,1756,1212,4096********7563,mastercard,platinum,2024-05-26,2027-05-26,active
177,326,2244,4931********3712,mastercard,gold,2025-04-07,2028-04-06,active
178,423,1794,4507********3369,mastercard,classic,2023-08-20,2026-08-19,expired
179,1117,536,4099********8027,mastercard,platinum,2024-12-08,2027-12-08,active
180,272,1747,4893********4166,mastercard,gold,2026-02-19,2029-02-18,active
181,1613,464,4806********7822,mastercard,classic,2025-01-16,2028-01-16,blocked
182,615,2678,4773********8933,visa,platinum,2026-01-11,2029-01-10,active
183,522,1840,4716********5238,visa,platinum,2023-06-24,2026-06-23,expired
184,1132,2863,4979********1046,mastercard,gold,2024-04-13,2027-04-13,expired
185,1199,125,4148********2587,mastercard,classic,2023-11-14,2026-11-13,blocked
186,1222,179,4277********7778,visa,classic,2025-02-14,2028-02-14,active
187,575,193,4637********4026,mastercard,platinum,2024-02-05,2027-02-04,blocked
188,1505,2308,4969********5342,mastercard,platinum,2023-12-25,2026-12-24,expired
189,1203,1430,4632********5079,mastercard,platinum,2024-05-16,2027-05-16,expired
190,842,1692,4562********8214,mastercard,platinum,2025-04-19,2028-04-18,blocked
191,901,742,4580********6117,visa,gold,2025-12-12,2028-12-11,active
192,1823,1035,4602********5279,mastercard,platinum,2023-11-30,2026-11-29,active
193,1893,1967,4113********3033,visa,platinum,2023-11-24,2026-11-23,expired
194,1405,479,4695********3958,visa,platinum,2025-02-18,2028-02-18,blocked
195,463,1028,4369********5036,mastercard,platinum,2025-05-14,2028-05-13,active
196,631,2602,4359********2857,visa,gold,2023-12-09,2026-12-08,active
197,1297,369,4432********2013,visa,platinum,2025-03-29,2028-03-28,expired
198,1827,2524,4770********7469,visa,gold,2023-07-23,2026-07-22,active
199,1533,846,4254********7730,visa,classic,2023-10-29,2026-10-28,expired
200,1031,257,4593********5258,mastercard,gold,2024-03-19,2027-03-19,expired
201,1865,1223,4057********7209,mastercard,classic,2025-09-10,2028-09-09,active
202,591,1993,4025********5933,visa,gold,2023-09-24,2026-09-23,expired
203,383,212,4994********5099,visa,classic,2024-11-07,2027-11-07,active
204,194,2690,4942********7165,mastercard,platinum,2025-03-20,2028-03-19,active
205,1459,1950,4804********8125,mastercard,gold,2023-12-01,2026-11-30,blocked
206,118,1363,4051********6355,mastercard,gold,2025-05-20,2028-05-19,active
207,489,2152,4014********6091,mastercard,gold,2023-12-17,2026-12-16,active
208,1615,2154,4501********8259,mastercard,platinum,2025-03-12,2028-03-11,active
209,1087,568,4584********8382,mastercard,gold,2024-01-09,2027-01-08,active
210,10,2207,4196********9297,visa,gold,2023-09-23,2026-09-22,active
211,59,2094,4248********7054,mastercard,gold,2024-10-12,2027-10-12,blocked
212,255,1711,4802********3143,visa,gold,2024-07-29,2027-07-29,active
213,1137,1264,4717********5738,visa,classic,2025-01-17,2028-01-17,blocked
214,1105,2124,4647********6472,mastercard,classic,2025-12-24,2028-12-23,active
215,995,799,4009********7971,visa,classic,2025-10-10,2028-10-09,active
216,1241,81,4179********3492,mastercard,classic,2025-04-30,2028-04-29,blocked
217,1702,33,4438********8837,mastercard,gold,2024-10-03,2027-10-03,blocked
218,1669,415,4137********6177,visa,gold,2025-04-09,2028-04-08,active
219,174,1805,4106********2295,visa,gold,2024-03-14,2027-03-14,active
220,1062,2214,4094********7103,mastercard,platinum,2026-01-03,2029-01-02,expired
221,225,1322,4654********7361,visa,classic,2025-11-30,2028-11-29,expired
222,603,1568,4015********2775,mastercard,platinum,2023-05-06,2026-05-05,expired
223,1175,784,4405********8883,mastercard,platinum,2025-03-16,2028-03-15,active
224,1776,2992,4200********2296,visa,platinum,2024-11-05,2027-11-05,expired
225,123,1413,4903********6871,mastercard,classic,2023-09-02,2026-09-01,active
226,1232,458,4456********3210,mastercard,gold,2023-05-26,2026-05-25,active
227,1544,140,4653********7963,visa,classic,2025-07-14,2028-07-13,active
228,1042,2231,4941********3697,visa,classic,2026-01-13,2029-01-12,expired
229,570,1026,4257********4748,mastercard,gold,2025-06-21,2028-06-20,active
230,474,89,4440********6664,mastercard,platinum,2023-05-07,2026-05-06,active
231,1000,1443,4472********6740,visa,gold,2025-06-28,2028-06-27,active
232,1239,1832,4970********9422,visa,gold,2024-12-25,2027-12-25,active
233,685,2577,4126********4810,mastercard,gold,2024-07-25,2027-07-25,active
234,1242,255,4816********5396,visa,classic,2024-06-13,2027-06-13,blocked
235,1340,606,4260********6005,mastercard,gold,2024-11-21,2027-11-21,blocked
236,498,1045,4346********3386,visa,classic,2024-04-29,2027-04-29,active
237,1390,569,4143********4171,visa,platinum,2026-04-08,2029-04-07,blocked
238,1502,1733,4292********9802,mastercard,platinum,2023-11-26,2026-11-25,expired
239,1909,2543,4751********2390,mastercard,gold,2025-03-22,2028-03-21,blocked
240,938,858,4782********4379,visa,platinum,2023-11-18,2026-11-17,active
241,50,2473,4660********3725,mastercard,classic,2024-01-13,2027-01-12,active
242,1880,818,4196********9829,mastercard,platinum,2025-05-05,2028-05-04,active
243,394,2031,4839********2192,mastercard,gold,2024-09-08,2027-09-08,active
244,1715,1878,4670********9894,visa,classic,2024-03-13,2027-03-13,expired
245,1326,142,4802********7341,visa,classic,2024-09-03,2027-09-03,active
246,1480,444,4336********4184,visa,gold,2025-08-26,2028-08-25,expired
247,1003,1175,4811********4760,mastercard,platinum,2025-05-06,2028-05-05,expired
248,64,487,4515********3372,mastercard,platinum,2024-10-30,2027-10-30,active
249,1850,882,4338********4760,mastercard,classic,2026-02-26,2029-02-25,active
250,33,2565,4878********2701,visa,platinum,2023-06-12,2026-06-11,blocked
251,1119,1085,4451********8768,mastercard,platinum,2023-11-25,2026-11-24,active
252,1248,1300,4862********7962,mastercard,classic,2026-04-04,2029-04-03,active
253,1634,176,4260********5167,mastercard,gold,2025-11-28,2028-11-27,active
254,263,1095,4437********1876,visa,platinum,2023-12-03,2026-12-02,active
255,3,2701,4704********2080,mastercard,platinum,2023-12-11,2026-12-10,expired
256,316,2847,4222********8378,visa,classic,2025-06-04,2028-06-03,active
257,1578,1964,4246********3020,visa,platinum,2024-04-14,2027-04-14,blocked
258,282,2682,4983********9230,mastercard,platinum,2024-07-28,2027-07-28,blocked
259,952,2098,4823********7972,visa,platinum,2024-03-30,2027-03-30,expired
260,1860,2156,4062********6014,mastercard,gold,2023-12-20,2026-12-19,expired
261,1210,1557,4719********3176,mastercard,classic,2026-03-07,2029-03-06,active
262,419,1671,4859********8363,visa,gold,2026-02-04,2029-02-03,blocked
263,1792,178,4238********1596,visa,platinum,2023-08-07,2026-08-06,expired
264,1063,1079,4553********7247,mastercard,classic,2026-02-18,2029-02-17,active
265,416,599,4135********4337,visa,platinum,2025-09-12,2028-09-11,blocked
266,1956,2191,4166********9543,visa,classic,2024-06-29,2027-06-29,expired
267,1715,2532,4811********2690,visa,classic,2025-09-15,2028-09-14,expired
268,991,2668,4511********1492,mastercard,classic,2025-06-27,2028-06-26,expired
269,741,2787,4215********3824,visa,platinum,2025-08-16,2028-08-15,expired
270,1967,480,4570********4474,visa,classic,2024-12-22,2027-12-22,active
271,685,1968,4045********2916,visa,classic,2026-01-01,2028-12-31,active
272,62,1058,4179********1034,visa,classic,2024-03-03,2027-03-03,expired
273,1807,2269,4395********8558,mastercard,gold,2025-11-28,2028-11-27,active
274,1764,534,4046********1488,mastercard,platinum,2025-05-07,2028-05-06,blocked
275,1867,1104,4124********1183,visa,gold,2024-08-29,2027-08-29,active
276,1099,1107,4381********7286,visa,gold,2026-03-04,2029-03-03,active
277,1108,2928,4939********4854,mastercard,gold,2024-07-18,2027-07-18,active
278,704,1124,4656********2393,visa,gold,2025-12-01,2028-11-30,active
279,76,943,4431********3265,visa,gold,2024-05-11,2027-05-11,active
280,1942,163,4418********6183,visa,classic,2025-11-03,2028-11-02,active
281,660,1552,4203********1276,mastercard,gold,2023-05-07,2026-05-06,active
282,1606,966,4003********7063,mastercard,gold,2024-02-10,2027-02-09,expired
283,1899,472,4388********8168,visa,gold,2025-04-04,2028-04-03,active
284,1861,845,4924********1754,mastercard,gold,2025-09-23,2028-09-22,blocked
285,1912,999,4432********5401,visa,classic,2025-08-29,2028-08-28,active
286,484,1905,4926********7438,mastercard,gold,2023-04-27,2026-04-26,active
287,1217,31,4725********2479,visa,gold,2024-08-17,2027-08-17,active
288,1511,2891,4827********8323,mastercard,classic,2024-01-06,2027-01-05,blocked
289,651,424,4628********5405,mastercard,classic,2026-01-30,2029-01-29,expired
290,475,512,4629********1246,mastercard,platinum,2024-07-05,2027-07-05,active
291,1353,2759,4440********7876,visa,gold,2025-02-27,2028-02-27,expired
292,199,2738,4144********7191,mastercard,classic,2023-09-13,2026-09-12,blocked
293,571,1394,4621********8522,visa,platinum,2025-12-07,2028-12-06,active
294,1455,1587,4552********8101,visa,gold,2023-09-17,2026-09-16,expired
295,1228,1930,4698********8951,visa,gold,2024-11-10,2027-11-10,active
296,556,2498,4379********8024,visa,gold,2023-05-21,2026-05-20,blocked
297,1359,788,4864********2270,mastercard,gold,2023-11-11,2026-11-10,active
298,1088,2637,4709********4878,visa,classic,2024-03-19,2027-03-19,active
299,533,2539,4135********8071,mastercard,gold,2023-05-08,2026-05-07,expired
300,1276,403,4591********4060,mastercard,classic,2025-01-25,2028-01-25,active
301,1264,434,4080********1095,mastercard,classic,2024-10-10,2027-10-10,active
302,499,1152,4802********8552,mastercard,gold,2023-07-21,2026-07-20,expired
303,45,74,4321********2929,mastercard,gold,2025-12-29,2028-12-28,blocked
304,1724,1537,4297********2478,visa,gold,2023-04-27,2026-04-26,active
305,1301,2710,4394********4029,visa,classic,2023-11-13,2026-11-12,expired
306,555,622,4689********3370,mastercard,classic,2024-01-07,2027-01-06,expired
307,1783,1438,4729********7599,visa,gold,2025-03-13,2028-03-12,active
308,1271,1560,4181********3665,visa,platinum,2025-06-01,2028-05-31,blocked
309,101,1567,4342********9392,visa,gold,2026-04-05,2029-04-04,active
310,639,325,4830********5330,mastercard,gold,2025-01-11,2028-01-11,active
311,519,333,4107********6678,mastercard,gold,2025-09-05,2028-09-04,blocked
312,1632,1393,4853********1743,mastercard,gold,2024-07-18,2027-07-18,expired
313,1499,651,4129********1047,visa,classic,2024-07-24,2027-07-24,active
314,468,2237,4508********1000,visa,platinum,2025-11-13,2028-11-12,active
315,245,1534,4064********7542,visa,platinum,2024-12-24,2027-12-24,active
316,1649,2164,4419********5507,visa,gold,2026-01-24,2029-01-23,active
317,1021,544,4216********3228,mastercard,gold,2025-03-15,2028-03-14,active
318,381,2959,4515********3669,mastercard,platinum,2024-02-17,2027-02-16,active
319,477,1819,4005********1957,visa,gold,2025-07-12,2028-07-11,expired
320,637,1625,4667********9465,visa,classic,2025-02-15,2028-02-15,active
321,1453,1178,4734********8415,visa,classic,2025-05-01,2028-04-30,active
322,1959,680,4429********2187,mastercard,platinum,2024-11-17,2027-11-17,active
323,457,2097,4006********8888,visa,classic,2023-08-01,2026-07-31,active
324,1249,2030,4965********1966,visa,classic,2025-10-20,2028-10-19,expired
325,390,1660,4380********1016,visa,gold,2023-07-02,2026-07-01,active
326,88,1638,4835********2411,mastercard,classic,2025-12-08,2028-12-07,blocked
327,706,240,4082********1714,mastercard,classic,2023-06-03,2026-06-02,blocked
328,767,2125,4054********3230,visa,classic,2023-10-16,2026-10-15,active
329,945,2620,4473********2161,mastercard,platinum,2025-02-01,2028-02-01,active
330,1151,2291,4696********1240,visa,gold,2025-08-30,2028-08-29,active
331,942,765,4927********2419,mastercard,platinum,2024-03-07,2027-03-07,active
332,206,1129,4715********5801,visa,platinum,2023-10-30,2026-10-29,active
333,889,1886,4816********9550,mastercard,gold,2023-10-22,2026-10-21,expired
334,1165,1117,4568********4495,mastercard,gold,2023-12-11,2026-12-10,active
335,1412,1103,4609********5212,mastercard,gold,2024-03-08,2027-03-08,active
336,1952,2848,4423********2443,visa,gold,2023-12-02,2026-12-01,active
337,127,2331,4824********6093,visa,classic,2023-09-10,2026-09-09,active
338,1479,1362,4036********5224,mastercard,classic,2025-08-14,2028-08-13,active
339,1653,2317,4360********7607,visa,platinum,2025-12-10,2028-12-09,active
340,1217,1408,4070********8672,mastercard,classic,2023-12-31,2026-12-30,active
341,660,2530,4448********5194,visa,gold,2023-06-02,2026-06-01,active
342,897,344,4430********9682,visa,gold,2023-06-29,2026-06-28,active
343,352,1106,4558********8133,visa,platinum,2023-06-17,2026-06-16,blocked
344,1669,2593,4458********4174,visa,platinum,2025-07-03,2028-07-02,active
345,564,558,4912********5908,visa,platinum,2023-10-21,2026-10-20,active
346,1995,1476,4990********3897,mastercard,classic,2024-04-19,2027-04-19,blocked
347,512,2704,4943********5881,mastercard,classic,2023-04-24,2026-04-23,expired
348,463,595,4048********6420,mastercard,classic,2023-05-24,2026-05-23,blocked
349,930,1558,4835********8279,mastercard,platinum,2023-09-11,2026-09-10,active
350,684,412,4402********6899,mastercard,platinum,2023-11-26,2026-11-25,active
351,985,1056,4360********2311,mastercard,gold,2023-04-24,2026-04-23,active
352,1352,2474,4210********3994,visa,platinum,2024-04-27,2027-04-27,active
353,482,109,4553********6460,mastercard,classic,2024-10-26,2027-10-26,active
354,1558,2026,4505********6070,visa,platinum,2025-03-26,2028-03-25,expired
355,220,2707,4104********4826,visa,classic,2023-05-21,2026-05-20,active
356,1522,319,4473********9315,mastercard,classic,2023-05-19,2026-05-18,expired
357,1600,2719,4703********1312,visa,gold,2024-08-31,2027-08-31,active
358,1194,841,4721********8293,mastercard,classic,2023-10-07,2026-10-06,active
359,402,2958,4172********1389,mastercard,platinum,2023-05-14,2026-05-13,expired
360,1403,1352,4379********4830,mastercard,gold,2025-05-23,2028-05-22,active
361,834,2826,4698********3902,visa,classic,2024-04-13,2027-04-13,active
362,1813,2367,4186********8171,mastercard,platinum,2024-06-26,2027-06-26,active
363,1186,1883,4892********1975,visa,classic,2023-12-11,2026-12-10,blocked
364,374,681,4777********1831,visa,gold,2024-11-03,2027-11-03,active
365,465,730,4345********4515,visa,gold,2024-08-08,2027-08-08,expired
366,1805,790,4265********8211,mastercard,classic,2024-08-11,2027-08-11,blocked
367,1998,1814,4289********1718,mastercard,classic,2023-10-17,2026-10-16,blocked
368,1477,1346,4721********4133,visa,gold,2025-10-03,2028-10-02,expired
369,1716,1869,4563********1811,mastercard,platinum,2025-09-02,2028-09-01,expired
370,632,2070,4690********6999,visa,classic,2024-02-08,2027-02-07,active
371,1375,433,4049********1159,mastercard,gold,2024-11-20,2027-11-20,expired
372,1679,565,4221********5981,visa,classic,2024-02-25,2027-02-24,expired
373,690,1749,4121********1049,mastercard,gold,2024-01-01,2026-12-31,active
374,1018,1777,4960********1514,visa,gold,2025-11-11,2028-11-10,active
375,692,71,4518********5656,visa,classic,2023-04-30,2026-04-29,expired
376,596,1789,4307********2536,visa,platinum,2023-12-28,2026-12-27,active
377,1360,1230,4901********3855,mastercard,gold,2024-05-12,2027-05-12,active
378,1049,1513,4931********7124,mastercard,classic,2024-07-26,2027-07-26,active
379,1934,57,4370********7355,visa,classic,2026-02-20,2029-02-19,active
380,1001,1602,4417********8977,visa,platinum,2024-07-19,2027-07-19,active
381,1327,652,4407********8020,visa,classic,2023-05-08,2026-05-07,expired
382,463,2177,4396********8196,mastercard,gold,2025-07-07,2028-07-06,active
383,1283,898,4796********4958,mastercard,platinum,2026-04-10,2029-04-09,active
384,1161,786,4711********3053,visa,platinum,2024-10-11,2027-10-11,active
385,1106,310,4583********5734,mastercard,platinum,2025-08-07,2028-08-06,active
386,1007,2405,4882********4686,visa,classic,2026-02-05,2029-02-04,blocked
387,643,1742,4502********8511,mastercard,classic,2025-03-18,2028-03-17,active
388,1276,908,4335********1131,visa,classic,2024-04-13,2027-04-13,active
389,1002,603,4848********1181,visa,gold,2024-09-05,2027-09-05,active
390,790,1179,4388********6129,mastercard,classic,2024-01-15,2027-01-14,blocked
391,1939,2298,4188********5683,visa,gold,2024-08-17,2027-08-17,expired
392,1781,1746,4260********4010,visa,platinum,2024-06-18,2027-06-18,active
393,1125,1162,4677********3448,visa,classic,2026-03-26,2029-03-25,active
394,65,1510,4338********2560,visa,classic,2024-01-31,2027-01-30,active
395,1076,2096,4585********1652,mastercard,platinum,2024-12-13,2027-12-13,active
396,384,1578,4364********5002,visa,platinum,2024-01-01,2026-12-31,expired
397,1383,573,4569********7783,mastercard,classic,2025-01-15,2028-01-15,active
398,347,555,4155********2911,visa,gold,2024-02-17,2027-02-16,blocked
399,1632,946,4454********4603,visa,platinum,2025-12-04,2028-12-03,active
400,1963,2997,4288********6480,mastercard,gold,2024-01-01,2026-12-31,expired
401,753,875,4569********9897,mastercard,gold,2024-10-20,2027-10-20,expired
402,1910,2995,4881********4048,visa,classic,2025-08-20,2028-08-19,expired
403,510,1570,4754********7938,mastercard,classic,2025-02-26,2028-02-26,blocked
404,1346,2669,4047********4783,visa,gold,2024-03-27,2027-03-27,active
405,1349,2628,4816********1138,visa,gold,2025-09-10,2028-09-09,active
406,1326,1554,4362********9530,visa,classic,2024-01-20,2027-01-19,active
407,937,121,4473********8591,visa,platinum,2025-10-25,2028-10-24,expired
408,249,2660,4129********1017,mastercard,classic,2023-05-24,2026-05-23,active
409,837,810,4820********6640,visa,classic,2024-01-05,2027-01-04,expired
410,459,2187,4006********3964,visa,gold,2024-11-21,2027-11-21,active
411,1654,1619,4101********3800,visa,gold,2024-09-20,2027-09-20,expired
412,600,314,4804********3039,mastercard,platinum,2024-12-27,2027-12-27,active
413,34,1563,4702********6997,visa,gold,2023-10-17,2026-10-16,active
414,1071,234,4791********2836,mastercard,classic,2025-02-22,2028-02-22,expired
415,1221,508,4380********6444,visa,platinum,2024-01-12,2027-01-11,expired
416,585,1337,4901********6127,mastercard,platinum,2025-08-25,2028-08-24,blocked
417,209,1386,4171********2543,mastercard,platinum,2025-06-20,2028-06-19,expired
418,1125,112,4045********1824,mastercard,classic,2024-09-10,2027-09-10,blocked
419,972,1579,4547********4538,visa,platinum,2024-11-06,2027-11-06,blocked
420,1898,411,4623********3532,mastercard,classic,2025-01-24,2028-01-24,expired
421,444,219,4282********6434,mastercard,classic,2025-12-20,2028-12-19,active
422,1125,2115,4526********3262,visa,platinum,2025-07-26,2028-07-25,blocked
423,949,1308,4166********1019,visa,classic,2024-11-30,2027-11-30,expired
424,753,1081,4218********5825,visa,platinum,2024-02-26,2027-02-25,active
425,621,760,4138********3547,visa,gold,2025-09-07,2028-09-06,active
426,1457,912,4284********5566,mastercard,gold,2025-05-26,2028-05-25,active
427,799,808,4748********3157,visa,classic,2024-11-27,2027-11-27,blocked
428,794,440,4997********6896,visa,platinum,2025-08-21,2028-08-20,active
429,1898,545,4689********3073,visa,classic,2025-12-15,2028-12-14,active
430,1877,486,4649********4405,visa,gold,2024-05-29,2027-05-29,active
431,82,2476,4224********3149,visa,platinum,2025-04-29,2028-04-28,blocked
432,594,388,4509********6884,visa,platinum,2024-10-23,2027-10-23,active
433,1681,2917,4249********7110,visa,classic,2023-11-09,2026-11-08,active
434,1030,1193,4515********2532,mastercard,gold,2024-12-10,2027-12-10,active
435,1103,1231,4416********5152,mastercard,classic,2024-04-24,2027-04-24,active
436,167,1211,4698********1941,mastercard,platinum,2023-07-07,2026-07-06,expired
437,1127,1274,4236********8208,mastercard,gold,2025-08-02,2028-08-01,active
438,377,1940,4407********2572,visa,classic,2023-06-15,2026-06-14,active
439,1852,2304,4700********1375,visa,platinum,2024-03-02,2027-03-02,active
440,1543,931,4425********2212,mastercard,gold,2023-07-31,2026-07-30,blocked
441,1532,136,4885********1669,visa,platinum,2024-02-09,2027-02-08,expired
442,1307,1781,4223********2955,visa,gold,2024-12-20,2027-12-20,active
443,33,2168,4862********9867,mastercard,classic,2025-11-08,2028-11-07,expired
444,1578,1498,4396********7420,visa,classic,2024-05-21,2027-05-21,expired
445,1785,2257,4083********4326,visa,gold,2023-08-02,2026-08-01,blocked
446,324,367,4014********9209,visa,gold,2026-01-08,2029-01-07,blocked
447,1996,2025,4570********7038,mastercard,gold,2024-05-12,2027-05-12,blocked
448,189,2898,4976********1664,mastercard,classic,2025-11-16,2028-11-15,blocked
449,1302,30,4952********3506,visa,platinum,2024-02-03,2027-02-02,expired
450,1612,2502,4823********7450,mastercard,gold,2026-01-23,2029-01-22,active
451,1003,2969,4310********5701,mastercard,gold,2025-10-15,2028-10-14,active
452,703,1048,4451********8069,mastercard,classic,2023-11-15,2026-11-14,active
453,1369,2888,4619********4089,visa,platinum,2025-10-24,2028-10-23,blocked
454,1236,1422,4352********1139,mastercard,platinum,2026-02-06,2029-02-05,expired
455,495,1489,4385********3740,mastercard,classic,2024-11-10,2027-11-10,active
456,1376,184,4866********3767,mastercard,classic,2023-05-09,2026-05-08,blocked
457,773,1135,4903********2924,visa,gold,2025-02-23,2028-02-23,active
458,10,189,4261********4546,mastercard,platinum,2025-06-28,2028-06-27,active
459,283,421,4941********6628,mastercard,gold,2025-06-26,2028-06-25,active
460,1314,171,4103********9432,visa,platinum,2024-12-13,2027-12-13,blocked
461,218,1378,4971********2607,mastercard,classic,2025-11-28,2028-11-27,active
462,1749,461,4741********6097,visa,platinum,2024-12-13,2027-12-13,expired
463,1344,44,4584********7230,mastercard,classic,2024-02-23,2027-02-22,active
464,1048,88,4573********6551,visa,classic,2025-09-04,2028-09-03,active
465,28,1323,4969********8551,visa,gold,2025-04-23,2028-04-22,active
466,1198,1741,4373********9710,visa,classic,2024-05-24,2027-05-24,active
467,1135,706,4266********4314,visa,platinum,2024-02-07,2027-02-06,active
468,76,904,4079********2289,mastercard,platinum,2023-09-18,2026-09-17,expired
469,1754,283,4511********7646,visa,gold,2025-09-16,2028-09-15,active
470,1642,2459,4378********8649,mastercard,platinum,2024-07-17,2027-07-17,expired
471,1917,694,4691********5400,mastercard,gold,2024-12-05,2027-12-05,blocked
472,323,2090,4411********5395,mastercard,classic,2023-06-11,2026-06-10,active
473,531,2067,4990********4930,mastercard,gold,2024-08-01,2027-08-01,expired
474,1795,258,4483********5437,mastercard,gold,2023-07-08,2026-07-07,expired
475,1087,2645,4795********9237,mastercard,classic,2024-05-02,2027-05-02,blocked
476,616,2595,4213********5593,visa,classic,2024-06-22,2027-06-22,active
477,198,2443,4351********5678,mastercard,classic,2025-05-12,2028-05-11,expired
478,1204,2884,4714********1129,mastercard,platinum,2026-03-22,2029-03-21,active
479,499,1217,4520********2434,mastercard,classic,2025-11-21,2028-11-20,blocked
480,395,1042,4610********3336,mastercard,gold,2023-09-26,2026-09-25,expired
481,778,2454,4390********7505,mastercard,gold,2025-05-12,2028-05-11,active
482,677,150,4115********4924,visa,gold,2024-08-09,2027-08-09,active
483,494,1737,4139********4925,mastercard,platinum,2023-11-10,2026-11-09,expired
484,1047,2359,4121********5353,visa,gold,2024-08-04,2027-08-04,active
485,436,2393,4955********5684,visa,platinum,2024-05-25,2027-05-25,active
486,1548,2442,4666********9920,visa,classic,2023-09-03,2026-09-02,active
487,242,2113,4963********7806,visa,gold,2025-04-21,2028-04-20,active
488,1838,2418,4907********6061,visa,platinum,2025-04-11,2028-04-10,active
489,722,135,4463********7760,visa,platinum,2023-09-10,2026-09-09,blocked
490,917,2931,4231********2708,visa,classic,2025-09-27,2028-09-26,expired
491,1144,832,4661********2998,mastercard,platinum,2023-12-29,2026-12-28,active
492,74,1801,4941********3736,visa,classic,2025-04-14,2028-04-13,active
493,806,2930,4377********9994,mastercard,classic,2025-11-10,2028-11-09,expired
494,906,2989,4287********6215,visa,classic,2026-03-27,2029-03-26,active
495,552,1899,4835********5577,visa,gold,2023-09-14,2026-09-13,expired
496,1903,865,4816********8547,mastercard,gold,2024-02-24,2027-02-23,blocked
497,916,529,4049********2842,mastercard,classic,2025-05-16,2028-05-15,active
498,1737,2220,4890********1414,mastercard,gold,2024-03-13,2027-03-13,active
499,971,431,4227********8286,mastercard,gold,2026-02-03,2029-02-02,active
500,182,2744,4591********8044,mastercard,platinum,2025-05-09,2028-05-08,active
501,1568,1745,4416********4085,visa,gold,2024-09-16,2027-09-16,active
502,1211,611,4114********5565,visa,platinum,2025-12-22,2028-12-21,active
503,1650,950,4947********6850,visa,gold,2025-01-16,2028-01-16,expired
504,1877,2812,4064********1402,mastercard,gold,2024-02-07,2027-02-06,expired
505,1484,222,4674********1747,visa,classic,2025-12-08,2028-12-07,active
506,369,1916,4495********3919,visa,classic,2024-02-21,2027-02-20,active
507,1905,2412,4190********6239,mastercard,platinum,2023-08-09,2026-08-08,active
508,209,1037,4122********7970,visa,platinum,2023-12-24,2026-12-23,active
509,814,2646,4232********3022,visa,gold,2023-12-27,2026-12-26,expired
510,1398,933,4825********2422,mastercard,classic,2023-06-23,2026-06-22,active
511,1311,2556,4203********2992,visa,gold,2025-06-05,2028-06-04,expired
512,1898,174,4354********6751,visa,platinum,2024-03-02,2027-03-02,blocked
513,618,566,4180********1438,visa,platinum,2024-03-06,2027-03-06,blocked
514,811,1961,4802********5032,mastercard,classic,2025-07-05,2028-07-04,active
515,632,813,4989********6771,visa,classic,2023-04-25,2026-04-24,active
516,1834,2688,4173********3470,mastercard,classic,2025-06-23,2028-06-22,expired
517,1994,959,4194********9555,visa,classic,2024-10-10,2027-10-10,active
518,306,528,4372********8760,visa,gold,2023-04-28,2026-04-27,active
519,329,1414,4132********4713,mastercard,gold,2025-07-12,2028-07-11,active
520,1603,1612,4519********6734,visa,gold,2025-05-11,2028-05-10,blocked
521,111,273,4093********1802,mastercard,classic,2024-06-18,2027-06-18,expired
522,283,927,4191********7374,mastercard,classic,2023-10-08,2026-10-07,expired
523,1167,1740,4826********3595,visa,gold,2024-10-29,2027-10-29,active
524,1189,848,4101********1231,mastercard,classic,2026-01-21,2029-01-20,active
525,672,953,4405********2634,mastercard,platinum,2023-06-21,2026-06-20,expired
526,596,1621,4227********3996,visa,gold,2025-06-26,2028-06-25,blocked
527,1512,3000,4945********5294,mastercard,gold,2026-01-16,2029-01-15,blocked
528,486,2316,4205********6313,mastercard,gold,2025-07-30,2028-07-29,active
529,697,1913,4148********4437,visa,platinum,2023-08-18,2026-08-17,active
530,616,2594,4145********3644,visa,platinum,2024-08-05,2027-08-05,active
531,322,2032,4772********5784,mastercard,classic,2024-03-12,2027-03-12,active
532,223,1101,4573********3527,visa,classic,2023-06-20,2026-06-19,active
533,833,1293,4414********1936,mastercard,classic,2025-08-07,2028-08-06,expired
534,1360,2876,4345********4458,mastercard,platinum,2025-08-21,2028-08-20,active
535,530,169,4921********7383,visa,platinum,2023-09-28,2026-09-27,blocked
536,669,2377,4885********5008,visa,platinum,2024-05-18,2027-05-18,active
537,1623,1468,4544********1908,mastercard,gold,2025-07-27,2028-07-26,blocked
538,1860,2767,4282********2712,visa,classic,2024-07-01,2027-07-01,blocked
539,172,1399,4685********6165,visa,platinum,2025-03-03,2028-03-02,active
540,655,1229,4790********2999,mastercard,classic,2025-03-10,2028-03-09,active
541,1844,2235,4909********2175,visa,gold,2024-11-01,2027-11-01,active
542,992,1739,4410********1939,mastercard,platinum,2023-05-10,2026-05-09,blocked
543,646,368,4234********8758,mastercard,gold,2025-08-17,2028-08-16,active
544,1844,2276,4321********5535,mastercard,classic,2024-11-29,2027-11-29,active
545,666,868,4326********5119,visa,classic,2025-11-02,2028-11-01,active
546,777,1303,4377********2416,mastercard,platinum,2023-08-09,2026-08-08,active
547,580,352,4073********2269,mastercard,gold,2024-11-18,2027-11-18,blocked
548,413,2395,4278********1277,visa,platinum,2024-12-05,2027-12-05,blocked
549,1066,2504,4606********4465,mastercard,gold,2025-02-13,2028-02-13,expired
550,422,980,4508********6861,visa,classic,2024-06-20,2027-06-20,blocked
551,1048,1848,4822********1008,visa,classic,2026-02-14,2029-02-13,active
552,1282,2371,4172********8120,visa,platinum,2024-04-17,2027-04-17,active
553,1570,499,4072********9128,visa,classic,2023-07-12,2026-07-11,active
554,829,1629,4153********6037,visa,classic,2023-07-06,2026-07-05,expired
555,472,211,4249********8045,mastercard,gold,2024-02-20,2027-02-19,expired
556,134,2471,4580********8436,mastercard,classic,2025-06-16,2028-06-15,expired
557,389,602,4977********9572,mastercard,classic,2026-03-14,2029-03-13,active
558,1921,228,4168********7985,mastercard,gold,2025-02-07,2028-02-07,active
559,1623,366,4081********4037,visa,gold,2026-04-13,2029-04-12,blocked
560,957,582,4691********1463,mastercard,gold,2023-06-26,2026-06-25,expired
561,1322,2856,4986********9690,mastercard,platinum,2025-08-09,2028-08-08,expired
562,899,2179,4430********6773,visa,platinum,2023-07-22,2026-07-21,active
563,1816,2019,4963********6058,visa,classic,2025-09-01,2028-08-31,expired
564,345,860,4093********7262,mastercard,gold,2023-11-07,2026-11-06,active
565,1777,408,4031********9396,mastercard,classic,2025-07-02,2028-07-01,active
566,1039,1921,4127********3371,visa,classic,2024-09-23,2027-09-23,active
567,876,1614,4600********2134,mastercard,classic,2023-10-13,2026-10-12,active
568,762,679,4497********7195,mastercard,gold,2025-08-17,2028-08-16,expired
569,423,1265,4655********8472,mastercard,gold,2024-03-30,2027-03-30,active
570,782,2408,4728********1818,visa,classic,2023-09-28,2026-09-27,blocked
571,1723,692,4991********8606,mastercard,gold,2023-07-16,2026-07-15,active
572,1945,8,4557********8131,mastercard,gold,2024-07-17,2027-07-17,active
573,1719,2868,4586********8337,mastercard,gold,2024-08-20,2027-08-20,active
574,1783,1205,4429********4298,mastercard,gold,2025-11-09,2028-11-08,blocked
575,1312,2234,4707********1553,mastercard,gold,2023-12-11,2026-12-10,active
576,700,416,4023********7663,visa,gold,2025-12-26,2028-12-25,active
577,304,671,4715********4614,mastercard,classic,2025-01-18,2028-01-18,active
578,1433,811,4602********7326,mastercard,platinum,2024-10-03,2027-10-03,blocked
579,1949,1090,4631********4055,mastercard,gold,2024-08-06,2027-08-06,active
580,340,200,4112********6867,visa,platinum,2024-09-01,2027-09-01,blocked
581,1651,284,4228********6260,visa,classic,2025-06-07,2028-06-06,active
582,1760,232,4607********8634,visa,classic,2025-01-22,2028-01-22,active
583,967,2731,4358********2804,visa,platinum,2025-05-12,2028-05-11,active
584,862,2862,4473********7775,visa,gold,2024-12-23,2027-12-23,active
585,327,97,4240********2283,mastercard,platinum,2023-12-24,2026-12-23,active
586,231,1588,4938********9593,mastercard,platinum,2024-12-23,2027-12-23,blocked
587,1941,2570,4357********5615,mastercard,platinum,2025-10-11,2028-10-10,blocked
588,1390,1607,4253********5891,mastercard,gold,2025-04-15,2028-04-14,active
589,1124,677,4763********4627,mastercard,platinum,2024-05-10,2027-05-10,active
590,1281,1861,4804********2195,mastercard,platinum,2025-01-28,2028-01-28,active
591,1181,2782,4405********5007,visa,platinum,2024-08-22,2027-08-22,active
592,1821,2864,4282********8387,mastercard,classic,2023-08-21,2026-08-20,expired
593,1378,2588,4902********5417,mastercard,gold,2025-10-01,2028-09-30,active
594,1421,1400,4538********3807,visa,classic,2023-07-20,2026-07-19,active
595,578,1371,4607********6377,mastercard,classic,2024-11-14,2027-11-14,expired
596,1719,105,4740********8815,visa,platinum,2026-01-09,2029-01-08,expired
597,963,2088,4657********9558,mastercard,classic,2025-05-24,2028-05-23,active
598,392,600,4161********2697,visa,platinum,2024-02-26,2027-02-25,blocked
599,1061,1757,4132********2002,visa,classic,2024-11-11,2027-11-11,blocked
600,2000,1324,4779********1710,mastercard,gold,2023-08-25,2026-08-24,active
601,349,643,4920********9496,mastercard,classic,2025-07-03,2028-07-02,active
602,1836,701,4645********7763,mastercard,gold,2023-05-12,2026-05-11,blocked
603,1351,227,4819********3161,visa,classic,2024-08-10,2027-08-10,active
604,1015,1698,4010********1703,mastercard,gold,2023-12-17,2026-12-16,expired
605,771,1011,4443********5987,mastercard,classic,2025-03-12,2028-03-11,active
606,208,1573,4740********4660,visa,classic,2025-10-28,2028-10-27,active
607,1769,777,4918********6828,visa,classic,2024-02-03,2027-02-02,active
608,1562,1731,4208********8560,mastercard,gold,2024-08-22,2027-08-22,active
609,1867,2827,4541********7416,visa,gold,2025-06-07,2028-06-06,expired
610,99,2229,4345********8722,visa,platinum,2025-08-11,2028-08-10,blocked
611,549,2795,4994********2292,visa,classic,2024-08-20,2027-08-20,active
612,1908,465,4722********6906,mastercard,classic,2023-12-11,2026-12-10,active
613,1344,2652,4712********6361,mastercard,gold,2025-10-23,2028-10-22,active
614,1747,1094,4086********2187,visa,platinum,2025-07-19,2028-07-18,expired
615,614,1272,4379********1787,visa,gold,2023-08-20,2026-08-19,active
616,47,2924,4195********7674,visa,platinum,2024-07-22,2027-07-22,active
617,722,1581,4034********5074,visa,gold,2024-04-26,2027-04-26,blocked
618,847,1208,4299********4000,mastercard,gold,2025-04-12,2028-04-11,active
619,472,213,4671********2765,visa,gold,2025-02-25,2028-02-25,active
620,1435,13,4679********8385,mastercard,platinum,2024-07-03,2027-07-03,blocked
621,1705,2973,4800********9851,visa,classic,2023-06-13,2026-06-12,expired
622,324,423,4810********6141,visa,platinum,2025-05-20,2028-05-19,active
623,1875,1689,4390********1821,visa,platinum,2023-09-16,2026-09-15,active
624,857,1780,4662********8983,mastercard,gold,2025-05-28,2028-05-27,active
625,935,2640,4476********5317,visa,classic,2025-03-13,2028-03-12,active
626,188,2320,4212********6218,visa,classic,2023-11-02,2026-11-01,active
627,1901,638,4549********7006,visa,classic,2025-04-28,2028-04-27,active
628,54,1279,4834********5592,mastercard,gold,2023-10-09,2026-10-08,active
629,1344,1641,4185********8347,mastercard,platinum,2025-10-15,2028-10-14,active
630,1995,510,4203********4293,visa,platinum,2023-05-24,2026-05-23,active
631,1968,598,4638********4830,visa,classic,2024-03-24,2027-03-24,active
632,1601,2713,4137********6409,mastercard,platinum,2026-04-17,2029-04-16,active
633,691,2635,4220********4349,visa,classic,2026-04-09,2029-04-08,active
634,1809,2365,4224********4232,mastercard,gold,2024-04-09,2027-04-09,blocked
635,470,2644,4451********2109,visa,platinum,2025-02-27,2028-02-27,blocked
636,1272,519,4802********8475,mastercard,classic,2023-11-08,2026-11-07,blocked
637,1279,2794,4876********7993,visa,gold,2025-11-03,2028-11-02,expired
638,400,574,4624********6691,mastercard,classic,2023-07-29,2026-07-28,active
639,306,2726,4177********5554,mastercard,classic,2024-01-17,2027-01-16,active
640,1163,1098,4080********3835,visa,platinum,2025-08-25,2028-08-24,expired
641,1619,1948,4569********5232,mastercard,classic,2024-02-23,2027-02-22,active
642,1749,1449,4029********4551,mastercard,platinum,2025-02-08,2028-02-08,active
643,1005,1585,4047********3081,mastercard,gold,2025-07-04,2028-07-03,active
644,202,2597,4969********1268,visa,gold,2025-06-26,2028-06-25,active
645,622,965,4980********3677,visa,gold,2024-01-11,2027-01-10,active
646,1528,1019,4902********7116,visa,gold,2025-10-06,2028-10-05,blocked
647,917,2909,4938********5242,mastercard,platinum,2024-02-29,2027-02-28,active
648,1143,359,4851********8803,mastercard,gold,2025-05-10,2028-05-09,active
649,713,737,4423********2734,visa,gold,2024-02-12,2027-02-11,active
650,1986,1785,4395********6894,visa,platinum,2023-07-21,2026-07-20,blocked
651,1391,1609,4157********8686,visa,gold,2024-05-12,2027-05-12,expired
652,944,260,4893********2050,visa,classic,2023-10-02,2026-10-01,active
653,1280,2772,4613********1657,mastercard,gold,2025-11-09,2028-11-08,blocked
654,1211,2643,4776********9745,mastercard,platinum,2024-01-27,2027-01-26,active
655,1725,2743,4936********9308,visa,classic,2025-08-21,2028-08-20,blocked
656,184,2384,4255********4074,mastercard,platinum,2025-07-07,2028-07-06,active
657,983,1030,4813********4052,visa,classic,2025-05-12,2028-05-11,active
658,754,2409,4088********1772,visa,platinum,2023-08-29,2026-08-28,blocked
659,773,970,4989********9413,visa,classic,2023-12-19,2026-12-18,active
660,1295,2991,4704********7814,visa,platinum,2023-12-17,2026-12-16,active
661,70,820,4465********1810,mastercard,gold,2026-02-09,2029-02-08,active
662,412,2717,4817********4695,visa,gold,2024-05-05,2027-05-05,active
663,1993,2326,4601********5125,mastercard,classic,2023-06-24,2026-06-23,expired
664,1206,457,4325********2792,mastercard,classic,2026-01-31,2029-01-30,active
665,1377,463,4179********3328,mastercard,gold,2024-06-14,2027-06-14,active
666,1957,2345,4255********4609,mastercard,classic,2025-04-29,2028-04-28,active
667,1348,2689,4021********6909,mastercard,classic,2026-01-03,2029-01-02,active
668,1579,382,4115********7155,visa,gold,2025-01-26,2028-01-26,active
669,735,1892,4701********5270,mastercard,classic,2026-03-29,2029-03-28,active
670,1530,1833,4757********1024,visa,classic,2024-05-09,2027-05-09,active
671,963,2309,4301********5948,mastercard,classic,2023-06-27,2026-06-26,active
672,151,1507,4514********9496,mastercard,platinum,2024-01-23,2027-01-22,expired
673,1908,806,4594********6416,visa,gold,2025-08-20,2028-08-19,blocked
674,1540,2439,4021********3723,visa,gold,2024-05-21,2027-05-21,expired
675,251,757,4699********7185,mastercard,classic,2024-03-20,2027-03-20,expired
676,1826,2516,4784********6131,visa,platinum,2026-04-22,2029-04-21,blocked
677,950,1254,4508********5216,visa,gold,2025-08-25,2028-08-24,blocked
678,145,870,4649********4427,visa,platinum,2025-04-12,2028-04-11,active
679,44,2065,4424********4820,mastercard,classic,2023-09-20,2026-09-19,blocked
680,1944,1411,4943********9159,mastercard,gold,2026-04-12,2029-04-11,active
681,921,2361,4163********6876,visa,classic,2023-11-14,2026-11-13,blocked
682,1523,2288,4082********7543,mastercard,platinum,2025-01-17,2028-01-17,active
683,1450,2859,4145********3192,visa,platinum,2023-10-06,2026-10-05,active
684,1896,1174,4586********3583,visa,platinum,2024-01-18,2027-01-17,active
685,728,543,4119********2168,mastercard,gold,2025-10-20,2028-10-19,active
686,1496,2105,4043********3484,mastercard,gold,2026-03-23,2029-03-22,expired
687,1370,1256,4411********4810,mastercard,classic,2026-03-28,2029-03-27,blocked
688,259,1767,4684********3525,mastercard,classic,2024-08-20,2027-08-20,expired
689,417,1766,4740********5860,visa,classic,2024-07-25,2027-07-25,blocked
690,1593,1290,4386********2245,mastercard,platinum,2024-08-23,2027-08-23,active
691,1950,2422,4638********9427,visa,platinum,2025-04-01,2028-03-31,expired
692,1260,2528,4347********2590,visa,classic,2025-04-03,2028-04-02,active
693,913,1344,4228********9819,visa,classic,2024-02-18,2027-02-17,active
694,149,1526,4587********9756,visa,platinum,2025-10-21,2028-10-20,active
695,907,2895,4065********2371,visa,classic,2024-06-30,2027-06-30,active
696,1415,2687,4972********3832,visa,gold,2023-09-26,2026-09-25,active
697,1106,2195,4523********2845,mastercard,platinum,2024-06-29,2027-06-29,active
698,4,2421,4890********8134,mastercard,platinum,2025-02-23,2028-02-23,blocked
699,1401,1678,4411********5881,visa,classic,2024-10-13,2027-10-13,expired
700,1218,1287,4112********9697,mastercard,gold,2025-10-25,2028-10-24,expired
701,1689,436,4550********1958,mastercard,gold,2023-06-13,2026-06-12,active
702,1211,1728,4768********3188,visa,classic,2025-08-25,2028-08-24,blocked
703,418,238,4181********9232,mastercard,gold,2023-09-14,2026-09-13,expired
704,1952,2348,4491********5006,mastercard,platinum,2023-10-29,2026-10-28,active
705,181,110,4794********7352,mastercard,gold,2023-12-27,2026-12-26,blocked
706,445,2275,4766********6092,visa,platinum,2023-07-08,2026-07-07,blocked
707,16,164,4741********3118,visa,gold,2024-09-07,2027-09-07,active
708,740,289,4114********3308,mastercard,classic,2025-04-08,2028-04-07,active
709,185,253,4076********4167,visa,classic,2025-01-25,2028-01-25,active
710,621,2584,4706********2047,visa,gold,2025-06-13,2028-06-12,active
711,1097,1965,4626********5144,visa,classic,2025-08-14,2028-08-13,active
712,776,1289,4750********8956,visa,classic,2025-08-06,2028-08-05,blocked
713,1562,745,4883********8315,visa,gold,2025-07-20,2028-07-19,expired
714,926,1207,4624********5549,visa,platinum,2026-03-08,2029-03-07,active
715,1375,2420,4526********4263,visa,platinum,2023-08-16,2026-08-15,expired
716,1344,1392,4020********1934,visa,gold,2023-06-27,2026-06-26,blocked
717,1395,2334,4419********1343,visa,platinum,2024-05-27,2027-05-27,active
718,652,991,4063********1088,mastercard,classic,2024-03-03,2027-03-03,active
719,595,840,4552********6515,visa,platinum,2025-11-20,2028-11-19,blocked
720,1204,1150,4193********2578,visa,gold,2024-06-27,2027-06-27,active
721,459,1222,4334********3940,mastercard,classic,2025-03-03,2028-03-02,expired
722,369,1744,4920********4849,visa,gold,2023-08-04,2026-08-03,expired
723,950,2401,4705********3651,mastercard,platinum,2025-07-26,2028-07-25,active
724,679,462,4675********2023,visa,gold,2025-11-09,2028-11-08,blocked
725,1824,1310,4546********8081,visa,gold,2024-10-01,2027-10-01,blocked
726,428,1436,4955********4998,visa,classic,2025-10-30,2028-10-29,expired
727,493,158,4910********4388,mastercard,platinum,2024-12-30,2027-12-30,active
728,455,1912,4219********8924,mastercard,platinum,2024-12-02,2027-12-02,active
729,167,2360,4517********6508,visa,platinum,2026-01-10,2029-01-09,expired
730,1617,678,4934********7594,visa,gold,2023-10-11,2026-10-10,blocked
731,107,2849,4107********5060,mastercard,platinum,2025-08-19,2028-08-18,active
732,561,1873,4988********2780,visa,classic,2025-03-27,2028-03-26,active
733,759,239,4158********9287,visa,classic,2025-01-12,2028-01-12,active
734,397,2918,4734********3496,visa,platinum,2023-11-24,2026-11-23,expired
735,1668,1092,4869********9324,visa,gold,2023-07-31,2026-07-30,active
736,856,2871,4472********2037,mastercard,gold,2023-10-26,2026-10-25,active
737,130,101,4415********8901,mastercard,gold,2023-08-02,2026-08-01,active
738,1465,316,4666********1711,mastercard,platinum,2025-09-08,2028-09-07,active
739,1730,1024,4845********3736,visa,platinum,2025-10-02,2028-10-01,expired
740,1171,2747,4535********2645,mastercard,classic,2025-02-28,2028-02-28,active
741,1135,768,4636********3087,mastercard,platinum,2024-10-10,2027-10-10,blocked
742,618,1345,4979********7713,visa,gold,2024-09-21,2027-09-21,expired
743,647,262,4711********2813,mastercard,platinum,2024-11-16,2027-11-16,blocked
744,1966,1452,4593********9736,visa,platinum,2024-07-22,2027-07-22,active
745,223,2835,4358********9150,visa,platinum,2023-11-09,2026-11-08,active
746,1114,196,4733********3468,mastercard,gold,2025-12-27,2028-12-26,active
747,401,1776,4712********7541,mastercard,classic,2026-03-23,2029-03-22,expired
748,1623,2842,4890********6798,visa,classic,2025-05-23,2028-05-22,active
749,1637,1736,4458********4344,mastercard,platinum,2023-07-31,2026-07-30,expired
750,431,180,4607********3662,mastercard,gold,2024-07-12,2027-07-12,active
751,60,2923,4616********5470,mastercard,platinum,2024-07-29,2027-07-29,active
752,477,341,4782********8280,mastercard,classic,2024-12-08,2027-12-08,expired
753,419,1100,4882********1368,mastercard,gold,2024-07-02,2027-07-02,blocked
754,662,1544,4146********7750,mastercard,platinum,2026-04-09,2029-04-08,active
755,1755,749,4064********8174,mastercard,gold,2024-06-18,2027-06-18,active
756,1665,2756,4575********1063,mastercard,gold,2025-04-20,2028-04-19,blocked
757,233,663,4261********6766,mastercard,gold,2025-04-01,2028-03-31,active
758,1378,481,4077********9340,visa,platinum,2024-02-28,2027-02-27,expired
759,1522,2139,4867********5952,visa,gold,2024-04-12,2027-04-12,blocked
760,796,872,4248********5734,mastercard,platinum,2025-01-12,2028-01-12,active
761,571,1454,4211********7531,visa,gold,2023-04-28,2026-04-27,active
762,107,2953,4795********9744,visa,gold,2025-07-20,2028-07-19,active
763,1298,550,4323********1161,visa,platinum,2026-02-05,2029-02-04,expired
764,1009,2021,4825********7463,visa,gold,2023-10-15,2026-10-14,active
765,1351,2709,4121********1514,visa,gold,2024-05-10,2027-05-10,active
766,869,743,4984********8515,visa,gold,2024-06-19,2027-06-19,blocked
767,134,2416,4296********2002,visa,platinum,2025-10-05,2028-10-04,active
768,1254,2638,4277********9759,mastercard,gold,2025-03-15,2028-03-14,expired
769,501,2567,4106********4628,visa,platinum,2025-06-22,2028-06-21,expired
770,962,2293,4586********4112,visa,gold,2025-10-07,2028-10-06,blocked
771,1584,1910,4312********9861,visa,platinum,2025-02-13,2028-02-13,expired
772,1023,791,4754********8761,mastercard,platinum,2024-12-25,2027-12-25,active
773,291,2121,4566********6695,mastercard,classic,2025-09-19,2028-09-18,active
774,1620,1447,4152********8324,mastercard,classic,2024-11-22,2027-11-22,active
775,1013,248,4000********4487,visa,platinum,2026-03-08,2029-03-07,active
776,173,830,4737********7395,mastercard,classic,2024-09-19,2027-09-19,expired
777,22,1125,4909********6830,visa,classic,2023-07-15,2026-07-14,active
778,522,2721,4396********5796,visa,platinum,2025-08-08,2028-08-07,active
779,450,627,4785********4138,mastercard,platinum,2025-10-02,2028-10-01,active
780,1590,348,4442********8353,visa,platinum,2023-11-30,2026-11-29,blocked
781,750,279,4935********1319,visa,platinum,2025-06-06,2028-06-05,blocked
782,198,1784,4165********7790,visa,classic,2024-01-03,2027-01-02,active
783,1422,2281,4646********4343,mastercard,gold,2025-08-14,2028-08-13,active
784,1830,656,4048********4783,mastercard,gold,2023-11-18,2026-11-17,active
785,1755,1214,4972********5129,visa,platinum,2023-08-29,2026-08-28,expired
786,1387,839,4960********1708,mastercard,gold,2024-01-15,2027-01-14,active
787,1204,2625,4681********6618,mastercard,platinum,2023-08-29,2026-08-28,blocked
788,1842,2589,4838********7131,visa,gold,2025-05-23,2028-05-22,active
789,1267,2351,4386********3322,visa,classic,2025-05-14,2028-05-13,active
790,551,1710,4932********6639,mastercard,gold,2024-10-10,2027-10-10,active
791,902,2024,4322********7970,visa,classic,2023-06-19,2026-06-18,active
792,1110,977,4127********1129,mastercard,classic,2025-06-20,2028-06-19,active
793,924,446,4954********5831,mastercard,classic,2024-03-01,2027-03-01,active
794,1736,618,4510********6034,mastercard,gold,2024-03-27,2027-03-27,active
795,841,1475,4554********5727,mastercard,gold,2025-12-16,2028-12-15,expired
796,1005,1779,4228********8161,mastercard,classic,2024-11-22,2027-11-22,active
797,452,2518,4868********4797,visa,gold,2026-02-02,2029-02-01,active
798,282,1245,4500********2340,visa,gold,2025-12-31,2028-12-30,active
799,1310,2996,4746********6696,visa,classic,2025-01-08,2028-01-08,active
800,277,2553,4718********1923,visa,platinum,2025-04-10,2028-04-09,active
801,1059,548,4403********3092,visa,classic,2025-10-27,2028-10-26,active
802,903,2211,4951********8738,visa,platinum,2024-02-22,2027-02-21,active
803,458,1624,4648********8590,mastercard,classic,2025-01-16,2028-01-16,blocked
804,1534,264,4790********5435,visa,platinum,2025-02-16,2028-02-16,active
805,1104,1398,4569********6259,mastercard,platinum,2023-07-30,2026-07-29,active
806,505,2354,4175********3964,mastercard,classic,2024-01-10,2027-01-09,active
807,1659,1816,4143********6122,visa,gold,2025-07-02,2028-07-01,active
808,1789,354,4514********6368,mastercard,gold,2023-12-26,2026-12-25,expired
809,416,1076,4086********8350,visa,classic,2024-09-24,2027-09-24,active
810,832,209,4938********1855,visa,gold,2025-02-18,2028-02-18,active
811,1180,614,4613********2519,mastercard,gold,2024-07-09,2027-07-09,blocked
812,1520,2091,4314********5411,mastercard,classic,2026-03-24,2029-03-23,active
813,662,2100,4653********4519,mastercard,classic,2024-04-24,2027-04-24,active
814,1992,1499,4448********9665,mastercard,classic,2023-04-24,2026-04-23,blocked
815,188,1136,4121********6839,mastercard,platinum,2025-02-26,2028-02-26,expired
816,1151,2881,4470********4267,mastercard,gold,2024-07-03,2027-07-03,expired
817,430,2079,4208********1600,mastercard,classic,2023-06-19,2026-06-18,blocked
818,246,58,4522********9754,visa,classic,2024-08-04,2027-08-04,active
819,338,2484,4127********9681,visa,gold,2024-02-26,2027-02-25,active
820,505,812,4894********2124,visa,classic,2023-04-29,2026-04-28,expired
821,109,2196,4940********3985,mastercard,classic,2023-12-08,2026-12-07,expired
822,1220,562,4485********9290,visa,platinum,2023-05-25,2026-05-24,active
823,1834,2944,4361********3852,mastercard,platinum,2025-07-27,2028-07-26,blocked
824,1644,230,4201********1157,mastercard,platinum,2024-10-01,2027-10-01,blocked
825,1014,2510,4188********6176,visa,gold,2024-08-01,2027-08-01,active
826,717,1722,4125********8293,mastercard,gold,2025-06-15,2028-06-14,active
827,845,2180,4851********4484,mastercard,platinum,2023-07-27,2026-07-26,active
828,1676,1451,4494********9386,visa,classic,2026-03-12,2029-03-11,expired
829,1737,1235,4578********2759,mastercard,gold,2024-06-15,2027-06-15,blocked
830,795,1072,4192********5792,mastercard,gold,2025-07-13,2028-07-12,blocked
831,223,2850,4089********8851,mastercard,platinum,2024-06-25,2027-06-25,blocked
832,782,1038,4955********3663,mastercard,platinum,2023-06-09,2026-06-08,active
833,380,890,4317********4677,visa,gold,2024-02-28,2027-02-27,active
834,215,1054,4601********5209,mastercard,platinum,2024-12-24,2027-12-24,blocked
835,55,708,4268********6594,visa,platinum,2023-12-14,2026-12-13,expired
836,1993,425,4588********1475,visa,classic,2026-04-10,2029-04-09,active
837,1943,70,4545********6575,mastercard,classic,2024-02-24,2027-02-23,expired
838,172,2250,4017********9704,visa,platinum,2025-10-04,2028-10-03,active
839,1461,2536,4167********2559,visa,platinum,2024-10-25,2027-10-25,expired
840,1528,2840,4419********9553,mastercard,gold,2025-04-16,2028-04-15,active
841,1756,2407,4666********5830,mastercard,gold,2023-08-18,2026-08-17,expired
842,1910,2964,4795********9465,mastercard,platinum,2024-03-24,2027-03-24,expired
843,1480,2582,4741********8500,mastercard,gold,2024-03-13,2027-03-13,active
844,765,2093,4574********7077,mastercard,gold,2026-03-11,2029-03-10,expired
845,421,941,4356********9518,visa,platinum,2024-01-14,2027-01-13,active
846,1421,621,4862********1841,visa,classic,2025-08-05,2028-08-04,active
847,649,2520,4451********8581,visa,classic,2026-02-05,2029-02-04,active
848,256,1197,4541********9854,visa,platinum,2025-10-28,2028-10-27,expired
849,938,2068,4929********8403,visa,gold,2024-04-03,2027-04-03,active
850,1229,1033,4948********6376,mastercard,gold,2025-04-03,2028-04-02,active
851,1717,1506,4830********2620,mastercard,classic,2025-06-18,2028-06-17,blocked
852,1857,1577,4508********3619,mastercard,platinum,2025-08-20,2028-08-19,active
853,1965,2131,4084********3985,visa,platinum,2024-05-12,2027-05-12,active
854,769,2045,4214********9653,mastercard,gold,2023-09-28,2026-09-27,expired
855,1421,1396,4116********2342,visa,platinum,2023-12-28,2026-12-27,blocked
856,1541,280,4854********9827,visa,gold,2023-12-04,2026-12-03,active
857,297,1466,4590********1186,visa,platinum,2024-11-29,2027-11-29,expired
858,1899,1504,4672********3734,visa,gold,2023-06-26,2026-06-25,blocked
859,1602,2283,4590********1769,mastercard,gold,2025-11-07,2028-11-06,active
860,692,2839,4573********7966,mastercard,platinum,2025-08-07,2028-08-06,active
861,1962,2724,4226********7122,visa,platinum,2024-10-16,2027-10-16,active
862,623,554,4762********9267,visa,platinum,2025-02-27,2028-02-27,blocked
863,349,835,4984********1194,mastercard,classic,2024-11-04,2027-11-04,active
864,1746,963,4689********7464,visa,platinum,2023-06-11,2026-06-10,active
865,114,597,4124********4950,visa,classic,2025-11-10,2028-11-09,active
866,779,2452,4981********9726,visa,platinum,2023-12-07,2026-12-06,blocked
867,131,803,4314********3202,mastercard,gold,2025-05-22,2028-05-21,active
868,638,2137,4249********7989,visa,platinum,2026-01-18,2029-01-17,active
869,1143,2986,4706********9701,mastercard,platinum,2023-05-04,2026-05-03,active
870,1044,2720,4876********9229,visa,classic,2023-12-15,2026-12-14,active
871,901,441,4335********1999,visa,gold,2023-04-25,2026-04-24,active
872,729,509,4731********8553,visa,gold,2026-02-19,2029-02-18,active
873,222,77,4927********6623,mastercard,classic,2025-03-16,2028-03-15,blocked
874,1647,2482,4775********7587,visa,gold,2025-10-02,2028-10-01,active
875,1015,650,4222********6712,mastercard,platinum,2024-05-12,2027-05-12,active
876,997,523,4214********6787,visa,platinum,2024-09-09,2027-09-09,active
877,1349,1488,4721********1116,mastercard,platinum,2024-07-07,2027-07-07,active
878,373,2209,4998********8048,visa,gold,2024-01-27,2027-01-26,active
879,204,1495,4461********5035,visa,platinum,2025-04-27,2028-04-26,active
880,951,655,4881********7321,mastercard,classic,2024-11-07,2027-11-07,expired
881,1688,2817,4499********4046,mastercard,gold,2024-10-28,2027-10-28,active
882,1644,1539,4103********7223,mastercard,classic,2023-08-24,2026-08-23,blocked
883,1130,1424,4979********1697,visa,platinum,2025-04-15,2028-04-14,active
884,1564,1652,4482********8965,visa,gold,2025-02-04,2028-02-04,active
885,1649,631,4875********3595,mastercard,platinum,2024-10-01,2027-10-01,blocked
886,1261,2542,4419********1076,mastercard,classic,2025-08-29,2028-08-28,active
887,1823,1508,4181********9539,visa,gold,2026-04-16,2029-04-15,active
888,926,2942,4262********2125,mastercard,classic,2023-12-26,2026-12-25,active
889,687,483,4914********2717,mastercard,gold,2023-09-30,2026-09-29,active
890,1259,1928,4342********9772,mastercard,gold,2023-08-17,2026-08-16,active
891,1324,1114,4043********7116,visa,classic,2025-02-08,2028-02-08,active
892,614,2564,4685********9959,visa,classic,2023-06-20,2026-06-19,blocked
893,1684,1089,4219********1135,mastercard,classic,2025-03-03,2028-03-02,blocked
894,504,439,4429********4416,mastercard,classic,2023-08-28,2026-08-27,expired
895,235,1718,4893********2678,mastercard,platinum,2025-02-11,2028-02-11,active
896,425,2444,4692********5433,mastercard,classic,2024-11-19,2027-11-19,expired
897,1899,857,4773********4766,mastercard,classic,2023-09-21,2026-09-20,active
898,1663,1984,4589********7746,visa,gold,2025-05-14,2028-05-13,blocked
899,1469,167,4411********5261,visa,platinum,2024-12-21,2027-12-21,active
900,1167,60,4177********9284,mastercard,platinum,2025-12-12,2028-12-11,expired
901,1261,612,4465********5417,mastercard,gold,2025-01-11,2028-01-11,active
902,1875,531,4876********4885,mastercard,platinum,2026-01-07,2029-01-06,blocked
903,774,2788,4139********9043,visa,gold,2026-03-28,2029-03-27,active
904,1608,50,4909********4220,visa,platinum,2025-10-29,2028-10-28,blocked
905,1699,1884,4825********2963,visa,gold,2024-02-23,2027-02-22,active
906,948,1012,4794********1575,visa,gold,2025-03-04,2028-03-03,active
907,716,859,4604********9255,visa,platinum,2025-02-23,2028-02-23,blocked
908,1398,1018,4210********9984,mastercard,gold,2025-10-26,2028-10-25,active
909,389,49,4984********9388,visa,platinum,2023-12-19,2026-12-18,active
910,1404,720,4219********7630,mastercard,gold,2024-06-17,2027-06-17,blocked
911,1194,2391,4014********5113,visa,classic,2026-03-23,2029-03-22,active
912,1325,2653,4619********1204,visa,gold,2026-01-07,2029-01-06,active
913,1559,2247,4524********7867,visa,classic,2025-02-10,2028-02-10,expired
914,13,1160,4130********7486,visa,gold,2025-03-12,2028-03-11,active
915,238,633,4806********3733,visa,gold,2024-07-27,2027-07-27,active
916,199,1339,4670********3791,visa,classic,2023-08-24,2026-08-23,expired
917,799,2128,4035********6834,mastercard,gold,2025-02-23,2028-02-23,active
918,1963,2603,4007********5399,mastercard,classic,2023-05-31,2026-05-30,active
919,1286,1437,4057********9105,mastercard,classic,2025-12-30,2028-12-29,expired
920,1454,26,4220********3614,mastercard,gold,2024-11-12,2027-11-12,active
921,1779,2966,4860********2233,visa,platinum,2023-10-10,2026-10-09,blocked
922,450,220,4731********6071,visa,platinum,2025-08-17,2028-08-16,active
923,290,2819,4147********5539,mastercard,classic,2023-10-01,2026-09-30,expired
924,667,277,4747********8776,visa,platinum,2025-11-06,2028-11-05,blocked
925,59,2158,4261********7666,visa,classic,2024-12-18,2027-12-18,active
926,843,1481,4382********2280,mastercard,gold,2025-06-06,2028-06-05,active
927,597,1236,4189********5745,visa,gold,2023-11-09,2026-11-08,active
928,679,1594,4176********7868,visa,classic,2024-06-05,2027-06-05,expired
929,1726,1000,4848********1845,visa,classic,2024-09-06,2027-09-06,active
930,1284,2141,4391********9615,mastercard,classic,2024-04-14,2027-04-14,blocked
931,1486,362,4220********1823,mastercard,classic,2024-10-18,2027-10-18,active
932,517,1458,4559********7543,mastercard,platinum,2023-09-18,2026-09-17,active
933,1462,1994,4057********3481,visa,classic,2025-05-20,2028-05-19,expired
934,1011,1672,4343********4873,mastercard,gold,2024-04-22,2027-04-22,active
935,1490,2335,4071********6904,visa,gold,2023-09-14,2026-09-13,expired
936,513,1651,4597********1510,visa,gold,2025-03-22,2028-03-21,blocked
937,940,1836,4487********6128,visa,classic,2023-05-23,2026-05-22,active
938,1256,1115,4506********4987,visa,gold,2023-07-02,2026-07-01,expired
939,1,1847,4988********1201,visa,gold,2024-12-08,2027-12-08,active
940,274,1318,4630********8560,visa,classic,2026-01-18,2029-01-17,active
941,645,2630,4670********8396,visa,classic,2025-10-27,2028-10-26,active
942,1768,298,4111********4345,mastercard,platinum,2024-08-21,2027-08-21,active
943,613,1314,4761********9344,mastercard,classic,2023-06-12,2026-06-11,blocked
944,1815,938,4507********3335,visa,classic,2025-02-26,2028-02-26,active
945,471,241,4823********5159,mastercard,platinum,2024-05-21,2027-05-21,active
946,1058,1433,4761********7676,visa,gold,2025-08-14,2028-08-13,active
947,875,583,4583********3739,visa,gold,2025-09-06,2028-09-05,active
948,1690,2907,4465********5207,mastercard,classic,2024-10-17,2027-10-17,blocked
949,1294,1955,4055********3370,visa,gold,2024-10-07,2027-10-07,active
950,1458,1335,4877********3158,visa,gold,2025-06-28,2028-06-27,active
951,776,1730,4095********7509,visa,classic,2025-12-21,2028-12-20,active
952,145,1673,4185********4517,mastercard,classic,2024-12-12,2027-12-12,active
953,1074,351,4977********1278,mastercard,gold,2025-08-26,2028-08-25,blocked
954,927,2746,4816********8773,visa,gold,2024-09-20,2027-09-20,expired
955,1486,1221,4023********4411,visa,gold,2023-11-16,2026-11-15,active
956,1477,350,4323********2546,visa,classic,2023-05-03,2026-05-02,blocked
957,211,1519,4418********2292,mastercard,platinum,2025-03-09,2028-03-08,active
958,1460,2548,4737********1394,visa,gold,2025-10-04,2028-10-03,active
959,1756,644,4847********6883,mastercard,classic,2024-10-24,2027-10-24,blocked
960,978,2836,4037********3153,visa,classic,2025-02-11,2028-02-11,expired
961,1068,945,4683********2809,mastercard,platinum,2023-09-13,2026-09-12,expired
962,974,1463,4944********2489,visa,gold,2026-01-21,2029-01-20,expired
963,1628,658,4901********7629,mastercard,platinum,2024-06-25,2027-06-25,expired
964,1981,2703,4821********9779,mastercard,gold,2024-07-31,2027-07-31,blocked
965,1306,2894,4569********8011,mastercard,classic,2023-09-12,2026-09-11,active
966,1696,1237,4474********7215,visa,classic,2024-04-23,2027-04-23,expired
967,1627,2468,4538********5411,mastercard,gold,2024-10-30,2027-10-30,active
968,91,648,4024********9375,visa,gold,2024-12-05,2027-12-05,expired
969,1373,1126,4999********2451,visa,platinum,2024-06-08,2027-06-08,active
970,414,1111,4502********5777,visa,classic,2024-08-16,2027-08-16,blocked
971,481,2651,4307********1714,visa,gold,2024-10-23,2027-10-23,expired
972,1869,1941,4754********9668,visa,gold,2025-08-17,2028-08-16,expired
973,33,539,4985********3094,visa,gold,2025-08-04,2028-08-03,active
974,1347,1049,4285********9852,mastercard,platinum,2026-03-25,2029-03-24,blocked
975,124,2984,4276********8357,visa,platinum,2024-07-05,2027-07-05,active
976,53,2376,4120********4670,mastercard,gold,2025-11-14,2028-11-13,active
977,1400,2210,4442********4071,visa,platinum,2025-03-23,2028-03-22,active
978,1780,2339,4172********2080,visa,classic,2024-08-07,2027-08-07,blocked
979,1024,2163,4702********3431,visa,gold,2023-07-03,2026-07-02,active
980,41,802,4001********4410,visa,classic,2025-05-30,2028-05-29,active
981,158,787,4021********1297,mastercard,classic,2025-07-19,2028-07-18,active
982,836,2695,4761********7607,mastercard,classic,2026-01-23,2029-01-22,expired
983,409,2041,4113********1079,visa,platinum,2023-05-02,2026-05-01,expired
984,1280,789,4585********2474,visa,gold,2023-12-17,2026-12-16,active
985,1762,2184,4415********1043,visa,platinum,2023-07-16,2026-07-15,active
986,1421,2469,4393********3494,visa,classic,2025-06-20,2028-06-19,blocked
987,500,2014,4206********8483,mastercard,platinum,2024-03-15,2027-03-15,expired
988,945,715,4045********7360,visa,platinum,2023-06-23,2026-06-22,active
989,1932,804,4307********9901,visa,platinum,2023-12-03,2026-12-02,blocked
990,163,2009,4491********5227,mastercard,classic,2024-12-24,2027-12-24,active
991,1583,2762,4051********1377,mastercard,platinum,2023-04-25,2026-04-24,active
992,1087,124,4255********8119,visa,classic,2024-05-14,2027-05-14,active
993,562,1809,4975********8301,visa,classic,2023-12-03,2026-12-02,expired
994,1747,2287,4903********2395,mastercard,classic,2024-05-14,2027-05-14,expired
995,1200,2148,4568********7051,mastercard,gold,2026-01-22,2029-01-21,expired
996,1802,619,4144********6063,visa,classic,2023-05-04,2026-05-03,active
997,1746,407,4651********5256,visa,classic,2024-05-21,2027-05-21,active
998,111,1158,4208********6307,visa,gold,2024-11-27,2027-11-27,blocked
999,1618,1069,4420********1491,mastercard,gold,2024-06-02,2027-06-02,blocked
1000,632,1134,4966********5102,mastercard,platinum,2023-11-17,2026-11-16,active
1001,1,2906,4883********7626,mastercard,gold,2025-05-15,2028-05-14,active
1002,179,498,4733********1879,visa,classic,2024-04-08,2027-04-08,expired
1003,361,1062,4141********5374,visa,classic,2025-12-25,2028-12-24,expired
1004,165,326,4932********2500,visa,classic,2024-03-09,2027-03-09,active
1005,1484,343,4525********8319,mastercard,classic,2023-11-10,2026-11-09,active
1006,1296,2357,4984********7407,visa,classic,2024-04-16,2027-04-16,expired
1007,1883,2267,4354********9205,visa,gold,2023-07-07,2026-07-06,active
1008,1742,783,4705********6320,visa,gold,2026-01-20,2029-01-19,active
1009,1620,2368,4808********6873,visa,gold,2026-01-17,2029-01-16,active
1010,516,300,4163********4641,mastercard,gold,2026-04-20,2029-04-19,active
1011,1973,1462,4008********5827,visa,classic,2024-08-18,2027-08-18,expired
1012,1959,2374,4096********3285,mastercard,classic,2024-11-13,2027-11-13,expired
1013,470,304,4118********7859,visa,platinum,2023-12-18,2026-12-17,active
1014,1507,1238,4805********6363,mastercard,platinum,2026-03-08,2029-03-07,active
1015,1226,2572,4293********7513,visa,classic,2025-09-14,2028-09-13,active
1016,1966,1657,4475********3832,visa,classic,2024-06-23,2027-06-23,active
1017,723,665,4436********7691,visa,classic,2023-08-08,2026-08-07,active
1018,1430,1691,4130********4969,visa,gold,2024-11-14,2027-11-14,active
1019,1572,221,4030********2470,visa,classic,2026-03-27,2029-03-26,active
1020,248,1627,4581********7999,visa,gold,2023-11-13,2026-11-12,active
1021,1533,1189,4128********1481,mastercard,platinum,2024-05-20,2027-05-20,active
1022,779,1456,4011********9155,mastercard,gold,2025-05-06,2028-05-05,active
1023,1946,450,4229********5236,mastercard,gold,2024-11-03,2027-11-03,active
1024,1370,2003,4993********6004,visa,classic,2023-08-29,2026-08-28,blocked
1025,334,2617,4429********4584,mastercard,gold,2025-05-29,2028-05-28,active
1026,1017,85,4109********2443,mastercard,classic,2025-02-04,2028-02-04,active
1027,708,942,4374********9179,visa,platinum,2025-05-25,2028-05-24,active
1028,1529,962,4503********3439,mastercard,classic,2025-07-27,2028-07-26,active
1029,273,842,4571********7911,visa,gold,2025-03-29,2028-03-28,blocked
1030,236,1327,4547********3770,visa,gold,2024-05-28,2027-05-28,active
1031,1469,2379,4767********3067,mastercard,platinum,2024-02-03,2027-02-02,active
1032,1038,2431,4403********8422,visa,platinum,2025-06-26,2028-06-25,blocked
1033,1484,1374,4867********7853,mastercard,gold,2025-08-03,2028-08-02,blocked
1034,1182,291,4975********3500,visa,gold,2025-02-01,2028-02-01,active
1035,1202,1868,4979********8240,mastercard,platinum,2025-07-30,2028-07-29,blocked
1036,124,1555,4522********5416,mastercard,gold,2024-08-03,2027-08-03,blocked
1037,1614,605,4849********2319,visa,platinum,2024-02-02,2027-02-01,active
1038,854,2033,4654********4402,mastercard,classic,2025-06-15,2028-06-14,active
1039,325,917,4422********2783,mastercard,platinum,2024-04-16,2027-04-16,expired
1040,1859,2633,4494********5937,visa,classic,2026-02-08,2029-02-07,active
1041,1803,2338,4320********5454,visa,gold,2023-05-16,2026-05-15,active
1042,1305,2099,4314********7869,mastercard,platinum,2025-07-13,2028-07-12,active
1043,1346,2438,4970********2809,visa,classic,2025-05-08,2028-05-07,active
1044,329,822,4809********8091,mastercard,platinum,2025-06-09,2028-06-08,active
1045,69,2470,4167********6847,mastercard,platinum,2023-07-07,2026-07-06,active
1046,94,1001,4017********7548,mastercard,gold,2026-02-05,2029-02-04,active
1047,224,1704,4784********3027,visa,platinum,2026-01-26,2029-01-25,expired
1048,811,19,4504********4204,visa,platinum,2025-09-10,2028-09-09,active
1049,1756,1778,4474********5080,visa,platinum,2025-06-27,2028-06-26,blocked
1050,1298,1209,4239********6025,visa,gold,2024-12-26,2027-12-26,expired
1051,515,2561,4807********5710,visa,platinum,2024-11-01,2027-11-01,active
1052,84,1937,4540********9467,mastercard,platinum,2025-06-05,2028-06-04,blocked
1053,902,1719,4549********1380,mastercard,gold,2024-10-31,2027-10-31,active
1054,801,1428,4886********1299,mastercard,classic,2024-03-06,2027-03-06,active
1055,1419,2242,4044********3977,visa,classic,2025-06-14,2028-06-13,active
1056,1449,2311,4318********4212,mastercard,classic,2024-02-23,2027-02-22,active
1057,459,1358,4253********1480,visa,platinum,2026-04-04,2029-04-03,blocked
1058,1635,2058,4052********6094,mastercard,classic,2025-12-23,2028-12-22,active
1059,623,361,4508********3331,visa,platinum,2024-05-23,2027-05-23,expired
1060,465,2271,4394********1866,visa,classic,2025-06-11,2028-06-10,active
1061,1319,2085,4063********4303,visa,platinum,2025-10-15,2028-10-14,blocked
1062,726,1565,4563********1810,visa,classic,2024-03-29,2027-03-29,active
1063,1161,345,4033********1216,visa,gold,2023-11-09,2026-11-08,blocked
1064,1461,987,4832********2913,visa,classic,2025-01-29,2028-01-29,blocked
1065,1664,1261,4765********2620,mastercard,platinum,2025-03-13,2028-03-12,expired
1066,837,1714,4424********1746,visa,platinum,2023-10-12,2026-10-11,blocked
1067,1731,1721,4905********3549,mastercard,platinum,2023-10-10,2026-10-09,expired
1068,1646,2647,4769********1834,mastercard,classic,2024-07-07,2027-07-07,expired
1069,113,2887,4663********5667,mastercard,platinum,2025-01-20,2028-01-20,active
1070,1860,1576,4888********6974,visa,platinum,2023-09-26,2026-09-25,active
1071,6,86,4078********4375,mastercard,gold,2025-08-07,2028-08-06,active
1072,1327,2064,4345********9685,visa,platinum,2023-12-22,2026-12-21,active
1073,1827,669,4023********8742,visa,platinum,2025-07-10,2028-07-09,expired
1074,1012,1015,4692********8268,visa,gold,2025-12-30,2028-12-29,active
1075,815,129,4798********8667,visa,platinum,2025-03-13,2028-03-12,active
1076,1713,1874,4479********2834,mastercard,classic,2023-10-15,2026-10-14,blocked
1077,1894,1147,4028********9388,visa,platinum,2026-03-25,2029-03-24,blocked
1078,239,892,4999********3533,visa,classic,2024-08-12,2027-08-12,expired
1079,822,2472,4900********7294,mastercard,gold,2024-12-03,2027-12-03,blocked
1080,1211,308,4793********2976,visa,gold,2024-12-18,2027-12-18,active
1081,24,384,4857********4714,visa,gold,2024-05-06,2027-05-06,blocked
1082,651,1834,4573********2737,visa,classic,2023-08-09,2026-08-08,active
1083,965,1128,4560********1244,mastercard,gold,2023-06-09,2026-06-08,blocked
1084,1254,427,4887********9200,visa,classic,2025-06-01,2028-05-31,active
1085,1786,495,4666********5208,mastercard,classic,2023-12-24,2026-12-23,active
1086,1041,1566,4218********7475,visa,classic,2025-02-04,2028-02-04,active
1087,833,2792,4400********1623,mastercard,platinum,2023-07-15,2026-07-14,blocked
1088,349,2612,4564********6773,mastercard,gold,2023-11-09,2026-11-08,blocked
1089,1001,1252,4682********8735,visa,gold,2025-10-05,2028-10-04,blocked
1090,1387,1296,4698********6841,visa,gold,2024-05-12,2027-05-12,expired
1091,18,276,4706********2939,visa,platinum,2025-12-30,2028-12-29,active
1092,1018,490,4713********3327,visa,gold,2023-05-17,2026-05-16,active
1093,1279,1958,4753********2891,mastercard,gold,2025-08-07,2028-08-06,active
1094,1389,691,4397********2191,visa,gold,2024-03-02,2027-03-02,active
1095,740,2052,4222********4237,mastercard,classic,2025-11-15,2028-11-14,expired
1096,1169,2239,4785********5227,visa,gold,2025-09-10,2028-09-09,active
1097,269,1243,4719********2843,visa,platinum,2024-11-01,2027-11-01,active
1098,1150,2674,4295********9877,mastercard,platinum,2023-10-02,2026-10-01,active
1099,649,2080,4225********1386,visa,gold,2025-07-29,2028-07-28,active
1100,1293,1059,4756********7964,visa,classic,2025-09-10,2028-09-09,active
1101,288,119,4878********4745,visa,classic,2023-05-13,2026-05-12,active
1102,1524,1996,4377********2167,mastercard,gold,2025-12-13,2028-12-12,active
1103,199,2286,4781********7359,mastercard,gold,2025-02-24,2028-02-24,active
1104,205,282,4236********6406,visa,gold,2024-10-26,2027-10-26,expired
1105,826,2808,4092********2531,visa,gold,2024-12-24,2027-12-24,active
1106,1024,2336,4839********2941,mastercard,gold,2025-12-12,2028-12-11,blocked
1107,1632,2763,4265********3547,mastercard,platinum,2025-10-15,2028-10-14,expired
1108,563,2946,4806********7954,visa,gold,2026-01-04,2029-01-03,blocked
1109,1888,1180,4252********6520,mastercard,platinum,2023-12-08,2026-12-07,active
1110,515,1603,4140********9945,visa,gold,2025-11-05,2028-11-04,blocked
1111,53,2117,4337********2613,visa,classic,2025-02-14,2028-02-14,expired
1112,1079,305,4381********9155,visa,gold,2024-02-10,2027-02-09,active
1113,345,1845,4265********3535,mastercard,platinum,2025-03-24,2028-03-23,active
1114,452,1357,4780********8567,visa,classic,2024-07-02,2027-07-02,blocked
1115,667,2437,4019********3515,mastercard,gold,2024-12-08,2027-12-08,blocked
1116,843,576,4776********7058,mastercard,gold,2024-05-16,2027-05-16,blocked
1117,355,1872,4479********3315,visa,gold,2023-09-18,2026-09-17,active
1118,800,2846,4452********2667,visa,gold,2025-04-19,2028-04-18,active
1119,252,2624,4062********9192,mastercard,classic,2023-10-12,2026-10-11,active
1120,449,1418,4393********5318,mastercard,platinum,2025-10-21,2028-10-20,active
1121,777,1796,4492********2002,visa,classic,2025-09-07,2028-09-06,blocked
1122,196,844,4325********6028,visa,platinum,2025-01-25,2028-01-25,active
1123,1139,2813,4794********4042,mastercard,gold,2023-08-20,2026-08-19,active
1124,14,270,4860********5943,mastercard,platinum,2025-08-01,2028-07-31,blocked
1125,746,630,4687********3966,mastercard,classic,2026-03-11,2029-03-10,active
1126,256,1034,4576********3830,mastercard,gold,2025-10-19,2028-10-18,blocked
1127,816,287,4701********9652,mastercard,classic,2025-11-01,2028-10-31,blocked
1128,1275,2212,4190********9457,mastercard,classic,2024-04-04,2027-04-04,blocked
1129,814,301,4426********8022,mastercard,classic,2025-09-04,2028-09-03,active
1130,1229,1511,4456********7180,visa,classic,2025-10-06,2028-10-05,blocked
1131,501,1812,4968********2107,visa,gold,2026-02-24,2029-02-23,active
1132,1497,66,4744********9986,mastercard,gold,2025-09-18,2028-09-17,blocked
1133,379,2398,4708********3266,mastercard,platinum,2024-07-12,2027-07-12,active
1134,1380,891,4223********9667,mastercard,platinum,2025-10-30,2028-10-29,expired
1135,1821,1768,4855********8785,visa,gold,2024-09-13,2027-09-13,active
1136,1032,1732,4816********5313,mastercard,platinum,2023-10-17,2026-10-16,active
1137,293,1377,4180********1942,mastercard,gold,2023-05-08,2026-05-07,active
1138,872,231,4265********1098,mastercard,classic,2023-06-29,2026-06-28,expired
1139,556,504,4966********3372,mastercard,classic,2024-08-12,2027-08-12,expired
1140,241,2460,4428********2373,mastercard,platinum,2024-10-06,2027-10-06,blocked
1141,1627,1351,4439********5216,visa,gold,2024-12-23,2027-12-23,active
1142,1731,1445,4698********6270,mastercard,gold,2025-08-29,2028-08-28,active
1143,558,2552,4754********8760,mastercard,gold,2025-02-08,2028-02-08,active
1144,504,1005,4352********5172,visa,gold,2023-12-01,2026-11-30,active
1145,417,837,4600********1452,visa,platinum,2023-11-21,2026-11-20,active
1146,841,1589,4150********3964,mastercard,classic,2023-12-20,2026-12-19,blocked
1147,1140,375,4767********3133,mastercard,platinum,2025-10-05,2028-10-04,active
1148,1538,1353,4184********1977,visa,classic,2023-08-06,2026-08-05,active
1149,985,2111,4493********2692,visa,classic,2025-12-28,2028-12-27,blocked
1150,816,1787,4850********7078,mastercard,gold,2023-11-09,2026-11-08,expired
1151,1606,1804,4123********9057,visa,gold,2026-01-22,2029-01-21,active
1152,1783,2072,4058********5825,visa,platinum,2026-03-28,2029-03-27,expired
1153,821,752,4380********2868,mastercard,gold,2024-09-17,2027-09-17,expired
1154,1885,100,4413********4812,visa,gold,2025-06-17,2028-06-16,active
1155,1685,1724,4962********2696,mastercard,platinum,2025-09-07,2028-09-06,active
1156,1348,867,4212********3935,visa,classic,2023-08-02,2026-08-01,active
1157,1234,911,4764********7770,visa,classic,2024-11-25,2027-11-25,active
1158,525,2010,4188********7512,mastercard,gold,2024-02-18,2027-02-17,active
1159,1168,530,4062********7919,visa,classic,2024-10-15,2027-10-15,blocked
1160,1199,637,4475********1316,visa,classic,2025-01-17,2028-01-17,blocked
1161,584,186,4946********4178,mastercard,classic,2023-05-11,2026-05-10,active
1162,1173,1188,4701********1176,visa,gold,2023-10-04,2026-10-03,expired
1163,666,1972,4203********4418,visa,gold,2023-08-11,2026-08-10,blocked
1164,879,932,4187********5158,mastercard,gold,2025-11-08,2028-11-07,expired
1165,1116,1382,4229********2853,mastercard,classic,2024-03-05,2027-03-05,expired
1166,41,2296,4285********8267,mastercard,classic,2025-01-05,2028-01-05,expired
1167,853,2383,4005********9846,visa,platinum,2023-06-28,2026-06-27,active
1168,1812,2402,4759********7515,mastercard,gold,2026-03-13,2029-03-12,active
1169,349,2000,4160********6731,mastercard,classic,2024-05-01,2027-05-01,expired
1170,290,608,4224********4684,visa,gold,2024-04-09,2027-04-09,active
1171,267,2897,4776********9081,visa,platinum,2024-11-08,2027-11-08,active
1172,1356,152,4163********2931,mastercard,classic,2024-11-02,2027-11-02,active
1173,1683,1284,4667********1782,mastercard,platinum,2024-04-12,2027-04-12,blocked
1174,1756,2263,4060********3055,mastercard,platinum,2024-09-12,2027-09-12,blocked
1175,884,732,4463********7473,mastercard,classic,2026-03-27,2029-03-26,blocked
1176,379,1338,4883********3723,mastercard,gold,2026-04-06,2029-04-05,active
1177,1980,1599,4602********9015,mastercard,platinum,2023-05-17,2026-05-16,expired
1178,1927,2841,4382********1383,mastercard,platinum,2023-10-11,2026-10-10,active
1179,433,24,4517********9947,mastercard,gold,2025-09-26,2028-09-25,active
1180,1684,2858,4428********9112,mastercard,gold,2026-03-06,2029-03-05,active
1181,1398,159,4173********1730,visa,platinum,2024-08-31,2027-08-31,active
1182,1571,862,4578********3814,visa,classic,2025-10-16,2028-10-15,active
1183,1738,903,4790********2273,mastercard,gold,2026-02-06,2029-02-05,active
1184,336,2656,4634********1533,mastercard,gold,2024-05-06,2027-05-06,expired
1185,1724,2938,4586********1566,visa,classic,2023-06-08,2026-06-07,active
1186,1832,445,4356********4152,visa,classic,2025-08-26,2028-08-25,active
1187,1417,2939,4006********3748,visa,gold,2025-03-24,2028-03-23,active
1188,560,755,4041********3522,mastercard,platinum,2023-11-29,2026-11-28,active
1189,1291,924,4352********1972,visa,platinum,2025-05-08,2028-05-07,active
1190,536,2971,4345********5647,mastercard,platinum,2025-08-22,2028-08-21,active
1191,1351,2103,4231********7632,mastercard,platinum,2023-04-23,2026-04-22,active
1192,1553,312,4638********4172,visa,classic,2026-03-23,2029-03-22,active
1193,968,549,4301********5035,mastercard,classic,2024-07-23,2027-07-23,expired
1194,584,1946,4436********3166,visa,platinum,2026-03-23,2029-03-22,active
1195,111,1457,4355********9820,visa,classic,2025-10-26,2028-10-25,active
1196,558,307,4851********5414,mastercard,classic,2025-05-12,2028-05-11,active
1197,521,288,4900********1942,mastercard,gold,2024-12-08,2027-12-08,expired
1198,913,695,4402********6129,visa,classic,2024-05-22,2027-05-22,active
1199,1073,309,4146********4976,mastercard,gold,2023-06-28,2026-06-27,active
1200,103,2321,4077********8882,mastercard,gold,2025-06-09,2028-06-08,expired
1201,27,750,4380********5552,visa,classic,2026-02-10,2029-02-09,active
1202,597,2816,4393********3986,mastercard,platinum,2025-03-07,2028-03-06,active
1203,692,1240,4579********4328,mastercard,gold,2025-06-20,2028-06-19,expired
1204,331,909,4815********2602,visa,classic,2023-11-25,2026-11-24,blocked
1205,463,1881,4457********2245,visa,classic,2023-07-07,2026-07-06,blocked
1206,1546,2381,4381********4803,mastercard,classic,2024-11-30,2027-11-30,blocked
1207,1437,1407,4875********5490,mastercard,gold,2024-05-13,2027-05-13,active
1208,1148,2495,4683********9334,mastercard,gold,2026-01-26,2029-01-25,blocked
1209,284,971,4105********3324,visa,platinum,2023-07-09,2026-07-08,blocked
1210,849,14,4123********8349,visa,classic,2023-09-13,2026-09-12,active
1211,1403,874,4584********3594,mastercard,gold,2025-12-16,2028-12-15,active
1212,296,809,4276********2000,visa,classic,2026-04-19,2029-04-18,active
1213,999,2579,4064********6797,visa,gold,2025-07-18,2028-07-17,active
1214,232,515,4010********6206,visa,gold,2025-09-30,2028-09-29,active
1215,481,2414,4737********3286,visa,platinum,2024-03-04,2027-03-04,active
1216,181,410,4306********4895,visa,platinum,2024-04-10,2027-04-10,blocked
1217,1656,2834,4496********8552,visa,gold,2024-12-02,2027-12-02,blocked
1218,1267,2260,4619********3078,mastercard,platinum,2023-08-16,2026-08-15,active
1219,158,2824,4880********3151,visa,classic,2025-09-25,2028-09-24,expired
1220,1213,1226,4558********4870,mastercard,platinum,2025-04-23,2028-04-22,active
1221,1667,1656,4717********9842,visa,platinum,2023-10-30,2026-10-29,active
1222,609,1611,4753********1121,mastercard,platinum,2025-09-26,2028-09-25,blocked
1223,1906,383,4504********1679,mastercard,gold,2025-12-05,2028-12-04,blocked
1224,1843,2107,4849********4248,visa,classic,2023-05-17,2026-05-16,active
1225,1268,2188,4603********8045,mastercard,classic,2025-09-17,2028-09-16,active
1226,1517,1622,4893********1936,visa,gold,2026-02-09,2029-02-08,blocked
1227,1272,2832,4733********9894,mastercard,gold,2023-07-05,2026-07-04,active
1228,604,553,4058********9515,mastercard,platinum,2023-10-26,2026-10-25,expired
1229,141,223,4804********6886,visa,platinum,2024-04-03,2027-04-03,expired
1230,1595,1097,4175********6253,mastercard,platinum,2023-05-25,2026-05-24,blocked
1231,150,2755,4138********7627,visa,classic,2025-02-08,2028-02-08,expired
1232,1656,9,4272********7519,mastercard,classic,2023-07-18,2026-07-17,expired
1233,765,1477,4797********3757,mastercard,gold,2024-10-02,2027-10-02,active
1234,539,317,4882********6224,mastercard,classic,2026-01-30,2029-01-29,expired
1235,1222,428,4401********3765,visa,classic,2025-06-11,2028-06-10,active
1236,255,1986,4890********6740,visa,classic,2024-12-31,2027-12-31,expired
1237,1739,106,4187********6778,mastercard,classic,2023-05-15,2026-05-14,active
1238,980,2016,4457********3819,mastercard,classic,2026-03-14,2029-03-13,expired
1239,1361,143,4778********5127,visa,platinum,2024-09-14,2027-09-14,active
1240,1898,122,4092********3777,visa,classic,2025-05-30,2028-05-29,active
1241,644,2372,4089********5709,visa,platinum,2023-05-05,2026-05-04,active
1242,211,2866,4806********1220,mastercard,gold,2026-04-14,2029-04-13,active
1243,1008,1190,4851********8264,visa,classic,2023-11-10,2026-11-09,blocked
1244,212,2962,4408********1004,mastercard,gold,2024-04-10,2027-04-10,active
1245,849,2601,4985********6919,mastercard,classic,2025-10-28,2028-10-27,active
1246,11,1658,4068********8818,mastercard,platinum,2023-06-10,2026-06-09,active
1247,927,116,4019********4794,visa,classic,2026-02-13,2029-02-12,active
1248,1502,1406,4588********4598,visa,gold,2025-10-01,2028-09-30,active
1249,250,1512,4551********3910,visa,classic,2024-04-22,2027-04-22,active
1250,1713,2493,4856********8596,visa,classic,2023-07-17,2026-07-16,expired
1251,1943,2798,4227********7263,visa,platinum,2025-05-13,2028-05-12,active
1252,894,2949,4429********1348,visa,gold,2025-09-19,2028-09-18,blocked
1253,1623,1597,4674********1610,mastercard,gold,2025-03-29,2028-03-28,active
1254,572,2890,4409********2816,mastercard,classic,2023-06-02,2026-06-01,blocked
1255,271,673,4999********8142,visa,gold,2025-02-08,2028-02-08,active
1256,475,1432,4223********9613,mastercard,classic,2023-11-03,2026-11-02,active
1257,789,2173,4586********6334,visa,gold,2025-11-06,2028-11-05,active
1258,800,592,4204********5446,mastercard,classic,2025-08-31,2028-08-30,blocked
1259,1740,1403,4845********7973,visa,classic,2023-12-21,2026-12-20,active
1260,1655,889,4210********4247,mastercard,classic,2025-12-13,2028-12-12,active
1261,899,1755,4658********5243,mastercard,platinum,2025-05-29,2028-05-28,active
1262,906,1367,4988********8131,mastercard,classic,2025-03-25,2028-03-24,active
1263,913,2397,4732********2624,mastercard,gold,2024-10-05,2027-10-05,active
1264,981,214,4921********5713,visa,platinum,2024-09-12,2027-09-12,active
1265,138,2008,4470********3927,mastercard,gold,2025-06-27,2028-06-26,blocked
1266,1600,2149,4535********6931,mastercard,gold,2025-03-13,2028-03-12,active
1267,1128,801,4432********4414,mastercard,platinum,2024-07-25,2027-07-25,active
1268,439,2481,4184********1737,mastercard,gold,2023-06-18,2026-06-17,active
1269,1709,2440,4484********6370,mastercard,classic,2024-05-20,2027-05-20,expired
1270,1778,2284,4563********8231,visa,classic,2025-02-26,2028-02-26,blocked
1271,1936,2663,4634********4093,visa,gold,2025-12-29,2028-12-28,active
1272,101,2712,4042********3763,mastercard,platinum,2023-09-10,2026-09-09,active
1273,1030,274,4455********6040,mastercard,gold,2023-12-04,2026-12-03,active
1274,1004,72,4787********9129,visa,classic,2025-11-05,2028-11-04,active
1275,1152,1790,4353********8018,mastercard,classic,2025-09-09,2028-09-08,expired
1276,1578,1088,4843********7368,mastercard,gold,2025-11-25,2028-11-24,expired
1277,749,395,4779********1176,visa,gold,2024-01-17,2027-01-16,active
1278,332,584,4791********9782,mastercard,platinum,2023-07-09,2026-07-08,active
1279,1039,2081,4387********3241,mastercard,platinum,2023-08-05,2026-08-04,expired
1280,1766,1981,4042********5601,mastercard,classic,2025-07-02,2028-07-01,active
1281,567,501,4528********8108,mastercard,classic,2024-04-13,2027-04-13,active
1282,1806,2015,4980********1052,mastercard,classic,2024-10-25,2027-10-25,expired
1283,892,2224,4895********6524,mastercard,gold,2023-10-14,2026-10-13,active
1284,1966,2980,4178********2497,mastercard,platinum,2026-01-20,2029-01-19,active
1285,192,2741,4240********6263,visa,classic,2023-07-25,2026-07-24,expired
1286,250,2319,4799********4610,mastercard,platinum,2025-06-05,2028-06-04,active
1287,831,1260,4268********8001,visa,gold,2024-11-30,2027-11-30,blocked
1288,1180,1743,4866********7726,visa,gold,2025-09-05,2028-09-04,active
1289,1700,206,4466********9277,mastercard,gold,2023-08-21,2026-08-20,active
1290,618,734,4468********1839,mastercard,platinum,2026-03-02,2029-03-01,blocked
1291,1112,2503,4084********9883,mastercard,platinum,2025-05-11,2028-05-10,active
1292,285,527,4899********7809,mastercard,gold,2025-05-12,2028-05-11,blocked
1293,1701,1376,4134********7352,visa,gold,2024-02-11,2027-02-10,expired
1294,971,899,4946********2100,mastercard,platinum,2023-07-09,2026-07-08,active
1295,1880,378,4903********2427,mastercard,platinum,2025-02-17,2028-02-17,expired
1296,64,1727,4584********1549,visa,classic,2024-07-16,2027-07-16,blocked
1297,233,2683,4486********3735,visa,classic,2023-12-14,2026-12-13,expired
1298,220,2723,4315********6480,visa,platinum,2023-05-08,2026-05-07,blocked
1299,1542,387,4665********7308,visa,gold,2024-02-03,2027-02-02,active
1300,22,199,4372********7748,mastercard,classic,2025-10-13,2028-10-12,active
1301,1312,1051,4921********1598,visa,platinum,2025-04-25,2028-04-24,active
1302,1020,591,4454********5374,mastercard,platinum,2025-02-14,2028-02-14,expired
1303,136,520,4251********4461,visa,gold,2024-11-13,2027-11-13,blocked
1304,1536,2951,4660********8209,visa,classic,2023-12-25,2026-12-24,blocked
1305,1459,430,4482********2970,visa,classic,2024-04-05,2027-04-05,active
1306,567,1084,4430********7722,mastercard,platinum,2023-06-10,2026-06-09,active
1307,1840,208,4794********2331,visa,platinum,2025-12-05,2028-12-04,blocked
1308,414,492,4520********9307,mastercard,gold,2026-03-26,2029-03-25,active
1309,278,1610,4514********6398,visa,gold,2025-03-08,2028-03-07,blocked
1310,926,2913,4769********4362,mastercard,classic,2025-03-20,2028-03-19,active
1311,1160,793,4696********3771,mastercard,gold,2024-01-13,2027-01-12,active
1312,935,2020,4759********6159,mastercard,classic,2024-01-15,2027-01-14,active
1313,1504,1187,4584********3261,visa,classic,2025-02-14,2028-02-14,blocked
1314,1982,1186,4060********5298,mastercard,platinum,2025-12-10,2028-12-09,active
1315,1642,2182,4558********7577,mastercard,classic,2025-11-17,2028-11-16,blocked
1316,1239,1341,4400********4374,visa,classic,2023-08-11,2026-08-10,active
1317,656,2233,4411********3668,visa,gold,2025-07-12,2028-07-11,active
1318,734,84,4966********3905,visa,platinum,2024-05-13,2027-05-13,expired
1319,1319,2370,4835********9790,visa,gold,2024-04-02,2027-04-02,active
1320,86,2227,4575********3521,mastercard,platinum,2024-02-25,2027-02-24,active
1321,575,21,4988********4343,visa,gold,2024-12-04,2027-12-04,active
1322,286,1379,4468********1099,mastercard,gold,2024-07-15,2027-07-15,expired
1323,267,1559,4268********3811,mastercard,platinum,2023-06-22,2026-06-21,active
1324,1900,1939,4161********1494,visa,platinum,2025-04-27,2028-04-26,expired
1325,1036,2838,4548********4840,visa,platinum,2025-09-14,2028-09-13,active
1326,1483,1938,4980********6354,mastercard,platinum,2025-07-09,2028-07-08,expired
1327,1108,974,4708********1315,visa,gold,2024-10-16,2027-10-16,active
1328,101,2790,4793********7857,mastercard,classic,2024-04-23,2027-04-23,blocked
1329,1046,884,4613********3943,visa,platinum,2026-02-13,2029-02-12,active
1330,1290,1099,4839********9824,mastercard,classic,2025-10-06,2028-10-05,active
1331,973,157,4376********5234,visa,gold,2023-06-27,2026-06-26,active
1332,1319,2277,4574********9398,mastercard,platinum,2023-10-12,2026-10-11,active
1333,805,887,4831********1889,visa,platinum,2023-06-28,2026-06-27,active
1334,985,2999,4477********9827,visa,gold,2025-11-21,2028-11-20,blocked
1335,222,1592,4514********1091,mastercard,platinum,2025-02-03,2028-02-03,blocked
1336,19,2479,4976********5441,visa,platinum,2023-11-17,2026-11-16,active
1337,329,2718,4351********9645,visa,classic,2026-04-17,2029-04-16,blocked
1338,1406,2535,4666********5138,visa,platinum,2025-06-11,2028-06-10,expired
1339,228,2118,4095********6383,visa,classic,2025-09-02,2028-09-01,blocked
1340,1667,1473,4793********1759,visa,gold,2023-05-16,2026-05-15,active
1341,1230,2649,4959********3557,mastercard,platinum,2023-06-17,2026-06-16,active
1342,1270,459,4043********8311,visa,classic,2024-07-23,2027-07-23,active
1343,1856,2499,4525********9837,visa,platinum,2024-12-12,2027-12-12,active
1344,314,79,4465********3610,mastercard,classic,2025-09-13,2028-09-12,expired
1345,1620,2915,4169********7793,visa,platinum,2023-05-07,2026-05-06,active
1346,820,1057,4852********5901,mastercard,classic,2023-12-14,2026-12-13,active
1347,1829,907,4468********3413,mastercard,platinum,2025-09-26,2028-09-25,active
1348,1088,1564,4656********8650,mastercard,classic,2024-11-02,2027-11-02,active
1349,599,2427,4429********9844,visa,gold,2024-04-26,2027-04-26,expired
1350,881,2697,4701********2840,mastercard,classic,2023-10-17,2026-10-16,active
1351,1656,381,4819********8737,mastercard,gold,2023-08-23,2026-08-22,active
1352,1285,948,4015********1542,visa,classic,2024-01-22,2027-01-21,active
1353,76,1713,4639********2966,mastercard,classic,2024-09-17,2027-09-17,active
1354,1387,2757,4944********7902,visa,platinum,2024-04-04,2027-04-04,active
1355,740,716,4287********5412,visa,gold,2025-10-06,2028-10-05,expired
1356,159,1914,4390********4012,mastercard,gold,2026-02-04,2029-02-03,expired
1357,656,687,4696********8938,visa,classic,2025-11-26,2028-11-25,active
1358,386,2671,4011********5837,visa,gold,2025-10-29,2028-10-28,active
1359,492,1294,4673********7126,visa,gold,2026-01-11,2029-01-10,expired
1360,1875,306,4019********2474,visa,classic,2023-09-28,2026-09-27,blocked
1361,1238,210,4372********5073,visa,classic,2024-06-08,2027-06-08,expired
1362,1131,2012,4931********5362,mastercard,gold,2026-03-28,2029-03-27,active
1363,1551,2222,4255********7172,mastercard,classic,2023-12-08,2026-12-07,active
1364,630,2976,4940********5811,visa,gold,2023-10-10,2026-10-09,active
1365,691,1538,4136********6051,visa,gold,2023-08-31,2026-08-30,active
1366,234,886,4227********7961,mastercard,platinum,2024-07-18,2027-07-18,active
1367,564,1860,4716********9729,mastercard,gold,2023-05-01,2026-04-30,active
1368,882,918,4695********1266,visa,gold,2024-04-07,2027-04-07,active
1369,701,1887,4860********9356,visa,classic,2025-07-30,2028-07-29,active
1370,731,1661,4895********8401,mastercard,classic,2025-04-28,2028-04-27,expired
1371,1130,192,4378********5529,mastercard,gold,2024-06-03,2027-06-03,active
1372,262,1748,4202********3083,visa,gold,2025-11-16,2028-11-15,active
1373,985,2132,4390********7606,mastercard,platinum,2023-07-04,2026-07-03,expired
1374,1543,1266,4993********9666,mastercard,gold,2023-06-13,2026-06-12,expired
1375,1068,484,4075********3119,mastercard,platinum,2024-12-30,2027-12-30,active
1376,97,916,4580********8939,visa,classic,2025-03-12,2028-03-11,active
1377,643,2600,4974********5203,visa,platinum,2025-03-03,2028-03-02,expired
1378,539,278,4396********4023,visa,gold,2025-10-08,2028-10-07,expired
1379,415,989,4634********3110,visa,gold,2025-02-18,2028-02-18,blocked
1380,696,1988,4407********2190,mastercard,platinum,2023-11-06,2026-11-05,expired
1381,1263,1895,4417********3898,visa,gold,2025-09-03,2028-09-02,blocked
1382,1560,1870,4624********3528,visa,classic,2026-04-16,2029-04-15,active
1383,202,572,4769********8822,mastercard,platinum,2024-03-06,2027-03-06,expired
1384,1609,994,4475********9117,mastercard,platinum,2025-02-22,2028-02-22,active
1385,1083,2796,4381********8107,visa,gold,2025-08-06,2028-08-05,active
1386,1286,2947,4252********5174,visa,classic,2023-05-11,2026-05-10,expired
1387,903,586,4970********5120,visa,classic,2023-05-15,2026-05-14,active
1388,514,2329,4204********9648,visa,platinum,2024-03-07,2027-03-07,active
1389,1664,2994,4158********3065,mastercard,classic,2024-06-10,2027-06-10,active
1390,562,1350,4004********2089,mastercard,gold,2023-07-11,2026-07-10,active
1391,1093,2901,4668********8641,mastercard,classic,2024-05-20,2027-05-20,expired
1392,1941,675,4741********2103,mastercard,platinum,2023-09-19,2026-09-18,active
1393,1362,2591,4873********1553,mastercard,platinum,2025-12-30,2028-12-29,expired
1394,533,856,4072********4567,mastercard,classic,2023-10-07,2026-10-06,active
1395,1502,448,4209********9463,mastercard,gold,2025-11-12,2028-11-11,active
1396,1315,1420,4922********9905,mastercard,classic,2024-07-03,2027-07-03,active
1397,386,2230,4605********9849,mastercard,platinum,2026-01-29,2029-01-28,active
1398,1049,1617,4852********7287,mastercard,classic,2025-01-22,2028-01-22,active
1399,229,2259,4303********1186,mastercard,platinum,2024-05-17,2027-05-17,active
1400,1391,2822,4056********9496,visa,classic,2024-10-05,2027-10-05,active
1401,1402,2754,4851********4803,visa,platinum,2025-10-05,2028-10-04,blocked
1402,1291,1717,4436********8014,visa,platinum,2025-08-30,2028-08-29,active
1403,694,2672,4572********7564,visa,platinum,2024-03-21,2027-03-21,expired
1404,1947,1248,4943********1556,mastercard,gold,2025-04-18,2028-04-17,expired
1405,1293,295,4134********1070,visa,gold,2025-06-30,2028-06-29,active
1406,905,589,4251********1045,mastercard,platinum,2024-01-22,2027-01-21,blocked
1407,1635,1282,4418********2646,mastercard,platinum,2024-02-06,2027-02-05,active
1408,219,1423,4491********3505,mastercard,classic,2025-01-11,2028-01-11,active
1409,27,2350,4253********6035,mastercard,gold,2024-08-11,2027-08-11,active
1410,1540,1427,4727********3676,mastercard,classic,2024-03-17,2027-03-17,active
1411,1165,2253,4672********4181,mastercard,platinum,2025-11-24,2028-11-23,expired
1412,1596,426,4323********7630,visa,classic,2024-11-19,2027-11-19,active
1413,1281,535,4508********9031,mastercard,classic,2025-10-20,2028-10-19,active
1414,457,1055,4075********9131,mastercard,classic,2025-02-18,2028-02-18,active
1415,909,1865,4429********2411,visa,classic,2024-03-17,2027-03-17,active
1416,506,2505,4711********6464,visa,platinum,2025-04-10,2028-04-09,active
1417,99,1426,4528********8934,visa,classic,2024-10-23,2027-10-23,blocked
1418,708,133,4041********4110,mastercard,platinum,2024-06-20,2027-06-20,active
1419,1288,1838,4829********5815,mastercard,gold,2024-08-03,2027-08-03,blocked
1420,897,1826,4293********1001,mastercard,gold,2023-07-12,2026-07-11,blocked
1421,277,422,4026********8273,mastercard,classic,2025-12-04,2028-12-03,active
1422,1578,2659,4322********2076,visa,platinum,2023-08-19,2026-08-18,blocked
1423,1570,2029,4423********6265,visa,platinum,2024-11-21,2027-11-21,active
1424,1447,2990,4805********8720,visa,platinum,2025-11-12,2028-11-11,expired
1425,304,1369,4873********6853,visa,gold,2025-12-04,2028-12-03,active
1426,1036,557,4984********3727,mastercard,classic,2025-11-03,2028-11-02,active
1427,1966,2044,4360********7283,visa,gold,2024-08-15,2027-08-15,active
1428,1925,1487,4619********2202,mastercard,platinum,2025-02-22,2028-02-22,active
1429,154,2680,4352********6674,visa,platinum,2025-08-04,2028-08-03,active
1430,1881,571,4328********8403,mastercard,gold,2025-02-16,2028-02-16,expired
1431,1072,353,4401********6992,visa,platinum,2023-05-06,2026-05-05,active
1432,1553,92,4943********7526,visa,platinum,2024-07-21,2027-07-21,blocked
1433,612,2563,4840********8746,visa,classic,2024-12-16,2027-12-16,active
1434,596,2534,4011********5027,visa,platinum,2023-10-07,2026-10-06,active
1435,769,1171,4326********6107,visa,platinum,2023-05-28,2026-05-27,active
1436,981,2249,4018********5073,visa,classic,2023-11-16,2026-11-15,active
1437,652,1286,4823********9841,visa,platinum,2024-06-05,2027-06-05,active
1438,1699,1703,4602********7268,mastercard,classic,2024-08-08,2027-08-08,active
1439,1932,1469,4244********9417,mastercard,platinum,2024-09-13,2027-09-13,expired
1440,968,1908,4408********5566,visa,platinum,2025-11-20,2028-11-19,blocked
1441,782,1478,4546********9855,visa,classic,2024-04-04,2027-04-04,blocked
1442,791,698,4329********3579,mastercard,classic,2023-08-27,2026-08-26,blocked
1443,1469,2507,4289********8165,visa,classic,2025-12-12,2028-12-11,active
1444,39,349,4350********7840,visa,classic,2023-11-23,2026-11-22,active
1445,1350,1645,4954********4110,mastercard,gold,2025-03-01,2028-02-29,active
1446,1985,2347,4870********1338,visa,gold,2026-01-29,2029-01-28,blocked
1447,1704,2432,4043********9283,mastercard,classic,2025-03-08,2028-03-07,expired
1448,1316,2169,4172********1672,visa,platinum,2025-07-05,2028-07-04,expired
1449,198,1138,4094********9861,mastercard,classic,2024-03-18,2027-03-18,active
1450,742,1798,4094********4271,visa,gold,2025-08-25,2028-08-24,blocked
1451,392,1545,4102********2576,mastercard,platinum,2026-01-06,2029-01-05,active
1452,350,2837,4566********6546,visa,gold,2023-05-24,2026-05-23,active
1453,99,2821,4819********7542,visa,classic,2024-08-11,2027-08-11,active
1454,739,1340,4114********7607,visa,gold,2024-04-11,2027-04-11,blocked
1455,1827,2491,4817********3603,visa,classic,2024-09-04,2027-09-04,active
1456,1283,454,4231********8706,visa,gold,2026-04-18,2029-04-17,blocked
1457,989,914,4974********5466,mastercard,platinum,2024-11-04,2027-11-04,active
1458,433,1200,4303********8868,visa,platinum,2023-08-07,2026-08-06,active
1459,935,1275,4940********4222,visa,gold,2024-04-04,2027-04-04,active
1460,1715,1867,4296********7396,visa,platinum,2024-06-03,2027-06-03,expired
1461,1932,38,4347********4995,mastercard,gold,2024-01-12,2027-01-11,blocked
1462,182,975,4823********7348,mastercard,classic,2024-11-29,2027-11-29,blocked
1463,1645,2771,4184********5066,mastercard,platinum,2024-09-15,2027-09-15,expired
1464,204,984,4384********1045,mastercard,classic,2026-02-20,2029-02-19,active
1465,31,1806,4141********7297,visa,platinum,2026-02-18,2029-02-17,expired
1466,366,1962,4308********1269,visa,gold,2025-05-08,2028-05-07,blocked
1467,1724,1419,4832********8346,visa,classic,2025-04-22,2028-04-21,blocked
1468,578,1285,4529********7574,visa,gold,2025-11-23,2028-11-22,active
1469,619,40,4402********4874,visa,gold,2023-09-16,2026-09-15,blocked
1470,747,2541,4244********8110,visa,gold,2026-02-02,2029-02-01,active
1471,648,170,4132********9698,visa,platinum,2024-10-22,2027-10-22,blocked
1472,1032,1356,4272********1131,visa,classic,2024-10-18,2027-10-18,active
1473,1035,738,4600********1717,visa,classic,2024-03-12,2027-03-12,active
1474,423,1591,4824********4887,visa,classic,2023-10-13,2026-10-12,active
1475,1822,2700,4138********1381,mastercard,gold,2023-10-16,2026-10-15,active
1476,1797,1898,4705********4277,mastercard,gold,2025-08-25,2028-08-24,expired
1477,1596,635,4478********7007,visa,classic,2026-04-11,2029-04-10,expired
1478,34,2648,4664********4058,mastercard,classic,2025-08-25,2028-08-24,active
1479,1652,1919,4638********9739,mastercard,classic,2025-07-15,2028-07-14,active
1480,899,1291,4883********8593,mastercard,gold,2025-09-13,2028-09-12,active
1481,548,1381,4677********6270,mastercard,gold,2023-05-06,2026-05-05,expired
1482,1239,580,4974********3245,visa,gold,2023-08-17,2026-08-16,active
1483,1580,329,4765********5612,mastercard,gold,2024-04-09,2027-04-09,active
1484,807,1643,4526********2483,visa,platinum,2026-02-07,2029-02-06,active
1485,830,893,4645********2978,mastercard,gold,2023-11-02,2026-11-01,active
1486,790,1850,4542********4462,mastercard,gold,2023-09-13,2026-09-12,active
1487,1567,781,4407********7654,visa,classic,2025-03-06,2028-03-05,expired
1488,526,160,4813********7078,visa,classic,2025-08-01,2028-07-31,blocked
1489,1914,1546,4631********9110,visa,gold,2023-09-16,2026-09-15,blocked
1490,359,1934,4389********1197,visa,gold,2026-01-09,2029-01-08,active
1491,488,2979,4830********7881,visa,gold,2024-02-06,2027-02-05,expired
1492,1300,62,4433********1499,mastercard,classic,2023-08-11,2026-08-10,active
1493,291,850,4459********3527,mastercard,gold,2025-01-26,2028-01-26,active
1494,1139,2130,4134********4223,mastercard,classic,2025-06-18,2028-06-17,active
1495,843,2893,4516********6982,visa,classic,2024-04-16,2027-04-16,active
1496,728,1044,4977********4261,visa,classic,2024-11-03,2027-11-03,blocked
1497,1059,2497,4235********2477,mastercard,gold,2023-11-19,2026-11-18,active
1498,79,2261,4323********7934,visa,gold,2025-12-09,2028-12-08,expired
1499,1525,2122,4450********2013,mastercard,classic,2023-07-09,2026-07-08,active
1500,167,1071,4261********5951,visa,classic,2024-11-02,2027-11-02,active
1501,728,54,4604********6347,mastercard,gold,2024-07-15,2027-07-15,expired
1502,1154,259,4271********1927,mastercard,gold,2023-05-05,2026-05-04,active
1503,909,506,4218********2590,mastercard,platinum,2023-05-20,2026-05-19,blocked
1504,745,753,4597********1891,mastercard,platinum,2025-06-15,2028-06-14,blocked
1505,1885,1979,4126********2309,mastercard,gold,2023-08-21,2026-08-20,active
1506,788,2948,4867********7629,visa,gold,2024-02-12,2027-02-11,active
1507,1578,2411,4397********3016,visa,classic,2023-06-17,2026-06-16,active
1508,396,1518,4730********9108,mastercard,platinum,2023-12-07,2026-12-06,expired
1509,668,2998,4471********7487,visa,gold,2026-01-28,2029-01-27,blocked
1510,1363,2274,4050********4043,visa,platinum,2026-04-01,2029-03-31,blocked
1511,1793,1390,4867********8766,visa,platinum,2024-01-18,2027-01-17,active
1512,745,1267,4250********1097,visa,platinum,2023-11-22,2026-11-21,active
1513,1939,2467,4167********1418,mastercard,gold,2024-06-13,2027-06-13,blocked
1514,367,1712,4247********4555,visa,classic,2023-06-01,2026-05-31,expired
1515,1658,772,4715********8848,visa,platinum,2025-09-18,2028-09-17,active
1516,610,2803,4215********7633,mastercard,gold,2025-05-26,2028-05-25,active
1517,640,1808,4190********3185,mastercard,classic,2023-10-02,2026-10-01,active
1518,1109,2686,4835********7468,mastercard,gold,2025-08-03,2028-08-02,expired
1519,620,1086,4880********4061,mastercard,classic,2025-05-06,2028-05-05,blocked
1520,590,2258,4484********4879,visa,classic,2023-11-29,2026-11-28,expired
1521,102,1533,4888********6540,visa,classic,2023-07-09,2026-07-08,active
1522,313,1326,4244********3987,visa,platinum,2025-10-26,2028-10-25,active
1523,1991,2120,4257********1002,visa,gold,2025-08-05,2028-08-04,expired
1524,1563,1813,4193********4734,visa,platinum,2024-07-18,2027-07-18,active
1525,1250,1715,4300********3265,visa,gold,2025-11-22,2028-11-21,blocked
1526,725,2035,4675********2156,visa,platinum,2024-07-18,2027-07-18,active
1527,336,2424,4818********8917,mastercard,gold,2023-10-31,2026-10-30,active
1528,9,2435,4336********5402,mastercard,classic,2024-01-08,2027-01-07,blocked
1529,476,1682,4058********8250,mastercard,gold,2025-11-06,2028-11-05,expired
1530,1844,2228,4706********2137,visa,platinum,2024-05-20,2027-05-20,active
1531,362,1164,4127********1482,visa,platinum,2023-09-15,2026-09-14,blocked
1532,83,964,4807********5658,visa,classic,2024-01-04,2027-01-03,active
1533,1465,2903,4188********8086,visa,classic,2023-05-21,2026-05-20,blocked
1534,261,1663,4460********8658,mastercard,classic,2023-08-06,2026-08-05,active
1535,1492,399,4961********2235,mastercard,platinum,2024-06-08,2027-06-08,expired
1536,682,585,4716********1553,mastercard,gold,2023-07-17,2026-07-16,active
1537,611,949,4747********8833,visa,gold,2023-06-24,2026-06-23,active
1538,1164,705,4212********6922,visa,classic,2023-05-30,2026-05-29,blocked
1539,1566,432,4816********1566,mastercard,platinum,2025-09-05,2028-09-04,active
1540,1509,293,4173********9248,mastercard,classic,2023-12-14,2026-12-13,active
1541,1206,146,4086********1615,mastercard,platinum,2024-08-14,2027-08-14,active
1542,185,324,4745********1878,visa,gold,2025-01-18,2028-01-18,active
1543,99,2109,4018********8116,mastercard,gold,2025-08-03,2028-08-02,expired
1544,1948,1166,4171********8012,mastercard,gold,2023-10-12,2026-10-11,active
1545,650,1453,4380********1039,mastercard,classic,2023-12-10,2026-12-09,active
1546,705,3,4862********1655,visa,platinum,2026-01-31,2029-01-30,blocked
1547,450,577,4195********9328,mastercard,platinum,2023-05-01,2026-04-30,blocked
1548,1789,2658,4904********5298,mastercard,platinum,2024-05-15,2027-05-15,active
1549,316,340,4289********8337,mastercard,gold,2025-07-29,2028-07-28,expired
1550,1060,2540,4497********4422,visa,platinum,2024-05-19,2027-05-19,active
1551,34,2936,4601********8936,mastercard,platinum,2023-07-11,2026-07-10,active
1552,1783,926,4263********9291,mastercard,classic,2025-10-28,2028-10-27,expired
1553,1940,266,4757********6160,mastercard,classic,2025-04-17,2028-04-16,active
1554,478,377,4611********4400,visa,gold,2025-03-04,2028-03-03,blocked
1555,699,2023,4303********4546,visa,classic,2023-12-25,2026-12-24,active
1556,1870,1464,4998********5214,mastercard,classic,2026-02-13,2029-02-12,active
1557,1566,272,4103********3571,visa,platinum,2023-11-14,2026-11-13,active
1558,1861,697,4337********5723,mastercard,classic,2025-10-09,2028-10-08,active
1559,408,2974,4016********1066,visa,classic,2023-07-11,2026-07-10,blocked
1560,132,245,4447********3676,visa,classic,2025-09-25,2028-09-24,expired
1561,1486,2814,4995********9700,mastercard,gold,2025-12-26,2028-12-25,active
1562,1312,477,4176********3647,mastercard,gold,2023-10-18,2026-10-17,blocked
1563,1356,2786,4764********9257,mastercard,classic,2025-12-08,2028-12-07,expired
1564,1529,2844,4792********9211,visa,classic,2023-04-30,2026-04-29,active
1565,1816,2299,4461********9615,mastercard,classic,2026-03-20,2029-03-19,active
1566,655,2449,4673********9956,mastercard,classic,2025-09-25,2028-09-24,blocked
1567,1274,2784,4534********1810,mastercard,platinum,2024-12-30,2027-12-30,active
1568,800,2954,4748********4275,mastercard,platinum,2023-07-24,2026-07-23,active
1569,1942,2983,4410********6012,mastercard,platinum,2024-09-18,2027-09-18,expired
1570,914,2160,4613********9789,mastercard,gold,2023-05-24,2026-05-23,active
1571,178,251,4771********6317,mastercard,platinum,2025-01-12,2028-01-12,blocked
1572,565,414,4638********5412,mastercard,classic,2025-05-15,2028-05-14,expired
1573,990,546,4247********1060,mastercard,classic,2023-11-13,2026-11-12,active
1574,412,1194,4404********2955,visa,platinum,2024-10-08,2027-10-08,active
1575,29,739,4587********3305,mastercard,classic,2025-03-31,2028-03-30,blocked
1576,533,311,4410********3169,visa,classic,2025-09-02,2028-09-01,blocked
1577,1534,1980,4330********6838,mastercard,platinum,2024-09-04,2027-09-04,blocked
1578,1267,894,4700********9299,mastercard,gold,2024-04-25,2027-04-25,active
1579,906,1132,4511********9564,mastercard,gold,2024-10-17,2027-10-17,active
1580,192,1450,4769********6873,mastercard,gold,2024-04-18,2027-04-18,active
1581,1119,2908,4989********3820,mastercard,gold,2025-03-17,2028-03-16,blocked
1582,586,16,4281********1093,visa,classic,2024-08-14,2027-08-14,blocked
1583,1109,1951,4536********8313,mastercard,platinum,2024-06-30,2027-06-30,blocked
1584,1595,722,4827********9699,visa,gold,2023-09-04,2026-09-03,active
1585,869,1421,4365********2168,mastercard,gold,2023-07-19,2026-07-18,active
1586,19,2634,4261********6326,visa,classic,2024-08-28,2027-08-28,active
1587,1007,982,4913********5205,mastercard,gold,2025-06-14,2028-06-13,active
1588,239,1875,4788********9393,mastercard,gold,2025-07-13,2028-07-12,active
1589,709,1540,4147********4304,visa,platinum,2026-04-15,2029-04-14,blocked
1590,906,2531,4934********9755,mastercard,classic,2024-01-31,2027-01-30,expired
1591,1081,1551,4794********4823,mastercard,gold,2023-08-19,2026-08-18,active
1592,746,2423,4747********2040,mastercard,classic,2025-10-27,2028-10-26,active
1593,1535,364,4418********4178,visa,platinum,2024-05-21,2027-05-21,active
1594,1101,2769,4829********5387,visa,classic,2024-03-01,2027-03-01,expired
1595,112,183,4658********7737,visa,classic,2026-02-24,2029-02-23,active
1596,347,986,4816********6452,visa,platinum,2025-11-03,2028-11-02,expired
1597,1412,1991,4753********9760,visa,classic,2025-12-13,2028-12-12,expired
1598,1848,1195,4795********5554,visa,classic,2025-12-26,2028-12-25,active
1599,1625,1770,4684********1198,mastercard,platinum,2024-04-25,2027-04-25,active
1600,979,1676,4843********8792,mastercard,platinum,2026-03-19,2029-03-18,blocked
1601,924,1122,4138********5468,mastercard,classic,2025-02-08,2028-02-08,expired
1602,1159,188,4275********2794,visa,gold,2023-11-10,2026-11-09,blocked
1603,183,620,4624********5428,visa,gold,2026-02-15,2029-02-14,active
1604,642,1613,4936********1692,mastercard,classic,2023-07-13,2026-07-12,active
1605,1813,1176,4771********7187,mastercard,gold,2023-09-29,2026-09-28,expired
1606,240,1183,4997********1232,mastercard,gold,2024-12-03,2027-12-03,active
1607,491,2385,4586********5115,visa,gold,2026-02-25,2029-02-24,expired
1608,1202,2716,4848********9986,visa,classic,2024-10-28,2027-10-28,blocked
1609,94,615,4001********3762,mastercard,gold,2023-05-08,2026-05-07,active
1610,445,1514,4666********1725,visa,classic,2023-08-04,2026-08-03,active
1611,309,1467,4933********9690,visa,gold,2023-11-07,2026-11-06,expired
1612,418,402,4287********1287,mastercard,classic,2025-05-14,2028-05-13,active
1613,1734,995,4157********1669,visa,classic,2024-05-12,2027-05-12,expired
1614,1582,935,4761********8209,mastercard,gold,2024-02-15,2027-02-14,active
1615,71,372,4545********8156,mastercard,gold,2024-02-18,2027-02-17,expired
1616,871,1923,4374********2862,mastercard,classic,2024-08-25,2027-08-25,expired
1617,165,2307,4920********7969,mastercard,platinum,2023-11-16,2026-11-15,expired
1618,894,594,4738********3604,visa,classic,2023-10-21,2026-10-20,expired
1619,807,1911,4534********3115,mastercard,platinum,2024-02-05,2027-02-04,expired
1620,714,727,4894********7495,mastercard,classic,2025-09-18,2028-09-17,expired
1621,1986,827,4430********3607,visa,platinum,2023-08-19,2026-08-18,active
1622,73,1675,4172********8034,visa,platinum,2025-06-19,2028-06-18,active
1623,679,688,4739********9988,mastercard,platinum,2024-03-21,2027-03-21,expired
1624,797,2216,4774********5586,visa,gold,2025-03-10,2028-03-09,blocked
1625,27,137,4858********8873,mastercard,platinum,2025-01-07,2028-01-07,active
1626,1331,2765,4101********8265,visa,platinum,2023-11-25,2026-11-24,active
1627,362,629,4393********7600,visa,platinum,2023-06-07,2026-06-06,active
1628,890,335,4672********2416,mastercard,classic,2024-08-07,2027-08-07,expired
1629,277,391,4945********2479,mastercard,platinum,2025-06-25,2028-06-24,expired
1630,769,2310,4153********5831,visa,gold,2023-09-26,2026-09-25,active
1631,1924,1110,4841********6568,mastercard,gold,2024-03-28,2027-03-28,expired
1632,164,1738,4561********1383,mastercard,classic,2026-03-23,2029-03-22,active
1633,1866,2699,4136********8539,visa,classic,2024-02-04,2027-02-03,blocked
1634,1988,711,4121********8377,visa,classic,2024-08-08,2027-08-08,active
1635,951,1040,4233********8725,visa,classic,2024-04-08,2027-04-08,blocked
1636,873,2715,4323********5468,mastercard,classic,2025-09-09,2028-09-08,expired
1637,1087,1851,4287********8635,mastercard,platinum,2023-07-05,2026-07-04,active
1638,1730,2596,4720********5251,visa,platinum,2023-11-03,2026-11-02,blocked
1639,210,1562,4430********9133,mastercard,gold,2023-06-23,2026-06-22,active
1640,1816,2758,4607********9598,visa,platinum,2024-11-21,2027-11-21,expired
1641,391,1595,4639********1651,mastercard,platinum,2023-11-02,2026-11-01,active
1642,1487,2751,4473********9424,visa,gold,2024-04-06,2027-04-06,expired
1643,1006,1113,4066********6249,mastercard,platinum,2023-10-07,2026-10-06,active
1644,1839,466,4571********5956,mastercard,platinum,2025-01-25,2028-01-25,expired
1645,570,1561,4780********7399,visa,gold,2024-08-29,2027-08-29,expired
1646,1316,1224,4215********9282,mastercard,platinum,2025-01-09,2028-01-09,expired
1647,799,1954,4453********7734,visa,platinum,2023-09-14,2026-09-13,active
1648,1406,2967,4881********3548,visa,platinum,2025-08-14,2028-08-13,blocked
1649,482,2349,4408********2298,visa,classic,2023-11-22,2026-11-21,expired
1650,612,1509,4408********2782,visa,classic,2023-05-28,2026-05-27,expired
1651,1074,1105,4028********6467,visa,platinum,2025-04-09,2028-04-08,expired
1652,199,1989,4102********3534,mastercard,platinum,2026-02-04,2029-02-03,active
1653,1267,339,4523********3192,visa,platinum,2025-02-07,2028-02-07,blocked
1654,1290,216,4007********7582,mastercard,platinum,2023-09-02,2026-09-01,expired
1655,1548,1616,4037********2940,visa,gold,2023-12-18,2026-12-17,expired
1656,1682,1917,4135********4595,mastercard,classic,2025-05-10,2028-05-09,expired
1657,261,2515,4568********3358,mastercard,platinum,2025-11-25,2028-11-24,expired
1658,439,2805,4914********4784,visa,gold,2026-01-23,2029-01-22,expired
1659,1080,1593,4678********8154,mastercard,platinum,2023-07-23,2026-07-22,blocked
1660,1726,2241,4943********1757,visa,platinum,2025-09-24,2028-09-23,active
1661,370,1685,4045********7893,mastercard,gold,2025-10-28,2028-10-27,blocked
1662,505,2523,4523********7779,visa,classic,2023-10-11,2026-10-10,active
1663,1776,817,4362********8308,visa,gold,2025-06-19,2028-06-18,blocked
1664,95,1068,4241********2663,visa,platinum,2026-04-11,2029-04-10,active
1665,308,2004,4102********6290,mastercard,gold,2023-08-09,2026-08-08,active
1666,2000,275,4697********6214,mastercard,platinum,2024-12-19,2027-12-19,active
1667,1933,2245,4366********3080,visa,platinum,2025-08-23,2028-08-22,blocked
1668,1702,866,4632********4647,mastercard,platinum,2024-05-07,2027-05-07,active
1669,1523,102,4269********1732,mastercard,gold,2023-07-24,2026-07-23,expired
1670,534,1502,4550********4428,visa,classic,2026-01-14,2029-01-13,active
1671,1243,2150,4065********6055,mastercard,classic,2024-12-06,2027-12-06,active
1672,1436,172,4770********3496,visa,platinum,2025-12-01,2028-11-30,active
1673,1039,108,4871********1806,visa,gold,2025-05-21,2028-05-20,expired
1674,213,1863,4454********2865,mastercard,platinum,2026-02-05,2029-02-04,blocked
1675,1162,1522,4838********9746,visa,platinum,2023-10-12,2026-10-11,active
1676,1583,2988,4596********8174,mastercard,platinum,2023-09-01,2026-08-31,blocked
1677,378,2203,4550********1875,visa,classic,2024-04-16,2027-04-16,active
1678,245,2055,4823********5374,mastercard,gold,2023-12-15,2026-12-14,expired
1679,1106,1765,4298********5315,mastercard,gold,2023-07-27,2026-07-26,expired
1680,1914,2034,4829********5807,visa,classic,2025-05-27,2028-05-26,blocked
1681,721,1963,4743********8000,mastercard,classic,2023-12-16,2026-12-15,active
1682,898,2251,4442********4570,visa,platinum,2025-03-05,2028-03-04,active
1683,1295,2341,4491********4582,mastercard,platinum,2024-05-11,2027-05-11,active
1684,448,2576,4889********2950,mastercard,platinum,2023-05-21,2026-05-20,blocked
1685,687,1925,4374********8422,visa,platinum,2024-03-07,2027-03-07,active
1686,332,296,4678********8195,visa,classic,2025-12-21,2028-12-20,expired
1687,1676,713,4402********4414,visa,classic,2025-03-05,2028-03-04,expired
1688,468,73,4849********2453,mastercard,platinum,2025-11-14,2028-11-13,active
1689,1750,1953,4943********5985,visa,classic,2025-06-30,2028-06-29,active
1690,615,2270,4179********5916,visa,gold,2025-11-23,2028-11-22,active
1691,1649,2562,4070********6684,mastercard,platinum,2023-08-03,2026-08-02,active
1692,1368,2886,4597********8091,mastercard,classic,2025-10-15,2028-10-14,blocked
1693,319,482,4932********4396,mastercard,gold,2024-05-31,2027-05-31,blocked
1694,1728,2219,4866********8715,mastercard,gold,2023-12-29,2026-12-28,active
1695,1654,1531,4744********3004,mastercard,platinum,2024-07-06,2027-07-06,expired
1696,1064,2116,4365********9925,mastercard,platinum,2025-03-22,2028-03-21,active
1697,1417,1515,4943********8979,mastercard,platinum,2024-08-16,2027-08-16,expired
1698,1775,2961,4117********7958,visa,gold,2025-04-07,2028-04-06,active
1699,687,1491,4344********1215,visa,classic,2024-11-13,2027-11-13,active
1700,1465,1172,4525********2540,mastercard,platinum,2026-03-05,2029-03-04,expired
1701,517,2453,4073********5696,visa,classic,2023-08-17,2026-08-16,active
1702,1544,2430,4857********5480,mastercard,gold,2024-09-13,2027-09-13,active
1703,728,2074,4722********5180,visa,platinum,2023-08-28,2026-08-27,blocked
1704,505,2217,4830********8368,mastercard,classic,2025-06-25,2028-06-24,active
1705,1929,2272,4605********3054,mastercard,gold,2025-12-06,2028-12-05,active
1706,1341,406,4994********4297,visa,classic,2024-04-01,2027-04-01,blocked
1707,204,758,4984********6699,visa,platinum,2025-01-31,2028-01-31,expired
1708,1382,1957,4393********4066,visa,platinum,2024-08-08,2027-08-08,active
1709,198,2185,4425********7178,mastercard,gold,2023-10-17,2026-10-16,active
1710,698,1952,4614********7185,mastercard,gold,2026-01-30,2029-01-29,blocked
1711,1166,98,4975********2277,visa,classic,2024-01-25,2027-01-24,active
1712,106,1334,4764********7457,visa,gold,2025-11-22,2028-11-21,active
1713,140,2390,4830********1525,visa,classic,2024-06-23,2027-06-23,active
1714,644,744,4696********4607,mastercard,platinum,2024-04-04,2027-04-04,expired
1715,1229,807,4557********1649,visa,classic,2025-01-29,2028-01-29,blocked
1716,1696,2770,4995********7936,visa,gold,2024-07-07,2027-07-07,blocked
1717,692,1897,4366********1264,visa,gold,2024-10-08,2027-10-08,blocked
1718,393,2500,4629********2182,mastercard,classic,2026-02-03,2029-02-02,active
1719,1605,1536,4282********7612,visa,gold,2025-08-11,2028-08-10,active
1720,45,2051,4027********3690,visa,classic,2025-05-14,2028-05-13,active
1721,1413,2011,4064********8502,mastercard,gold,2025-09-30,2028-09-29,active
1722,542,149,4444********6032,visa,gold,2024-07-03,2027-07-03,active
1723,504,2555,4112********7287,visa,gold,2025-02-08,2028-02-08,active
1724,1990,2054,4388********4574,visa,platinum,2024-08-28,2027-08-28,expired
1725,709,1903,4801********6844,mastercard,platinum,2025-06-10,2028-06-09,active
1726,287,1316,4364********3587,visa,gold,2023-10-16,2026-10-15,blocked
1727,1246,693,4384********5304,visa,gold,2025-02-21,2028-02-21,expired
1728,431,819,4046********1431,visa,platinum,2025-10-17,2028-10-16,active
1729,1466,1729,4002********3931,mastercard,gold,2023-06-20,2026-06-19,active
1730,739,1387,4746********4412,mastercard,gold,2025-03-02,2028-03-01,active
1731,1528,2282,4896********7542,mastercard,classic,2023-09-01,2026-08-31,active
1732,1413,2734,4546********9780,visa,platinum,2023-09-03,2026-09-02,active
1733,998,1600,4307********8681,visa,classic,2023-09-21,2026-09-20,active
1734,81,2611,4258********6917,mastercard,gold,2023-07-21,2026-07-20,active
1735,1029,2458,4382********8900,mastercard,platinum,2026-01-03,2029-01-02,active
1736,295,702,4152********6858,visa,classic,2026-02-22,2029-02-21,active
1737,1548,1879,4713********8503,mastercard,platinum,2024-10-10,2027-10-10,active
1738,1111,2657,4218********2040,visa,platinum,2024-03-16,2027-03-16,active
1739,937,922,4296********1228,mastercard,gold,2024-03-05,2027-03-05,active
1740,175,1425,4451********9119,mastercard,gold,2025-12-29,2028-12-28,active
1741,692,1709,4526********4183,visa,platinum,2024-12-09,2027-12-09,expired
1742,39,906,4823********7127,visa,classic,2025-04-13,2028-04-12,active
1743,1276,455,4740********9780,mastercard,classic,2025-09-17,2028-09-16,active
1744,1654,2186,4319********4377,visa,gold,2023-12-31,2026-12-30,active
1745,1330,2305,4960********2063,mastercard,classic,2024-03-15,2027-03-15,blocked
1746,1592,1772,4492********9763,mastercard,classic,2023-06-16,2026-06-15,active
1747,1627,168,4967********1242,mastercard,platinum,2023-09-18,2026-09-17,active
1748,1415,731,4561********8472,visa,classic,2025-06-26,2028-06-25,expired
1749,46,2189,4687********7641,mastercard,gold,2024-09-11,2027-09-11,active
1750,883,1311,4131********6417,mastercard,classic,2023-04-27,2026-04-26,blocked
1751,1165,27,4657********9977,visa,classic,2023-06-12,2026-06-11,blocked
1752,1599,2060,4841********4242,visa,platinum,2026-01-21,2029-01-20,active
1753,357,1653,4381********5313,visa,platinum,2025-01-01,2028-01-01,active
1754,420,1623,4012********7623,visa,classic,2024-10-03,2027-10-03,active
1755,1575,588,4199********1888,visa,platinum,2026-02-26,2029-02-25,blocked
1756,1111,2017,4895********6492,mastercard,platinum,2025-03-11,2028-03-10,active
1757,1272,998,4691********6348,visa,classic,2024-07-22,2027-07-22,active
1758,398,1177,4758********2565,visa,gold,2023-12-28,2026-12-27,active
1759,54,1701,4027********7614,mastercard,gold,2023-09-06,2026-09-05,active
1760,1921,1041,4105********6161,visa,gold,2023-09-12,2026-09-11,active
1761,334,34,4756********3321,visa,classic,2024-04-02,2027-04-02,blocked
1762,772,1810,4434********5093,visa,platinum,2026-02-22,2029-02-21,expired
1763,101,2627,4144********3109,visa,classic,2026-01-24,2029-01-23,active
1764,680,1380,4038********1516,mastercard,classic,2025-10-19,2028-10-18,expired
1765,1326,42,4133********4017,visa,classic,2024-08-29,2027-08-29,active
1766,995,1792,4386********3291,visa,classic,2023-08-23,2026-08-22,expired
1767,712,2190,4775********1759,visa,classic,2024-06-29,2027-06-29,active
1768,1009,2607,4262********9752,mastercard,classic,2026-01-21,2029-01-20,active
1769,187,1973,4589********2655,visa,classic,2024-08-10,2027-08-10,active
1770,694,2290,4372********3974,mastercard,classic,2025-11-30,2028-11-29,active
1771,1089,1926,4162********4985,mastercard,gold,2026-02-25,2029-02-24,blocked
1772,103,610,4695********5641,mastercard,classic,2023-07-04,2026-07-03,active
1773,1357,1133,4311********4042,mastercard,gold,2024-07-07,2027-07-07,active
1774,408,29,4624********8253,mastercard,classic,2026-04-13,2029-04-12,active
1775,341,442,4270********9388,mastercard,gold,2023-06-17,2026-06-16,active
1776,679,2356,4274********3848,visa,platinum,2024-02-09,2027-02-08,expired
1777,398,2799,4973********6842,visa,gold,2024-04-27,2027-04-27,blocked
1778,1790,494,4651********8758,visa,gold,2024-12-15,2027-12-15,expired
1779,257,1259,4563********6906,visa,platinum,2025-05-07,2028-05-06,blocked
1780,274,1302,4850********4801,mastercard,gold,2025-07-19,2028-07-18,active
1781,1224,2366,4342********3909,mastercard,gold,2024-11-16,2027-11-16,active
1782,3,1383,4833********6447,visa,gold,2025-04-07,2028-04-06,blocked
1783,613,1305,4782********7391,visa,gold,2025-08-31,2028-08-30,active
1784,1157,237,4893********9370,visa,platinum,2025-09-17,2028-09-16,blocked
1785,961,552,4426********5917,visa,gold,2024-02-08,2027-02-07,blocked
1786,1607,521,4801********7053,visa,classic,2023-09-19,2026-09-18,blocked
1787,623,2447,4869********7076,visa,gold,2024-04-30,2027-04-30,blocked
1788,299,1233,4796********5436,mastercard,gold,2026-01-04,2029-01-03,active
1789,1050,1139,4682********4822,mastercard,classic,2025-07-04,2028-07-03,expired
1790,721,721,4594********7680,visa,platinum,2025-07-19,2028-07-18,expired
1791,720,736,4564********6555,visa,classic,2024-11-03,2027-11-03,active
1792,1535,2654,4207********7361,mastercard,platinum,2024-03-07,2027-03-07,active
1793,838,1751,4304********2691,mastercard,gold,2024-05-15,2027-05-15,active
1794,1784,59,4160********8498,mastercard,classic,2024-10-24,2027-10-24,expired
1795,1101,632,4953********4679,mastercard,gold,2024-12-25,2027-12-25,active
1796,302,1182,4962********5695,mastercard,platinum,2026-04-11,2029-04-10,active
1797,1297,2204,4512********8031,visa,platinum,2024-03-09,2027-03-09,expired
1798,8,593,4026********7765,visa,gold,2023-08-17,2026-08-16,expired
1799,1391,1304,4150********5850,mastercard,platinum,2024-07-22,2027-07-22,active
1800,1087,1388,4630********9951,visa,gold,2025-12-17,2028-12-16,active
1801,1412,2616,4362********4679,visa,classic,2024-10-14,2027-10-14,blocked
1802,852,2631,4918********9442,visa,platinum,2024-07-21,2027-07-21,blocked
1803,1646,1846,4090********1478,visa,classic,2026-02-24,2029-02-23,blocked
1804,1081,940,4825********4411,mastercard,classic,2024-08-22,2027-08-22,blocked
1805,552,2789,4060********8725,visa,classic,2026-03-23,2029-03-22,active
1806,1332,1250,4280********9786,mastercard,gold,2026-02-25,2029-02-24,expired
1807,1253,905,4925********1312,visa,gold,2024-05-03,2027-05-03,active
1808,893,2544,4587********4407,visa,classic,2023-10-28,2026-10-27,active
1809,226,1280,4292********7524,visa,platinum,2025-10-27,2028-10-26,active
1810,444,2403,4801********8242,mastercard,classic,2023-08-01,2026-07-31,active
1811,1091,2960,4657********5554,visa,platinum,2024-09-14,2027-09-14,expired
1812,1758,2127,4851********3694,mastercard,platinum,2024-12-03,2027-12-03,active
1813,655,2388,4352********7643,visa,classic,2023-12-12,2026-12-11,expired
1814,1215,2043,4111********8536,visa,platinum,2023-11-09,2026-11-08,expired
1815,136,1143,4881********5924,visa,classic,2023-07-18,2026-07-17,blocked
1816,1538,2382,4840********5296,visa,platinum,2024-06-12,2027-06-12,active
1817,1199,707,4185********7776,mastercard,platinum,2024-12-03,2027-12-03,active
1818,950,2642,4580********8539,visa,platinum,2023-08-20,2026-08-19,blocked
1819,1379,1023,4462********1419,mastercard,platinum,2024-07-17,2027-07-17,expired
1820,672,746,4229********4579,mastercard,classic,2024-06-01,2027-06-01,expired
1821,99,1547,4113********1538,visa,gold,2025-11-06,2028-11-05,active
1822,1666,2358,4173********6732,visa,classic,2024-06-24,2027-06-24,blocked
1823,276,2047,4794********5045,mastercard,platinum,2024-03-14,2027-03-14,expired
1824,1763,514,4034********2332,visa,classic,2026-03-14,2029-03-13,active
1825,1473,82,4278********5454,visa,gold,2024-11-20,2027-11-20,blocked
1826,189,2662,4853********8897,visa,platinum,2024-04-30,2027-04-30,active
1827,943,1309,4546********2644,mastercard,classic,2025-07-19,2028-07-18,expired
1828,962,2496,4558********5346,visa,platinum,2025-01-28,2028-01-28,active
1829,207,915,4977********2165,mastercard,gold,2026-01-23,2029-01-22,expired
1830,1530,1405,4221********1617,visa,gold,2023-07-01,2026-06-30,expired
1831,218,1648,4093********2699,mastercard,classic,2024-03-04,2027-03-04,active
1832,1897,2761,4592********2360,visa,classic,2025-04-07,2028-04-06,active
1833,1676,1109,4671********3646,visa,classic,2024-06-08,2027-06-08,expired
1834,1902,151,4575********7835,mastercard,classic,2026-04-07,2029-04-06,blocked
1835,1164,2727,4937********9917,visa,platinum,2025-07-21,2028-07-20,active
1836,174,775,4897********1648,visa,gold,2024-12-20,2027-12-20,active
1837,944,330,4124********4286,mastercard,platinum,2024-08-10,2027-08-10,active
1838,1059,7,4309********5278,visa,classic,2025-05-27,2028-05-26,active
1839,1108,944,4326********4235,visa,gold,2024-03-19,2027-03-19,active
1840,1234,823,4712********8832,visa,gold,2025-10-04,2028-10-03,expired
1841,1233,735,4102********4365,mastercard,classic,2023-11-09,2026-11-08,active
1842,476,910,4331********8873,visa,platinum,2024-05-21,2027-05-21,active
1843,120,469,4809********9118,visa,classic,2023-11-11,2026-11-10,active
1844,1264,182,4801********2601,mastercard,classic,2025-12-06,2028-12-05,active
1845,1404,165,4310********8601,visa,classic,2025-03-22,2028-03-21,expired
1846,1237,1524,4568********2446,mastercard,classic,2023-05-05,2026-05-04,active
1847,1780,452,4135********9742,mastercard,platinum,2023-05-11,2026-05-10,active
1848,1076,491,4324********3239,mastercard,platinum,2023-09-18,2026-09-17,active
1849,404,2005,4791********4491,mastercard,gold,2023-07-21,2026-07-20,expired
1850,138,1144,4377********9042,mastercard,gold,2023-12-08,2026-12-07,blocked
1851,315,1312,4192********2175,visa,platinum,2023-11-08,2026-11-07,active
1852,1358,2243,4038********9180,mastercard,platinum,2026-01-26,2029-01-25,active
1853,1654,1112,4673********7208,visa,platinum,2025-11-13,2028-11-12,active
1854,1831,2855,4173********5087,visa,classic,2024-04-15,2027-04-15,active
1855,1025,1978,4290********1784,visa,platinum,2026-02-21,2029-02-20,active
1856,1563,1442,4084********6497,visa,gold,2024-07-07,2027-07-07,active
1857,287,1890,4420********8099,visa,gold,2024-10-29,2027-10-29,active
1858,976,1007,4416********9976,mastercard,gold,2023-08-08,2026-08-07,active
1859,51,1628,4171********6294,visa,platinum,2025-03-10,2028-03-09,blocked
1860,976,1633,4757********6109,visa,classic,2023-05-04,2026-05-03,active
1861,1887,1075,4648********6952,mastercard,gold,2024-12-14,2027-12-14,active
1862,1307,579,4956********8643,mastercard,platinum,2026-03-15,2029-03-14,expired
1863,1501,2728,4936********6880,mastercard,gold,2025-06-28,2028-06-27,expired
1864,1483,2346,4289********9301,visa,classic,2024-09-16,2027-09-16,active
1865,41,2264,4378********2736,mastercard,gold,2023-10-09,2026-10-08,blocked
1866,347,2303,4356********7584,visa,gold,2023-08-25,2026-08-24,active
1867,782,328,4796********9271,mastercard,classic,2025-03-15,2028-03-14,active
1868,1657,1791,4459********2415,mastercard,classic,2024-03-29,2027-03-29,blocked
1869,1059,443,4413********3183,mastercard,gold,2023-08-29,2026-08-28,active
1870,520,1859,4026********5243,mastercard,classic,2023-10-26,2026-10-25,blocked
1871,1458,2171,4023********1701,visa,gold,2025-08-11,2028-08-10,active
1872,709,2833,4113********4645,visa,gold,2024-06-07,2027-06-07,expired
1873,407,833,4663********7897,visa,gold,2023-09-07,2026-09-06,active
1874,978,2375,4806********9387,mastercard,classic,2024-06-06,2027-06-06,active
1875,1817,2104,4003********7747,mastercard,platinum,2025-03-14,2028-03-13,expired
1876,1457,1415,4060********5455,visa,gold,2024-01-12,2027-01-11,active
1877,690,1202,4549********3305,visa,gold,2025-06-08,2028-06-07,blocked
1878,153,2315,4172********4148,visa,classic,2026-03-28,2029-03-27,active
1879,1300,1500,4891********3643,visa,classic,2023-05-19,2026-05-18,active
1880,1210,2878,4565********3426,visa,classic,2023-08-05,2026-08-04,expired
1881,1176,87,4158********5651,visa,platinum,2025-11-26,2028-11-25,active
1882,1870,1404,4482********6353,visa,platinum,2025-05-02,2028-05-01,active
1883,1654,2927,4366********5868,visa,classic,2025-09-03,2028-09-02,active
1884,1116,1482,4094********1639,mastercard,gold,2024-08-11,2027-08-11,expired
1885,42,778,4821********2897,visa,gold,2025-02-19,2028-02-19,active
1886,327,800,4721********2891,visa,gold,2026-02-09,2029-02-08,active
1887,1748,1667,4845********6151,visa,gold,2025-02-23,2028-02-23,blocked
1888,1817,55,4949********3385,visa,platinum,2025-04-23,2028-04-22,expired
1889,7,2363,4606********3150,visa,gold,2024-09-18,2027-09-18,active
1890,1407,1288,4120********6888,mastercard,platinum,2024-02-27,2027-02-26,active
1891,117,1668,4613********8608,visa,classic,2025-09-26,2028-09-25,active
1892,1490,2587,4948********9854,visa,classic,2024-12-04,2027-12-04,active
1893,1926,2155,4916********5916,visa,platinum,2023-10-24,2026-10-23,active
1894,1543,1702,4931********6397,visa,gold,2025-06-18,2028-06-17,active
1895,447,1246,4627********6454,visa,platinum,2024-01-01,2026-12-31,active
1896,745,114,4952********5303,mastercard,gold,2025-10-29,2028-10-28,expired
1897,727,2807,4419********8440,mastercard,platinum,2023-10-15,2026-10-14,active
1898,846,988,4563********1596,visa,classic,2024-04-06,2027-04-06,expired
1899,306,502,4690********4658,visa,gold,2024-11-09,2027-11-09,active
1900,1290,2892,4774********6641,mastercard,platinum,2024-01-26,2027-01-25,active
1901,1705,1010,4689********4724,mastercard,platinum,2024-06-05,2027-06-05,expired
1902,545,1199,4791********2890,visa,classic,2024-08-09,2027-08-09,active
1903,1572,1395,4843********8284,mastercard,classic,2025-09-17,2028-09-16,blocked
1904,1171,590,4610********1225,mastercard,gold,2023-12-14,2026-12-13,expired
1905,1750,769,4330********6643,mastercard,gold,2025-04-21,2028-04-20,expired
1906,565,18,4585********6014,visa,platinum,2024-11-08,2027-11-08,active
1907,1617,1043,4191********1010,mastercard,platinum,2024-06-24,2027-06-24,blocked
1908,1748,1448,4580********1800,mastercard,gold,2024-08-28,2027-08-28,active
1909,772,2464,4532********9900,mastercard,classic,2025-01-21,2028-01-21,blocked
1910,997,286,4068********1794,mastercard,gold,2023-07-09,2026-07-08,blocked
1911,1975,2639,4470********4941,visa,gold,2025-07-20,2028-07-19,active
1912,1410,429,4380********8275,visa,classic,2025-02-20,2028-02-20,blocked
1913,372,1329,4325********3357,mastercard,gold,2025-11-09,2028-11-08,active
1914,1453,1949,4948********4648,mastercard,platinum,2024-04-04,2027-04-04,expired
1915,1963,670,4070********5896,visa,classic,2024-04-11,2027-04-11,active
1916,1130,32,4225********1335,mastercard,classic,2023-08-12,2026-08-11,blocked
1917,787,1342,4740********7528,visa,platinum,2025-09-06,2028-09-05,expired
1918,447,723,4869********7517,mastercard,gold,2024-08-04,2027-08-04,active
1919,287,952,4470********9173,visa,gold,2025-05-27,2028-05-26,active
1920,433,1915,4544********5620,visa,classic,2025-09-09,2028-09-08,active
1921,1360,2294,4922********5104,visa,classic,2024-03-28,2027-03-28,active
1922,500,215,4524********1078,visa,gold,2025-03-31,2028-03-30,active
1923,1541,990,4465********3064,mastercard,classic,2026-01-15,2029-01-14,active
1924,1982,1165,4350********5040,mastercard,platinum,2023-08-28,2026-08-27,active
1925,943,2793,4335********9758,mastercard,gold,2025-03-17,2028-03-16,blocked
1926,1529,2006,4288********1471,mastercard,classic,2024-03-06,2027-03-06,blocked
1927,1113,327,4576********7206,visa,classic,2024-02-11,2027-02-10,active
1928,371,561,4168********7044,mastercard,classic,2023-09-20,2026-09-19,active
1929,724,1384,4781********4488,visa,platinum,2026-03-11,2029-03-10,active
1930,580,1725,4635********6536,mastercard,gold,2024-02-01,2027-01-31,active
1931,1238,1087,4953********4641,visa,gold,2024-06-06,2027-06-06,expired
1932,254,2684,4943********3282,mastercard,classic,2026-02-24,2029-02-23,active
1933,1827,342,4286********1331,visa,platinum,2025-01-18,2028-01-18,blocked
1934,1306,1654,4401********4011,visa,gold,2023-11-28,2026-11-27,active
1935,1053,148,4101********8952,mastercard,classic,2025-09-07,2028-09-06,expired
1936,1945,2340,4142********3146,visa,gold,2024-04-28,2027-04-28,active
1937,1907,2413,4417********8602,visa,classic,2023-08-02,2026-08-01,active
1938,1773,1108,4700********4944,visa,gold,2026-01-31,2029-01-30,blocked
1939,695,849,4618********4439,mastercard,classic,2024-12-12,2027-12-12,blocked
1940,581,967,4226********3067,mastercard,classic,2025-06-12,2028-06-11,active
1941,367,1073,4124********4778,visa,platinum,2023-11-19,2026-11-18,active
1942,1399,2465,4309********9710,mastercard,classic,2025-10-12,2028-10-11,active
1943,1403,1906,4154********1738,mastercard,classic,2025-12-06,2028-12-05,expired
1944,739,156,4049********2740,visa,platinum,2025-01-28,2028-01-28,active
1945,130,666,4216********7122,visa,gold,2025-09-09,2028-09-08,expired
1946,1453,662,4498********2388,visa,classic,2023-05-17,2026-05-16,active
1947,1140,1003,4661********1355,visa,platinum,2025-07-06,2028-07-05,expired
1948,1675,2342,4663********6596,mastercard,classic,2024-02-13,2027-02-12,blocked
1949,1279,2517,4149********4018,mastercard,gold,2024-08-30,2027-08-30,active
1950,1388,177,4716********9064,visa,platinum,2026-03-23,2029-03-22,active
1951,527,2655,4362********6064,visa,platinum,2024-09-17,2027-09-17,blocked
1952,588,1880,4593********3336,visa,classic,2026-02-14,2029-02-13,active
1953,369,1525,4812********6638,visa,classic,2023-10-08,2026-10-07,active
1954,646,2818,4084********7308,mastercard,gold,2023-05-19,2026-05-18,expired
1955,1998,1204,4786********2236,mastercard,gold,2025-12-03,2028-12-02,blocked
1956,766,25,4296********8226,mastercard,classic,2024-10-19,2027-10-19,blocked
1957,596,2811,4013********2937,mastercard,gold,2024-09-04,2027-09-04,active
1958,174,2810,4693********2710,visa,platinum,2026-03-19,2029-03-18,blocked
1959,1871,2078,4997********9174,mastercard,gold,2024-03-13,2027-03-13,blocked
1960,1388,2300,4348********1957,mastercard,classic,2026-04-13,2029-04-12,blocked
1961,550,876,4663********7849,visa,classic,2026-02-25,2029-02-24,active
1962,1576,2900,4802********3623,visa,platinum,2025-05-11,2028-05-10,active
1963,1522,939,4488********9969,visa,gold,2025-09-09,2028-09-08,active
1964,1081,2698,4816********1980,visa,classic,2026-01-28,2029-01-27,active
1965,607,1553,4070********2865,mastercard,gold,2023-06-19,2026-06-18,expired
1966,921,347,4696********8238,visa,gold,2024-10-18,2027-10-18,blocked
1967,522,2508,4647********8005,visa,gold,2024-12-06,2027-12-06,active
1968,1798,2972,4138********3476,visa,platinum,2026-03-04,2029-03-03,blocked
1969,1571,2038,4126********9833,mastercard,platinum,2024-01-06,2027-01-05,active
1970,1942,1927,4073********3261,mastercard,platinum,2023-08-21,2026-08-20,expired
1971,1430,386,4737********5660,mastercard,gold,2026-03-28,2029-03-27,active
1972,762,1830,4933********9158,visa,classic,2024-11-18,2027-11-18,active
1973,660,2162,4866********3494,mastercard,classic,2024-08-28,2027-08-28,active
1974,1128,2509,4041********1473,visa,gold,2024-05-03,2027-05-03,active
1975,131,2197,4791********5024,visa,classic,2024-02-13,2027-02-12,active
1976,187,244,4212********3346,mastercard,gold,2024-05-25,2027-05-25,active
1977,1157,2087,4613********9228,mastercard,gold,2026-01-16,2029-01-15,expired
1978,1283,1827,4213********3077,mastercard,platinum,2024-06-24,2027-06-24,active
1979,1461,937,4105********9042,visa,platinum,2026-01-02,2029-01-01,blocked
1980,1130,1690,4422********6611,visa,gold,2025-04-02,2028-04-01,active
1981,1690,2581,4941********9581,visa,classic,2025-05-21,2028-05-20,active
1982,1409,313,4100********5502,visa,gold,2026-03-18,2029-03-17,active
1983,860,1460,4167********8011,mastercard,gold,2023-08-22,2026-08-21,active
1984,1764,2926,4441********8292,visa,gold,2024-11-09,2027-11-09,active
1985,1509,2108,4824********3367,mastercard,classic,2024-11-18,2027-11-18,active
1986,689,1333,4323********6659,visa,classic,2025-08-17,2028-08-16,blocked
1987,986,969,4972********6987,mastercard,gold,2025-10-20,2028-10-19,blocked
1988,1312,1455,4628********8688,mastercard,gold,2025-02-13,2028-02-13,expired
1989,749,661,4451********9377,mastercard,platinum,2024-01-24,2027-01-23,blocked
1990,1011,1935,4163********3698,mastercard,platinum,2024-12-28,2027-12-28,active
1991,1890,936,4725********7022,visa,classic,2025-04-03,2028-04-02,active
1992,1970,371,4416********3262,mastercard,classic,2023-09-16,2026-09-15,blocked
1993,778,567,4592********3123,mastercard,gold,2025-07-03,2028-07-02,blocked
1994,1048,1974,4546********6469,visa,classic,2026-01-20,2029-01-19,active
1995,749,1855,4887********7909,visa,gold,2025-04-05,2028-04-04,blocked
1996,1015,1025,4728********9064,visa,platinum,2023-08-24,2026-08-23,active
1997,1313,825,4757********6235,visa,platinum,2025-09-22,2028-09-21,blocked
1998,1761,983,4598********4530,mastercard,platinum,2024-05-26,2027-05-26,active
1999,950,2673,4887********3268,visa,classic,2025-12-19,2028-12-18,expired
2000,515,2957,4112********5934,mastercard,platinum,2025-09-01,2028-08-31,active
2001,1957,1646,4922********1071,visa,classic,2024-01-17,2027-01-16,active
2002,1264,2583,4299********9084,mastercard,platinum,2024-01-19,2027-01-18,active
2003,1099,2246,4293********6650,mastercard,platinum,2023-08-18,2026-08-17,expired
2004,712,2119,4474********3243,mastercard,classic,2026-01-24,2029-01-23,expired
2005,1724,814,4298********1850,mastercard,classic,2024-09-22,2027-09-22,active
2006,917,1793,4235********9678,visa,classic,2025-01-05,2028-01-05,active
2007,331,1431,4463********3359,visa,classic,2024-11-29,2027-11-29,blocked
2008,1169,779,4660********3556,visa,platinum,2023-10-01,2026-09-30,active
2009,93,1750,4324********2049,mastercard,gold,2026-03-28,2029-03-27,blocked
2010,1539,1321,4784********8295,visa,gold,2026-01-11,2029-01-10,active
2011,1413,2400,4416********4599,visa,platinum,2026-01-11,2029-01-10,blocked
2012,1151,2872,4205********1071,visa,classic,2023-08-11,2026-08-10,active
2013,1973,1053,4904********3482,visa,classic,2024-09-16,2027-09-16,expired
2014,975,2322,4299********9247,mastercard,classic,2025-12-20,2028-12-19,blocked
2015,185,1014,4836********5147,visa,classic,2025-03-04,2028-03-03,active
2016,82,1929,4433********8395,mastercard,classic,2023-06-18,2026-06-17,expired
2017,1887,1402,4170********9851,mastercard,gold,2025-09-14,2028-09-13,active
2018,945,1823,4714********4388,mastercard,classic,2026-02-13,2029-02-12,active
2019,1137,2248,4655********5148,mastercard,gold,2026-01-12,2029-01-11,expired
2020,1943,2494,4136********1393,mastercard,gold,2024-09-16,2027-09-16,active
2021,1398,2592,4581********1851,visa,classic,2025-05-13,2028-05-12,active
2022,1347,127,4267********7055,visa,platinum,2025-02-07,2028-02-07,active
2023,333,2092,4383********1817,visa,classic,2024-01-06,2027-01-05,active
2024,1515,2135,4920********6436,mastercard,gold,2023-12-28,2026-12-27,active
2025,1203,888,4486********6652,visa,platinum,2025-08-10,2028-08-09,active
2026,1767,2457,4221********9583,visa,gold,2025-02-19,2028-02-19,active
2027,1290,1348,4653********2116,visa,gold,2025-09-22,2028-09-21,active
2028,1834,1008,4278********4964,visa,gold,2025-05-19,2028-05-18,blocked
2029,1278,356,4394********9338,mastercard,classic,2025-07-06,2028-07-05,active
2030,652,1004,4853********6409,visa,platinum,2026-01-24,2029-01-23,active
2031,1592,1484,4281********9438,visa,gold,2025-12-26,2028-12-25,active
2032,903,683,4469********6238,mastercard,platinum,2025-03-24,2028-03-23,active
2033,1924,828,4201********1689,visa,classic,2026-01-06,2029-01-05,blocked
2034,1150,2851,4528********6206,mastercard,gold,2023-12-16,2026-12-15,blocked
2035,528,2205,4112********8979,mastercard,platinum,2024-01-22,2027-01-21,active
2036,1211,2692,4036********2494,visa,classic,2023-11-10,2026-11-09,blocked
2037,1574,985,4809********2682,mastercard,platinum,2024-06-13,2027-06-13,expired
2038,656,1234,4710********4345,mastercard,platinum,2025-05-28,2028-05-27,active
2039,1765,2554,4446********2530,visa,gold,2023-06-22,2026-06-21,expired
2040,715,1640,4950********7377,mastercard,platinum,2024-03-30,2027-03-30,blocked
2041,1262,141,4115********2395,mastercard,gold,2024-04-30,2027-04-30,blocked
2042,1986,218,4364********9541,visa,platinum,2023-07-13,2026-07-12,active
2043,1436,2466,4163********7780,visa,gold,2023-06-06,2026-06-05,active
2044,1346,363,4736********6256,visa,gold,2025-01-20,2028-01-20,expired
2045,1070,2665,4212********7142,visa,gold,2024-06-29,2027-06-29,active
2046,1777,346,4659********9832,visa,platinum,2023-09-06,2026-09-05,active
2047,1300,2059,4432********6360,mastercard,platinum,2026-03-14,2029-03-13,active
2048,1493,23,4558********7055,visa,gold,2024-12-01,2027-12-01,active
2049,1159,712,4253********9342,visa,gold,2025-10-26,2028-10-25,active
2050,1709,2950,4397********7556,visa,classic,2024-02-18,2027-02-17,blocked
2051,655,11,4927********8896,mastercard,platinum,2024-03-11,2027-03-11,active
2052,886,2417,4068********6410,mastercard,gold,2024-10-15,2027-10-15,blocked
2053,639,1835,4561********8944,visa,classic,2025-09-27,2028-09-26,active
2054,948,794,4006********3484,mastercard,classic,2024-10-30,2027-10-30,active
2055,1061,2766,4922********8569,visa,gold,2025-04-12,2028-04-11,blocked
2056,557,95,4440********4636,mastercard,gold,2025-09-27,2028-09-26,active
2057,846,130,4653********7078,visa,classic,2023-05-22,2026-05-21,active
2058,1949,1901,4128********9484,mastercard,gold,2024-01-18,2027-01-17,blocked
2059,1795,2410,4109********4908,visa,platinum,2026-01-06,2029-01-05,blocked
2060,229,1933,4837********4120,visa,platinum,2024-07-26,2027-07-26,expired
2061,1316,2670,4946********8731,visa,platinum,2023-05-09,2026-05-08,active
2062,1115,1866,4654********8482,visa,platinum,2024-10-08,2027-10-08,active
2063,380,1659,4972********8926,mastercard,gold,2024-09-08,2027-09-08,blocked
2064,831,517,4941********2899,visa,platinum,2024-01-26,2027-01-25,active
2065,12,1858,4143********6227,visa,platinum,2025-03-18,2028-03-17,blocked
2066,336,1278,4668********9256,mastercard,classic,2026-01-23,2029-01-22,active
2067,1220,951,4798********2007,visa,gold,2025-09-03,2028-09-02,active
2068,1548,1121,4149********2199,visa,classic,2024-08-14,2027-08-14,active
2069,284,420,4144********4169,mastercard,platinum,2024-05-11,2027-05-11,active
2070,1758,923,4500********4548,visa,gold,2024-06-14,2027-06-14,blocked
2071,1648,2729,4869********8324,mastercard,classic,2024-01-31,2027-01-30,expired
2072,615,478,4854********7999,visa,platinum,2025-07-29,2028-07-28,expired
2073,806,2036,4596********8778,visa,gold,2025-05-19,2028-05-18,active
2074,608,2178,4726********8118,mastercard,gold,2024-03-31,2027-03-31,blocked
2075,1868,1693,4788********8458,mastercard,gold,2024-04-29,2027-04-29,active
2076,1914,2213,4621********7187,visa,classic,2025-01-13,2028-01-13,active
2077,1951,1472,4797********5358,visa,classic,2024-01-18,2027-01-17,expired
2078,491,1203,4730********7007,visa,classic,2024-11-26,2027-11-26,active
2079,535,1670,4967********3267,mastercard,platinum,2024-10-26,2027-10-26,active
2080,1362,2775,4200********8518,visa,platinum,2025-01-04,2028-01-04,active
2081,1031,1971,4130********2445,visa,gold,2024-03-25,2027-03-25,active
2082,1510,821,4638********1217,mastercard,classic,2024-12-12,2027-12-12,active
2083,621,1998,4709********5661,mastercard,platinum,2023-04-28,2026-04-27,active
2084,1155,2869,4431********1820,visa,gold,2023-11-03,2026-11-02,blocked
2085,729,1249,4807********2872,visa,gold,2023-05-09,2026-05-08,active
2086,1373,2873,4763********2575,visa,classic,2025-02-22,2028-02-22,blocked
2087,1094,2650,4725********3480,mastercard,classic,2024-07-28,2027-07-28,active
2088,1813,1047,4516********1535,visa,gold,2024-06-23,2027-06-23,active
2089,1889,1889,4573********4423,mastercard,gold,2023-11-29,2026-11-28,active
2090,290,616,4612********8466,visa,classic,2025-06-07,2028-06-06,active
2091,1365,1319,4295********9316,visa,gold,2024-10-19,2027-10-19,blocked
2092,61,2885,4915********2462,visa,classic,2025-04-21,2028-04-20,active
2093,1749,2461,4584********7601,mastercard,platinum,2025-05-15,2028-05-14,active
2094,206,1773,4837********5131,mastercard,classic,2025-02-26,2028-02-26,expired
2095,817,2952,4946********7769,mastercard,gold,2025-01-01,2028-01-01,active
2096,446,132,4831********3552,visa,classic,2023-09-15,2026-09-14,active
2097,910,78,4965********9107,visa,platinum,2025-04-27,2028-04-26,blocked
2098,960,2053,4433********6977,visa,platinum,2024-09-23,2027-09-23,active
2099,1090,725,4317********7436,mastercard,gold,2023-09-09,2026-09-08,expired
2100,552,1315,4923********3727,mastercard,platinum,2023-12-15,2026-12-14,active
2101,1708,1852,4297********1042,visa,classic,2024-03-17,2027-03-17,active
2102,904,2297,4021********9947,mastercard,platinum,2025-04-14,2028-04-13,active
2103,922,2487,4088********5983,mastercard,classic,2025-12-27,2028-12-26,active
2104,874,1373,4088********1394,mastercard,gold,2023-10-07,2026-10-06,active
2105,1264,1856,4843********3346,mastercard,classic,2025-05-19,2028-05-18,blocked
2106,863,1320,4977********4324,visa,platinum,2024-03-03,2027-03-03,active
2107,36,2875,4240********6247,mastercard,platinum,2026-01-26,2029-01-25,active
2108,1467,2172,4390********4289,visa,classic,2025-03-20,2028-03-19,active
2109,729,376,4058********1617,visa,platinum,2024-09-19,2027-09-19,expired
2110,1878,1909,4602********4846,visa,platinum,2024-01-12,2027-01-11,blocked
2111,107,334,4533********2867,visa,gold,2024-04-30,2027-04-30,expired
2112,1913,2252,4990********1734,visa,platinum,2024-06-26,2027-06-26,active
2113,1472,2737,4343********5565,visa,gold,2025-02-23,2028-02-23,expired
2114,1502,1605,4901********3944,visa,platinum,2024-07-22,2027-07-22,active
2115,1366,1119,4050********5300,visa,platinum,2024-06-06,2027-06-06,blocked
2116,1224,2829,4427********7958,visa,classic,2024-05-17,2027-05-17,blocked
2117,1916,1944,4403********3791,visa,platinum,2026-02-15,2029-02-14,active
2118,8,2262,4143********3246,mastercard,platinum,2023-07-03,2026-07-02,active
2119,1559,2550,4357********5965,mastercard,platinum,2025-03-27,2028-03-26,active
2120,85,1343,4787********8503,visa,gold,2023-08-14,2026-08-13,active
2121,558,321,4075********2446,visa,gold,2025-03-04,2028-03-03,expired
2122,554,1620,4969********4474,visa,classic,2024-06-12,2027-06-12,expired
2123,1260,2448,4443********9146,visa,platinum,2025-08-27,2028-08-26,blocked
2124,1744,2061,4633********9254,mastercard,classic,2023-12-31,2026-12-30,active
2125,1130,1674,4571********3044,mastercard,classic,2023-09-09,2026-09-08,blocked
2126,1637,1943,4620********4813,mastercard,gold,2024-06-24,2027-06-24,active
2127,784,261,4663********1471,visa,gold,2026-02-10,2029-02-09,blocked
2128,1876,2355,4437********8846,visa,platinum,2023-07-28,2026-07-27,blocked
2129,660,2040,4490********7522,visa,platinum,2026-03-09,2029-03-08,expired
2130,1412,690,4555********4551,mastercard,classic,2025-03-05,2028-03-04,blocked
2131,684,902,4557********9617,mastercard,classic,2024-02-25,2027-02-24,active
2132,1307,2027,4746********7496,visa,gold,2023-08-15,2026-08-14,blocked
2133,1400,139,4176********3603,visa,gold,2023-09-02,2026-09-01,blocked
2134,335,1918,4445********8272,visa,platinum,2023-10-06,2026-10-05,active
2135,1889,1829,4458********7505,visa,gold,2025-08-24,2028-08-23,active
2136,422,1574,4173********4068,visa,gold,2024-04-27,2027-04-27,active
2137,280,320,4594********4962,mastercard,platinum,2023-10-31,2026-10-30,expired
2138,950,654,4108********3221,mastercard,gold,2024-04-13,2027-04-13,expired
2139,476,2138,4488********8868,mastercard,classic,2024-03-22,2027-03-22,blocked
2140,382,2323,4330********9126,mastercard,gold,2023-08-30,2026-08-29,active
2141,1864,559,4562********4079,mastercard,platinum,2024-05-09,2027-05-09,expired
2142,624,113,4025********6195,visa,classic,2023-12-07,2026-12-06,active
2143,828,532,4127********8222,visa,gold,2024-03-25,2027-03-25,active
2144,198,225,4494********4087,visa,classic,2025-03-17,2028-03-16,expired
2145,1838,724,4980********6775,mastercard,gold,2025-03-21,2028-03-20,active
2146,519,2429,4547********9730,mastercard,classic,2025-11-15,2028-11-14,active
2147,109,2571,4861********6052,mastercard,classic,2025-02-14,2028-02-14,active
2148,1609,1434,4893********6915,visa,classic,2023-08-19,2026-08-18,expired
2149,1824,2330,4188********5290,mastercard,platinum,2024-11-17,2027-11-17,active
2150,830,1459,4535********8327,mastercard,gold,2024-11-20,2027-11-20,blocked
2151,263,2702,4050********4816,visa,classic,2024-05-11,2027-05-11,expired
2152,620,847,4200********1295,visa,classic,2023-10-28,2026-10-27,active
2153,155,194,4348********1216,visa,platinum,2025-08-18,2028-08-17,expired
2154,1604,1465,4400********1591,mastercard,gold,2023-04-25,2026-04-24,active
2155,866,947,4585********1376,mastercard,platinum,2025-03-10,2028-03-09,expired
2156,582,2022,4352********3445,visa,classic,2025-06-13,2028-06-12,active
2157,1683,1630,4871********4097,mastercard,platinum,2025-02-19,2028-02-19,active
2158,1070,118,4840********2950,visa,gold,2025-03-08,2028-03-07,active
2159,1788,646,4907********1685,visa,gold,2024-06-28,2027-06-28,active
2160,909,1871,4020********3229,mastercard,classic,2023-06-22,2026-06-21,blocked
2161,1134,4,4666********7938,visa,gold,2024-10-06,2027-10-06,expired
2162,1333,75,4462********6955,visa,gold,2025-01-09,2028-01-09,active
2163,199,1756,4025********6351,mastercard,platinum,2024-01-30,2027-01-29,active
2164,1080,468,4826********5539,mastercard,gold,2025-08-11,2028-08-10,expired
2165,162,6,4376********7684,mastercard,gold,2023-12-14,2026-12-13,active
2166,1487,1247,4737********7232,mastercard,classic,2025-08-12,2028-08-11,active
2167,1798,920,4661********5979,mastercard,gold,2023-04-30,2026-04-29,active
2168,1792,229,4260********6411,visa,gold,2023-08-08,2026-08-07,blocked
2169,492,1064,4671********8030,mastercard,gold,2024-10-07,2027-10-07,expired
2170,1402,243,4203********5385,visa,gold,2023-11-07,2026-11-06,expired
2171,788,2280,4759********4746,mastercard,platinum,2023-12-03,2026-12-02,expired
2172,1300,1161,4967********8028,visa,gold,2024-11-02,2027-11-02,blocked
2173,1736,2514,4221********8113,mastercard,gold,2023-05-27,2026-05-26,expired
2174,644,1527,4320********4937,visa,classic,2024-05-12,2027-05-12,blocked
2175,449,1606,4484********6978,mastercard,classic,2023-08-24,2026-08-23,expired
2176,891,2785,4922********5763,visa,classic,2024-03-16,2027-03-16,blocked
2177,1663,2667,4789********4578,mastercard,gold,2025-08-19,2028-08-18,active
2178,697,2666,4892********8055,mastercard,platinum,2024-04-29,2027-04-29,active
2179,1453,1990,4364********1389,mastercard,gold,2024-08-29,2027-08-29,active
2180,339,2610,4369********1522,visa,platinum,2024-07-25,2027-07-25,active
2181,1832,1976,4410********8593,visa,platinum,2026-03-21,2029-03-20,active
2182,347,1762,4052********8501,visa,gold,2023-08-24,2026-08-23,active
2183,1293,1306,4939********4213,visa,platinum,2024-01-14,2027-01-13,blocked
2184,1739,1542,4457********4723,mastercard,classic,2023-06-28,2026-06-27,expired
2185,1417,623,4322********5417,mastercard,platinum,2023-10-18,2026-10-17,active
2186,233,2314,4247********1468,visa,gold,2023-04-26,2026-04-25,active
2187,356,1494,4343********6753,visa,gold,2024-10-07,2027-10-07,active
2188,1339,111,4692********3173,visa,gold,2025-05-06,2028-05-05,active
2189,1260,2488,4023********4030,visa,gold,2024-12-25,2027-12-25,active
2190,360,1170,4351********4718,visa,classic,2024-04-06,2027-04-06,blocked
2191,225,2462,4610********5338,visa,classic,2025-05-16,2028-05-15,blocked
2192,528,233,4635********6416,visa,classic,2025-03-11,2028-03-10,active
2193,37,67,4114********3330,visa,platinum,2024-04-10,2027-04-10,active
2194,1328,2708,4589********1478,mastercard,classic,2025-05-25,2028-05-24,blocked
2195,335,2073,4366********4025,mastercard,gold,2023-12-08,2026-12-07,active
2196,441,2193,4564********8112,mastercard,classic,2023-07-02,2026-07-01,active
2197,1138,537,4113********1837,mastercard,gold,2024-02-01,2027-01-31,active
2198,1185,126,4541********4152,mastercard,gold,2024-07-13,2027-07-13,active
2199,464,2134,4350********2314,mastercard,platinum,2024-01-22,2027-01-21,blocked
2200,24,1255,4041********2324,visa,gold,2025-05-29,2028-05-28,active
2201,462,2485,4080********8809,mastercard,gold,2025-11-22,2028-11-21,active
2202,1401,1977,4320********4603,mastercard,platinum,2024-03-04,2027-03-04,active
2203,988,2463,4945********7846,visa,gold,2026-04-05,2029-04-04,active
2204,1227,2489,4556********2763,mastercard,gold,2024-01-15,2027-01-14,active
2205,101,2076,4253********8246,mastercard,gold,2024-12-14,2027-12-14,active
2206,1098,485,4863********3300,visa,platinum,2025-11-29,2028-11-28,active
2207,897,1655,4850********8792,mastercard,gold,2023-07-08,2026-07-07,active
2208,872,2677,4779********7969,mastercard,classic,2025-01-21,2028-01-21,active
2209,383,2551,4771********7951,visa,platinum,2024-11-22,2027-11-22,active
2210,1263,2406,4538********2941,mastercard,gold,2025-06-17,2028-06-16,active
2211,281,1775,4014********1970,mastercard,platinum,2025-10-29,2028-10-28,active
2212,997,919,4085********8069,visa,classic,2024-07-25,2027-07-25,active
2213,93,1647,4945********6505,visa,gold,2023-06-17,2026-06-16,blocked
2214,399,1027,4963********1971,mastercard,gold,2026-02-20,2029-02-19,active
2215,513,1031,4729********6405,visa,classic,2025-05-26,2028-05-25,blocked
2216,98,883,4451********4728,visa,classic,2026-04-03,2029-04-02,active
2217,84,1336,4287********4754,visa,gold,2024-02-06,2027-02-05,expired
2218,918,2223,4352********2481,mastercard,platinum,2024-06-02,2027-06-02,active
2219,1382,365,4058********3379,mastercard,platinum,2025-09-23,2028-09-22,active
2220,1727,2126,4410********5878,mastercard,classic,2026-02-07,2029-02-06,active
2221,119,28,4566********3878,visa,classic,2025-12-21,2028-12-20,active
2222,1452,474,4261********3171,mastercard,gold,2023-06-01,2026-05-31,active
2223,1013,526,4452********7202,mastercard,classic,2024-05-09,2027-05-09,expired
2224,944,726,4624********2047,visa,platinum,2023-11-13,2026-11-12,active
2225,1744,56,4299********1397,mastercard,platinum,2025-01-01,2028-01-01,active
2226,938,639,4198********2393,visa,platinum,2023-12-04,2026-12-03,active
2227,538,303,4254********8141,mastercard,classic,2024-08-30,2027-08-30,active
2228,1405,2609,4907********1624,visa,platinum,2025-01-01,2028-01-01,expired
2229,763,1277,4495********8924,visa,platinum,2024-10-30,2027-10-30,active
2230,433,2636,4328********1258,mastercard,classic,2023-12-27,2026-12-26,expired
2231,858,625,4117********8662,visa,gold,2025-10-06,2028-10-05,active
2232,99,2056,4828********2052,mastercard,classic,2024-07-14,2027-07-14,active
2233,183,1281,4521********2827,mastercard,classic,2023-08-31,2026-08-30,expired
2234,1711,1050,4085********1877,mastercard,classic,2026-04-09,2029-04-08,expired
2235,1605,337,4159********3567,visa,platinum,2025-02-06,2028-02-06,expired
2236,1509,48,4252********7505,visa,gold,2025-01-17,2028-01-17,blocked
2237,1007,107,4223********8544,mastercard,gold,2026-03-27,2029-03-26,active
2238,1273,1080,4791********1440,mastercard,classic,2025-07-06,2028-07-05,expired
2239,209,1145,4526********8392,mastercard,classic,2025-05-25,2028-05-24,blocked
2240,221,2441,4658********5784,mastercard,platinum,2023-07-03,2026-07-02,expired
2241,321,1837,4860********2326,mastercard,classic,2024-09-16,2027-09-16,active
2242,1215,1754,4260********5491,mastercard,classic,2024-04-22,2027-04-22,active
2243,352,1102,4828********3909,visa,classic,2024-12-22,2027-12-22,blocked
2244,1189,1969,4760********9531,visa,platinum,2023-08-03,2026-08-02,blocked
2245,200,524,4568********1560,visa,platinum,2024-03-11,2027-03-11,active
2246,835,1429,4653********6672,visa,classic,2023-09-11,2026-09-10,expired
2247,966,2608,4323********9241,mastercard,gold,2025-06-15,2028-06-14,blocked
2248,1094,604,4048********4895,visa,gold,2023-12-19,2026-12-18,active
2249,1619,1490,4619********4370,mastercard,gold,2025-09-30,2028-09-29,blocked
2250,578,2352,4695********6701,mastercard,platinum,2026-01-11,2029-01-10,active
2251,166,61,4549********3395,visa,gold,2025-04-22,2028-04-21,expired
2252,1356,2750,4517********2577,visa,classic,2024-04-02,2027-04-02,active
2253,47,672,4850********3165,mastercard,classic,2023-06-15,2026-06-14,active
2254,733,93,4049********6137,visa,classic,2023-12-17,2026-12-16,active
2255,1699,667,4287********7148,visa,classic,2025-03-17,2028-03-16,expired
2256,1052,1888,4317********3616,visa,classic,2023-10-24,2026-10-23,active
2257,369,281,4240********9772,visa,gold,2025-12-15,2028-12-14,active
2258,1950,1720,4177********1516,visa,platinum,2026-02-02,2029-02-01,active
2259,1264,360,4902********7336,visa,platinum,2025-10-23,2028-10-22,blocked
2260,1439,900,4227********7804,visa,classic,2025-08-28,2028-08-27,expired
2261,1265,1936,4578********2408,mastercard,classic,2024-03-24,2027-03-24,blocked
2262,1299,1995,4614********1206,mastercard,platinum,2024-06-30,2027-06-30,expired
2263,1376,2313,4606********6017,mastercard,gold,2026-01-20,2029-01-19,blocked
2264,1540,761,4188********1756,visa,classic,2026-02-20,2029-02-19,active
2265,1677,2159,4132********2323,mastercard,platinum,2024-09-30,2027-09-30,active
2266,656,2623,4799********1825,mastercard,classic,2025-01-04,2028-01-04,blocked
2267,131,43,4116********8105,visa,gold,2026-03-02,2029-03-01,expired
2268,1168,2174,4373********1451,mastercard,classic,2023-07-25,2026-07-24,active
2269,96,205,4221********8516,visa,platinum,2024-05-10,2027-05-10,active
2270,1678,1474,4082********2804,visa,platinum,2025-07-08,2028-07-07,active
2271,1468,2101,4817********5979,mastercard,gold,2023-12-31,2026-12-30,active
2272,1206,69,4430********8743,visa,platinum,2023-06-21,2026-06-20,blocked
2273,1211,1876,4352********6544,mastercard,classic,2025-06-01,2028-05-31,expired
2274,311,2380,4190********8430,mastercard,gold,2025-06-09,2028-06-08,active
2275,440,2232,4241********8195,mastercard,platinum,2025-07-08,2028-07-07,active
2276,1373,138,4704********9208,mastercard,classic,2024-08-30,2027-08-30,blocked
2277,1407,797,4246********6806,mastercard,classic,2025-11-06,2028-11-05,active
2278,1848,2181,4759********7581,mastercard,gold,2024-09-05,2027-09-05,expired
2279,279,2129,4224********1413,mastercard,gold,2025-10-23,2028-10-22,blocked
2280,55,759,4212********8516,visa,classic,2026-04-04,2029-04-03,expired
2281,931,542,4866********9597,mastercard,platinum,2026-01-12,2029-01-11,active
2282,467,1020,4842********1762,visa,platinum,2024-12-25,2027-12-25,active
2283,1277,2289,4222********5729,mastercard,classic,2024-10-28,2027-10-28,active
2284,1673,166,4304********7405,mastercard,classic,2025-12-10,2028-12-09,blocked
2285,399,249,4434********4355,visa,classic,2023-08-10,2026-08-09,active
2286,105,1332,4974********2809,visa,gold,2024-11-04,2027-11-04,blocked
2287,20,2018,4797********2585,mastercard,classic,2024-07-24,2027-07-24,active
2288,932,447,4383********4040,mastercard,platinum,2025-12-27,2028-12-26,active
2289,304,1359,4115********7500,mastercard,classic,2025-02-27,2028-02-27,blocked
2290,1041,2146,4268********8851,visa,gold,2025-08-27,2028-08-26,blocked
2291,247,1330,4320********7178,mastercard,platinum,2025-02-25,2028-02-25,expired
2292,98,2911,4924********8914,visa,classic,2025-12-27,2028-12-26,blocked
2293,1210,2151,4564********4790,visa,classic,2024-08-12,2027-08-12,active
2294,506,435,4554********4602,mastercard,platinum,2023-12-20,2026-12-19,expired
2295,1762,2123,4942********4732,mastercard,platinum,2024-03-17,2027-03-17,active
2296,1269,578,4706********2290,mastercard,platinum,2025-07-21,2028-07-20,active
2297,557,2985,4764********3375,visa,platinum,2025-02-02,2028-02-02,active
2298,975,2742,4494********1944,mastercard,gold,2025-04-19,2028-04-18,expired
2299,1025,1849,4228********5590,visa,classic,2025-09-26,2028-09-25,active
2300,1658,763,4051********7178,visa,platinum,2023-11-11,2026-11-10,active
2301,1171,389,4083********9900,mastercard,classic,2023-09-13,2026-09-12,active
2302,1335,236,4525********3570,mastercard,gold,2023-12-04,2026-12-03,active
2303,169,2606,4531********4155,visa,classic,2024-04-03,2027-04-03,expired
2304,1468,1985,4116********8312,mastercard,platinum,2023-09-02,2026-09-01,active
2305,470,268,4868********8871,mastercard,platinum,2024-03-19,2027-03-19,blocked
2306,126,771,4538********9530,mastercard,platinum,2026-03-11,2029-03-10,blocked
2307,1310,2166,4915********5667,mastercard,platinum,2023-08-06,2026-08-05,expired
2308,224,438,4058********6172,visa,classic,2025-10-19,2028-10-18,active
2309,388,674,4502********3035,visa,gold,2024-02-01,2027-01-31,expired
2310,348,250,4874********7704,mastercard,gold,2024-07-23,2027-07-23,active
2311,364,2202,4529********2555,visa,classic,2025-03-16,2028-03-15,blocked
2312,1222,1575,4078********9069,visa,platinum,2024-01-13,2027-01-12,active
2313,1772,2143,4416********4985,visa,gold,2024-11-28,2027-11-28,active
2314,34,2082,4848********2542,visa,platinum,2026-02-09,2029-02-08,blocked
2315,628,2618,4978********7005,mastercard,gold,2026-03-10,2029-03-09,active
2316,957,2904,4762********7789,visa,gold,2025-06-27,2028-06-26,expired
2317,429,2740,4312********7725,visa,gold,2023-12-27,2026-12-26,expired
2318,744,449,4519********2163,visa,platinum,2023-07-12,2026-07-11,active
2319,75,1470,4538********1877,mastercard,platinum,2024-11-16,2027-11-16,active
2320,594,717,4714********1775,visa,classic,2023-11-27,2026-11-26,active
2321,1911,2399,4511********2259,mastercard,gold,2026-03-01,2029-02-28,active
2322,1590,2615,4193********3813,visa,gold,2026-04-09,2029-04-08,active
2323,181,2049,4821********4186,mastercard,classic,2025-01-11,2028-01-11,active
2324,1966,1902,4078********8703,mastercard,gold,2023-12-14,2026-12-13,expired
2325,171,1169,4037********1743,mastercard,platinum,2024-04-11,2027-04-11,expired
2326,407,83,4854********1922,visa,gold,2025-04-30,2028-04-29,active
2327,299,2425,4615********6853,mastercard,gold,2025-08-10,2028-08-09,expired
2328,1701,1461,4795********6454,visa,gold,2025-07-16,2028-07-15,blocked
2329,957,1894,4925********4840,visa,classic,2025-02-16,2028-02-16,blocked
2330,1919,1669,4871********5562,visa,platinum,2024-10-08,2027-10-08,active
2331,1072,2001,4148********6278,mastercard,classic,2025-09-20,2028-09-19,blocked
2332,848,476,4828********5461,visa,platinum,2023-06-10,2026-06-09,active
2333,619,518,4330********2093,mastercard,gold,2024-02-22,2027-02-21,blocked
2334,582,405,4919********3940,visa,platinum,2024-09-13,2027-09-13,active
2335,85,385,4723********4078,mastercard,classic,2023-11-13,2026-11-12,active
2336,1590,2982,4712********9880,mastercard,classic,2026-01-23,2029-01-22,expired
2337,1670,2153,4612********5278,mastercard,gold,2026-01-23,2029-01-22,active
2338,1010,1634,4844********4406,mastercard,gold,2025-10-27,2028-10-26,active
2339,33,2860,4096********6143,mastercard,classic,2025-12-24,2028-12-23,active
2340,1175,689,4617********4970,visa,gold,2026-04-03,2029-04-02,expired
2341,802,1241,4409********9541,mastercard,platinum,2025-12-06,2028-12-05,active
2342,1585,63,4666********8022,mastercard,gold,2024-01-21,2027-01-20,expired
2343,642,853,4551********8615,visa,platinum,2023-04-30,2026-04-29,active
2344,1407,2752,4936********1526,visa,platinum,2025-08-31,2028-08-30,active
2345,1437,2477,4471********8920,visa,gold,2025-10-04,2028-10-03,active
2346,1839,1263,4428********7561,visa,classic,2024-07-17,2027-07-17,active
2347,415,224,4220********8708,visa,gold,2025-10-28,2028-10-27,blocked
2348,477,2194,4029********8835,visa,classic,2025-07-10,2028-07-09,blocked
2349,645,374,4672********4708,mastercard,classic,2023-05-20,2026-05-19,active
2350,28,1825,4312********3172,visa,platinum,2026-04-06,2029-04-05,active
2351,42,2537,4752********5429,visa,platinum,2025-05-28,2028-05-27,expired
2352,969,2870,4537********4760,visa,gold,2025-07-26,2028-07-25,active
2353,819,2598,4189********4845,mastercard,gold,2025-04-12,2028-04-11,active
2354,101,2685,4923********1236,visa,platinum,2023-09-11,2026-09-10,active
2355,892,10,4664********6079,mastercard,gold,2023-08-22,2026-08-21,active
2356,1028,1945,4303********5435,visa,platinum,2026-01-13,2029-01-12,active
2357,1494,1839,4161********5579,visa,gold,2023-05-15,2026-05-14,active
2358,1340,709,4714********6040,mastercard,gold,2025-02-22,2028-02-22,active
2359,535,256,4718********2488,visa,platinum,2024-02-20,2027-02-19,expired
2360,601,1618,4436********2067,mastercard,gold,2025-11-01,2028-10-31,active
2361,817,390,4008********5669,visa,gold,2024-10-26,2027-10-26,blocked
2362,225,1582,4359********4152,visa,classic,2023-07-19,2026-07-18,blocked
2363,599,925,4039********6241,mastercard,platinum,2024-03-21,2027-03-21,active
2364,1984,2037,4307********6321,visa,platinum,2024-11-04,2027-11-04,expired
2365,671,2404,4057********9332,visa,gold,2023-07-08,2026-07-07,active
2366,237,1225,4683********2156,visa,platinum,2026-01-06,2029-01-05,active
2367,849,1947,4325********7280,mastercard,platinum,2025-09-26,2028-09-25,active
2368,1847,740,4185********3874,visa,platinum,2023-10-25,2026-10-24,active
2369,210,41,4247********8868,mastercard,platinum,2024-06-07,2027-06-07,blocked
2370,433,869,4443********7937,visa,classic,2025-09-29,2028-09-28,expired
2371,174,540,4355********4829,visa,platinum,2024-01-26,2027-01-25,blocked
2372,1163,2511,4095********5096,visa,classic,2024-03-02,2027-03-02,expired
2373,808,1372,4801********4143,visa,platinum,2024-11-21,2027-11-21,active
2374,516,1146,4802********6006,visa,gold,2025-07-23,2028-07-22,active
2375,112,1032,4301********1036,mastercard,gold,2023-07-07,2026-07-06,active
2376,619,373,4524********4077,mastercard,gold,2026-01-07,2029-01-06,active
2377,599,668,4206********5913,visa,classic,2025-08-24,2028-08-23,active
2378,1007,358,4213********8743,mastercard,classic,2025-07-02,2028-07-01,expired
2379,251,968,4390********8146,mastercard,platinum,2026-03-28,2029-03-27,active
2380,1244,1354,4519********8121,mastercard,gold,2023-07-18,2026-07-17,active
2381,1644,1036,4291********5081,visa,gold,2025-10-09,2028-10-08,expired
2382,1247,471,4967********3188,mastercard,gold,2023-05-13,2026-05-12,active
2383,1643,1397,4460********5407,visa,gold,2025-02-22,2028-02-22,active
2384,1204,2621,4591********6691,visa,platinum,2026-02-19,2029-02-18,expired
2385,1197,1550,4826********7114,mastercard,gold,2025-07-14,2028-07-13,active
2386,983,1257,4254********7994,mastercard,gold,2026-01-13,2029-01-12,active
2387,835,2095,4214********6287,visa,gold,2024-06-18,2027-06-18,blocked
2388,789,1556,4336********1734,mastercard,gold,2025-10-14,2028-10-13,active
2389,961,2590,4821********9569,visa,classic,2023-07-13,2026-07-12,active
2390,1480,1251,4780********6574,mastercard,classic,2023-12-29,2026-12-28,expired
2391,1353,1700,4520********8460,visa,gold,2023-12-22,2026-12-21,active
2392,1527,1253,4757********7585,mastercard,platinum,2024-04-27,2027-04-27,blocked
2393,327,2781,4440********8372,mastercard,gold,2025-10-22,2028-10-21,active
2394,862,80,4418********2744,mastercard,platinum,2025-02-09,2028-02-09,active
2395,27,1173,4893********8098,visa,classic,2025-11-02,2028-11-01,active
2396,1879,815,4636********8214,visa,classic,2024-02-01,2027-01-31,active
2397,905,1853,4986********4520,mastercard,platinum,2024-01-02,2027-01-01,blocked
2398,1080,2221,4105********6516,mastercard,gold,2023-09-17,2026-09-16,active
2399,1671,2629,4428********8080,mastercard,classic,2025-07-06,2028-07-05,active
2400,1210,2106,4078********9893,mastercard,classic,2025-03-31,2028-03-30,active
2401,1112,134,4393********9051,mastercard,gold,2025-08-23,2028-08-22,expired
2402,438,1141,4908********3960,visa,gold,2023-12-06,2026-12-05,active
2403,1652,934,4992********7028,mastercard,platinum,2025-06-02,2028-06-01,expired
2404,588,929,4335********1305,mastercard,gold,2025-11-09,2028-11-08,active
2405,57,824,4661********6490,mastercard,gold,2024-01-13,2027-01-12,expired
2406,1549,1532,4809********4757,mastercard,gold,2025-12-24,2028-12-23,active
2407,179,1215,4046********3223,mastercard,classic,2024-09-28,2027-09-28,expired
2408,351,505,4445********2181,mastercard,platinum,2026-03-12,2029-03-11,expired
2409,344,2965,4601********3749,mastercard,gold,2025-08-16,2028-08-15,active
2410,534,2396,4307********1545,visa,gold,2024-08-05,2027-08-05,active
2411,787,1997,4882********4943,mastercard,platinum,2025-07-01,2028-06-30,blocked
2412,1994,1959,4438********3825,mastercard,gold,2025-10-26,2028-10-25,expired
2413,1811,1385,4808********2168,mastercard,classic,2023-08-15,2026-08-14,expired
2414,620,895,4662********5710,visa,platinum,2025-02-02,2028-02-02,blocked
2415,356,829,4880********1848,mastercard,classic,2025-07-17,2028-07-16,active
2416,1693,2921,4524********6747,visa,classic,2025-01-08,2028-01-08,active
2417,1475,1684,4022********2301,visa,gold,2024-07-26,2027-07-26,expired
2418,1525,2575,4591********7182,mastercard,classic,2025-12-25,2028-12-24,expired
2419,33,2970,4664********4414,visa,gold,2023-10-22,2026-10-21,expired
2420,245,2513,4880********7043,visa,platinum,2025-04-30,2028-04-29,blocked
2421,1441,653,4470********6738,mastercard,gold,2026-01-12,2029-01-11,active
2422,1612,173,4912********4542,mastercard,gold,2024-08-19,2027-08-19,blocked
2423,1834,39,4150********1845,visa,platinum,2025-07-19,2028-07-18,blocked
2424,340,2861,4220********5157,mastercard,platinum,2023-11-27,2026-11-26,active
2425,1732,714,4216********5229,mastercard,platinum,2024-12-09,2027-12-09,expired
2426,1387,91,4386********5007,visa,classic,2025-05-30,2028-05-29,expired
2427,79,2955,4073********3466,visa,classic,2025-05-02,2028-05-01,active
2428,1233,1206,4450********7908,visa,gold,2025-12-09,2028-12-08,active
2429,432,2586,4459********4601,visa,gold,2024-01-04,2027-01-03,active
2430,818,1828,4286********6854,mastercard,gold,2024-03-02,2027-03-02,blocked
2431,1622,1156,4177********7774,visa,gold,2025-07-24,2028-07-23,active
2432,578,1325,4965********7429,mastercard,platinum,2023-06-06,2026-06-05,active
2433,341,217,4713********1674,mastercard,gold,2025-12-17,2028-12-16,active
2434,934,511,4802********9123,mastercard,platinum,2023-10-21,2026-10-20,active
2435,754,1681,4700********5699,visa,gold,2026-03-05,2029-03-04,expired
2436,640,500,4729********6476,visa,platinum,2025-10-11,2028-10-10,active
2437,1604,2549,4868********4117,mastercard,platinum,2025-04-17,2028-04-16,blocked
2438,1532,1857,4806********5157,visa,classic,2023-05-03,2026-05-02,blocked
2439,1830,1389,4398********8630,mastercard,platinum,2025-06-08,2028-06-07,blocked
2440,1000,1520,4288********1409,mastercard,classic,2026-01-05,2029-01-04,active
2441,1554,2387,4981********8864,mastercard,gold,2025-07-15,2028-07-14,active
2442,636,2722,4082********6048,mastercard,gold,2025-03-12,2028-03-11,active
2443,780,2077,4305********2446,visa,gold,2025-04-27,2028-04-26,blocked
2444,1255,1541,4784********4402,visa,classic,2025-04-25,2028-04-24,expired
2445,891,1218,4602********1953,visa,platinum,2024-08-31,2027-08-31,active
2446,1948,1417,4584********5550,visa,gold,2024-05-27,2027-05-27,active
2447,1627,2218,4407********6850,visa,classic,2023-07-02,2026-07-01,active
2448,306,2622,4739********5315,mastercard,classic,2023-09-29,2026-09-28,expired
2449,1585,1677,4981********6464,mastercard,gold,2025-07-15,2028-07-14,active
2450,979,1198,4350********3953,visa,platinum,2026-01-19,2029-01-18,active
2451,60,1543,4964********7743,mastercard,classic,2024-03-31,2027-03-31,active
2452,201,954,4882********1603,mastercard,gold,2023-12-19,2026-12-18,active
2453,1071,751,4875********2289,visa,classic,2025-01-15,2028-01-15,active
2454,1648,235,4834********6040,mastercard,gold,2026-04-07,2029-04-06,active
2455,122,733,4080********9222,mastercard,gold,2023-12-01,2026-11-30,active
2456,1029,2993,4088********9972,visa,platinum,2024-06-16,2027-06-16,active
2457,1735,1157,4514********4523,mastercard,gold,2025-07-07,2028-07-06,blocked
2458,1889,2574,4436********2253,mastercard,platinum,2024-08-12,2027-08-12,active
2459,1430,2446,4481********8351,mastercard,classic,2024-01-31,2027-01-30,expired
2460,910,1210,4658********7690,mastercard,platinum,2024-02-02,2027-02-01,active
2461,1893,1066,4287********8562,mastercard,gold,2023-11-23,2026-11-22,blocked
2462,1938,2157,4560********3412,visa,platinum,2023-05-27,2026-05-26,active
2463,1342,1063,4729********3181,mastercard,gold,2025-07-08,2028-07-07,active
2464,1954,1168,4614********7142,visa,platinum,2024-05-30,2027-05-30,expired
2465,106,1493,4069********5525,visa,platinum,2023-04-24,2026-04-23,active
2466,1989,2475,4708********4793,visa,platinum,2026-02-02,2029-02-01,active
2467,519,885,4588********4046,mastercard,gold,2023-11-08,2026-11-07,active
2468,111,144,4875********1284,mastercard,gold,2026-02-26,2029-02-25,blocked
2469,1342,2943,4696********4964,mastercard,classic,2024-01-08,2027-01-07,active
2470,1786,851,4068********5151,visa,gold,2025-01-22,2028-01-22,active
2471,397,718,4221********2445,mastercard,gold,2023-09-21,2026-09-20,active
2472,787,2865,4315********8938,mastercard,gold,2025-04-29,2028-04-28,active
2473,643,265,4218********2479,mastercard,gold,2023-12-24,2026-12-23,expired
2474,1096,76,4347********3746,mastercard,gold,2024-03-27,2027-03-27,active
2475,50,396,4885********5955,visa,classic,2024-06-19,2027-06-19,active
2476,1173,2546,4335********5300,mastercard,classic,2026-03-14,2029-03-13,active
2477,659,2225,4952********3727,visa,platinum,2024-05-31,2027-05-31,blocked
2478,132,2800,4660********4697,mastercard,classic,2024-07-31,2027-07-31,expired
2479,1645,397,4937********7656,mastercard,gold,2023-05-18,2026-05-17,blocked
2480,528,1366,4490********5955,visa,classic,2025-09-08,2028-09-07,active
2481,1225,2501,4992********4335,mastercard,classic,2025-11-26,2028-11-25,expired
2482,303,1904,4690********4078,visa,classic,2023-06-10,2026-06-09,active
2483,1162,596,4526********7125,visa,gold,2024-08-02,2027-08-02,blocked
2484,1628,2110,4790********6214,visa,gold,2024-03-30,2027-03-30,active
2485,1404,1297,4973********9638,mastercard,platinum,2023-06-20,2026-06-19,active
2486,1001,1822,4710********2948,mastercard,platinum,2025-07-22,2028-07-21,expired
2487,612,873,4335********6631,visa,platinum,2025-08-17,2028-08-16,expired
2488,194,2912,4310********2244,visa,platinum,2024-02-13,2027-02-12,blocked
2489,384,2327,4338********6914,visa,gold,2026-01-29,2029-01-28,blocked
2490,944,1549,4353********3913,visa,platinum,2026-03-13,2029-03-12,active
2491,355,37,4965********2590,visa,gold,2025-10-27,2028-10-26,expired
2492,1460,2527,4780********2502,visa,platinum,2024-03-18,2027-03-18,active
2493,1437,2144,4200********9730,visa,gold,2024-07-13,2027-07-13,blocked
2494,1134,2941,4193********5245,visa,platinum,2024-05-31,2027-05-31,expired
2495,1538,978,4836********3835,mastercard,classic,2024-04-20,2027-04-20,active
2496,1808,1572,4705********7061,mastercard,platinum,2023-08-04,2026-08-03,active
2497,55,1123,4781********1852,visa,classic,2025-04-18,2028-04-17,active
2498,1414,2240,4527********6151,visa,gold,2023-10-06,2026-10-05,active
2499,1327,1893,4302********2485,visa,gold,2024-01-02,2027-01-01,blocked
2500,1343,676,4090********4221,visa,classic,2023-06-17,2026-06-16,active
