client_id,first_name,last_name,birth_date,phone,email,city,registration_date
1,Алла,Цветков,1951-10-04,+73321819600,rjabovigor@example.net,Астана,2025-12-27 13:04:42
2,Эраст,Зайцев,1982-11-10,8 (637) 940-2654,ekaterinakondrateva@example.com,Актобе,2025-05-02 22:18:20
3,Варфоломей,Герасимов,1972-05-05,8 594 078 1618,agata95@example.net,Караганда,2025-07-27 07:44:46
4,Евдоким,Горбунова,1954-05-05,+7 (413) 164-7525,epifan_41@example.net,Астана,2025-06-16 09:46:34
5,Александра,Александров,1981-04-15,+7 (276) 483-5030,oleg_41@example.org,Астана,2026-01-11 00:29:05
6,Ферапонт,Носова,1991-12-13,+7 (767) 242-3884,lzikova@example.com,Павлодар,2025-12-08 12:58:39
7,Митофан,Быков,2008-02-26,+7 (871) 012-26-91,mfadeev@example.com,Алматы,2025-05-05 13:25:28
8,Стоян,Овчинников,2006-08-19,+7 184 514 6270,sidor28@example.org,Караганда,2025-05-29 14:29:29
9,Ярослав,Кириллов,1999-02-15,8 (932) 528-8095,adam1976@example.com,Алматы,2025-07-22 13:44:43
10,Леон,Архипов,1953-09-01,81171822782,stojan96@example.org,Караганда,2025-11-27 04:22:18
11,Тимур,Лукина,1992-08-23,+7 (465) 787-1331,adrian_98@example.org,Павлодар,2026-01-26 06:58:30
12,Харитон,Быков,1950-09-22,+7 310 518 3473,vlas_2010@example.net,Усть-Каменогорск,2025-07-17 19:50:38
13,Флорентин,Блохин,1964-05-26,8 (631) 165-66-70,semenovolimpi@example.net,Актобе,2025-12-08 01:32:34
14,Мартьян,Ефремова,2000-04-14,+7 (338) 726-2473,zuevuljan@example.org,Алматы,2026-03-03 13:37:38
15,Антип,Большакова,2008-04-07,+7 132 677 3602,yivanov@example.com,Шымкент,2026-02-11 21:47:09
16,Радован,Дроздов,1974-11-04,8 (723) 430-9805,vasilevafaina@example.com,Павлодар,2026-01-19 08:19:09
17,Сила,Самойлова,1999-10-07,+7 (081) 219-13-61,fokakirillov@example.org,Актобе,2025-09-02 08:33:11
18,Якуб,Сорокин,1974-08-16,89854353462,ratmir51@example.org,Караганда,2025-06-22 14:21:45
19,Ратмир,Федотова,2008-03-21,+7 183 842 51 35,gleb78@example.net,Тараз,2026-02-13 17:28:10
20,Ладислав,Крылова,2007-05-16,8 (084) 124-1182,kondrat93@example.net,Астана,2025-06-01 21:51:26
21,Мефодий,Исаков,1990-03-08,+78740164005,ivannasorokina@example.net,Астана,2025-09-17 18:22:03
22,Пров,Гусева,1991-03-28,8 (011) 280-5982,csidorov@example.com,Тараз,2025-09-09 15:07:08
23,Михаил,Бирюкова,2004-06-05,+7 533 158 6923,darjabobileva@example.com,Актобе,2025-12-13 16:19:23
24,Аким,Ефимов,1993-01-11,8 634 216 0733,mili1987@example.org,Алматы,2026-03-02 16:10:09
25,Захар,Васильев,1988-08-03,8 541 458 68 50,shashkovkazimir@example.org,Усть-Каменогорск,2026-01-31 14:46:54
26,Фома,Блохина,2007-05-10,+7 196 556 9816,iraklisolovev@example.net,Астана,2025-11-17 11:11:48
27,Поликарп,Смирнов,1980-06-18,8 (356) 159-5148,galina65@example.com,Павлодар,2026-04-16 09:36:16
28,Ирина,Капустин,1982-06-19,+7 (662) 994-6804,epifan69@example.net,Актобе,2025-05-23 19:39:34
29,Валерия,Носков,1977-04-11,8 (387) 214-89-51,leonidtsvetkov@example.org,Тараз,2026-03-11 07:48:01
30,Гедеон,Васильев,1952-12-27,8 (917) 693-67-63,agatarozhkova@example.org,Караганда,2025-12-03 10:30:02
31,Элеонора,Якушев,1963-01-01,8 (708) 317-2788,raisa_79@example.net,Астана,2026-01-21 20:16:26
32,Силантий,Красильников,1998-06-25,8 (727) 743-4873,potap14@example.org,Караганда,2025-05-11 00:18:10
33,Ким,Агафонов,1968-11-07,8 (122) 362-3166,tit_76@example.org,Актобе,2026-02-17 10:42:28
34,Елисей,Пахомова,1974-09-04,80967054668,erast_2020@example.com,Караганда,2025-05-24 04:54:13
35,Ефим,Некрасов,1975-08-03,+7 656 272 9806,mihalovanatalja@example.org,Астана,2026-03-25 17:24:06
36,Роман,Громов,1953-03-23,8 537 556 46 41,adam2012@example.org,Актобе,2025-09-17 20:13:18
37,Милий,Третьяков,1988-01-07,+7 033 092 3271,rubenfilatov@example.com,Тараз,2025-10-16 07:16:44
38,Тамара,Зиновьев,1960-01-15,81241904966,afinogenkapustin@example.net,Тараз,2025-06-25 09:14:04
39,Агата,Мартынов,1956-03-20,+79190586518,agap_67@example.org,Караганда,2025-09-08 04:33:05
40,Пимен,Фокина,1971-04-25,8 (262) 849-87-76,ljubomir31@example.com,Актобе,2026-01-08 11:40:26
41,Радим,Мартынов,1993-11-01,89650752735,matve49@example.net,Астана,2026-01-20 18:37:40
42,Кирилл,Кузьмина,1950-11-24,+7 (136) 783-7770,anisimovefrem@example.com,Шымкент,2025-12-15 18:42:03
43,Иванна,Мартынов,1968-01-25,85788568557,lev43@example.org,Караганда,2025-11-16 15:43:59
44,Марина,Блинов,1968-08-10,8 (233) 749-8941,lavrdanilov@example.com,Усть-Каменогорск,2025-06-25 16:12:36
45,Денис,Елисеев,1951-02-16,8 (240) 084-2710,rjurik77@example.com,Актобе,2025-09-17 13:58:10
46,Доброслав,Пестова,1953-04-15,8 (116) 719-02-29,borislav31@example.net,Караганда,2026-04-17 14:27:34
47,Таисия,Щукин,1985-06-22,83867749649,kostinaantonina@example.org,Тараз,2026-01-14 02:15:21
48,Ярослав,Родионов,1965-08-28,+7 232 812 06 79,kuzma1971@example.com,Алматы,2026-03-16 13:08:16
49,Лариса,Воронцов,1991-01-30,8 (134) 936-18-32,vjacheslav10@example.org,Алматы,2025-07-21 04:04:16
50,Леон,Соболева,1993-09-30,84717464887,boleslav2003@example.com,Тараз,2026-03-01 20:45:33
51,Нина,Юдин,1985-04-28,+7 139 904 9027,antonina_1994@example.com,Актобе,2025-09-26 00:18:55
52,Дмитрий,Григорьева,1975-08-04,8 (175) 655-12-56,konstantin2007@example.com,Караганда,2025-05-18 22:06:40
53,Синклитикия,Ильина,1952-06-08,+7 545 168 08 76,ponomarevaregina@example.com,Тараз,2026-04-12 20:14:02
54,Януарий,Белякова,1979-03-22,8 (034) 824-77-10,gordenikiforov@example.net,Усть-Каменогорск,2025-07-14 19:00:41
55,Агафон,Гусева,1973-12-21,+7 (171) 274-8467,ilja1995@example.org,Усть-Каменогорск,2025-09-23 20:44:42
56,Нестор,Щербаков,2003-10-11,8 (214) 658-4044,gennadi1995@example.com,Актобе,2025-06-17 16:50:54
57,Мечислав,Харитонов,1982-04-27,8 (675) 339-6360,olimpiada_76@example.com,Караганда,2025-06-16 10:38:15
58,Вероника,Кошелева,1997-11-29,+7 (702) 895-17-18,agafon2010@example.com,Актобе,2026-02-06 12:59:21
59,Валерия,Силина,1959-04-06,8 (459) 615-86-57,anatoli_2004@example.org,Павлодар,2026-02-07 07:51:43
60,Акулина,Карпова,2003-09-21,+7 (161) 172-4005,anisimovaljudmila@example.com,Павлодар,2026-04-06 21:30:15
61,Петр,Калинин,1964-06-21,8 922 219 69 37,elizavetasuvorova@example.net,Караганда,2025-09-10 19:14:24
62,Ираклий,Русаков,1965-02-12,+7 748 217 5946,ratibor43@example.com,Усть-Каменогорск,2025-06-15 22:32:02
63,Святополк,Соболев,1964-01-25,85944064090,konon2013@example.org,Алматы,2025-05-28 12:31:32
64,Эрнст,Исаева,1970-09-28,+7 (942) 104-7095,annaburova@example.com,Астана,2026-03-23 15:14:58
65,Макар,Михеева,1974-05-29,+7 (285) 884-2474,vikenti_71@example.org,Шымкент,2025-06-21 13:46:22
66,Раиса,Пестова,1963-05-24,8 851 604 81 75,foti65@example.org,Павлодар,2026-02-24 19:54:12
67,Евдокия,Абрамов,1977-08-27,88593174612,blohinaaleksandra@example.com,Астана,2025-12-10 20:07:25
68,Семен,Жуков,1955-12-12,8 (267) 586-9261,jakov1992@example.com,Павлодар,2025-09-19 15:28:47
69,Амос,Маслова,1971-10-19,8 (735) 158-50-64,vitaliblohin@example.com,Усть-Каменогорск,2025-12-10 15:16:16
70,Будимир,Шестакова,1962-08-11,80053293183,igorsuhanov@example.org,Актобе,2025-11-14 16:53:30
71,Эдуард,Иванов,1966-05-23,+7 (284) 210-20-53,agge_24@example.org,Алматы,2025-11-24 01:37:39
72,Владлен,Селезнева,1974-09-22,+7 177 589 17 83,artemevaregina@example.com,Астана,2026-01-12 09:53:22
73,Ратмир,Никифорова,2006-03-22,+7 766 177 1159,angelinaguseva@example.com,Актобе,2026-01-12 23:11:23
74,Ярополк,Калинина,1984-04-04,8 698 478 9611,marina_2018@example.com,Тараз,2026-02-15 17:02:52
75,Радислав,Лаврентьева,1963-07-24,8 766 156 5452,artem1975@example.org,Актобе,2025-06-05 12:55:48
76,Вадим,Князев,1955-11-28,8 280 988 5165,umishina@example.org,Шымкент,2025-10-09 01:29:40
77,Константин,Цветкова,1968-06-06,+7 983 273 15 85,fadeevklavdi@example.net,Алматы,2025-10-16 10:12:00
78,Зиновий,Кабанова,1975-03-13,8 (998) 094-0244,mili_02@example.org,Актобе,2026-01-28 15:34:27
79,Феофан,Ширяева,1973-07-21,+7 (018) 366-75-25,marina59@example.net,Шымкент,2025-11-03 14:59:21
80,Борислав,Вишнякова,1953-05-11,+7 (901) 476-79-76,ermola81@example.com,Астана,2025-11-06 09:07:29
81,Петр,Поляков,1966-09-26,87840369003,ereme24@example.com,Актобе,2026-03-27 07:00:35
82,Макар,Журавлев,1950-10-03,8 226 838 85 16,kudrjashovaakulina@example.com,Караганда,2026-03-16 02:06:55
83,Бажен,Дементьева,1968-06-19,8 966 416 05 29,zoja2021@example.org,Тараз,2025-06-21 13:45:13
84,Поликарп,Кулакова,1956-06-12,8 968 164 53 52,panfilovvikenti@example.net,Шымкент,2026-02-13 08:18:15
85,Сократ,Колесников,2002-11-07,8 523 124 3292,borisovsemen@example.com,Алматы,2025-11-18 16:33:55
86,Раиса,Алексеева,1994-05-19,8 (995) 527-17-74,harlampi05@example.net,Тараз,2025-12-11 19:45:24
87,Афанасий,Орехов,1977-02-02,+7 054 119 9867,nonna_2020@example.com,Алматы,2025-10-29 23:19:26
88,Филимон,Большакова,1961-03-23,87820715182,krilovaninel@example.com,Тараз,2025-06-05 15:52:16
89,Станислав,Виноградова,1985-09-04,8 546 659 0515,naumovnikandr@example.com,Актобе,2026-03-30 11:28:12
90,Ипполит,Воронова,1999-09-13,82519254629,nikiforovfedot@example.com,Алматы,2025-07-25 05:02:45
91,Ангелина,Кошелева,1969-05-11,+7 (816) 850-54-23,tamara_73@example.org,Астана,2025-07-25 18:16:28
92,Всеслав,Никифоров,1954-10-13,+7 888 059 29 62,evgenijanikonova@example.net,Усть-Каменогорск,2025-05-26 11:32:11
93,Ульяна,Дорофеева,1997-03-26,+7 (706) 537-94-73,izjaslav_1987@example.com,Астана,2026-03-06 03:04:35
94,Евлампий,Зиновьев,1989-08-25,87746886239,zojazatseva@example.net,Шымкент,2026-02-12 14:30:52
95,Светозар,Мамонтова,1971-11-03,+7 814 124 78 26,blohinefrem@example.com,Усть-Каменогорск,2025-06-12 01:53:01
96,Милен,Доронина,1951-11-09,+7 685 361 5305,djachkovmark@example.org,Шымкент,2025-11-22 17:43:46
97,Всеслав,Воробьев,1966-12-12,8 (277) 901-04-32,militsa_2004@example.com,Павлодар,2025-08-04 03:41:43
98,Венедикт,Игнатьева,1967-01-07,+71036971179,agge_2005@example.net,Караганда,2025-07-14 11:17:27
99,Иларион,Рыбакова,1958-08-20,8 095 396 21 85,pestovstepan@example.net,Актобе,2026-01-25 02:21:16
100,Сильвестр,Кириллова,2007-08-19,8 (067) 065-4051,ilarion_19@example.net,Тараз,2025-09-25 04:03:58
101,Регина,Харитонов,1958-01-17,8 852 772 2170,egor03@example.org,Усть-Каменогорск,2025-10-10 08:34:38
102,Лука,Белозерова,1968-04-16,8 874 034 50 54,lavrentevmodest@example.com,Караганда,2025-06-09 05:01:46
103,Нифонт,Панфилова,1975-10-24,8 527 758 41 61,ldanilova@example.net,Астана,2025-07-19 11:31:10
104,Куприян,Носков,1956-04-04,8 447 962 7570,juri_64@example.net,Алматы,2025-09-01 12:22:28
105,Арефий,Алексеев,1989-03-28,8 582 029 70 21,mihedenisov@example.com,Караганда,2025-12-07 16:37:23
106,Ферапонт,Голубев,1985-05-27,8 (557) 192-85-65,ipat10@example.net,Караганда,2025-12-07 17:50:52
107,Дорофей,Лебедева,1980-05-03,8 (144) 739-4731,anzhelasaveleva@example.org,Астана,2025-04-26 00:12:43
108,Любовь,Белозеров,2008-02-25,8 518 844 2258,vitalimedvedev@example.org,Алматы,2026-01-23 02:44:39
109,Изот,Елисеева,1978-12-17,8 895 782 9114,uribakova@example.com,Астана,2025-07-21 03:04:50
110,Степан,Бирюков,1994-12-02,81251778528,vasilisagorbunova@example.net,Алматы,2026-04-09 20:18:53
111,Аполлон,Зимина,1957-07-05,+7 (422) 535-84-14,ustinegorov@example.org,Тараз,2026-03-23 01:34:16
112,Ярослав,Кошелев,1985-12-11,+7 829 922 99 59,sharapovaalevtina@example.org,Караганда,2025-05-20 17:37:37
113,Аникита,Русакова,1987-07-07,84396907844,innokenti2015@example.net,Усть-Каменогорск,2025-08-09 08:47:05
114,Онуфрий,Кириллов,1976-08-12,+7 276 773 5925,natalja_56@example.org,Шымкент,2025-07-15 10:01:13
115,Синклитикия,Гришин,1980-03-05,+7 537 147 32 10,nestor96@example.org,Усть-Каменогорск,2026-01-29 03:19:23
116,Гордей,Кулагина,1969-04-19,85327877470,fokinnikodim@example.net,Усть-Каменогорск,2025-07-26 14:05:13
117,Ратмир,Пестова,1964-04-08,85004797480,gorbunovvsevolod@example.com,Павлодар,2026-03-02 19:36:22
118,Милица,Гурьев,1994-08-12,8 060 983 5841,cmorozova@example.net,Астана,2025-07-06 03:56:15
119,Климент,Муравьева,2007-09-04,81216558523,oleg_1998@example.org,Павлодар,2025-05-30 20:38:57
120,Андрей,Егоров,1991-09-12,8 (872) 982-59-52,vsidorova@example.com,Павлодар,2025-09-07 19:28:52
121,Христофор,Муравьев,1979-09-25,8 (879) 470-5516,marfa09@example.com,Усть-Каменогорск,2025-09-29 20:56:22
122,Капитон,Кондратьева,1988-05-01,89309728962,amosdrozdov@example.net,Алматы,2026-03-24 16:43:50
123,Венедикт,Щербаков,1951-05-29,8 626 368 9702,emeljan_2001@example.net,Астана,2026-01-09 17:24:03
124,Самсон,Воробьева,1972-03-01,+7 (785) 854-97-33,fedosi43@example.com,Павлодар,2025-05-16 18:08:22
125,Ульяна,Игнатьев,1991-03-12,8 (575) 844-19-86,wnesterova@example.org,Тараз,2026-01-31 00:37:52
126,Корнил,Михайлов,1966-12-28,+7 574 733 84 84,valentinagorbacheva@example.net,Астана,2026-02-28 03:15:05
127,Фрол,Архипов,1964-05-15,8 (330) 165-7120,gleb_1992@example.com,Караганда,2025-07-28 18:50:01
128,Самсон,Большакова,1961-11-16,+75401938026,aleksandradjachkova@example.com,Усть-Каменогорск,2025-07-06 02:03:50
129,Серафим,Давыдов,2004-08-19,+70049915478,semen_2020@example.org,Павлодар,2025-06-16 15:46:56
130,Силантий,Колобов,1966-02-18,+7 527 420 54 93,emilijagordeeva@example.net,Актобе,2025-07-03 11:25:15
131,Онуфрий,Ларионова,1975-02-11,8 161 227 5304,cvoronov@example.com,Караганда,2025-10-19 21:11:41
132,Максим,Елисеев,1984-02-03,80453017426,ksenija_2013@example.net,Астана,2026-03-28 19:59:18
133,Викторин,Антонова,2003-06-12,+75933272795,jkotova@example.com,Астана,2025-10-12 07:27:59
134,Регина,Комарова,1996-10-28,+7 (391) 878-5191,nikonovataisija@example.net,Алматы,2025-05-12 20:42:21
135,Егор,Романова,1981-06-08,+7 (587) 139-71-87,panovavasilisa@example.net,Караганда,2025-05-29 10:27:38
136,Павел,Сысоев,1983-01-06,8 (740) 640-3910,spahomov@example.org,Павлодар,2025-06-26 19:19:13
137,Тит,Ковалев,2004-07-07,+7 704 622 65 67,fsitnikov@example.net,Усть-Каменогорск,2025-10-28 19:41:31
138,Вера,Мамонтова,1981-08-03,8 128 682 3004,evgenija2010@example.com,Павлодар,2025-07-15 05:27:28
139,Твердислав,Мишин,1998-01-23,+7 (752) 431-0690,elisevinogradov@example.org,Алматы,2026-04-08 16:33:56
140,Чеслав,Виноградов,1976-03-14,+7 306 738 3028,igor95@example.net,Павлодар,2025-06-26 03:43:04
141,Эммануил,Ермакова,1989-04-25,8 342 836 4408,nataljanaumova@example.com,Павлодар,2025-04-24 01:16:41
142,Анисим,Меркушева,1970-04-14,8 856 624 62 87,zinovipetuhov@example.net,Усть-Каменогорск,2025-08-04 05:03:36
143,Гаврила,Калашникова,1977-03-01,+7 866 882 6343,anzhelika_17@example.com,Павлодар,2025-08-11 23:54:14
144,Вадим,Белова,1992-05-02,+7 (046) 990-1398,samuilnikitin@example.com,Усть-Каменогорск,2026-01-18 17:53:31
145,Лазарь,Колобова,2003-01-12,+7 (317) 393-6385,natan78@example.net,Караганда,2025-06-22 07:59:58
146,Мирон,Горбачев,1965-06-24,8 (771) 753-5560,galaktionsokolov@example.com,Караганда,2025-08-16 10:42:21
147,Фадей,Рожкова,1984-03-07,8 423 536 93 78,isa_77@example.com,Алматы,2025-05-15 22:17:32
148,Давыд,Емельянова,1996-06-01,+7 (287) 280-80-10,tihonovavera@example.net,Тараз,2026-02-07 16:49:34
149,Игнатий,Кузьмин,1991-04-29,+7 387 509 9770,lukinataisija@example.com,Алматы,2025-05-15 10:00:27
150,Агап,Морозов,1981-01-05,+78408621182,evdokimorehov@example.net,Усть-Каменогорск,2025-12-06 02:07:06
151,Ипполит,Лапина,1970-11-12,8 156 793 34 10,maslovnatan@example.com,Шымкент,2025-11-04 12:05:37
152,Устин,Селиверстов,1953-07-24,+7 217 659 1803,ferapontmuhin@example.com,Астана,2025-05-15 07:20:40
153,Аникита,Уварова,1954-08-15,+78902503926,petuhovgremislav@example.net,Шымкент,2026-03-19 20:16:34
154,Иларион,Яковлева,1998-09-20,8 856 218 50 16,afinogenaleksandrov@example.net,Астана,2025-05-19 19:51:13
155,Татьяна,Максимова,2005-09-09,8 504 773 58 66,fainanesterova@example.com,Караганда,2026-01-10 10:37:32
156,Борислав,Ермакова,1986-03-10,+7 (114) 262-6551,ivanovleon@example.com,Астана,2025-09-27 00:38:58
157,Мирослав,Некрасова,1965-12-15,+7 (126) 788-86-10,kazakovfade@example.org,Караганда,2026-04-03 23:16:04
158,Эдуард,Полякова,1995-10-22,8 046 618 39 82,ishirjaev@example.com,Алматы,2025-12-04 01:06:19
159,Ладислав,Беляков,1978-11-28,+7 264 647 15 43,cheslav2004@example.com,Астана,2025-12-19 18:14:33
160,Вацлав,Дорофеев,1967-12-24,8 596 575 69 24,erast_37@example.com,Тараз,2025-10-03 00:38:52
161,Демьян,Селиверстова,1973-05-28,8 479 356 4651,hristofornekrasov@example.org,Актобе,2026-04-21 05:16:56
162,Елена,Шилова,1982-03-19,8 (374) 167-24-34,nataljavishnjakova@example.com,Тараз,2025-07-11 13:01:20
163,Афанасий,Самсонов,2007-10-08,8 (968) 868-05-89,kiselevipat@example.net,Актобе,2025-07-24 21:54:10
164,Виктория,Рогов,1959-12-15,80965610143,olga_1999@example.net,Шымкент,2025-09-23 22:10:48
165,Зинаида,Захарова,1963-02-16,8 679 825 0714,fknjazeva@example.org,Актобе,2026-01-09 01:47:42
166,Надежда,Бобров,1970-07-06,8 738 757 1775,petuhovanike@example.net,Тараз,2025-10-17 18:49:49
167,Викентий,Соловьев,1999-07-24,+7 238 282 58 67,onufrievdokimov@example.org,Астана,2026-04-19 00:16:01
168,Дорофей,Антонова,1988-06-07,8 093 796 60 33,praskovja19@example.org,Усть-Каменогорск,2025-04-26 20:00:53
169,Терентий,Давыдов,1971-07-11,+7 (714) 785-9696,shestakovmilovan@example.com,Астана,2025-12-20 10:48:44
170,Ян,Коновалов,1997-07-04,+79912513412,iraida_28@example.com,Караганда,2025-05-21 16:01:40
171,Панкрат,Рябова,1958-04-21,8 627 828 27 42,larisaodintsova@example.com,Актобе,2025-11-05 16:22:32
172,Якуб,Киселев,2000-07-05,+7 723 688 7676,selivan1979@example.net,Тараз,2025-06-13 15:46:23
173,Амвросий,Горбачева,1994-06-13,+70438427978,veniamin_2002@example.com,Астана,2026-03-31 07:26:16
174,Феврония,Макарова,1998-01-22,8 807 836 1340,kallistrat1989@example.org,Караганда,2026-03-30 16:34:52
175,Порфирий,Симонова,2007-12-16,+7 (395) 962-9233,ermakovaljubov@example.net,Актобе,2025-09-13 17:25:50
176,Климент,Рябова,1981-07-22,8 449 481 2604,vasilisakrilova@example.org,Усть-Каменогорск,2025-06-23 11:29:44
177,Лукия,Носков,1998-05-12,8 729 466 71 16,pelageja_1985@example.com,Актобе,2026-03-13 00:15:17
178,Радован,Стрелкова,1978-08-13,80175186363,karp1988@example.com,Алматы,2025-12-16 18:26:18
179,Мартын,Ковалева,1983-10-30,87500170127,avgust2025@example.com,Актобе,2026-01-07 14:07:29
180,Егор,Власова,2003-01-20,+72415415206,marfa36@example.net,Астана,2026-04-20 01:47:03
181,Будимир,Горбунова,1955-10-30,+7 (712) 938-7005,samolovpanfil@example.net,Шымкент,2026-04-22 20:39:01
182,Влас,Пестов,1954-06-01,8 111 554 26 22,lobanovfeoktist@example.org,Астана,2025-08-03 22:11:22
183,Юлиан,Маркова,1959-10-29,8 326 973 1121,bfilatov@example.com,Астана,2026-04-03 17:54:43
184,Вышеслав,Горшков,1966-05-16,+7 389 994 04 38,evgeni_2012@example.com,Шымкент,2026-02-05 13:00:49
185,Анжела,Киселев,1995-10-08,+7 (761) 379-1805,vlas_69@example.com,Актобе,2025-08-06 23:39:28
186,Михей,Андреева,1989-12-02,8 (109) 104-30-06,konon_2005@example.net,Караганда,2025-12-14 02:36:40
187,Тамара,Никонов,1974-11-16,8 188 924 14 18,germanbeljakov@example.com,Тараз,2026-01-26 21:49:08
188,Никифор,Лазарева,1987-02-05,+7 463 031 61 79,nikiforovadarja@example.org,Актобе,2025-07-11 06:51:11
189,Агап,Быкова,1958-04-07,+7 275 884 2524,mamontovamvrosi@example.com,Усть-Каменогорск,2025-11-05 11:56:32
190,Пахом,Некрасов,1980-09-09,+79177850792,gleb_41@example.net,Алматы,2025-07-29 17:48:29
191,Евдокия,Воронова,1956-12-30,8 (000) 307-5622,zhdanovanaina@example.org,Павлодар,2025-05-29 01:28:21
192,Любим,Чернов,1974-06-14,8 419 518 0238,pestovamilitsa@example.org,Актобе,2026-03-11 07:16:23
193,Рубен,Симонова,1966-09-06,+75187053494,rostislavfomin@example.net,Алматы,2025-05-10 08:06:25
194,Семен,Ермакова,1995-04-24,8 (320) 603-8505,mishinamarina@example.net,Шымкент,2025-08-30 18:09:39
195,Милица,Горбачев,1956-05-03,8 (367) 024-1038,xrodionova@example.com,Актобе,2025-12-26 15:30:56
196,Ольга,Романов,1983-12-29,8 (261) 990-6234,luka65@example.com,Усть-Каменогорск,2025-06-24 23:14:30
197,Радислав,Некрасов,1963-11-10,+7 (291) 212-7756,beljakovmiron@example.org,Павлодар,2025-11-23 11:13:22
198,Радислав,Горбачев,1977-03-07,+7 124 903 52 13,nikola_80@example.net,Алматы,2025-11-27 01:13:10
199,Ладимир,Галкин,1997-11-15,+7 (067) 883-17-12,popovarkadi@example.org,Астана,2025-06-05 15:55:43
200,Владислав,Афанасьев,1998-01-30,8 199 410 1372,lihachevmaksimiljan@example.org,Шымкент,2026-04-01 04:20:12
201,Андроник,Бурова,1977-01-17,+7 (966) 706-62-53,irinamatveeva@example.com,Алматы,2025-11-21 02:27:31
202,Геннадий,Виноградов,1985-12-04,83476870146,nainamedvedeva@example.net,Тараз,2026-03-13 08:10:40
203,Степан,Чернов,1986-11-22,8 (065) 787-5985,lpotapov@example.org,Шымкент,2025-12-05 10:34:16
204,Лучезар,Рябова,1963-01-04,+70785932133,tvorimir03@example.net,Шымкент,2025-10-07 03:05:28
205,Никанор,Рогов,2004-07-20,+7 (239) 559-05-99,tatjanablohina@example.org,Актобе,2025-05-09 11:03:42
206,Семен,Киселева,1968-03-26,8 (010) 393-08-70,juri_32@example.com,Алматы,2025-09-11 19:59:13
207,Майя,Казаков,2003-08-07,8 002 921 8515,glazareva@example.com,Тараз,2026-04-07 07:46:24
208,Ладислав,Юдин,1958-03-22,+7 (675) 289-53-92,ugorbachev@example.net,Караганда,2025-07-13 19:14:37
209,Куприян,Сидоров,1960-08-12,+7 969 029 5939,kolobovserge@example.org,Астана,2026-01-07 05:27:30
210,Максимильян,Копылова,1954-10-27,8 521 570 4331,isa_10@example.org,Павлодар,2025-09-07 13:42:44
211,Никандр,Шашков,1992-10-18,+7 (676) 586-17-93,nonnabogdanova@example.org,Шымкент,2025-12-20 06:10:23
212,Куприян,Волков,1968-10-17,+7 152 621 81 59,ksenija1971@example.net,Караганда,2026-04-17 17:55:58
213,Григорий,Фролова,2001-11-30,+7 (015) 336-88-44,izot10@example.com,Шымкент,2026-03-24 23:53:52
214,Филимон,Ильина,1999-01-08,+7 (050) 614-97-31,ershovaglafira@example.net,Шымкент,2026-02-27 20:40:33
215,Кузьма,Сорокин,1977-10-10,+7 467 741 86 25,lgrishin@example.com,Павлодар,2026-03-31 12:34:59
216,Аникей,Назаров,1975-10-24,+73490211586,fadesemenov@example.com,Шымкент,2025-05-02 20:12:51
217,Станимир,Дьячков,2006-04-25,8 (937) 416-08-98,varvaraseliverstova@example.com,Тараз,2026-02-03 06:28:01
218,Дементий,Русакова,2007-05-27,+7 (320) 616-3294,militsa_11@example.com,Павлодар,2026-02-21 01:33:33
219,Федор,Евсеев,1982-04-30,+78709986162,tatjanasafonova@example.net,Караганда,2026-02-28 18:33:43
220,Светлана,Селиверстова,2004-10-22,+7 914 856 46 79,andre1979@example.com,Шымкент,2025-08-04 19:59:53
221,Гаврила,Осипова,1985-08-11,8 065 307 45 05,leonti47@example.net,Астана,2026-02-23 00:03:03
222,Елизавета,Лазарев,2006-09-18,+7 (247) 546-9137,orestgrishin@example.com,Алматы,2025-09-18 18:44:09
223,Светлана,Павлова,2000-08-09,+7 821 486 2890,evdokijashashkova@example.org,Усть-Каменогорск,2026-03-22 15:51:27
224,Арефий,Чернов,1952-03-23,+7 534 578 6103,selivan_97@example.org,Караганда,2025-07-18 14:25:16
225,Савватий,Лазарева,1982-04-15,8 241 406 0293,zinovilarionov@example.org,Усть-Каменогорск,2026-03-06 08:19:38
226,Карп,Большакова,1974-01-22,+7 072 290 3494,panfil65@example.com,Актобе,2025-09-06 00:14:28
227,Ипполит,Кудряшов,1977-05-17,8 (969) 108-5899,lavrenti17@example.org,Караганда,2026-03-07 21:08:31
228,Мартын,Жданов,1987-06-18,+74432830965,alevtinalapina@example.com,Алматы,2025-07-18 18:59:12
229,Лавр,Михеев,2002-11-28,8 609 935 38 75,ladimir_2017@example.net,Караганда,2026-01-04 13:08:37
230,Федосий,Денисов,1967-05-07,8 (248) 251-35-34,vmoiseeva@example.com,Тараз,2025-09-24 23:09:38
231,Казимир,Григорьева,1967-05-13,+7 709 991 73 81,tmihalova@example.com,Астана,2025-08-09 09:57:26
232,Аполлинарий,Фадеева,1999-11-09,+7 (356) 972-52-17,akulina_25@example.net,Актобе,2026-02-17 13:06:55
233,Арефий,Кузнецов,1976-07-11,+7 (292) 712-9666,epestova@example.com,Павлодар,2025-09-06 14:06:27
234,Аверкий,Воробьев,1981-04-08,8 058 300 3354,valentinablinova@example.net,Тараз,2026-01-12 02:45:23
235,Харитон,Костин,1959-12-30,+7 447 898 5625,miron2012@example.org,Алматы,2026-04-22 23:30:47
236,Олимпий,Петров,1963-07-23,+7 (309) 821-50-64,jaropolk_1972@example.org,Актобе,2025-06-07 00:15:05
237,Вера,Рябов,1988-03-19,+7 016 761 8472,avksentiantonov@example.com,Актобе,2025-07-01 13:33:40
238,Вера,Медведев,1988-09-24,+79926189141,chernovevstafi@example.net,Астана,2025-05-08 01:46:17
239,Евстигней,Савина,1965-07-24,8 (356) 420-8737,izmail_00@example.net,Павлодар,2025-12-10 21:38:08
240,Бронислав,Дьячкова,1956-09-17,87218114374,rostislav01@example.org,Тараз,2025-09-04 11:13:33
241,Андрон,Артемьева,1967-02-28,8 611 002 2557,natalja15@example.com,Астана,2025-10-09 16:40:27
242,Добромысл,Данилов,1973-07-21,8 (467) 621-20-21,lsazonova@example.com,Караганда,2025-09-19 19:28:12
243,Филарет,Щербакова,1975-09-21,86590277167,golubevaivanna@example.net,Алматы,2025-07-31 03:22:28
244,Лонгин,Козлов,1991-03-05,8 (993) 588-9163,milan2007@example.net,Павлодар,2026-01-23 11:32:46
245,Никандр,Петухов,1998-12-21,8 (900) 287-7217,ilarion_54@example.org,Караганда,2025-04-23 20:57:08
246,Сильвестр,Третьяков,1982-03-28,8 631 779 71 77,viktorin_70@example.org,Павлодар,2025-09-11 15:58:43
247,Олимпий,Шарапов,1952-05-21,8 (019) 948-8375,apollinari_37@example.com,Тараз,2025-05-20 09:23:30
248,Федот,Наумова,1986-04-03,8 (571) 130-55-48,mstislav_2009@example.org,Тараз,2025-12-21 05:25:04
249,Григорий,Кузнецова,1958-06-15,8 149 331 63 73,velimir_60@example.net,Астана,2026-01-05 20:24:28
250,Евгения,Медведева,1957-06-15,8 (798) 270-80-86,simon2013@example.org,Актобе,2026-01-27 17:47:04
251,Иванна,Королева,1960-05-18,+7 (169) 958-66-93,nikon54@example.com,Актобе,2025-11-06 03:54:46
252,Всеволод,Егоров,1974-04-01,8 (485) 833-3945,darjaovchinnikova@example.net,Павлодар,2026-01-07 05:04:51
253,Ираида,Петухова,1969-01-02,+7 587 996 84 60,vatslav_1971@example.org,Павлодар,2025-08-27 21:26:01
254,Аполлинарий,Громова,1953-08-04,+72442043805,varfolome2004@example.net,Актобе,2026-01-18 23:38:31
255,Нонна,Куликова,2000-06-20,8 (638) 406-6658,popovazoja@example.org,Шымкент,2025-11-24 12:41:14
256,Якуб,Мишина,1995-08-08,8 (359) 893-34-72,gerasimovdementi@example.net,Павлодар,2025-07-06 17:16:04
257,Софон,Журавлев,1972-03-08,8 484 229 40 57,alinastepanova@example.com,Павлодар,2026-01-06 10:46:48
258,Эдуард,Орлов,1995-03-08,84798515832,artem_2014@example.org,Шымкент,2026-01-11 06:14:57
259,Павел,Макарова,1981-06-16,+7 533 555 43 98,feliks2016@example.net,Актобе,2025-12-18 06:12:12
260,Авксентий,Данилов,1989-02-08,8 (399) 305-61-64,marija_1985@example.net,Алматы,2025-09-27 22:05:00
261,Ульяна,Дементьев,1980-02-20,8 (770) 435-8112,tvorimir_1970@example.org,Актобе,2025-08-19 05:30:30
262,Епифан,Громова,1986-10-27,+7 (613) 861-2075,beljaevaanzhela@example.org,Павлодар,2025-07-13 20:13:59
263,Денис,Костина,1964-12-01,+7 934 667 66 50,hfomina@example.net,Тараз,2026-02-22 08:59:30
264,Аверьян,Тимофеева,1992-02-01,+7 901 581 44 91,taisija76@example.com,Усть-Каменогорск,2025-10-20 19:11:33
265,Вера,Семенов,1977-10-19,8 (326) 842-4508,vjacheslav_1976@example.org,Караганда,2025-10-11 22:24:59
266,Филипп,Рябова,1973-03-01,8 (143) 536-8222,jakovshchukin@example.com,Усть-Каменогорск,2025-11-07 17:40:32
267,Евлампий,Данилов,1960-10-29,80878141413,maksimiljan1990@example.net,Шымкент,2026-02-25 11:20:19
268,Валерия,Воронов,1956-02-10,81357759492,luka_62@example.org,Астана,2026-01-04 02:07:21
269,Лонгин,Горшков,1995-11-17,8 452 577 75 47,velimir_1979@example.net,Тараз,2025-08-11 10:16:10
270,Болеслав,Крюкова,1966-08-01,+7 (834) 110-80-99,lshilova@example.org,Караганда,2025-05-29 11:37:13
271,Анатолий,Гусева,1965-06-04,8 (725) 639-4278,budimir_1992@example.net,Актобе,2026-01-09 12:05:55
272,Автоном,Шестакова,1964-02-29,82827229927,andron_37@example.org,Караганда,2025-07-19 10:59:28
273,Арсений,Лобанов,1971-09-26,+7 385 677 0051,alevtina_2016@example.net,Алматы,2025-06-19 10:37:37
274,Каллистрат,Королева,1981-11-18,+7 (665) 918-46-38,wkrjukov@example.com,Караганда,2025-05-11 03:55:54
275,Светозар,Лаврентьева,1985-05-09,8 (272) 318-4322,majaeliseeva@example.net,Астана,2025-10-24 17:46:49
276,Викторин,Коновалова,1963-09-01,8 177 739 2603,gusevauljana@example.net,Павлодар,2025-10-17 01:58:29
277,Гостомысл,Федотов,1986-10-27,+7 920 242 8699,shashkovaija@example.org,Караганда,2026-04-02 08:34:59
278,Ермолай,Самсонов,1985-06-27,8 (723) 692-92-98,guri57@example.net,Павлодар,2026-01-27 04:39:28
279,Харлампий,Кудрявцев,1963-08-21,8 210 388 62 91,olimpiadamjasnikova@example.net,Павлодар,2025-11-01 05:07:04
280,Эмиль,Воробьев,2001-03-21,8 (811) 729-8068,cgrishin@example.net,Шымкент,2025-07-26 23:17:18
281,Тарас,Гордеев,1963-08-14,8 (659) 916-24-73,bobrovemmanuil@example.net,Алматы,2026-01-03 00:05:32
282,Осип,Копылов,1961-04-09,+7 981 806 3565,stepanovparfen@example.net,Астана,2026-04-04 21:22:52
283,Фотий,Селезнев,1965-06-18,8 (695) 946-3688,denis1990@example.net,Павлодар,2026-02-19 12:35:33
284,Святополк,Селезнев,2007-08-23,85621372138,vkirillova@example.net,Шымкент,2025-07-17 04:56:09
285,Юрий,Аксенова,1990-01-05,+7 260 127 9611,efrem51@example.net,Усть-Каменогорск,2026-03-01 12:02:08
286,Андрей,Воронова,1972-08-06,8 984 902 77 03,konon_1980@example.net,Караганда,2025-05-12 17:15:28
287,Сократ,Павлова,1990-10-26,82053021465,lkornilov@example.org,Астана,2026-04-14 12:37:44
288,Спартак,Новиков,1993-01-18,+7 184 895 54 39,radovanteterin@example.com,Шымкент,2025-10-17 11:43:16
289,Фирс,Кузнецов,1965-06-14,8 818 184 51 84,firs_1984@example.com,Усть-Каменогорск,2026-02-28 10:55:57
290,Наркис,Алексеева,1978-05-11,+7 (577) 907-1416,ivanlavrentev@example.com,Тараз,2026-01-07 11:27:50
291,Остромир,Колобова,1970-10-15,8 (043) 416-5182,longin1989@example.net,Усть-Каменогорск,2026-02-10 12:37:44
292,Карп,Громов,2005-03-29,+7 (733) 343-3339,german_11@example.org,Павлодар,2025-12-17 03:31:19
293,Евпраксия,Колобова,1988-10-14,80807595794,dobromisl2025@example.net,Усть-Каменогорск,2026-03-11 18:39:15
294,Климент,Евсеев,1963-03-11,82086780856,oksanaturova@example.org,Шымкент,2026-04-06 15:46:27
295,Ия,Семенова,1976-12-28,+7 036 915 5942,kallistrat_1983@example.com,Усть-Каменогорск,2026-02-06 00:33:34
296,Юлий,Зимин,1971-07-14,8 (636) 556-47-29,uljanazimina@example.org,Актобе,2025-10-15 00:08:34
297,Варлаам,Абрамова,1965-12-18,+7 (866) 322-7026,vsevolod2026@example.net,Караганда,2026-02-09 04:15:22
298,Софрон,Тарасова,1992-02-07,8 (448) 906-12-03,saveli17@example.net,Актобе,2026-03-15 09:16:41
299,Марк,Галкин,1971-03-30,8 (845) 061-5939,demid_2025@example.com,Усть-Каменогорск,2026-02-14 15:05:22
300,Мина,Кулагин,1989-05-09,8 (716) 947-22-56,emolchanova@example.org,Караганда,2025-12-22 14:54:26
301,Гостомысл,Зимин,1963-07-18,8 449 647 5987,lmironov@example.org,Усть-Каменогорск,2025-08-07 20:37:20
302,Владлен,Архипова,1963-12-01,+71326111780,mamontovamarfa@example.net,Актобе,2025-05-23 07:23:08
303,Таисия,Сергеев,1956-05-02,82164334722,danila_1971@example.net,Актобе,2025-07-23 06:49:37
304,Мир,Кононова,2003-05-25,8 (784) 872-82-99,akulina2012@example.net,Тараз,2025-08-31 15:30:52
305,Платон,Богданова,1987-06-01,8 (457) 831-7456,german40@example.org,Астана,2026-04-05 00:48:07
306,Станимир,Лапина,1994-04-16,+7 (547) 807-74-06,eduard30@example.net,Шымкент,2025-06-15 22:55:42
307,Мстислав,Мельников,1974-03-10,8 (663) 266-3416,sofronfadeev@example.net,Павлодар,2025-07-22 00:42:06
308,Ираида,Карпова,1966-01-28,8 (463) 122-4179,kim2009@example.com,Шымкент,2026-01-17 17:16:10
309,Евгений,Носков,1951-06-07,+7 802 144 2703,alekseevagafon@example.com,Караганда,2026-01-22 13:29:32
310,Ерофей,Зимин,1974-09-06,8 (570) 512-04-61,rjurik_1980@example.com,Павлодар,2025-05-18 03:50:41
311,Наум,Федосеева,1951-01-15,+7 (673) 037-1837,tblinova@example.com,Тараз,2025-09-28 12:17:24
312,Гордей,Боброва,1992-07-18,8 (814) 743-5031,platonbolshakov@example.org,Усть-Каменогорск,2025-11-19 22:41:27
313,Гурий,Костина,1966-04-28,+7 630 097 92 51,glebchernov@example.org,Алматы,2025-10-01 16:29:07
314,Жанна,Осипова,1969-12-08,+7 052 812 7358,porfiri_30@example.net,Павлодар,2025-07-12 13:01:29
315,Наркис,Терентьев,1992-04-28,+70778487392,milen_1988@example.com,Алматы,2025-09-21 11:22:32
316,Кир,Мишина,1998-07-12,8 (218) 274-4857,nosovapraskovja@example.com,Павлодар,2026-03-21 22:30:35
317,Наталья,Фомин,2001-07-08,85935186387,gerasim_2004@example.com,Алматы,2025-10-25 10:57:43
318,Осип,Тимофеева,1968-12-26,+7 810 220 31 73,morozovfilimon@example.net,Актобе,2025-09-06 19:49:05
319,Никанор,Ширяева,1978-09-21,89405391037,abramovarkadi@example.com,Павлодар,2026-02-09 20:05:08
320,Федосий,Панфилова,2004-09-22,8 509 480 14 13,valeri_1975@example.org,Павлодар,2026-03-20 15:54:00
321,Твердислав,Мамонтов,1961-04-18,8 (392) 886-1957,gvishnjakova@example.org,Караганда,2025-11-18 05:46:04
322,Дмитрий,Ильина,1973-08-06,8 289 755 8556,umuraveva@example.com,Караганда,2025-10-29 19:49:01
323,Ювеналий,Трофимов,1982-12-21,+7 (684) 577-6004,miheevavera@example.com,Павлодар,2025-08-07 05:07:48
324,Аверьян,Моисеев,2007-05-28,+7 (504) 888-9921,ribakovaljudmila@example.org,Алматы,2025-10-28 19:42:00
325,Всеслав,Лобанов,1971-08-07,83344196931,svjatopolk_27@example.net,Тараз,2025-09-21 05:36:01
326,Клавдия,Борисова,1997-11-03,+7 940 961 05 56,hdoronina@example.org,Павлодар,2026-01-07 23:32:33
327,Ольга,Суханова,1999-07-31,+7 604 805 8925,ija_1982@example.org,Шымкент,2026-01-29 11:02:53
328,Евгения,Мартынова,2008-02-27,8 (998) 136-46-22,boris_79@example.net,Усть-Каменогорск,2026-03-15 15:16:09
329,Антип,Ковалева,1973-06-17,+7 686 227 83 76,feliksgorbachev@example.net,Шымкент,2026-04-15 07:56:15
330,Станислав,Горшков,1964-05-12,+76591166553,mechislav_90@example.com,Алматы,2025-12-20 21:02:37
331,Давыд,Филатов,1986-01-18,8 (927) 033-52-11,nikolaevajulija@example.org,Павлодар,2026-04-10 10:22:41
332,Константин,Новиков,1970-03-21,+7 477 053 83 38,polina_1984@example.com,Алматы,2025-12-09 02:01:44
333,Януарий,Трофимова,2007-11-11,+7 698 042 0439,apollinari70@example.org,Павлодар,2025-05-25 19:38:08
334,Никанор,Коновалова,1966-01-16,8 104 636 8157,bronislav_1980@example.net,Усть-Каменогорск,2025-06-14 21:59:58
335,Ратмир,Куликова,2004-01-14,+7 038 457 6205,mina_43@example.net,Алматы,2025-07-02 19:01:33
336,Кирилл,Юдина,1953-11-26,+76084325621,rgolubeva@example.net,Павлодар,2025-08-02 06:01:16
337,Ярослав,Афанасьева,1963-07-02,+7 (926) 495-7823,fainapotapova@example.net,Караганда,2025-08-28 08:20:11
338,Егор,Дементьева,1958-04-26,8 (262) 925-1881,larisadjachkova@example.org,Тараз,2025-10-16 19:17:36
339,Милица,Семенов,1994-09-14,8 647 423 12 20,ernst99@example.org,Павлодар,2025-09-01 06:55:18
340,Эдуард,Суворов,1963-09-13,+7 517 289 7526,savvati1977@example.org,Павлодар,2025-08-09 06:43:41
341,Зиновий,Голубев,1974-01-02,+7 463 331 2797,ratmir_36@example.com,Астана,2025-07-30 04:31:46
342,Фёкла,Михайлов,1985-07-26,8 569 998 80 81,ratibor2016@example.org,Алматы,2025-10-22 20:45:57
343,Иннокентий,Семенова,1981-07-03,+7 868 034 7644,guri1993@example.net,Алматы,2026-02-08 02:36:02
344,Аполлинарий,Маслова,1980-04-17,+7 (771) 812-98-26,cjudin@example.org,Караганда,2025-09-06 03:03:19
345,Денис,Буров,1984-07-18,+7 (714) 521-1175,nazarovnestor@example.net,Астана,2025-12-31 16:58:14
346,Сократ,Крылова,2005-05-24,8 860 259 22 22,gavrilovaksenija@example.com,Алматы,2026-02-20 14:48:30
347,Надежда,Шилова,2006-01-17,+72123094077,tihon2015@example.net,Алматы,2026-02-10 03:09:05
348,Семен,Мухин,1962-11-20,8 (767) 199-03-84,emeljan_1972@example.org,Караганда,2025-07-28 06:02:09
349,Аполлон,Суханова,1970-07-20,+7 (099) 451-01-62,ijakostina@example.net,Алматы,2026-03-15 03:22:06
350,Иванна,Родионова,1984-10-25,8 (279) 501-4556,mishinparfen@example.net,Шымкент,2025-12-20 12:27:24
351,Артемий,Логинов,1977-08-13,+7 458 683 39 01,bojan_1997@example.net,Шымкент,2025-07-24 20:35:19
352,Эрнест,Рожкова,1996-01-09,+76954899529,spiridon2011@example.com,Астана,2025-10-24 03:05:51
353,Семен,Кабанова,1960-09-28,83430107139,csharapov@example.com,Караганда,2025-11-28 05:45:57
354,Милий,Баранова,1997-01-22,+7 (034) 414-4885,andreevalora@example.com,Актобе,2025-10-20 19:37:10
355,Николай,Воронова,1983-04-22,+7 235 577 0272,terenti2020@example.com,Тараз,2026-02-15 01:11:49
356,Остромир,Бобылева,1993-05-18,8 (495) 880-3955,litkingennadi@example.com,Астана,2025-06-27 09:05:48
357,Амвросий,Ларионов,2007-05-11,8 (299) 629-1450,ostromir17@example.org,Шымкент,2026-02-19 06:44:03
358,Мокей,Лихачев,1998-06-02,+73842150317,akim_2014@example.net,Астана,2025-08-22 00:16:53
359,Герасим,Щербаков,1970-01-13,8 (845) 218-23-07,hsaveleva@example.org,Алматы,2025-12-03 22:55:16
360,Аверкий,Ефремов,2004-05-20,81570184094,ljubimmedvedev@example.org,Актобе,2026-04-18 23:02:40
361,Конон,Жданов,1981-03-07,8 (142) 241-09-88,ershovtit@example.com,Павлодар,2025-12-02 20:00:11
362,Ульян,Кабанов,1966-01-11,+79321495870,alevtinavoronova@example.net,Караганда,2025-09-24 06:16:33
363,Антип,Соболев,1972-07-22,+7 662 997 95 45,tvorimirfedorov@example.com,Караганда,2025-05-22 17:31:37
364,Ферапонт,Белоусов,1955-09-12,8 (174) 773-32-94,nikifor_25@example.com,Актобе,2025-06-01 18:58:39
365,Радован,Туров,1952-01-24,8 (157) 724-59-92,varfolome_1992@example.net,Астана,2026-03-19 10:29:45
366,Вацлав,Кулагин,1982-07-26,+7 487 696 39 38,olgablinova@example.org,Алматы,2026-02-26 10:33:50
367,Матвей,Аксенов,1997-07-07,86695832197,kapustineduard@example.com,Павлодар,2025-09-05 01:21:44
368,Любосмысл,Кузьмина,1955-12-21,8 (246) 191-96-57,tarasovaekaterina@example.org,Тараз,2026-01-05 03:00:51
369,Фома,Никонова,1994-02-05,+7 227 846 9973,lukjanpetuhov@example.net,Тараз,2025-05-19 23:54:43
370,Евфросиния,Кошелев,2003-08-01,8 519 098 62 40,uljan_00@example.net,Павлодар,2025-04-28 03:06:54
371,Федот,Харитонова,2007-01-27,+7 403 696 56 66,nandreeva@example.net,Усть-Каменогорск,2026-03-08 13:52:05
372,Дементий,Селиверстов,1958-05-17,8 (656) 242-2010,pelagejaprohorova@example.com,Павлодар,2025-06-03 04:52:55
373,Всемил,Романов,1958-04-08,8 796 927 86 87,orogov@example.org,Усть-Каменогорск,2025-09-10 21:01:32
374,Парамон,Жукова,1950-09-27,8 (384) 689-50-09,ksenija1990@example.net,Шымкент,2026-01-22 21:46:58
375,Светозар,Блохина,1990-05-11,+7 (847) 818-91-37,zimintimur@example.net,Шымкент,2025-10-09 08:13:22
376,Леонтий,Крылова,1953-05-15,8 807 787 9565,kornil20@example.net,Актобе,2026-02-02 04:39:23
377,Эдуард,Галкина,1967-12-11,84079290490,svjatoslav12@example.net,Усть-Каменогорск,2025-12-18 09:54:28
378,Бажен,Владимирова,1995-10-08,+72944401929,nonnafomina@example.org,Павлодар,2025-10-20 18:07:34
379,Казимир,Сафонова,1990-12-14,8 (280) 512-92-76,qmuhin@example.com,Актобе,2026-03-09 21:35:34
380,Марфа,Петухова,1960-01-04,85041027674,olga2023@example.net,Караганда,2025-08-26 09:17:06
381,Игорь,Мишин,1989-12-14,8 742 860 47 65,elena_2023@example.org,Астана,2026-03-11 20:09:46
382,Твердислав,Петухова,1970-10-30,8 945 441 49 67,haritonmamontov@example.org,Усть-Каменогорск,2025-08-09 12:59:17
383,Спиридон,Муравьев,1989-08-13,+7 (580) 010-61-81,mili1982@example.com,Усть-Каменогорск,2025-07-26 22:09:38
384,Ипатий,Блинов,1952-04-13,81093911192,wshirjaeva@example.net,Павлодар,2025-11-30 12:34:20
385,Феофан,Евдокимова,2006-05-28,+7 244 717 46 54,anzhelaegorova@example.org,Алматы,2025-08-31 20:37:56
386,Наум,Носов,1969-08-08,+7 442 717 3962,velimir1978@example.com,Тараз,2025-11-01 04:27:32
387,Ерофей,Максимова,1987-08-16,8 (410) 119-47-07,agatateterina@example.org,Усть-Каменогорск,2025-07-02 20:03:32
388,Виктория,Гуляев,1965-10-05,8 690 877 6618,avdeblinov@example.net,Тараз,2025-07-14 14:17:20
389,Эмилия,Силин,1957-05-03,8 (554) 601-5851,sinklitikija2013@example.net,Актобе,2026-02-27 01:31:30
390,Егор,Казаков,1982-06-20,8 346 157 17 32,grigorevaalevtina@example.net,Актобе,2025-09-02 09:22:35
391,Христофор,Архипов,1978-09-07,+7 847 870 05 05,maslovavarvara@example.org,Актобе,2026-03-31 02:21:55
392,Валентина,Ефимова,1980-08-25,8 (293) 102-7079,nikolaevavasilisa@example.org,Алматы,2025-11-25 01:32:11
393,Дементий,Дмитриева,1953-03-16,+71792911179,arsenibragin@example.org,Караганда,2025-11-09 20:30:12
394,Парфен,Муравьев,1997-05-18,8 519 825 30 92,arseni_14@example.org,Караганда,2025-05-26 11:09:33
395,Регина,Никонов,1960-01-21,8 827 390 2196,akulinabobileva@example.com,Павлодар,2026-01-27 20:46:15
396,Болеслав,Попов,1950-09-23,+7 946 723 24 87,larhipov@example.net,Караганда,2025-10-29 23:03:51
397,Иванна,Воробьев,1984-11-22,8 (914) 560-83-31,valentin_2004@example.net,Усть-Каменогорск,2026-01-16 10:08:03
398,Сильвестр,Быков,1977-03-26,+7 (403) 127-7220,judinamaja@example.com,Усть-Каменогорск,2025-12-30 01:26:23
399,Епифан,Беспалов,1964-11-20,87010822078,bogdanovizmail@example.net,Алматы,2025-10-14 06:28:41
400,Прокл,Никитина,1983-12-08,8 353 153 13 63,okonstantinova@example.org,Актобе,2025-05-29 08:30:31
401,Савва,Григорьева,1978-05-28,8 239 726 52 73,kasjan_35@example.org,Павлодар,2025-07-18 06:37:00
402,Амос,Исакова,1983-04-17,+72177625349,emilijalihacheva@example.org,Караганда,2026-01-16 21:06:44
403,Флорентин,Силина,1982-05-15,+7 (168) 739-7740,pgorshkova@example.org,Тараз,2025-08-20 03:14:08
404,Макар,Беспалов,1983-12-02,82906007806,nikodim_1996@example.net,Тараз,2025-10-24 00:17:45
405,Валерьян,Лихачев,1979-01-13,+7 806 325 43 10,glafira1987@example.net,Тараз,2025-10-05 11:10:17
406,Родион,Гришина,1983-05-23,80772625701,skornilova@example.com,Усть-Каменогорск,2025-09-06 20:18:01
407,Тарас,Голубев,1967-07-06,+79893195085,makarovamarija@example.com,Актобе,2025-08-06 10:18:45
408,Рубен,Осипова,1952-09-04,8 281 832 5381,ninel2022@example.net,Караганда,2025-07-29 20:26:26
409,Клавдия,Гаврилов,1993-12-28,+7 (554) 864-0155,svjatoslav1998@example.org,Караганда,2025-06-09 01:46:58
410,Рюрик,Зуева,1981-02-27,8 (479) 513-7116,ijakondrateva@example.org,Астана,2025-08-23 18:18:31
411,Велимир,Суханов,1966-04-24,+7 (723) 804-68-27,pantelemon_70@example.com,Шымкент,2026-02-05 17:20:31
412,Евгений,Гусев,1951-08-02,+7 (856) 955-7988,ratmir1987@example.org,Караганда,2025-07-06 14:28:47
413,Лев,Александров,1996-02-01,+7 (754) 025-4729,sinklitikijadmitrieva@example.org,Усть-Каменогорск,2026-02-04 01:28:58
414,Демид,Филатова,1991-05-19,+7 (231) 059-27-45,evfrosinijashilova@example.net,Актобе,2025-08-08 14:21:06
415,Ананий,Казакова,1968-09-09,8 257 828 4106,tatjana1978@example.com,Караганда,2025-06-01 06:09:35
416,Лучезар,Никифоров,1950-07-22,8 (854) 749-2975,gurevsamuil@example.org,Караганда,2025-08-16 06:24:20
417,Вышеслав,Щербакова,1982-04-07,+70693751509,fortunatnazarov@example.org,Шымкент,2025-09-10 08:50:38
418,Юлия,Самсонова,1994-10-19,+7 (018) 718-6375,apollon_2021@example.com,Алматы,2025-08-18 14:31:36
419,Никон,Анисимов,1991-11-01,8 565 045 54 78,rjabovprokl@example.net,Шымкент,2026-01-23 04:23:57
420,Павел,Евдокимова,1975-12-22,+7 (662) 991-23-47,mark_1973@example.net,Алматы,2025-08-07 17:57:19
421,Регина,Ситников,1955-06-09,8 462 879 23 26,fade70@example.com,Актобе,2025-05-14 09:24:28
422,Фотий,Кошелев,1978-12-19,8 (300) 244-71-46,pelagejaburova@example.net,Шымкент,2026-01-19 01:35:23
423,Анжела,Емельянов,1951-12-16,+77195979647,davidovsolomon@example.net,Усть-Каменогорск,2025-12-26 22:33:52
424,Фирс,Морозов,1999-05-03,+7 (902) 572-52-04,pankrat_50@example.com,Алматы,2025-06-02 01:22:29
425,Кузьма,Михайлова,1987-05-15,+7 832 192 85 54,elizaveta51@example.net,Актобе,2025-12-02 03:51:17
426,Фока,Крюков,1998-01-22,+7 284 576 5213,praskovjapoljakova@example.org,Усть-Каменогорск,2025-10-22 12:17:06
427,Федот,Максимова,1990-04-23,8 (881) 671-1207,leonti_52@example.com,Тараз,2025-10-11 06:39:19
428,Эдуард,Виноградова,1994-08-06,8 240 132 2342,vladislavfedorov@example.com,Алматы,2025-07-03 19:34:57
429,Зоя,Хохлова,1995-10-13,+7 076 031 08 90,viktorin2021@example.org,Усть-Каменогорск,2025-07-30 06:27:27
430,Артемий,Елисеев,1989-01-10,+7 193 932 50 12,foka55@example.org,Астана,2025-06-06 12:33:28
431,Сидор,Логинова,1992-07-25,+7 (891) 190-8334,sinklitikijaivanova@example.net,Усть-Каменогорск,2025-09-25 20:03:09
432,Валерьян,Уварова,1962-09-20,8 (759) 271-2566,sofondanilov@example.com,Алматы,2025-05-21 23:41:04
433,Вениамин,Некрасова,2007-06-02,+7 718 275 48 01,semen_16@example.com,Шымкент,2025-06-21 03:23:12
434,Ратибор,Цветкова,1993-01-02,8 (386) 463-17-52,muravevapelageja@example.net,Актобе,2026-03-04 05:34:50
435,Василий,Вишняков,1975-09-19,+7 126 691 21 53,evstigne_96@example.org,Караганда,2025-05-26 07:07:55
436,Игорь,Филатова,1974-12-10,8 (499) 465-79-67,klavdi_1978@example.com,Павлодар,2025-06-08 05:14:13
437,Велимир,Николаев,1964-11-05,8 (320) 101-70-26,gerasim_49@example.net,Караганда,2025-12-14 16:28:43
438,Валерий,Некрасова,1954-09-30,8 (773) 477-8485,trifon_1970@example.org,Павлодар,2026-02-18 11:10:35
439,Петр,Шарова,2003-05-17,8 756 770 02 84,pelagejagorbunova@example.org,Усть-Каменогорск,2025-10-15 04:17:15
440,Леонтий,Панова,1972-11-15,+7 978 897 78 28,karpovaivanna@example.com,Павлодар,2025-08-16 16:43:14
441,Харлампий,Меркушева,1972-03-21,8 450 090 2559,fadeevalukija@example.com,Алматы,2025-08-19 19:32:19
442,Валерий,Гордеев,1970-04-29,8 650 333 4911,vikenti52@example.org,Астана,2025-12-15 23:21:37
443,Тимофей,Кулагин,1952-06-22,8 986 407 90 56,kjudin@example.org,Караганда,2026-02-13 10:24:49
444,Селиван,Медведев,1990-05-18,+7 (578) 529-4563,aleksandra2017@example.org,Караганда,2025-12-22 03:24:40
445,Терентий,Котов,1966-12-22,+7 496 391 9195,artem98@example.com,Астана,2025-08-03 23:52:09
446,Парфен,Гаврилов,1970-06-14,+7 484 685 36 64,radovan_2007@example.net,Караганда,2025-06-23 05:04:00
447,Дмитрий,Устинова,1951-05-22,8 (297) 374-8969,galkinaevpraksija@example.com,Астана,2025-06-29 17:14:53
448,Роман,Анисимов,1964-04-01,+76651364424,onufrizhuravlev@example.org,Алматы,2025-06-23 00:10:42
449,Геннадий,Блинов,1951-11-30,+77786603242,osipovairina@example.net,Усть-Каменогорск,2025-09-28 20:50:54
450,Ульян,Казаков,1987-09-05,+7 700 159 4165,afanasevvisheslav@example.org,Усть-Каменогорск,2026-01-15 22:35:35
451,Вениамин,Сергеева,1992-11-27,+7 898 471 39 15,foti_63@example.com,Алматы,2025-08-14 07:55:19
452,Ерофей,Дмитриев,1956-07-02,+7 (476) 490-7851,trifon_67@example.net,Актобе,2025-07-22 02:42:12
453,Иосиф,Селиверстова,1966-06-01,+7 (575) 409-00-34,nestor_1987@example.net,Актобе,2026-01-22 18:29:40
454,Митофан,Никонова,1997-06-02,+7 837 606 44 13,epifan27@example.net,Усть-Каменогорск,2026-01-21 05:30:27
455,Лукьян,Шарова,1997-06-02,8 041 776 56 12,silvestr15@example.com,Караганда,2025-05-20 20:37:55
456,Эраст,Трофимова,1997-06-27,8 700 272 0634,firs_11@example.org,Актобе,2026-04-17 00:39:49
457,Ипат,Павлова,1991-09-11,+7 (965) 772-42-95,evstafi16@example.com,Караганда,2026-02-23 04:16:40
458,Добромысл,Устинов,2001-02-20,83008931734,allavlasova@example.net,Астана,2025-10-05 07:46:15
459,Пахом,Цветкова,1965-05-25,+7 529 108 67 71,elizarponomarev@example.com,Караганда,2025-11-20 16:52:40
460,Константин,Михеева,1978-12-20,+7 (639) 343-62-62,kalininaivanna@example.org,Шымкент,2025-12-30 17:34:54
461,Ян,Мясников,2002-12-07,8 971 072 5636,mgorshkova@example.com,Актобе,2026-04-11 00:11:49
462,Афанасий,Пономарев,1982-08-13,+7 537 599 0048,zeliseev@example.net,Шымкент,2026-03-10 05:56:58
463,Моисей,Белоусов,2006-06-16,8 (092) 428-7572,filippovtaras@example.com,Алматы,2025-05-20 22:46:35
464,Вячеслав,Галкин,1957-01-31,+7 274 564 4948,polikarp_25@example.net,Актобе,2025-06-26 15:42:03
465,Селиверст,Жданова,2005-05-30,8 (703) 203-2074,oktjabrinakudrjashova@example.org,Актобе,2025-12-10 07:24:03
466,Серафим,Федоров,1975-12-01,8 (777) 121-5134,glafiradementeva@example.net,Астана,2025-10-10 18:23:43
467,Ким,Алексеева,2001-12-24,83908926137,belozerovmaksim@example.org,Актобе,2025-10-22 05:46:13
468,Кондратий,Блинова,2007-03-24,+7 659 152 01 77,agata2023@example.net,Павлодар,2026-01-19 23:10:45
469,Варвара,Кузнецов,1969-05-31,+7 975 923 0450,hohloverast@example.com,Усть-Каменогорск,2025-08-06 22:42:25
470,Вадим,Лаврентьев,1965-02-08,+7 (610) 326-6421,seliverst64@example.net,Астана,2025-10-10 05:23:49
471,Эраст,Белоусов,1971-02-18,+7 583 776 74 99,wkorolev@example.com,Алматы,2025-12-11 11:17:39
472,Модест,Максимова,1961-02-11,8 108 573 27 88,kalininruslan@example.com,Павлодар,2026-04-03 15:12:38
473,Богдан,Дьячкова,1996-10-18,+72243864908,fomichevanikita@example.net,Тараз,2026-02-02 11:32:27
474,Велимир,Соловьева,1974-12-14,+7 794 549 18 01,denis2014@example.com,Актобе,2025-12-13 16:12:27
475,Аникита,Сергеев,1974-06-14,+75977945232,dementevernest@example.com,Астана,2025-05-03 06:16:00
476,Евгения,Соболев,1975-06-21,+7 061 027 7697,jan95@example.net,Алматы,2025-07-21 02:55:07
477,Евгения,Селиверстова,1990-05-06,8 412 203 10 30,svetozarkulagin@example.org,Актобе,2026-02-14 05:16:19
478,Анна,Трофимов,1975-08-02,8 (314) 727-6012,ninelsilina@example.com,Алматы,2025-12-03 00:11:59
479,Савва,Волков,2000-03-05,83349605016,fmolchanova@example.net,Шымкент,2026-02-13 13:52:48
480,Фока,Рябова,1992-09-16,+70767899730,adam_1993@example.com,Усть-Каменогорск,2025-10-22 22:34:26
481,Фадей,Гусев,1965-11-04,8 717 957 60 24,rjurikkonovalov@example.com,Актобе,2026-04-13 23:36:21
482,Игнатий,Петрова,1963-01-19,8 972 466 5729,kondratpahomov@example.net,Павлодар,2025-07-02 16:47:24
483,Боян,Ефимова,1978-04-26,+7 (329) 716-74-33,anisim_2026@example.com,Усть-Каменогорск,2025-12-25 17:48:39
484,Казимир,Кулаков,1989-07-27,+7 (801) 561-93-18,sevastjanosipov@example.com,Усть-Каменогорск,2025-05-28 15:37:46
485,Мина,Шилова,1953-01-05,8 (428) 910-7711,birjukovfeliks@example.org,Павлодар,2025-09-05 08:25:14
486,Сильвестр,Никитин,1959-12-30,+7 352 478 71 25,vseslav_13@example.com,Тараз,2025-08-30 15:50:52
487,Павел,Шилова,1994-11-29,+7 (754) 821-4565,georgisitnikov@example.net,Астана,2026-01-08 11:17:08
488,Пантелеймон,Моисеева,1963-07-18,8 667 850 72 08,mihalovmartjan@example.com,Шымкент,2026-03-22 07:50:25
489,Олег,Ермакова,1959-11-03,+7 602 908 4668,marina55@example.org,Павлодар,2025-08-29 07:10:53
490,Климент,Бирюкова,1980-12-02,+7 (673) 899-75-63,borislav08@example.com,Усть-Каменогорск,2026-01-17 14:41:45
491,Никита,Мухина,1992-01-02,+7 (884) 318-84-85,akulinanovikova@example.net,Павлодар,2025-08-13 03:34:23
492,Христофор,Михеев,1964-04-21,+76810548510,tretjakovlavrenti@example.net,Алматы,2026-03-05 04:10:25
493,Нинель,Кузнецов,1976-08-03,+7 (998) 935-4492,vgolubeva@example.org,Астана,2025-10-16 20:28:24
494,Василий,Лапин,1980-04-06,+7 (571) 266-1106,olimpiadasoboleva@example.com,Актобе,2025-08-23 08:42:03
495,Бажен,Гришин,1989-07-25,8 988 649 76 77,kagafonova@example.org,Астана,2025-08-26 18:19:07
496,Силантий,Сидоров,1978-06-04,8 (288) 137-70-28,viktorin_96@example.org,Павлодар,2026-02-17 05:51:25
497,Виссарион,Гришин,1983-06-21,+7 821 545 4470,veronikasharova@example.net,Алматы,2026-03-25 02:44:22
498,Пантелеймон,Белов,2004-08-23,+74327018510,ksilin@example.com,Усть-Каменогорск,2026-01-03 15:01:39
499,Феофан,Лихачев,2002-07-11,8 792 287 77 25,lavrentevjaropolk@example.net,Алматы,2025-09-30 16:56:06
500,Ярополк,Зыков,1972-10-07,8 580 741 20 94,anzhela_1976@example.net,Тараз,2025-07-05 01:35:04
501,Борислав,Блинов,2005-09-16,8 (909) 837-8018,akulinaegorova@example.org,Усть-Каменогорск,2025-12-21 00:33:24
502,Иннокентий,Федосеева,1991-03-27,87189569070,polikarp_26@example.org,Усть-Каменогорск,2025-12-22 02:25:14
503,Стоян,Калашников,1972-06-18,+7 118 242 24 12,orest20@example.net,Алматы,2026-02-12 08:48:49
504,Любосмысл,Денисов,1951-11-19,+7 461 526 5461,medvedevazhanna@example.net,Актобе,2025-07-11 06:29:20
505,Фрол,Мухин,1978-11-25,8 (614) 057-8617,isakovaelizaveta@example.org,Шымкент,2025-11-22 12:17:12
506,Карп,Титова,2006-03-11,+7 382 496 71 83,margaritapotapova@example.org,Актобе,2026-04-18 11:43:31
507,Юлия,Емельянов,1981-06-26,8 870 079 42 00,kim2003@example.net,Усть-Каменогорск,2025-10-10 08:43:35
508,Натан,Филатов,1999-03-04,+7 (984) 028-9141,hgavrilova@example.org,Алматы,2025-06-09 08:57:42
509,Марфа,Кузьмина,2008-03-29,8 398 554 74 35,epifan_79@example.com,Караганда,2025-12-23 21:25:18
510,Аггей,Якушева,1990-06-08,+7 970 026 8768,ustinovbazhen@example.net,Шымкент,2026-01-23 20:50:38
511,Амвросий,Константинова,1998-07-27,8 (156) 956-20-17,evdokim_70@example.org,Алматы,2025-08-21 21:35:23
512,Октябрина,Волков,1994-04-19,8 319 433 7504,ksenija2009@example.org,Павлодар,2025-11-23 16:32:41
513,Аверьян,Карпов,2007-05-25,8 149 872 83 99,angelinasafonova@example.org,Караганда,2025-05-29 09:57:40
514,Олимпиада,Титов,1957-09-12,83843089487,subbotinanatalja@example.net,Астана,2026-03-15 23:39:28
515,Евгения,Бурова,1988-01-04,8 664 187 7580,anisimmatveev@example.com,Астана,2025-10-19 10:11:40
516,Твердислав,Самсонов,1968-08-25,8 351 903 61 33,loranikiforova@example.org,Шымкент,2025-12-30 18:16:49
517,Ярослав,Егорова,1955-12-02,8 (609) 543-17-35,birjukovalora@example.net,Актобе,2025-11-02 18:23:05
518,Изот,Сысоева,1954-07-15,89717911006,iraida_12@example.org,Актобе,2025-11-06 20:13:10
519,Пров,Макаров,1967-10-17,8 110 804 66 19,mabramov@example.net,Усть-Каменогорск,2025-10-01 13:50:21
520,Ярополк,Лебедев,1976-08-09,8 (699) 150-78-59,velimirorlov@example.org,Караганда,2025-10-23 14:35:45
521,Чеслав,Савельева,1954-03-23,+7 (928) 456-7972,vseslavlavrentev@example.org,Шымкент,2025-10-17 14:44:49
522,Аристарх,Сидоров,1968-05-20,8 854 982 27 49,kuzma_50@example.net,Караганда,2025-09-19 04:28:09
523,Фрол,Ширяева,1989-08-25,+7 388 065 3331,evgeni_77@example.net,Шымкент,2026-04-16 05:37:21
524,Иванна,Нестеров,1999-09-22,85946521707,avdekabanov@example.org,Астана,2026-03-24 18:30:12
525,Иванна,Рыбаков,1977-05-14,+7 (375) 636-2050,efimovamvrosi@example.net,Павлодар,2025-08-08 12:00:03
526,Викентий,Бобров,1967-02-28,+7 (950) 033-4234,lukijasazonova@example.net,Актобе,2025-09-02 05:03:19
527,Иннокентий,Ефимов,1961-09-03,+7 (410) 261-53-47,moisekornilov@example.com,Алматы,2026-03-07 21:15:50
528,Вера,Александров,2004-11-23,86112233865,emmanuil_63@example.org,Актобе,2025-08-11 01:26:20
529,София,Сидорова,1984-05-16,8 (425) 304-2897,boleslavsharov@example.com,Усть-Каменогорск,2026-03-14 11:01:47
530,Вероника,Максимова,1954-01-26,8 (685) 787-2558,ljudmila2023@example.com,Шымкент,2026-03-25 06:00:06
531,Карп,Герасимова,1973-07-25,80333736346,ksergeeva@example.com,Усть-Каменогорск,2025-10-13 15:18:43
532,Ираклий,Ильина,1955-03-23,+7 478 539 07 89,parfen_77@example.com,Тараз,2025-09-04 05:58:36
533,Осип,Зиновьев,1996-12-20,8 460 273 4151,sidor88@example.net,Павлодар,2025-11-23 13:25:54
534,Богдан,Кириллова,1966-05-05,+7 (111) 508-3535,ladislav43@example.net,Тараз,2025-10-17 01:18:28
535,Эрнест,Егоров,2008-03-20,8 (404) 456-6907,sinklitikija_2023@example.com,Караганда,2026-03-26 22:27:49
536,Зосима,Панов,1992-04-05,+7 (738) 987-7515,pahommamontov@example.net,Караганда,2026-01-19 02:20:42
537,Панкратий,Гаврилов,1975-10-02,8 (052) 924-0755,pankratrodionov@example.net,Павлодар,2025-12-01 06:43:44
538,Прасковья,Константинов,1994-07-21,8 (459) 090-2259,nfadeev@example.com,Павлодар,2025-07-22 22:08:54
539,Арсений,Тарасова,1972-09-20,8 (159) 741-21-82,sharapovaeleonora@example.com,Тараз,2025-05-10 04:00:39
540,Александр,Давыдов,1961-11-06,8 433 481 70 58,romanovalidija@example.com,Усть-Каменогорск,2026-02-06 10:20:37
541,Никифор,Веселов,2007-09-15,+7 (867) 163-23-46,gorde2003@example.com,Павлодар,2026-01-22 02:23:19
542,Фрол,Маслов,1979-06-14,8 (430) 271-69-38,filaret_77@example.com,Шымкент,2025-09-20 03:42:12
543,Фирс,Федоров,1993-01-26,+77546926329,yfomichev@example.net,Алматы,2025-11-01 13:59:10
544,Добромысл,Гаврилова,1983-04-16,8 032 484 13 76,vitali_2026@example.org,Тараз,2025-06-11 05:53:20
545,Раиса,Никитин,1979-07-25,8 672 438 0701,naum1989@example.com,Астана,2026-03-26 23:22:59
546,Евлампий,Евсеев,1952-07-01,+71257771183,visheslav1996@example.com,Усть-Каменогорск,2026-03-28 17:14:00
547,Гостомысл,Александров,1998-12-10,81241862104,ninelefimova@example.org,Усть-Каменогорск,2025-05-31 22:34:08
548,Ермолай,Савельева,1952-04-21,8 (370) 816-4709,vasilevamarina@example.org,Шымкент,2025-04-29 04:14:18
549,Ипат,Дементьев,2003-01-07,+7 (106) 005-3131,glafirasoloveva@example.com,Шымкент,2025-09-29 10:27:58
550,Соломон,Рябов,1997-08-13,8 839 386 6133,efimovljubomir@example.org,Усть-Каменогорск,2025-05-22 06:38:18
551,Агафон,Брагин,1988-03-28,+7 637 314 9501,ostapantonov@example.net,Актобе,2026-02-20 17:31:56
552,Сигизмунд,Ершов,1991-08-20,82419562525,artem1988@example.net,Павлодар,2025-09-01 16:48:28
553,Фотий,Самсонов,1972-06-26,+7 (890) 309-1436,jakubfedorov@example.org,Астана,2025-12-31 14:06:18
554,Всеслав,Дементьев,1979-03-27,+7 (263) 039-7524,angelina_08@example.com,Тараз,2026-03-20 00:12:59
555,Анжелика,Кулагина,1967-01-14,+7 355 338 0339,ugolubeva@example.org,Павлодар,2026-03-20 05:35:08
556,Пров,Боброва,1950-08-29,8 (130) 232-12-98,izmailseleznev@example.org,Усть-Каменогорск,2025-08-24 04:41:04
557,Парфен,Мухина,1977-05-25,+7 (336) 293-44-97,kimsamolov@example.com,Алматы,2026-03-28 00:23:15
558,Богдан,Стрелкова,2006-09-19,8 627 768 96 27,fadeevamarina@example.com,Астана,2025-12-19 00:19:40
559,Борис,Потапова,2002-11-19,+79828246747,nazar89@example.com,Актобе,2025-07-23 09:24:21
560,Аскольд,Харитонов,1958-03-27,8 (323) 008-57-66,vsilina@example.com,Астана,2025-07-20 13:30:51
561,Нестор,Смирнова,1968-02-28,81601692364,simon_75@example.net,Астана,2025-10-08 18:05:45
562,Арефий,Большакова,1972-08-28,8 337 050 24 97,zojakrilova@example.net,Астана,2026-02-12 12:20:52
563,Фока,Гущина,1988-09-27,+7 (011) 669-18-36,nataljamaksimova@example.net,Шымкент,2025-10-12 12:34:20
564,Ладислав,Козлова,2006-06-08,8 946 119 52 43,tgavrilova@example.org,Актобе,2026-01-17 17:44:53
565,Давыд,Лапина,1978-10-30,+7 168 646 22 52,evpraksijamartinova@example.org,Алматы,2026-04-09 01:42:40
566,Сила,Русакова,1956-09-13,83230234679,bespalovguri@example.org,Тараз,2025-05-11 01:51:19
567,Куприян,Романов,1972-03-20,+71509377100,polina09@example.org,Алматы,2026-02-26 09:47:00
568,Валерий,Родионов,1980-08-08,+7 698 477 5965,elena_55@example.org,Тараз,2025-08-15 03:34:28
569,Мирослав,Казакова,1973-06-02,80551076209,bespalovtaras@example.com,Павлодар,2025-09-15 18:57:38
570,Кира,Назарова,1997-07-31,8 797 863 0505,litkinalidija@example.net,Караганда,2025-06-18 17:59:50
571,Прокл,Абрамов,1985-07-02,8 915 671 64 93,reginashashkova@example.net,Павлодар,2025-11-15 12:01:03
572,Людмила,Морозова,1952-02-24,8 (148) 727-17-83,eremeromanov@example.net,Шымкент,2025-11-29 00:01:13
573,Кира,Борисов,1956-06-04,+7 256 434 7128,budimir2014@example.com,Шымкент,2025-06-28 05:33:03
574,Захар,Белозерова,1983-09-18,81566863341,bojan11@example.com,Павлодар,2025-05-23 21:13:37
575,Оксана,Никитина,2004-08-31,+7 952 569 04 09,evgraf_2017@example.com,Караганда,2025-12-19 21:18:28
576,Лучезар,Воронцова,1971-06-25,+7 (899) 316-08-75,kiradjachkova@example.org,Шымкент,2025-11-02 11:47:00
577,Сигизмунд,Блинова,1976-09-28,84209548149,akulina2016@example.com,Усть-Каменогорск,2025-07-22 09:20:30
578,Кузьма,Горбунова,2006-05-14,+7 523 302 7642,hohlovamarfa@example.com,Актобе,2025-12-26 22:53:26
579,Панфил,Щербакова,1977-10-07,8 661 844 3861,lidijasitnikova@example.net,Актобе,2025-10-18 16:41:46
580,Аполлинарий,Владимирова,2004-07-06,+77292774233,avksentidenisov@example.net,Алматы,2026-01-07 04:35:40
581,Фирс,Ершов,1989-08-26,+7 (662) 015-72-01,anna_1989@example.com,Усть-Каменогорск,2026-04-07 07:37:24
582,Геннадий,Матвеева,1992-03-20,+7 (013) 674-9261,anna1991@example.net,Актобе,2026-04-08 05:04:09
583,Валентина,Белозеров,1971-08-12,+7 111 783 09 99,kir2009@example.org,Шымкент,2026-01-11 08:58:47
584,Христофор,Денисов,1972-07-30,8 492 151 82 60,ikuzmina@example.net,Усть-Каменогорск,2025-05-21 21:37:53
585,Селиван,Гусев,1980-05-27,88131292087,vitali_02@example.net,Актобе,2025-09-04 10:05:37
586,Елисей,Суханова,1959-08-29,8 (401) 184-5826,krilovaklavdija@example.org,Павлодар,2025-12-27 08:31:44
587,Спартак,Щукина,1995-09-17,8 (729) 758-5988,valerjannesterov@example.org,Актобе,2026-01-16 07:22:36
588,Изот,Богданов,1961-03-20,+73298395429,jalekseev@example.com,Актобе,2025-10-17 15:12:25
589,Казимир,Фадеев,1987-12-30,+7 (671) 462-83-14,mokevorontsov@example.net,Павлодар,2025-07-09 14:01:32
590,Анжелика,Харитонова,1979-12-21,+7 (625) 660-93-14,lukinvenedikt@example.net,Усть-Каменогорск,2026-03-20 14:51:05
591,Трофим,Авдеев,1954-02-18,+7 554 234 01 63,ggushchina@example.org,Караганда,2025-06-03 15:16:08
592,Демид,Воробьева,1992-07-20,+79718594849,samsonovanisim@example.org,Тараз,2025-09-18 07:45:41
593,Лукьян,Фомичева,1993-12-01,+7 (588) 967-92-40,ljubov_1978@example.org,Актобе,2025-12-02 10:49:26
594,Гаврила,Симонов,1983-03-24,+70539672757,konon_1985@example.com,Актобе,2026-01-19 18:56:31
595,Спиридон,Бурова,1991-12-24,+7 (414) 651-1131,uljanapavlova@example.org,Павлодар,2025-05-01 17:40:49
596,Октябрина,Дроздов,1982-06-13,8 (068) 277-88-16,gorbachevaevdokija@example.net,Алматы,2025-08-07 19:31:52
597,Аверьян,Савельева,1974-12-16,8 (538) 909-7283,anzhelagromova@example.org,Алматы,2025-11-29 00:01:45
598,Софон,Крюков,2005-07-21,8 762 515 38 14,svjatopolk44@example.org,Усть-Каменогорск,2026-04-11 20:45:13
599,Авдей,Чернова,1986-12-01,8 348 079 70 50,maksim1986@example.org,Актобе,2026-03-12 15:48:35
600,Аверкий,Филатов,2001-12-09,+7 (650) 167-31-88,nadezhdailina@example.com,Караганда,2026-02-18 11:37:06
601,Аверьян,Никифоров,1994-12-08,+73765456284,bikovporfiri@example.org,Тараз,2025-12-14 23:26:40
602,Вышеслав,Рогов,1993-08-22,+7 531 340 2665,sorokinaevpraksija@example.com,Караганда,2025-07-17 06:27:31
603,Виктория,Лукин,1957-03-13,8 (872) 568-62-11,gusevaviktorija@example.com,Актобе,2025-12-20 08:18:49
604,Сидор,Козлов,1994-10-26,+7 (056) 906-7447,mishinpahom@example.org,Шымкент,2026-01-11 10:24:40
605,Ян,Тимофеев,1992-08-09,+7 (341) 436-37-18,evdokijakrasilnikova@example.net,Астана,2025-12-23 04:53:07
606,Агафья,Калинина,1958-12-07,+7 260 432 60 93,knjazevantonin@example.com,Алматы,2026-04-09 01:31:17
607,Орест,Богданова,1968-01-31,+7 (356) 708-6041,mihail45@example.net,Усть-Каменогорск,2025-08-21 04:39:06
608,Панкрат,Горшков,1968-11-09,+7 200 053 4749,gorbunovdobroslav@example.com,Тараз,2025-05-06 04:10:06
609,Селиверст,Артемьев,1969-09-11,+7 108 255 59 89,izot_43@example.net,Шымкент,2026-02-01 15:16:35
610,Нестор,Захаров,2001-10-07,+7 (910) 933-71-18,ladislav_73@example.net,Актобе,2025-05-28 05:17:33
611,Марина,Тимофеев,1952-11-06,+7 (684) 855-7161,pankrat1999@example.net,Павлодар,2025-08-28 02:25:53
612,Азарий,Миронов,1985-01-22,+7 (409) 036-78-81,ninelsitnikova@example.net,Караганда,2025-06-30 10:16:21
613,Нестор,Куликова,1995-07-06,8 943 202 93 90,ratibor_1998@example.net,Тараз,2025-06-13 13:00:25
614,Станислав,Михеев,1967-11-27,+7 (448) 123-0834,kabanovaveronika@example.com,Актобе,2025-11-15 09:05:28
615,Всеволод,Потапов,2000-12-18,+7 338 105 9551,kapiton_2010@example.com,Шымкент,2026-03-11 17:45:16
616,Юлий,Сафонов,1969-02-19,+7 053 424 0891,pfomicheva@example.com,Усть-Каменогорск,2025-08-01 00:19:24
617,Ярослав,Калинина,1985-05-11,+7 (735) 439-6273,jzinovev@example.com,Актобе,2026-03-02 10:12:22
618,Вадим,Попова,1960-11-01,+7 (239) 724-04-22,mafanaseva@example.org,Тараз,2026-02-07 03:37:33
619,Архип,Дмитриев,1954-06-27,+7 (761) 820-9166,makarovaagafja@example.net,Астана,2026-03-01 13:10:45
620,Аникей,Белоусов,1964-09-17,+7 429 001 85 13,olgamishina@example.net,Астана,2025-10-22 02:21:12
621,Прокл,Лапина,1959-10-09,8 723 084 8100,nekrasovlavr@example.org,Караганда,2025-06-16 21:08:20
622,Сократ,Евсеева,1998-10-28,+7 (030) 366-25-43,tafanaseva@example.org,Павлодар,2026-03-23 06:16:48
623,Селиверст,Ширяев,2007-10-10,+7 (145) 195-1510,darjakotova@example.net,Тараз,2026-03-17 16:05:54
624,Марк,Цветкова,1960-10-29,8 249 451 47 54,ustinovavde@example.org,Павлодар,2025-05-28 06:52:20
625,Элеонора,Миронова,1958-10-23,+7 (677) 119-64-21,vladimir_26@example.com,Актобе,2025-04-28 14:55:11
626,Лучезар,Попова,1974-11-21,8 952 366 87 88,tverdislav2000@example.org,Астана,2025-11-17 14:24:18
627,Нестор,Сергеев,1984-01-02,8 893 135 03 05,savvati_2023@example.org,Тараз,2025-10-16 20:06:05
628,Аристарх,Сазонова,1970-07-27,+7 (472) 863-33-02,silingavrila@example.com,Актобе,2026-01-09 12:24:13
629,Наталья,Зайцев,1990-09-07,8 501 917 92 02,vjacheslav_13@example.org,Павлодар,2025-12-06 05:41:00
630,Агап,Сорокина,1998-07-06,8 227 284 76 57,dmitrievavalerija@example.org,Тараз,2026-03-08 14:40:24
631,Аристарх,Устинова,1987-07-28,82820667849,lev_2009@example.com,Караганда,2025-06-04 07:02:50
632,Глеб,Некрасов,2006-10-01,8 (623) 690-3628,zikovruslan@example.com,Алматы,2025-10-23 07:40:17
633,Лонгин,Суханова,1987-07-16,8 205 634 11 15,alekse_34@example.org,Тараз,2025-12-19 19:47:02
634,Тит,Соболев,1954-02-04,80438303419,vorontsovaolga@example.org,Караганда,2026-04-13 15:59:31
635,Анисим,Евдокимов,1955-09-18,+70546835652,suhanovorest@example.net,Астана,2025-12-30 17:44:46
636,Сила,Медведев,1979-06-08,+7 (096) 790-42-27,doroninjaroslav@example.org,Усть-Каменогорск,2025-12-25 23:34:56
637,Майя,Суворов,2001-08-09,+7 (288) 985-72-54,jaropolk_60@example.net,Актобе,2026-04-11 09:17:44
638,Феврония,Колесникова,1972-10-16,+7 (991) 297-1024,julija_2020@example.com,Павлодар,2025-12-31 08:32:19
639,Валентин,Буров,1968-07-03,+72149551127,savvati47@example.net,Шымкент,2025-06-07 12:41:13
640,Вышеслав,Лихачева,1957-07-01,87054669275,jaropolk_2023@example.com,Алматы,2025-05-10 19:51:05
641,Борис,Колесникова,1974-04-10,8 (409) 038-02-14,kfilippov@example.com,Усть-Каменогорск,2025-08-19 10:04:19
642,Афанасий,Третьяков,1972-10-28,8 (157) 787-11-21,bshilova@example.org,Астана,2025-06-07 07:30:35
643,Олег,Прохоров,1954-01-17,8 973 714 7082,galaktion2006@example.com,Шымкент,2025-07-23 09:41:00
644,Ферапонт,Голубев,2007-08-08,8 056 730 30 64,aleksandra21@example.org,Усть-Каменогорск,2025-09-21 03:37:49
645,Архип,Хохлов,1973-10-20,+77683420165,grigori35@example.com,Павлодар,2025-09-14 07:15:59
646,Светозар,Селиверстов,1981-05-14,+7 (659) 608-93-19,lidijaharitonova@example.net,Шымкент,2025-12-07 07:35:50
647,Октябрина,Муравьева,1993-01-14,8 027 275 1648,savelevavasilisa@example.net,Павлодар,2026-04-02 01:50:35
648,Радим,Антонова,2006-07-15,+7 033 682 96 35,evgraflitkin@example.net,Астана,2026-01-02 13:30:11
649,Флорентин,Колобова,1951-02-21,8 044 817 7665,tit_68@example.com,Усть-Каменогорск,2026-03-12 23:46:16
650,Викентий,Шашкова,1960-07-03,8 528 928 66 46,klavdija91@example.org,Павлодар,2025-12-18 07:28:59
651,Василий,Борисов,1987-12-27,86179817890,pantelemon33@example.com,Актобе,2026-04-22 21:47:51
652,Устин,Фадеев,1956-12-12,8 (157) 660-53-84,vasilisa44@example.com,Тараз,2025-05-05 22:07:35
653,Евгения,Трофимов,1950-07-20,8 000 258 95 52,jtrofimov@example.com,Усть-Каменогорск,2025-07-16 14:17:19
654,Евдоким,Сидорова,1987-09-08,+7 962 626 5826,valerjanrogov@example.org,Караганда,2025-10-12 22:03:15
655,Силантий,Фролов,1986-12-07,8 482 531 10 60,alevtinaorehova@example.net,Тараз,2026-03-21 10:33:44
656,Тихон,Князева,2006-09-16,86027523343,innokenti_2010@example.com,Тараз,2025-05-31 19:14:26
657,Ульяна,Галкин,1988-07-18,+71209117911,ijabelousova@example.org,Тараз,2025-11-20 15:58:41
658,Вадим,Степанов,1978-12-22,8 361 706 1713,usitnikov@example.net,Павлодар,2025-05-16 17:33:22
659,Радим,Кабанова,1959-08-26,+70299015579,averki_1978@example.net,Караганда,2025-08-08 08:35:24
660,Ираклий,Шашкова,1957-05-11,80808823513,bolshakovavera@example.org,Усть-Каменогорск,2025-06-09 15:47:58
661,Борис,Архипова,1990-06-03,+7 (447) 315-84-77,zvasileva@example.org,Караганда,2025-05-28 19:38:48
662,Ипатий,Коновалов,1961-10-14,+76199423767,vrjabova@example.com,Алматы,2025-12-28 10:18:27
663,Лучезар,Федотова,1956-07-18,8 639 551 72 08,frol64@example.net,Тараз,2025-05-12 20:36:52
664,Анжела,Стрелкова,2006-04-15,8 601 256 2531,mokedavidov@example.org,Шымкент,2025-07-26 19:24:54
665,Эмилия,Исаев,1957-05-27,8 053 795 3816,erast38@example.org,Караганда,2026-02-22 20:21:22
666,Варфоломей,Куликова,1966-06-08,81966553307,anikita2025@example.com,Караганда,2025-05-19 20:40:53
667,Виссарион,Крылов,1976-07-27,85963904090,kondrati1977@example.com,Караганда,2025-12-06 22:40:30
668,Анатолий,Авдеева,1981-04-01,8 (050) 171-6445,nifont_18@example.com,Караганда,2026-03-04 23:23:29
669,Семен,Крылова,1953-01-14,+77715910300,valentinamarkova@example.net,Шымкент,2025-08-28 19:35:08
670,Мария,Уваров,1963-06-09,+7 358 004 01 04,belousovmaksim@example.net,Алматы,2026-02-23 11:52:52
671,Юлий,Кошелева,1997-06-07,+72297125296,glafira1976@example.net,Шымкент,2025-08-08 21:34:38
672,Иларион,Борисова,1978-01-10,8 (457) 314-41-58,eliseshubin@example.org,Актобе,2025-06-12 16:48:11
673,Афиноген,Меркушева,1978-12-30,+7 (037) 637-1539,sofon_2018@example.com,Шымкент,2026-02-27 07:52:36
674,Лидия,Буров,1988-04-25,8 (123) 567-9836,arhipmatveev@example.com,Алматы,2025-06-04 21:46:35
675,Григорий,Афанасьева,1968-02-14,81271130724,muhinasvetlana@example.com,Алматы,2025-06-13 09:41:01
676,Милован,Лобанов,1957-03-03,8 (156) 326-8685,bikovairaida@example.com,Караганда,2025-09-09 08:14:55
677,Валерьян,Комаров,1987-12-06,8 343 629 48 97,pimen_1976@example.org,Тараз,2025-12-07 21:41:44
678,Анжела,Чернов,2005-12-05,+7 (100) 943-1814,jakubfilatov@example.net,Шымкент,2025-04-29 08:16:44
679,Онуфрий,Шаров,1973-02-04,+7 (473) 235-4940,gerasimovsila@example.net,Алматы,2025-08-04 06:35:35
680,Януарий,Пестов,1993-03-05,+7 (251) 225-7207,bagafonov@example.org,Павлодар,2025-06-11 10:39:49
681,Капитон,Устинова,1954-10-09,+7 957 907 3710,ermakovakira@example.org,Астана,2025-11-13 12:39:40
682,Станислав,Новикова,1960-01-05,+7 (114) 577-58-47,mihail70@example.com,Астана,2026-02-06 19:17:33
683,Ладислав,Зуева,1969-08-31,8 (971) 480-2632,serge_03@example.net,Усть-Каменогорск,2025-10-25 04:07:21
684,Оксана,Аксенова,2006-10-05,8 313 614 8782,evfrosinija55@example.com,Тараз,2026-02-19 08:49:58
685,Харитон,Щукин,2005-02-18,+74309859167,konstantin_10@example.com,Астана,2025-11-08 12:54:47
686,Елизавета,Анисимов,1977-05-09,+7 (849) 824-74-14,panovaalina@example.org,Караганда,2025-10-15 18:11:04
687,Кондрат,Муравьева,1984-09-15,+7 740 650 0425,sila82@example.org,Алматы,2025-12-18 02:23:59
688,Любовь,Потапов,1958-07-31,+7 (691) 430-7536,glavrentev@example.com,Актобе,2026-01-30 15:35:04
689,Ладислав,Рябова,1968-04-30,86592342683,lev14@example.net,Алматы,2025-10-18 02:27:15
690,Агата,Стрелков,1981-12-19,8 612 875 85 75,ateterin@example.com,Усть-Каменогорск,2025-05-16 20:07:20
691,Роман,Павлов,2003-03-28,+7 612 943 9852,feofan_2019@example.org,Павлодар,2026-03-18 06:35:00
692,Раиса,Кулакова,1973-01-30,8 078 701 04 15,birjukovkornil@example.net,Астана,2025-10-05 18:20:48
693,Светозар,Маслова,1969-07-10,+7 198 038 2872,germanantonov@example.net,Усть-Каменогорск,2025-10-30 14:49:31
694,Леонтий,Суворова,2007-09-06,+7 793 110 2918,krilovelizar@example.org,Астана,2025-05-21 18:10:18
695,Савватий,Васильев,1998-08-10,8 (601) 467-23-84,varvara2004@example.com,Шымкент,2025-08-26 07:29:18
696,Галактион,Анисимова,1951-07-25,+7 (328) 837-74-41,modest2007@example.com,Шымкент,2025-05-18 17:23:29
697,Никандр,Гаврилова,1996-09-12,8 (662) 047-19-60,anani97@example.org,Тараз,2025-08-08 00:31:24
698,Мина,Блохина,1958-05-22,8 (402) 588-35-86,arseni_1979@example.org,Актобе,2025-09-18 03:28:29
699,Милован,Миронова,1992-01-09,8 724 461 7679,uljanarogova@example.net,Павлодар,2025-10-16 10:07:22
700,Фёкла,Александрова,1980-10-13,+7 (599) 599-61-00,elizavetabelova@example.net,Астана,2025-05-31 17:35:55
701,Вацлав,Лебедева,2004-06-29,8 (533) 126-61-09,vikenti01@example.com,Караганда,2026-03-20 09:47:34
702,София,Дементьев,1985-06-27,+7 251 762 9833,seliverst74@example.org,Усть-Каменогорск,2025-10-07 05:43:51
703,Егор,Селезнева,1959-09-16,8 (319) 013-0205,ijakovleva@example.org,Караганда,2026-04-03 02:47:48
704,Матвей,Фомин,1989-11-19,8 (733) 978-5598,angelinabikova@example.com,Тараз,2025-09-30 22:12:38
705,Ярослав,Ситников,2000-12-31,81284117309,maksimiljan_1971@example.com,Усть-Каменогорск,2026-03-10 13:17:41
706,Ипатий,Гуляев,1991-02-05,+7 241 893 89 84,dosipova@example.net,Павлодар,2025-09-25 01:37:23
707,Ия,Константинова,1956-09-26,8 (400) 564-35-02,trofimzikov@example.net,Астана,2026-01-31 13:40:12
708,Максим,Уварова,1994-03-27,+7 371 990 5169,belozerovustin@example.com,Павлодар,2025-08-22 14:21:01
709,Владислав,Потапов,1992-04-05,+7 078 356 74 30,kozlovaevpraksija@example.net,Актобе,2025-08-22 14:07:09
710,Ювеналий,Кононова,1972-04-24,+7 870 662 6682,bikovviktorin@example.net,Шымкент,2025-09-15 13:55:37
711,Модест,Крюков,1961-07-16,8 033 190 36 89,braginaagafja@example.net,Усть-Каменогорск,2026-01-14 22:49:28
712,Ипат,Кулагина,1953-08-10,+7 272 405 5934,eleonoraafanaseva@example.com,Астана,2025-05-19 06:54:59
713,Варвара,Николаев,1988-05-22,+7 483 753 74 58,valentina38@example.com,Астана,2026-03-12 05:51:52
714,Лучезар,Гаврилова,1981-09-16,+7 056 974 13 28,levgrishin@example.net,Павлодар,2025-05-29 10:09:22
715,Епифан,Николаев,1971-11-28,+7 (037) 710-70-44,fmoiseev@example.org,Тараз,2025-05-30 17:14:03
716,Клавдий,Гурьева,1985-09-03,8 (066) 703-36-26,antonin_2007@example.org,Шымкент,2026-03-04 11:25:36
717,Тит,Хохлова,1970-06-25,+7 954 930 5966,konstantinovavalentina@example.net,Алматы,2025-11-25 06:56:23
718,Никанор,Гущина,1992-02-22,+78769984267,vlasburov@example.org,Тараз,2025-12-06 23:26:21
719,Климент,Ефремова,1989-11-24,+71384596094,karp_49@example.org,Астана,2026-01-08 10:09:53
720,Владилен,Горбачев,1983-04-12,8 427 707 0705,alina2017@example.org,Тараз,2025-09-29 18:12:09
721,Осип,Андреев,1983-12-04,+7 498 517 24 44,vladimir1982@example.org,Павлодар,2026-03-28 11:47:58
722,Гедеон,Комиссарова,1986-02-24,+7 310 287 9508,arkadiseliverstov@example.net,Алматы,2026-03-26 08:23:37
723,Исидор,Турова,1965-03-28,8 809 351 1871,bazhen_1983@example.com,Актобе,2025-08-12 22:05:20
724,Филимон,Кононов,1998-05-26,8 164 205 95 56,rjurik_49@example.org,Астана,2025-09-06 18:46:07
725,Гостомысл,Зиновьев,1952-11-23,+7 (901) 935-88-95,narkisnikonov@example.net,Караганда,2025-12-03 15:46:46
726,Амос,Ширяева,1992-06-06,8 113 989 86 81,antonin_2004@example.net,Усть-Каменогорск,2025-06-22 07:22:42
727,Станислав,Голубева,1975-11-20,+73943535375,shubinilarion@example.com,Астана,2025-07-19 07:18:08
728,Наталья,Субботина,2001-05-12,8 158 815 7937,kribakov@example.org,Тараз,2025-09-06 04:29:15
729,Тимофей,Емельянов,1995-05-06,8 929 445 51 16,jmorozova@example.net,Актобе,2025-06-06 19:59:50
730,Серафим,Дмитриева,2001-06-07,+7 (270) 216-4871,aleksandrashchukina@example.com,Караганда,2025-12-02 04:11:18
731,Аким,Маслова,1959-12-28,+7 288 665 26 83,viktorin55@example.net,Павлодар,2026-03-02 17:02:13
732,Ювеналий,Сидорова,1956-07-23,+7 157 676 4722,boris_1978@example.org,Алматы,2026-03-17 10:36:20
733,Христофор,Никитина,1971-10-05,8 (657) 289-41-34,matve1972@example.net,Актобе,2025-12-15 17:25:57
734,Станислав,Королева,1979-10-14,8 456 522 03 68,firs95@example.org,Шымкент,2025-05-04 11:03:06
735,Милан,Ермаков,1959-11-30,+74773244913,vjacheslav13@example.net,Актобе,2025-08-07 08:15:11
736,Симон,Лукина,1960-02-07,80883070534,cmartinova@example.net,Тараз,2026-04-16 02:32:27
737,Владлен,Зимина,1976-08-18,+7 176 741 24 15,kononovefrem@example.net,Алматы,2025-09-06 12:57:50
738,Афиноген,Лапин,1959-05-26,8 478 150 6185,fedosinesterov@example.net,Шымкент,2025-07-02 16:00:39
739,Анатолий,Русакова,1987-02-09,+7 329 633 4727,polinabobrova@example.org,Павлодар,2025-11-29 03:41:01
740,Евстафий,Анисимова,2001-02-09,8 (306) 178-9320,qvlasova@example.net,Шымкент,2025-05-20 05:46:18
741,Натан,Дмитриева,1984-03-04,8 782 434 7769,tihon_74@example.org,Алматы,2026-02-04 23:31:14
742,Ефим,Цветков,2006-02-27,+76753612751,irina_62@example.com,Караганда,2025-05-28 20:25:55
743,Селиван,Цветкова,1974-03-16,+7 (044) 836-0854,ostap_67@example.com,Павлодар,2025-09-16 07:34:28
744,Нифонт,Галкин,2003-03-24,+77350476392,elise_2013@example.org,Тараз,2025-10-16 09:28:25
745,Юрий,Николаева,1969-06-06,88006155810,epifan_1990@example.org,Тараз,2025-06-23 08:20:57
746,Глеб,Филатова,1981-05-18,+7 (425) 563-8300,simonovasvetlana@example.org,Тараз,2025-08-22 05:51:33
747,Сидор,Евсеев,1996-03-16,+7 244 033 0416,vbelousov@example.com,Астана,2026-02-18 21:49:16
748,Борислав,Степанов,1954-08-05,8 008 921 96 39,ljubomir68@example.net,Алматы,2026-04-01 06:32:04
749,Азарий,Елисеев,1966-03-15,+7 (149) 764-6136,klavdi_1997@example.net,Шымкент,2025-06-22 15:17:54
750,Творимир,Петрова,1964-06-30,+7 765 817 3906,prokofifomin@example.com,Алматы,2026-02-10 05:02:26
751,Феоктист,Рябов,1987-08-05,8 211 823 7931,militsagorbacheva@example.com,Астана,2026-01-09 23:01:56
752,Станимир,Воронова,1999-01-03,+7 (074) 645-2059,akomissarova@example.com,Усть-Каменогорск,2025-08-06 21:22:15
753,Зоя,Гаврилов,1994-02-06,8 (875) 357-78-81,rodionovbazhen@example.com,Павлодар,2026-01-05 06:54:15
754,Владимир,Белякова,1951-02-05,8 (123) 710-6728,visheslav2012@example.net,Усть-Каменогорск,2025-10-28 19:53:01
755,Панкрат,Лаврентьев,1950-11-05,+7 644 859 59 22,stanimir39@example.net,Актобе,2025-10-01 01:39:39
756,Мокей,Семенова,1985-05-15,8 (735) 228-70-56,viktorijavoronova@example.org,Астана,2025-07-15 22:26:13
757,Аверкий,Ефремов,1990-12-29,+7 (187) 510-9792,shestakovfedot@example.org,Павлодар,2025-09-04 06:25:58
758,Мечислав,Матвеева,1951-02-16,+7 (446) 945-9648,anastasija_2007@example.org,Актобе,2025-06-05 06:45:22
759,Христофор,Тимофеев,1956-04-12,+7 (424) 912-8965,ninel97@example.org,Усть-Каменогорск,2026-01-11 14:38:15
760,Давыд,Иванов,1995-09-29,+7 (192) 227-0510,raisakonstantinova@example.com,Актобе,2025-11-13 20:34:13
761,Парамон,Казакова,1977-08-31,+78138666754,lukjan_1999@example.net,Караганда,2025-05-10 20:30:32
762,Ермил,Колобова,1959-12-11,+72687741865,alevtinaknjazeva@example.com,Алматы,2025-09-23 17:18:37
763,Рубен,Воронцова,1989-03-03,8 398 365 20 37,stepan_30@example.net,Караганда,2025-04-26 04:50:14
764,Леонид,Прохоров,1955-10-07,8 480 940 4760,kir09@example.org,Караганда,2025-08-18 06:37:14
765,Майя,Шашкова,1977-08-13,87727810509,darjabespalova@example.org,Шымкент,2026-02-15 05:24:16
766,Борис,Дьячков,1998-09-07,+7 070 518 43 90,evgenija_52@example.net,Актобе,2026-02-13 23:41:03
767,Марина,Сысоева,1971-07-21,+7 660 138 2412,anike1985@example.org,Тараз,2025-08-13 15:01:53
768,Зинаида,Морозова,1974-01-16,+7 448 515 7919,bronislav1976@example.org,Алматы,2025-06-08 19:31:25
769,Добромысл,Трофимова,1955-04-27,8 902 035 7134,vlasnikiforov@example.org,Павлодар,2025-11-02 09:09:21
770,Натан,Кудряшова,1966-12-16,+72956334324,ija74@example.org,Шымкент,2025-06-30 10:46:58
771,Селиван,Рогов,1983-11-15,8 872 096 2893,pshubin@example.net,Караганда,2025-09-17 20:58:43
772,Константин,Аксенов,1970-02-26,8 (841) 834-3740,miheevdorofe@example.com,Тараз,2025-11-03 11:58:17
773,Вышеслав,Колобов,1984-05-05,8 969 051 5026,mark1988@example.org,Павлодар,2025-05-21 04:58:51
774,Дорофей,Якушева,1971-01-27,+7 (782) 079-79-96,pblohin@example.com,Алматы,2026-03-23 21:24:52
775,Мария,Дементьев,1985-02-28,8 (640) 381-66-49,bnikitina@example.org,Алматы,2025-10-09 15:02:59
776,Соломон,Миронов,2003-10-22,88392250142,ratmir_62@example.com,Астана,2025-10-18 18:24:31
777,Август,Александрова,1958-11-11,+7 (441) 233-61-32,fekla_1991@example.com,Тараз,2026-03-24 00:38:10
778,Гордей,Пахомов,1956-02-07,8 (637) 673-1625,militsamamontova@example.com,Павлодар,2025-12-02 19:39:10
779,Кондрат,Нестерова,1989-06-11,8 968 157 90 39,zhannafomina@example.com,Павлодар,2025-12-01 21:39:39
780,Матвей,Козлова,1998-01-21,89613273034,vgerasimov@example.com,Павлодар,2026-01-23 18:11:53
781,Валентина,Денисов,1974-12-31,+74670462268,abramovboris@example.com,Астана,2025-08-13 15:39:57
782,Жанна,Емельянова,1956-03-10,8 025 298 67 07,xsazonov@example.org,Алматы,2025-09-27 12:21:48
783,Лазарь,Якушев,1965-04-23,+7 978 575 85 12,wbeljaeva@example.com,Шымкент,2025-08-27 08:14:50
784,Евдокия,Яковлев,1959-01-11,8 943 897 6074,ilinapelageja@example.com,Усть-Каменогорск,2026-02-28 10:03:08
785,Михей,Комаров,2001-11-17,8 465 408 4245,cmorozov@example.com,Тараз,2026-03-12 08:13:55
786,Лаврентий,Анисимова,1952-05-16,+7 508 632 18 12,polinagorbunova@example.com,Павлодар,2025-05-27 10:37:07
787,Мечислав,Меркушева,1976-11-15,83897015502,shcherbakovsolomon@example.net,Астана,2026-03-17 04:21:12
788,Богдан,Муравьев,2004-02-06,+76602416139,lazar98@example.net,Павлодар,2025-07-26 17:03:45
789,Илья,Тихонова,1996-08-24,8 973 642 4809,lodintsova@example.net,Павлодар,2025-12-07 21:52:00
790,Кондратий,Некрасов,1950-08-08,+7 (062) 447-9513,adamrogov@example.com,Астана,2025-11-12 16:52:24
791,Ефрем,Гусев,1985-10-08,87969586780,matve_55@example.com,Актобе,2025-09-23 22:00:05
792,Георгий,Стрелков,1999-11-11,8 (382) 646-09-17,mechislav_1974@example.net,Тараз,2026-02-06 20:35:36
793,Тарас,Гришин,1967-12-10,8 770 299 2959,wnikonov@example.org,Тараз,2025-07-18 06:23:23
794,Полина,Лыткина,1966-10-10,8 (368) 269-11-63,venediktdrozdov@example.com,Шымкент,2026-02-19 19:05:36
795,Денис,Ситникова,1959-07-15,8 865 369 45 51,sila_88@example.com,Астана,2025-05-22 21:05:45
796,Зиновий,Гришина,1973-09-27,8 (472) 264-08-57,antoninablinova@example.net,Караганда,2025-11-15 06:47:02
797,Валентина,Дьячков,2006-10-25,8 309 329 98 19,bfomicheva@example.com,Тараз,2026-04-10 01:00:01
798,Юлиан,Чернов,1959-12-18,8 (150) 968-83-27,marija_32@example.com,Шымкент,2025-09-06 13:40:31
799,Лукия,Князева,1961-11-23,+7 (410) 397-73-97,demjanturov@example.com,Астана,2025-07-23 23:22:26
800,Сидор,Тимофеева,1956-10-02,85237100687,ybaranov@example.com,Актобе,2025-06-19 02:08:51
801,Казимир,Вишнякова,1991-11-01,+7 980 770 46 05,gpanova@example.net,Шымкент,2025-07-08 19:53:42
802,Анна,Бобылев,1975-03-02,+7 124 912 56 52,svjatopolknikitin@example.com,Шымкент,2025-12-13 03:57:14
803,Валерий,Прохоров,1987-07-19,+7 773 454 75 74,cheslav02@example.org,Астана,2026-02-12 10:54:31
804,Станимир,Игнатьев,1951-10-24,8 954 429 4774,vasilisakulikova@example.net,Усть-Каменогорск,2025-07-01 00:18:36
805,Кузьма,Гришина,1972-08-04,+7 (039) 429-0458,onufri_1996@example.org,Усть-Каменогорск,2025-10-20 09:32:40
806,Мечислав,Никифорова,1959-05-08,8 (585) 672-8727,qnovikov@example.org,Тараз,2026-01-12 17:48:45
807,Мефодий,Савельев,1968-03-31,+7 (249) 135-7790,zosima_2011@example.com,Тараз,2026-03-24 20:33:11
808,Виктория,Голубев,1973-06-03,+7 581 488 81 07,iosif_1983@example.net,Усть-Каменогорск,2025-06-20 20:12:48
809,Добромысл,Маслова,2004-08-13,+7 (372) 094-8413,lihachevvlas@example.net,Усть-Каменогорск,2025-05-19 17:39:45
810,Лазарь,Ильин,1962-05-10,+7 (997) 718-0513,viktor1994@example.com,Актобе,2025-10-11 22:51:59
811,Евстафий,Медведев,1981-10-07,+7 (974) 909-6173,avgust1984@example.com,Актобе,2026-02-26 11:31:09
812,Эмиль,Потапов,1978-11-17,+7 (587) 844-48-35,evfrosinija88@example.com,Алматы,2025-12-08 21:37:13
813,Ярослав,Бобылев,1956-10-09,+7 (705) 877-22-16,valentin75@example.net,Астана,2025-09-06 21:31:40
814,Жанна,Комарова,1998-01-06,+7 (133) 484-5871,julian39@example.net,Усть-Каменогорск,2025-08-21 18:23:58
815,Герман,Юдин,1959-05-19,8 229 258 79 64,kallistratvoronov@example.com,Алматы,2025-10-15 17:19:52
816,Моисей,Калинин,1968-01-26,8 574 696 6060,progov@example.org,Тараз,2025-05-15 07:26:32
817,Ратибор,Наумова,1966-03-19,+7 (344) 505-6658,nonna_1981@example.org,Актобе,2026-03-12 05:09:47
818,Ян,Новикова,1975-11-01,+71132579706,ipat1985@example.net,Астана,2025-05-23 00:22:24
819,Фрол,Ситников,1953-09-30,+7 548 574 1721,fevronija_62@example.org,Павлодар,2025-12-18 01:28:56
820,Харитон,Моисеев,1983-08-10,8 (173) 598-4884,kudrjavtsevaangelina@example.net,Алматы,2025-10-19 21:58:25
821,Лукия,Овчинникова,1968-07-08,8 732 573 7553,irakli90@example.org,Караганда,2025-10-14 21:00:37
822,Виссарион,Тимофеева,1974-02-18,8 708 085 09 60,makar_2014@example.com,Усть-Каменогорск,2025-08-26 02:02:06
823,Кондрат,Захарова,1969-08-31,+7 191 818 28 19,julian2006@example.org,Шымкент,2025-11-03 22:16:14
824,Полина,Куликов,1994-10-20,8 477 251 29 57,emilija_2008@example.com,Усть-Каменогорск,2025-05-17 05:53:35
825,Адриан,Брагин,1983-08-23,+7 960 035 6243,tverdislav_73@example.net,Тараз,2025-06-02 09:53:45
826,Мина,Корнилова,2001-05-14,82323421089,guljaevavasilisa@example.net,Астана,2026-01-25 15:05:31
827,Милен,Тетерина,1954-04-29,8 333 426 4335,kudrjavtsevaninel@example.org,Шымкент,2025-11-05 03:55:34
828,Назар,Зайцев,1976-01-22,+7 (607) 763-3691,litkindemid@example.net,Караганда,2025-05-08 10:01:10
829,Фока,Воронова,1980-04-06,+7 (317) 955-63-31,miroslav_1996@example.net,Усть-Каменогорск,2026-01-23 00:42:03
830,Вениамин,Сысоева,1976-10-23,+7 666 155 4164,borislavkulagin@example.net,Шымкент,2025-10-10 20:53:47
831,Никита,Носова,1977-08-24,+75023290282,olimpiadafadeeva@example.org,Тараз,2025-09-11 12:57:48
832,Аркадий,Рябова,1996-11-05,+75962622822,venedikt_20@example.com,Актобе,2026-04-14 16:58:46
833,Елизар,Костин,1973-09-20,8 495 005 0702,itarasov@example.com,Павлодар,2025-09-20 16:10:21
834,София,Полякова,1992-03-19,+7 (210) 531-61-17,pavel2018@example.net,Тараз,2026-02-17 23:43:25
835,Потап,Федотов,2000-01-04,+7 477 425 8591,semen2012@example.net,Алматы,2026-01-11 20:58:26
836,Евсей,Максимов,1963-01-11,+7 (231) 164-91-33,dobroslav45@example.net,Тараз,2026-02-23 17:19:00
837,Роман,Денисова,1984-07-28,8 (942) 565-2906,evseevaevpraksija@example.org,Тараз,2025-05-18 19:31:53
838,Агафон,Дмитриев,1987-02-12,+7 (265) 097-7539,nlihachev@example.com,Павлодар,2025-05-29 22:02:52
839,Януарий,Назаров,1981-12-20,+7 485 524 57 87,agafonovmefodi@example.net,Актобе,2025-08-11 13:37:49
840,Каллистрат,Гусев,1995-08-30,8 082 137 11 84,ljubovtimofeeva@example.com,Шымкент,2026-01-29 06:52:30
841,Поликарп,Титова,2007-05-26,+7 826 832 30 35,emil_2013@example.net,Астана,2025-08-30 16:20:52
842,Тарас,Богданова,1953-01-12,8 (583) 825-2129,georgipotapov@example.net,Шымкент,2025-12-05 12:42:52
843,Парамон,Гришина,1962-01-13,+7 646 867 7524,vorobevazoja@example.net,Тараз,2026-04-14 05:53:05
844,Федор,Денисова,1968-05-19,89106227236,nainakarpova@example.net,Павлодар,2025-08-21 16:45:28
845,Евлампий,Чернов,1998-09-13,+7 342 619 23 72,sinklitikija50@example.net,Астана,2025-06-12 07:06:18
846,Викторин,Голубева,1968-05-09,+7 973 741 89 72,bobilevmatve@example.com,Павлодар,2025-08-21 10:42:03
847,Андрон,Фадеев,1998-11-29,+71769274381,gureverast@example.net,Тараз,2025-12-29 02:58:49
848,Митофан,Трофимов,2000-09-24,8 (660) 144-48-56,mir10@example.org,Шымкент,2026-03-05 00:37:12
849,Любовь,Калашникова,1978-06-21,87396417899,hfrolova@example.net,Астана,2026-01-08 11:07:34
850,Наум,Михайлов,1985-03-16,81911359966,konovalovaninel@example.com,Павлодар,2025-12-30 02:34:34
851,Филипп,Ситникова,1980-08-17,8 603 920 51 46,artemevaoksana@example.com,Тараз,2025-11-06 16:38:41
852,Мирон,Нестерова,1989-12-03,8 347 057 4238,anzhelika_1988@example.com,Тараз,2025-04-30 07:06:34
853,Прасковья,Игнатов,1995-08-09,+7 (715) 598-35-41,kabanovonufri@example.com,Шымкент,2025-08-21 04:01:44
854,Януарий,Соколова,1987-05-26,8 347 557 52 25,makarovaevdokija@example.net,Тараз,2025-07-15 09:36:32
855,Леонид,Одинцова,1979-08-31,8 (488) 269-1311,qartemeva@example.org,Усть-Каменогорск,2026-02-14 18:16:55
856,Людмила,Федосеев,1981-03-18,8 261 499 15 37,nikolaevataisija@example.org,Караганда,2025-07-06 18:48:25
857,Галина,Хохлов,1951-11-02,+7 (333) 732-0430,porfiri1993@example.net,Шымкент,2025-06-15 15:23:26
858,Ферапонт,Блинов,1974-03-23,8 (969) 645-4655,luchezarpotapov@example.com,Актобе,2025-05-23 04:25:09
859,Бажен,Субботина,1990-07-07,8 389 218 7851,milenterentev@example.net,Астана,2026-03-17 03:49:53
860,Анжела,Турова,1982-06-12,+7 (749) 079-7796,pestovdanila@example.org,Алматы,2025-11-06 09:11:58
861,Федот,Самсонов,1982-09-24,+7 572 151 4940,petr2009@example.org,Тараз,2026-01-05 06:48:58
862,Николай,Горбунов,1988-09-10,+78453986289,averjan_90@example.net,Шымкент,2026-03-29 13:45:40
863,Раиса,Терентьев,1984-05-19,+7 918 623 39 22,kulaginapolina@example.net,Павлодар,2025-12-11 03:55:44
864,Виссарион,Нестеров,1955-06-23,8 966 672 52 14,demjan_64@example.com,Шымкент,2025-06-22 02:55:42
865,Будимир,Фомин,1965-06-01,+7 (351) 571-8409,naumovaanastasija@example.net,Шымкент,2025-07-02 10:47:42
866,Мстислав,Пономарев,1960-01-30,8 (005) 640-9951,evdokijakalashnikova@example.net,Усть-Каменогорск,2026-01-28 07:06:04
867,Сигизмунд,Громов,1981-05-08,8 129 592 7282,amvrosi2005@example.net,Павлодар,2025-05-10 04:25:53
868,Виссарион,Кабанова,2004-06-30,+71529821739,emilijarusakova@example.com,Караганда,2025-09-11 16:42:18
869,Радован,Бобылева,1988-07-02,8 718 153 52 37,olimpivolkov@example.com,Актобе,2025-10-12 17:25:14
870,Аристарх,Гордеева,2007-04-14,8 (918) 158-99-88,ibeljakova@example.net,Усть-Каменогорск,2026-02-09 09:58:57
871,Евстигней,Воронцов,1968-11-19,8 (346) 666-17-07,markovfeliks@example.com,Караганда,2025-07-23 02:15:14
872,Юлиан,Гуляев,1968-01-19,+70803149982,nonna_08@example.org,Усть-Каменогорск,2025-08-21 09:38:18
873,Анисим,Пестова,1967-11-17,+7 (580) 688-2850,valerjanribakov@example.org,Караганда,2026-04-09 06:50:24
874,Ефрем,Третьякова,1968-11-19,+7 (739) 900-6314,lihachevazhanna@example.net,Усть-Каменогорск,2025-09-13 01:42:53
875,Максимильян,Казаков,2007-07-24,+7 (560) 229-3946,elizar46@example.net,Актобе,2025-10-19 12:21:28
876,Автоном,Никонов,1998-01-28,8 437 490 60 72,askoldkabanov@example.org,Павлодар,2026-02-19 09:49:49
877,Виктор,Филиппов,2002-08-21,8 (128) 524-64-84,filaret41@example.org,Павлодар,2025-11-04 12:37:07
878,Николай,Агафонова,2001-09-03,+7 (187) 328-0771,danilovandre@example.com,Караганда,2025-06-25 03:40:48
879,Доброслав,Сергеев,1994-07-15,+7 369 572 79 08,epifanvladimirov@example.com,Шымкент,2026-02-28 09:27:57
880,Аникей,Сорокина,1951-02-18,+7 (542) 573-06-62,silanti13@example.org,Актобе,2026-03-28 06:09:22
881,Агата,Колесников,1969-10-15,8 (071) 398-48-22,lukjan_1973@example.net,Усть-Каменогорск,2025-05-13 11:32:22
882,Артемий,Зыков,1980-05-09,+7 925 502 1306,vorontsovaanastasija@example.com,Тараз,2026-03-28 16:32:56
883,Татьяна,Яковлева,1957-03-31,+7 (098) 107-9649,vmjasnikov@example.org,Астана,2025-11-24 13:52:58
884,Елена,Иванова,1985-11-03,8 772 785 3242,kkopilov@example.com,Астана,2026-01-24 11:55:34
885,Нонна,Волков,1975-05-08,+72076836253,aodintsov@example.com,Астана,2025-08-11 22:10:06
886,Наталья,Лихачев,1976-01-20,8 755 562 83 33,filaretgrigorev@example.net,Шымкент,2026-02-13 13:57:10
887,Василиса,Капустина,1986-03-15,8 (865) 436-27-18,ladimir2020@example.net,Усть-Каменогорск,2025-08-07 03:47:16
888,Остромир,Орлов,1961-11-15,8 826 862 7036,iraidakononova@example.net,Шымкент,2026-04-09 19:15:14
889,Феоктист,Шилова,1959-05-07,8 932 657 32 75,nina_2005@example.org,Павлодар,2026-03-11 23:06:19
890,Евпраксия,Григорьев,1995-12-14,+7 000 515 53 23,artemi59@example.com,Караганда,2025-05-28 20:01:15
891,Фортунат,Щукина,1998-05-07,8 (524) 418-22-26,lukinjan@example.com,Усть-Каменогорск,2026-03-06 09:24:52
892,Гордей,Куликова,1982-05-05,8 (431) 271-02-67,kpestov@example.org,Тараз,2026-04-01 18:32:08
893,Фрол,Власова,2007-08-07,8 799 270 7955,doroninmoise@example.org,Алматы,2026-04-19 13:48:56
894,Демьян,Дорофеев,1986-07-03,8 213 541 59 70,xshirjaev@example.com,Алматы,2025-10-01 08:18:29
895,Евдоким,Васильева,1966-07-25,8 (075) 203-4476,andron_47@example.net,Тараз,2025-09-24 04:24:26
896,Болеслав,Харитонов,1982-04-13,+7 (909) 046-37-66,shubinairaida@example.net,Павлодар,2025-07-23 18:47:58
897,Назар,Агафонов,1971-08-01,8 (665) 254-8374,boris71@example.net,Тараз,2025-05-24 21:48:23
898,Лучезар,Дементьева,1979-10-26,+7 021 312 51 29,bojanknjazev@example.org,Алматы,2025-07-19 10:02:29
899,Авксентий,Воронова,1951-02-01,8 912 975 1910,evpraksijarusakova@example.net,Астана,2025-08-24 23:32:48
900,Болеслав,Давыдов,1955-08-17,+7 063 301 65 83,evstafi2009@example.com,Тараз,2026-03-15 02:52:42
901,Эрнест,Кудряшова,1961-02-05,+79072801234,sofijaignateva@example.org,Шымкент,2026-02-24 13:23:26
902,Кира,Крылов,1991-01-28,+7 325 326 94 96,alla_1986@example.com,Алматы,2025-06-15 15:42:35
903,Ипатий,Муравьева,1970-04-21,+7 (804) 421-0175,orehovanina@example.org,Усть-Каменогорск,2025-08-12 15:05:54
904,Евдокия,Жданова,2002-06-06,8 (015) 959-19-45,miron2011@example.com,Шымкент,2026-01-18 13:02:59
905,Моисей,Лебедева,1967-09-21,8 (583) 392-05-67,ljubosmisl2021@example.com,Усть-Каменогорск,2026-02-11 22:06:02
906,Ростислав,Мишина,2002-06-16,8 (226) 602-56-26,agafon_62@example.org,Алматы,2025-10-14 10:27:26
907,Христофор,Фомичева,1960-12-22,+7 067 245 30 76,klavdijanikonova@example.net,Астана,2026-04-10 00:23:32
908,Клавдий,Панов,1961-04-29,87662705115,juvenali1986@example.org,Актобе,2025-04-30 14:19:03
909,Спартак,Бурова,1978-12-22,+7 (670) 425-4969,moiseevvladislav@example.net,Шымкент,2025-07-15 23:14:11
910,Кондрат,Федосеев,1992-05-05,+7 (597) 107-56-33,zinaida_35@example.net,Павлодар,2025-11-22 08:24:53
911,Савелий,Кириллова,1966-07-31,8 953 259 3993,selivanvorontsov@example.com,Актобе,2025-06-05 09:31:30
912,Адам,Исаев,1979-12-11,+7 629 518 77 94,savelevnikita@example.org,Актобе,2025-07-24 12:09:21
913,Ульяна,Жданов,1991-08-07,8 073 305 5978,iraidapestova@example.com,Алматы,2025-06-09 12:53:51
914,Святослав,Исаев,1985-05-21,8 (339) 914-0388,ipat66@example.net,Павлодар,2025-07-24 19:36:21
915,Автоном,Кириллов,1965-06-12,+7 (400) 615-72-76,gleb_2003@example.com,Усть-Каменогорск,2025-12-27 08:39:01
916,Велимир,Самсонова,1966-03-05,+73974292501,bespalovalidija@example.net,Астана,2025-05-17 14:35:37
917,Самсон,Зиновьев,1958-07-13,8 806 562 59 04,feofan_90@example.net,Усть-Каменогорск,2026-03-14 03:41:00
918,Аполлон,Воронова,1991-11-29,+7 (711) 221-82-31,mir_51@example.com,Алматы,2025-12-10 23:11:58
919,Мефодий,Назарова,1954-05-05,8 808 662 81 37,valerijafadeeva@example.com,Караганда,2025-12-24 15:26:08
920,Зосима,Архипов,1953-08-02,8 (003) 700-3322,luchezar_1988@example.net,Шымкент,2026-01-27 06:30:25
921,Дарья,Вишняков,1951-06-04,+77068103903,fortunatemeljanov@example.org,Павлодар,2025-08-14 08:02:25
922,Милен,Котова,1954-12-26,8 826 328 0944,mstislav_1998@example.org,Тараз,2025-04-23 19:46:09
923,Егор,Лукина,1985-07-20,8 354 614 7079,uljana_1992@example.org,Павлодар,2025-07-25 15:24:35
924,Вениамин,Михайлов,1972-10-12,+7 339 439 45 70,ferapontbelozerov@example.com,Астана,2025-07-04 23:04:50
925,Ерофей,Соловьева,1951-09-09,+7 325 376 5769,pelagejaarhipova@example.net,Тараз,2025-11-12 12:25:05
926,Эдуард,Дроздов,1996-06-02,+7 (191) 009-0040,prokl69@example.org,Алматы,2025-05-19 12:00:20
927,Валерий,Киселев,1971-08-28,+7 (651) 460-4014,ivannapanova@example.org,Усть-Каменогорск,2025-09-21 20:28:52
928,Виссарион,Самойлова,1987-03-28,+7 720 113 7984,azari97@example.org,Павлодар,2025-05-10 02:57:31
929,Наина,Исакова,1959-03-14,+7 660 076 76 20,prohorovaangelina@example.com,Актобе,2025-09-15 04:37:08
930,Лора,Воронцов,1992-01-02,+7 (404) 337-0096,klavdija_1997@example.org,Алматы,2026-02-07 10:41:02
931,Людмила,Молчанова,1993-05-17,+75195778255,timur_1978@example.net,Астана,2025-09-08 21:32:41
932,Алла,Шубин,1973-11-30,86575427865,mzaharov@example.com,Караганда,2025-09-04 02:58:50
933,Всеслав,Харитонов,2003-12-11,8 (782) 058-29-58,uljanakudrjavtseva@example.org,Астана,2026-02-01 20:41:38
934,Иванна,Вишняков,1955-01-18,8 188 081 90 48,elizavetazimina@example.net,Тараз,2026-02-16 20:06:09
935,Марк,Смирнова,1957-02-01,8 868 639 5613,german2016@example.org,Алматы,2025-06-14 00:39:22
936,Людмила,Смирнов,2002-02-11,8 (172) 143-6438,seliverstovevgraf@example.org,Тараз,2025-09-07 00:51:13
937,Аггей,Семенов,1967-06-19,+7 (211) 471-6560,mefodi65@example.org,Шымкент,2026-03-05 03:38:26
938,Лазарь,Гордеев,1986-03-23,8 (990) 707-55-04,nestor2012@example.org,Усть-Каменогорск,2026-03-11 16:55:30
939,Панфил,Власова,1984-05-12,8 706 071 7481,nikolaevvalentin@example.com,Усть-Каменогорск,2026-01-18 06:41:10
940,Натан,Галкина,1969-11-16,87054873961,ziminavasilisa@example.net,Шымкент,2025-12-24 13:23:36
941,Евдокия,Логинова,1951-12-12,8 (718) 274-9680,foti18@example.com,Шымкент,2026-03-04 08:53:42
942,Демид,Шарапова,1976-07-04,+7 (049) 561-21-37,ipat1970@example.net,Усть-Каменогорск,2025-05-17 17:19:41
943,Валентина,Щукина,1960-07-20,8 042 359 73 71,sergeevvisheslav@example.org,Актобе,2025-05-07 13:54:09
944,Оксана,Фомичева,1985-05-30,+7 775 608 5816,anani1985@example.net,Алматы,2025-07-10 12:09:10
945,Клавдия,Сазонов,1954-03-11,+7 457 683 21 02,drozdovdorofe@example.net,Караганда,2026-02-24 10:51:39
946,Евсей,Рожков,1988-07-31,8 (584) 712-9618,zhukovaevpraksija@example.org,Алматы,2026-04-02 05:21:12
947,Ладимир,Федотов,1993-08-12,8 050 801 84 98,antonovavera@example.com,Актобе,2025-08-23 18:45:17
948,Илья,Кононова,1978-03-04,+7 (377) 731-2688,kulikovvladimir@example.net,Павлодар,2025-11-09 08:54:42
949,Галактион,Кононова,1994-06-02,8 (819) 236-53-46,sitnikovanina@example.org,Усть-Каменогорск,2026-03-05 21:19:26
950,Любим,Логинова,1973-03-13,+7 (567) 932-7986,zhannamoiseeva@example.net,Алматы,2025-07-30 14:14:38
951,Константин,Соколова,1995-02-24,8 906 181 20 54,dshilov@example.net,Караганда,2026-02-09 18:22:07
952,Матвей,Кошелев,1998-10-25,85478769899,olimpiadashirjaeva@example.org,Тараз,2025-08-12 07:56:07
953,Иванна,Смирнова,2006-11-15,8 (891) 444-4983,ljubomir_39@example.org,Алматы,2026-03-24 00:54:07
954,Милен,Меркушева,1968-01-28,8 864 496 3924,mitofankulakov@example.net,Тараз,2026-03-25 11:00:48
955,Фадей,Носков,1962-03-02,8 (982) 143-39-52,mstislav1983@example.com,Астана,2025-08-07 07:45:07
956,Майя,Потапов,2004-05-23,8 (852) 491-41-68,eivanov@example.org,Тараз,2026-02-27 15:35:59
957,Ираклий,Бобылева,1979-01-08,8 (948) 963-4067,muhinpolikarp@example.com,Павлодар,2025-10-09 21:52:14
958,Лонгин,Журавлев,1958-05-31,+7 500 141 88 42,strelkovpanfil@example.org,Усть-Каменогорск,2026-02-05 21:19:06
959,Андрон,Константинова,1988-08-09,+7 015 944 6333,ustin53@example.org,Павлодар,2026-04-05 15:48:51
960,Азарий,Титова,1984-03-09,+7 (263) 890-2199,svjatoslav11@example.org,Шымкент,2025-09-01 21:14:20
961,Орест,Зуев,1964-05-06,82234103469,nrozhkov@example.org,Усть-Каменогорск,2025-11-01 22:08:16
962,Варлаам,Терентьева,1955-01-24,8 (726) 960-84-37,heliseeva@example.com,Актобе,2025-09-12 21:06:36
963,Любим,Волков,1979-04-02,86793521962,naksenov@example.com,Астана,2026-02-28 08:25:48
964,Милован,Корнилов,1966-03-17,+73697093170,wsergeeva@example.com,Павлодар,2026-01-30 14:04:39
965,Наум,Волков,1978-10-13,8 (616) 453-45-47,glafirapoljakova@example.net,Павлодар,2025-05-23 20:50:29
966,Анжела,Павлова,1985-01-21,+7 (065) 031-2198,maksimovaanzhelika@example.net,Шымкент,2025-12-13 04:27:37
967,Ираклий,Лихачев,1958-12-14,+7 (642) 364-28-13,orehovantonin@example.net,Актобе,2025-11-21 01:22:42
968,Валерия,Сафонова,1995-10-18,+7 (487) 623-03-91,mamontovvarlaam@example.com,Астана,2025-08-25 23:05:46
969,Юлия,Ефимов,1981-04-11,8 (852) 282-30-52,solomon08@example.net,Тараз,2025-05-24 07:29:05
970,Арефий,Устинов,1958-02-18,+7 722 395 9473,demid2009@example.net,Актобе,2026-01-04 21:24:08
971,Ипат,Марков,1987-06-09,+7 162 047 8768,marfa_1992@example.net,Усть-Каменогорск,2025-08-20 05:56:13
972,Рубен,Блохина,1987-11-09,8 (599) 648-6287,aleksandraershova@example.org,Павлодар,2025-12-13 06:01:45
973,Эмиль,Зиновьев,1999-02-21,+7 966 645 05 73,rjabovanina@example.net,Усть-Каменогорск,2025-06-26 22:25:49
974,Полина,Анисимов,1976-05-27,82463203747,tteterin@example.com,Усть-Каменогорск,2025-09-06 17:50:38
975,Мокей,Устинова,1962-03-07,+7 (603) 214-50-57,plavrenteva@example.com,Тараз,2025-05-09 15:58:02
976,Бажен,Полякова,1967-05-11,8 (870) 715-5348,agafjakomarova@example.org,Павлодар,2025-12-18 00:01:11
977,Олимпиада,Третьякова,1982-11-18,+7 083 850 7659,milan2005@example.com,Алматы,2025-08-07 20:13:48
978,Модест,Орлов,1996-10-11,81776808981,marinasuhanova@example.net,Павлодар,2025-05-22 08:37:22
979,Любовь,Бобылев,1992-09-24,+72231964630,antonovaagafja@example.org,Шымкент,2025-09-11 07:29:37
980,Евлампий,Дьячков,1983-04-30,8 268 943 01 20,militsa71@example.org,Шымкент,2025-05-05 07:26:24
981,Руслан,Красильникова,2007-03-21,8 (117) 595-74-98,oksana_1988@example.net,Усть-Каменогорск,2026-03-18 19:21:35
982,Макар,Воробьева,1959-05-02,88493306745,ladimir_1998@example.net,Шымкент,2025-05-06 17:32:18
983,Онуфрий,Орлов,2005-07-13,+74128333721,silanti_1990@example.net,Караганда,2025-05-19 07:50:56
984,Нифонт,Дьячков,1983-03-03,+71329715066,atimofeev@example.com,Тараз,2026-02-19 13:28:40
985,Амвросий,Харитонов,2004-09-08,+7 437 769 36 63,ilja92@example.com,Павлодар,2025-09-10 20:40:36
986,Гордей,Полякова,1969-04-13,8 111 102 86 71,allasmirnova@example.com,Алматы,2025-11-29 12:17:30
987,Демьян,Голубев,1958-01-18,8 591 024 5109,volkovjuri@example.org,Шымкент,2025-12-14 05:04:52
988,Евдоким,Елисеева,1960-03-01,8 714 949 81 94,angelinasuvorova@example.net,Усть-Каменогорск,2026-01-11 22:30:20
989,Казимир,Веселов,1987-08-18,8 (179) 340-6527,miron2023@example.com,Тараз,2025-09-14 06:49:42
990,Куприян,Суханова,1991-03-28,8 634 533 72 20,semenovfrol@example.org,Астана,2025-10-12 15:00:09
991,Гедеон,Рябов,2008-03-16,+7 (214) 559-37-66,teterinustin@example.net,Шымкент,2025-12-02 02:31:38
992,Фрол,Елисеев,2004-09-05,+7 (705) 263-5100,nikita27@example.com,Тараз,2025-11-14 20:06:44
993,Василиса,Пестова,1973-05-12,8 725 659 2024,fgerasimov@example.com,Тараз,2025-09-24 19:08:05
994,Гедеон,Михайлов,2001-08-05,+7 (897) 432-6005,juri_55@example.org,Актобе,2025-12-31 11:32:00
995,Василий,Меркушев,1995-01-22,8 (332) 584-8689,platonmamontov@example.net,Астана,2025-07-29 03:44:16
996,Андрон,Буров,2006-03-25,88487045069,muhinpankrati@example.com,Шымкент,2025-05-03 06:43:06
997,Ювеналий,Сергеева,1963-09-14,8 937 440 3946,averki83@example.org,Павлодар,2025-11-03 00:36:55
998,Ефрем,Гущина,1997-12-15,+7 (606) 014-8860,natalja_2014@example.net,Астана,2026-04-13 00:01:18
999,Лев,Шилова,1985-02-14,+7 793 884 1368,demjan_83@example.org,Актобе,2025-08-02 21:07:26
1000,Елизавета,Гордеев,1954-12-05,+7 (701) 242-4462,uisakov@example.org,Усть-Каменогорск,2026-01-21 15:17:47
1001,Митофан,Григорьев,1994-09-07,+74881121031,denis17@example.com,Актобе,2025-07-15 13:07:47
1002,Виталий,Козлова,1994-09-26,8 (781) 794-1515,marijakonstantinova@example.org,Усть-Каменогорск,2026-01-17 17:33:25
1003,Трифон,Сысоева,1964-10-28,+7 911 225 2883,regina2005@example.org,Астана,2025-07-09 22:59:09
1004,Матвей,Артемьева,1972-11-19,8 186 323 97 91,serafimnaumov@example.com,Астана,2025-06-14 22:16:08
1005,Никанор,Носков,1987-07-29,+7 (007) 309-5055,agalkina@example.com,Шымкент,2025-10-15 18:31:54
1006,Ростислав,Романов,1958-01-31,+7 988 192 77 88,vissarion_90@example.net,Усть-Каменогорск,2026-04-07 05:29:03
1007,Лукьян,Емельянов,1968-05-28,8 401 042 46 24,ostap_18@example.com,Тараз,2025-05-27 07:27:27
1008,Афиноген,Лебедева,1968-03-12,+76004521289,denisovvikenti@example.org,Тараз,2026-01-07 13:54:23
1009,Капитон,Шилова,1969-09-01,+7 293 913 04 48,bogdan_2015@example.net,Астана,2026-01-23 18:35:07
1010,Флорентин,Фадеева,1990-05-10,+78416046154,kudrjavtsevaangelina@example.org,Актобе,2025-11-22 19:32:00
1011,Харитон,Кузнецов,1956-07-03,8 (075) 681-42-98,boleslavmironov@example.org,Актобе,2026-04-04 09:00:07
1012,Доброслав,Маркова,2003-07-25,+7 073 228 36 08,florentin37@example.net,Шымкент,2026-03-19 20:27:29
1013,Изот,Ковалев,1975-03-26,86384526969,karp39@example.org,Шымкент,2026-01-24 15:43:49
1014,Лариса,Одинцов,1965-02-05,87016934292,merkushevipat@example.org,Тараз,2026-02-25 10:58:30
1015,Лукия,Федоров,1963-09-12,+7 (016) 234-1903,nikonovagafon@example.com,Караганда,2025-11-06 19:08:09
1016,Вацлав,Федосеев,1962-04-11,+7 (215) 566-84-73,evfrosinijakolesnikova@example.com,Караганда,2025-06-09 08:22:07
1017,Евгений,Фадеева,1988-12-05,+7 (774) 604-0672,sharovaanastasija@example.net,Шымкент,2026-02-24 19:46:32
1018,Ратмир,Богданова,1967-01-28,8 142 442 60 78,safonovradovan@example.com,Усть-Каменогорск,2025-07-24 03:43:47
1019,Лазарь,Никифорова,1963-04-27,+7 (476) 427-3720,svjatoslavblinov@example.org,Тараз,2025-05-03 10:10:24
1020,Устин,Волкова,1987-07-16,+7 (145) 841-48-46,golubevatatjana@example.org,Тараз,2025-11-24 09:02:33
1021,Иларион,Бирюкова,1966-09-17,+7 (899) 827-8020,tatjana_86@example.net,Шымкент,2025-10-21 17:43:36
1022,Матвей,Смирнов,1978-03-17,+7 (146) 449-36-99,valeri_67@example.net,Астана,2025-12-16 20:57:38
1023,Евсей,Брагина,1964-07-05,+7 557 385 7368,pahomovaanzhela@example.org,Актобе,2025-05-18 18:00:19
1024,Феофан,Авдеева,1958-04-03,8 037 681 18 72,ermilrjabov@example.com,Усть-Каменогорск,2025-09-24 20:18:30
1025,Валерий,Богданов,1965-03-08,86149731539,tarasovipati@example.net,Павлодар,2025-11-13 09:01:38
1026,Терентий,Михеева,1986-10-18,+7 (074) 820-7365,beljaevsila@example.net,Павлодар,2026-02-15 22:19:18
1027,Иван,Уварова,1983-09-12,+7 655 782 0190,evdokim22@example.org,Астана,2026-03-08 23:16:04
1028,Нинель,Тарасов,1992-10-15,+7 (332) 470-7392,kovalevaevfrosinija@example.com,Тараз,2025-06-10 21:19:07
1029,Агата,Белякова,2001-05-11,+76212760250,demid_2008@example.com,Астана,2025-12-28 16:13:05
1030,Велимир,Романов,1994-08-24,+7 (126) 163-2488,harlampi_2020@example.net,Усть-Каменогорск,2025-10-14 23:15:17
1031,Максим,Евсеева,1976-08-01,88937629745,ernst30@example.org,Тараз,2026-01-12 08:15:49
1032,Онуфрий,Капустин,1972-02-02,8 (719) 120-3818,nikola2021@example.net,Шымкент,2025-06-12 01:21:13
1033,Лукия,Чернова,1997-09-04,+7 828 323 0898,zhuravlevtimofe@example.net,Шымкент,2026-02-15 09:25:55
1034,Борис,Ларионов,1980-10-05,+7 445 822 06 73,elenaignatova@example.net,Алматы,2025-10-08 05:28:59
1035,Бронислав,Семенова,1958-11-18,8 (168) 157-24-50,fadeevaagafja@example.org,Астана,2026-03-12 02:18:45
1036,Феврония,Казакова,1990-05-19,+7 152 911 3717,anzhelika_1990@example.net,Шымкент,2025-11-10 10:15:01
1037,Пелагея,Кондратьева,1985-05-23,+7 (556) 184-44-21,gedeon_2003@example.net,Шымкент,2025-08-19 07:50:05
1038,Тимур,Пестов,1966-12-18,8 (122) 489-0567,seleznevanina@example.com,Тараз,2025-06-25 02:49:48
1039,Александр,Беляев,1985-01-23,+7 436 551 5848,militsamelnikova@example.net,Караганда,2026-04-21 05:34:36
1040,Виталий,Воронов,1974-04-05,+78355054296,zhdanovaalina@example.net,Актобе,2025-09-04 14:21:26
1041,Рюрик,Киселев,1973-11-24,+7 (699) 879-5098,vasilisagolubeva@example.org,Астана,2026-03-17 17:51:44
1042,Карп,Исаева,1953-01-12,+7 648 188 04 42,savvati_1998@example.org,Караганда,2025-07-29 12:59:57
1043,Софрон,Колесников,1972-03-27,+7 (816) 432-1269,marfa28@example.net,Актобе,2025-12-25 20:20:58
1044,Анжела,Денисова,1988-12-28,+76420362586,vasilinikiforov@example.com,Актобе,2025-06-10 19:51:37
1045,Борис,Стрелков,2000-12-19,8 462 554 02 63,matve_82@example.com,Астана,2025-12-17 20:04:30
1046,Евдоким,Фокина,2000-07-03,+7 176 464 4898,azari_2013@example.net,Шымкент,2025-11-04 09:30:35
1047,Велимир,Зиновьев,1964-04-23,8 (824) 527-9050,zhanna04@example.org,Шымкент,2025-12-09 01:14:35
1048,Елизар,Гордеева,1962-11-04,8 384 951 6321,belovemil@example.com,Тараз,2025-06-28 16:53:38
1049,Степан,Тетерин,1992-02-21,+7 809 339 13 73,militsanoskova@example.com,Алматы,2026-03-16 10:08:14
1050,Зиновий,Федоров,2001-06-27,+7 119 875 6178,jsavina@example.net,Алматы,2026-03-09 16:56:53
1051,Станислав,Константинова,1950-10-17,+7 (300) 915-61-82,agap_1983@example.com,Алматы,2025-05-24 18:14:25
1052,Мариан,Фокин,1987-03-31,8 (449) 160-93-65,vsevolod_01@example.com,Актобе,2025-12-28 07:58:14
1053,Эрнест,Баранов,1997-03-15,8 (941) 843-3687,aleksandr_92@example.com,Караганда,2026-01-01 02:09:35
1054,Евлампий,Александров,1997-07-29,+7 (399) 821-37-45,pankrat_11@example.com,Павлодар,2026-02-15 01:45:52
1055,Анатолий,Аксенова,1993-07-30,+72886050537,bgordeev@example.net,Алматы,2025-12-19 06:22:36
1056,Аникита,Семенова,1990-07-17,+7 260 030 83 56,mvishnjakova@example.org,Актобе,2025-11-02 15:14:23
1057,София,Зайцев,1972-09-17,8 (153) 123-45-50,jvolkova@example.org,Актобе,2025-12-28 12:11:53
1058,Поликарп,Сергеева,1956-08-13,8 (682) 938-44-01,lazarsamsonov@example.net,Караганда,2025-10-27 18:33:38
1059,Аверкий,Костина,1980-12-02,8 (354) 378-82-60,igorjudin@example.com,Павлодар,2026-03-01 17:25:32
1060,Юрий,Воронова,1957-07-04,+7 570 908 59 91,konon92@example.org,Усть-Каменогорск,2025-08-16 17:28:23
1061,Любовь,Лихачев,2007-11-03,82699969964,anastasija_2004@example.net,Алматы,2025-05-21 13:20:47
1062,Олимпиада,Трофимова,1989-07-06,8 (184) 285-96-93,loravorontsova@example.org,Усть-Каменогорск,2025-06-23 14:36:18
1063,Куприян,Волков,1995-02-07,+79932312342,kkonstantinov@example.net,Усть-Каменогорск,2025-10-01 15:03:50
1064,Аполлон,Авдеев,1986-05-25,+7 872 617 6072,leonidshilov@example.net,Караганда,2025-10-20 14:06:11
1065,Зосима,Голубева,1985-07-01,8 953 828 0405,qlavrenteva@example.org,Шымкент,2025-09-02 08:00:47
1066,Вячеслав,Шарапова,1990-08-17,86508269582,rkonovalova@example.org,Тараз,2025-08-22 14:40:07
1067,Ульян,Фадеев,1983-07-16,8 613 087 6123,longin_2002@example.org,Тараз,2026-02-02 08:25:34
1068,Ипатий,Рогова,1961-06-12,+76823948400,olgasitnikova@example.org,Шымкент,2025-09-25 01:29:48
1069,Август,Попов,1989-01-13,8 (696) 610-1683,fedorovevdokim@example.net,Тараз,2026-02-12 15:06:00
1070,Марк,Агафонова,2006-07-16,+7 016 809 4149,gordeevljubim@example.org,Астана,2025-11-09 05:09:04
1071,Радован,Авдеев,1995-03-07,8 (397) 620-5344,samsonovapolina@example.com,Караганда,2025-08-25 03:33:51
1072,Пров,Полякова,1966-08-20,+7 (072) 662-92-50,vadim_2011@example.com,Астана,2025-10-21 09:01:41
1073,Марфа,Егорова,1998-03-20,8 029 914 06 88,artem33@example.org,Усть-Каменогорск,2025-08-05 02:12:19
1074,Радован,Суворов,1955-06-25,+7 (552) 356-17-81,avtonom1981@example.org,Шымкент,2025-07-28 11:57:36
1075,Евфросиния,Ершов,1954-11-13,+7 (061) 363-85-27,trifon2002@example.com,Алматы,2025-05-30 19:32:19
1076,Назар,Николаев,1961-05-08,8 (184) 449-02-95,baranovamarfa@example.com,Павлодар,2025-08-13 22:09:37
1077,Сократ,Беляев,2006-09-30,+7 644 037 34 16,tvorimir1976@example.org,Павлодар,2026-03-24 19:46:46
1078,Ростислав,Селезнева,1996-03-07,8 (221) 021-7982,isaevevlampi@example.com,Шымкент,2025-07-28 15:14:07
1079,Спартак,Доронина,2006-10-13,+7 (985) 797-36-38,vikentijakushev@example.net,Тараз,2026-03-05 03:21:06
1080,Демьян,Макарова,1989-11-02,8 605 397 0798,rkonstantinov@example.org,Тараз,2026-04-20 20:23:01
1081,Радован,Пестов,1990-11-30,8 736 820 50 68,anzhelikaprohorova@example.org,Шымкент,2025-07-05 22:34:14
1082,Дмитрий,Третьяков,1986-10-20,8 216 505 8714,jsorokina@example.net,Усть-Каменогорск,2025-11-02 17:21:36
1083,Афанасий,Виноградова,1988-01-31,+7 (192) 596-79-08,faina_2008@example.org,Актобе,2025-11-02 21:57:57
1084,Петр,Дорофеева,1985-08-17,+78022050938,uturova@example.net,Алматы,2025-11-02 09:00:56
1085,Людмила,Исакова,1964-11-07,+72495988114,radislav_88@example.com,Павлодар,2025-05-28 04:30:25
1086,Полина,Якушева,1952-05-20,8 (152) 386-76-73,tatjana_2024@example.org,Усть-Каменогорск,2025-11-05 12:16:20
1087,Александр,Рожкова,1986-01-05,+76191779876,gennadi_2018@example.net,Караганда,2025-07-25 16:56:31
1088,Поликарп,Морозова,1979-02-23,+7 (258) 937-08-58,vlasovaevgenija@example.net,Тараз,2025-12-05 18:20:59
1089,Ярослав,Кошелева,1964-01-31,+7 405 669 5790,muravevavarvara@example.org,Алматы,2025-05-12 02:42:55
1090,Климент,Бирюкова,1981-09-24,8 544 286 7963,ljudmilasharapova@example.net,Усть-Каменогорск,2025-08-10 11:37:11
1091,Куприян,Давыдов,1987-05-01,+7 (894) 633-89-15,qsuhanov@example.org,Усть-Каменогорск,2025-12-11 06:28:01
1092,Елизавета,Блинова,2003-06-09,+7 (857) 256-29-26,efremaleksandrov@example.net,Алматы,2025-08-12 04:33:23
1093,Ювеналий,Сафонова,1990-02-14,+7 381 865 50 78,nikandr85@example.org,Астана,2026-03-18 05:24:26
1094,Юлиан,Носков,1994-02-26,+74303491891,sisoevsvetozar@example.net,Шымкент,2025-10-07 13:43:35
1095,Святополк,Суханов,1953-01-10,8 (593) 401-5364,bolshakovkuprijan@example.com,Актобе,2026-03-31 22:16:19
1096,Велимир,Лапин,1998-04-23,+7 (132) 593-6781,parfentretjakov@example.com,Тараз,2026-01-30 18:03:18
1097,Аникита,Морозов,2005-12-23,+72141052769,vitali_2009@example.net,Павлодар,2026-02-13 20:50:58
1098,Савватий,Куликова,1953-10-18,+7 (704) 523-88-85,ibolshakov@example.com,Алматы,2025-09-12 07:58:19
1099,Федосий,Носкова,2003-04-04,8 605 986 78 74,guri27@example.net,Алматы,2025-09-25 18:52:47
1100,Мартын,Соловьева,1969-11-14,+78596559428,klavdijakondrateva@example.net,Караганда,2025-11-30 16:35:55
1101,Викторин,Кондратьева,1955-02-13,8 502 000 24 53,afanasikondratev@example.org,Актобе,2025-09-11 00:09:18
1102,Влас,Никифорова,2001-03-13,+7 551 305 57 08,paramonnaumov@example.net,Павлодар,2025-05-21 18:33:15
1103,Добромысл,Колесникова,1956-02-17,+74889669972,zoja2025@example.org,Усть-Каменогорск,2025-11-05 01:11:26
1104,Панфил,Самсонов,2002-06-11,8 (462) 025-82-54,arhipnazarov@example.org,Актобе,2026-02-14 01:57:04
1105,Дементий,Быкова,1981-10-28,+7 231 239 20 49,semenovnarkis@example.net,Астана,2026-03-09 17:38:51
1106,Авксентий,Евсеева,1955-07-09,+7 (647) 238-7508,olimpiadamaslova@example.net,Астана,2025-06-12 04:25:05
1107,Лариса,Захаров,1988-11-20,+7 (257) 754-58-47,marinastepanova@example.net,Тараз,2025-09-23 04:38:14
1108,Амос,Кулагин,1958-07-27,+7 876 831 60 82,vissarion2006@example.org,Тараз,2026-02-25 22:10:03
1109,Арсений,Фомичев,1990-03-08,+7 (739) 920-5222,ostapbobilev@example.org,Тараз,2025-11-25 20:33:29
1110,Варлаам,Емельянова,1975-01-30,8 914 388 2325,klavdija_39@example.net,Шымкент,2026-02-10 09:58:26
1111,Елизар,Кабанов,1982-07-21,+74617773264,adriandrozdov@example.com,Павлодар,2025-07-09 12:32:33
1112,Казимир,Симонова,1965-01-12,8 (912) 799-70-29,ninelvinogradova@example.org,Алматы,2025-11-03 10:15:09
1113,Аполлон,Нестеров,1964-08-08,87871375298,ilja_1977@example.org,Алматы,2025-05-10 19:26:47
1114,Евдокия,Лобанова,2006-09-09,+7 (560) 832-00-48,ernst2015@example.net,Тараз,2025-06-15 10:27:36
1115,Рубен,Семенова,1979-07-05,87535852386,lavrentevaalina@example.org,Усть-Каменогорск,2026-03-01 10:41:36
1116,Аггей,Наумов,2007-01-12,+7 (619) 951-7152,filimonmjasnikov@example.org,Усть-Каменогорск,2025-11-10 21:43:13
1117,Азарий,Савина,1958-12-18,82950143748,arefikostin@example.org,Шымкент,2025-06-20 01:24:58
1118,Аверкий,Борисова,1974-05-31,8 (139) 719-12-60,viktorijaandreeva@example.org,Тараз,2025-08-28 14:03:06
1119,Глеб,Фролов,2000-07-30,8 (672) 019-11-16,inikitin@example.org,Павлодар,2025-06-25 07:49:02
1120,Андроник,Журавлев,1986-02-14,+7 725 873 3930,filimon36@example.com,Актобе,2025-12-18 15:23:22
1121,Мартын,Аксенов,1981-05-28,+7 (748) 124-21-14,vishnjakovatamara@example.net,Тараз,2025-12-09 19:06:12
1122,Николай,Егорова,1980-09-30,8 095 229 4620,mihemerkushev@example.com,Усть-Каменогорск,2025-11-06 05:42:25
1123,Марина,Мишин,1999-01-03,+7 039 952 97 01,radovankovalev@example.org,Актобе,2026-01-23 11:07:20
1124,Кирилл,Щербаков,1974-11-22,8 858 564 2304,belozerovgerman@example.org,Алматы,2025-10-24 15:30:30
1125,Вячеслав,Силин,2004-04-04,8 159 273 87 40,feklaorehova@example.org,Тараз,2025-09-13 06:31:56
1126,Пров,Суворова,1992-02-27,+7 669 063 22 48,aleksandrovluchezar@example.com,Астана,2026-01-09 21:31:09
1127,Гордей,Ларионова,2001-04-07,+7 340 301 0956,feoktist2021@example.net,Актобе,2025-10-01 23:37:31
1128,Радислав,Зиновьев,1974-11-08,+79157955462,ipatiarhipov@example.org,Алматы,2026-02-26 15:28:54
1129,Всеслав,Игнатова,1997-04-17,8 (601) 080-18-10,aleksandrkonstantinov@example.net,Усть-Каменогорск,2025-12-11 00:47:22
1130,Остромир,Титова,1963-08-22,8 (641) 726-80-80,valeri_2015@example.net,Караганда,2025-08-04 08:06:41
1131,Михей,Самсонов,1956-07-15,80150713806,varfolome1983@example.com,Алматы,2026-01-28 09:07:30
1132,Лукия,Рыбаков,1969-07-28,+7 458 474 3621,akimsokolov@example.net,Усть-Каменогорск,2025-12-05 20:01:11
1133,Платон,Громов,1970-07-19,8 (576) 694-7031,averki_1988@example.net,Павлодар,2025-06-28 10:28:34
1134,Фёкла,Власов,1985-07-06,+7 (746) 662-15-91,ilarion_2016@example.net,Караганда,2025-06-19 14:33:28
1135,Савелий,Петров,1952-03-02,+76661459011,tretjakovafevronija@example.com,Астана,2025-05-05 11:26:49
1136,Галина,Колобов,1957-07-08,+70049388194,veselovazinaida@example.net,Алматы,2025-07-06 07:25:38
1137,Лидия,Титов,1968-09-03,+7 (049) 980-94-97,mkapustina@example.net,Тараз,2025-10-11 11:57:57
1138,Семен,Антонова,1963-04-13,+7 379 716 69 84,tihonovnaum@example.org,Шымкент,2025-10-02 20:30:14
1139,Геннадий,Горбунов,1978-06-08,+7 779 433 2562,sofonagafonov@example.net,Караганда,2025-09-30 14:15:20
1140,Чеслав,Савин,1984-02-11,+7 970 142 62 03,antonin1999@example.net,Усть-Каменогорск,2025-09-29 14:10:59
1141,Данила,Соболев,1955-06-21,+7 204 181 3599,cheslav_1998@example.net,Алматы,2026-03-28 04:26:21
1142,Прохор,Шарапова,1958-10-23,+7 170 889 48 01,nifont_2020@example.com,Шымкент,2026-01-22 07:29:26
1143,Творимир,Егоров,1959-08-18,+7 758 839 78 57,potapovadarja@example.org,Караганда,2025-11-10 15:39:59
1144,Александр,Михеев,1981-08-19,8 757 123 69 14,wkorolev@example.net,Тараз,2025-11-27 01:01:56
1145,Глафира,Романов,2004-06-27,8 (794) 296-8827,qkoroleva@example.com,Усть-Каменогорск,2026-01-05 09:35:23
1146,Виктория,Анисимова,1953-03-17,+7 953 141 9615,fbeljaev@example.net,Павлодар,2025-11-13 06:59:26
1147,Анастасия,Чернов,1960-07-29,+78835651796,kirakabanova@example.org,Шымкент,2025-08-23 01:34:29
1148,Эрнест,Шашкова,1974-10-06,+79668349604,sokrat1987@example.org,Тараз,2025-10-18 17:33:47
1149,Прокл,Лебедев,1959-03-07,8 162 259 3648,vladlen_1970@example.net,Тараз,2025-11-21 08:49:26
1150,Элеонора,Зуев,1965-09-24,8 883 906 24 67,svetlanazueva@example.net,Актобе,2026-01-10 16:44:25
1151,Фирс,Кузьмин,1974-12-14,81141319359,evfrosinijakulakova@example.com,Усть-Каменогорск,2025-12-16 03:30:52
1152,Велимир,Абрамов,1962-09-06,8 052 304 58 81,xharitonov@example.net,Караганда,2025-07-06 21:13:13
1153,Азарий,Одинцова,1959-11-29,+74724191650,kornilegorov@example.org,Актобе,2025-08-09 13:43:00
1154,Ферапонт,Щукин,1973-08-17,+7 771 824 98 98,nekrasovasofija@example.net,Актобе,2025-07-19 13:06:04
1155,Авдей,Симонова,1973-07-19,8 (214) 174-6813,januari_26@example.net,Актобе,2026-02-16 17:03:13
1156,Назар,Фомичева,1965-09-05,8 989 396 98 74,naum_2001@example.net,Караганда,2026-01-21 23:20:29
1157,Будимир,Лапин,1970-01-16,+75011929207,iosif_60@example.com,Усть-Каменогорск,2026-01-16 06:41:27
1158,Викентий,Баранов,1977-10-29,8 039 886 36 53,tturova@example.net,Усть-Каменогорск,2025-08-24 08:13:21
1159,Владлен,Медведев,1980-02-28,+75590670009,vsemil48@example.net,Актобе,2025-09-05 16:16:11
1160,Ипатий,Ефимов,1953-01-11,8 648 966 76 05,knazarov@example.org,Астана,2025-08-12 23:34:48
1161,Леонтий,Евдокимов,1974-11-16,8 775 809 7453,silvestrkonstantinov@example.net,Павлодар,2025-12-01 22:22:47
1162,Алексей,Якушев,1957-11-24,8 466 226 5401,vdmitrieva@example.net,Павлодар,2026-04-06 02:16:52
1163,Ювеналий,Шубин,1963-08-02,+7 062 212 2427,eseliverstova@example.net,Тараз,2026-03-07 01:01:09
1164,Варвара,Блохин,1968-04-28,+7 (591) 601-12-41,davidovsila@example.com,Шымкент,2026-02-17 10:40:13
1165,Творимир,Орехова,1980-04-19,8 008 017 98 67,fedot1977@example.org,Алматы,2025-08-14 00:24:12
1166,Дементий,Борисова,1984-11-06,8 704 726 4261,valerijarusakova@example.org,Астана,2025-08-12 22:05:51
1167,Аполлинарий,Исаков,1980-12-22,+7 (753) 659-6807,mili_2024@example.net,Усть-Каменогорск,2025-09-04 17:31:49
1168,Давыд,Зиновьев,2007-05-07,8 (242) 183-8545,anisim06@example.com,Актобе,2026-01-02 23:17:28
1169,Лев,Суханова,1971-08-14,8 (523) 112-32-74,juri_2013@example.net,Усть-Каменогорск,2026-02-07 10:53:17
1170,Селиверст,Колесникова,2004-10-31,+7 776 334 27 20,fedorbeljakov@example.com,Караганда,2025-07-15 07:41:24
1171,Елизавета,Ширяев,1997-11-06,8 (508) 019-63-04,ljubov_30@example.com,Актобе,2026-03-10 18:15:28
1172,Ювеналий,Кошелева,2007-01-31,8 882 493 5340,gordeevavalentina@example.net,Актобе,2026-04-20 13:36:07
1173,Архип,Панова,2000-12-01,8 (784) 816-52-44,darja54@example.com,Астана,2025-06-15 12:39:55
1174,Парфен,Киселев,1998-03-17,+7 (851) 799-3781,noskovalidija@example.org,Караганда,2025-12-18 07:42:52
1175,Ангелина,Рябова,1957-06-17,8 (788) 486-9996,sofon_2013@example.net,Алматы,2025-07-26 09:03:40
1176,Эммануил,Ильин,1968-01-23,8 792 714 7246,anatolikornilov@example.org,Караганда,2026-01-08 08:29:37
1177,Надежда,Полякова,1981-08-27,8 424 238 39 72,izmail_1983@example.org,Караганда,2025-12-26 23:15:46
1178,Георгий,Турова,1956-11-05,8 (706) 293-2880,ereme_1979@example.org,Астана,2025-05-13 14:26:28
1179,Аникей,Лапина,1957-02-03,+7 (320) 018-67-66,solovevamvrosi@example.net,Тараз,2025-09-30 17:26:11
1180,Акулина,Рябова,1989-04-03,8 (761) 081-4356,dmitrievarkadi@example.net,Усть-Каменогорск,2026-01-26 19:27:01
1181,Измаил,Зыкова,1982-05-20,8 319 807 4682,lukanikiforov@example.com,Шымкент,2025-06-01 06:20:06
1182,Харитон,Евдокимов,1998-07-27,+7 003 076 20 54,oktjabrina_96@example.com,Шымкент,2025-04-25 05:28:59
1183,Афиноген,Нестеров,1951-06-11,+7 666 641 1065,bojan13@example.com,Усть-Каменогорск,2025-09-28 05:50:27
1184,Август,Кабанова,1976-03-27,8 169 949 7089,fominatamara@example.org,Караганда,2025-10-25 15:19:52
1185,Петр,Дьячков,1982-02-08,+78268999626,agafon1999@example.net,Актобе,2026-02-10 18:47:25
1186,Пимен,Кудрявцева,1982-07-10,81787915059,xdenisov@example.com,Актобе,2025-08-25 22:41:18
1187,Бажен,Сорокина,1976-08-31,8 093 201 26 57,florentin_2001@example.org,Алматы,2025-12-30 01:23:36
1188,Натан,Новиков,1967-11-13,+7 809 521 75 58,viktorin_77@example.com,Астана,2026-04-10 19:46:27
1189,Корнил,Кудряшова,1955-07-17,+7 (746) 921-18-82,vadim99@example.com,Караганда,2026-01-01 13:03:12
1190,Всеслав,Уваров,1965-10-01,+7 (297) 589-17-04,karl_21@example.net,Алматы,2025-11-17 01:10:09
1191,Милан,Блинова,1967-05-04,8 (056) 820-92-25,avgust2009@example.org,Шымкент,2026-04-12 21:06:23
1192,Наталья,Комаров,1953-12-25,8 356 407 23 24,demjan1998@example.net,Шымкент,2025-10-02 12:09:32
1193,Юлиан,Лапин,2001-10-12,+70017882247,budimirkuzmin@example.com,Алматы,2026-04-20 21:58:41
1194,Афанасий,Гуляев,2004-12-02,8 (507) 105-8011,avgust_92@example.com,Павлодар,2026-03-13 23:10:02
1195,Велимир,Лапина,1988-05-30,8 261 053 7092,anikemorozov@example.com,Усть-Каменогорск,2026-02-23 05:30:50
1196,Аскольд,Носкова,1975-04-05,8 007 418 9485,zosima29@example.net,Актобе,2025-07-04 13:44:19
1197,Руслан,Шарапов,1984-09-15,83652944716,kondratevjaropolk@example.net,Алматы,2026-03-29 17:01:38
1198,Софон,Уварова,1958-07-02,8 (348) 131-04-50,ljudmilanosova@example.net,Актобе,2025-04-26 19:33:53
1199,Вероника,Николаева,1973-09-12,+7 (174) 357-48-35,nainalobanova@example.org,Астана,2025-11-29 18:58:36
1200,Онуфрий,Дементьева,1966-02-21,8 (606) 739-8344,sila_1980@example.com,Тараз,2026-04-18 19:00:53
1201,Демьян,Калашников,1996-09-20,8 462 805 50 77,ksenija06@example.com,Усть-Каменогорск,2025-08-11 17:29:43
1202,Прохор,Белоусова,1969-10-08,+7 562 392 09 08,tamara_51@example.org,Усть-Каменогорск,2025-12-28 06:39:12
1203,Семен,Боброва,1990-11-25,+7 913 111 7861,baranovalora@example.com,Шымкент,2026-04-03 13:41:31
1204,Ксения,Бурова,1976-02-17,8 022 069 53 54,fedoseevdemjan@example.org,Усть-Каменогорск,2026-03-19 17:38:25
1205,Борис,Ефимова,1958-02-24,8 (595) 002-60-15,shirjaevermil@example.net,Караганда,2025-08-07 04:12:52
1206,Добромысл,Дьячкова,2001-04-06,84795074071,ksenija1980@example.org,Астана,2026-03-03 07:52:49
1207,Ростислав,Соболева,1982-04-02,8 950 310 0649,lazarmamontov@example.net,Шымкент,2025-08-29 15:23:16
1208,Агап,Исаков,1990-05-01,81045203608,arseni18@example.com,Усть-Каменогорск,2026-02-01 03:42:49
1209,Ярослав,Максимова,2003-01-30,+7 (599) 285-5359,gedeon_05@example.com,Актобе,2025-12-30 23:38:45
1210,Аскольд,Виноградов,1953-09-30,8 (990) 069-68-01,nikanor_2010@example.com,Шымкент,2026-01-27 07:00:32
1211,Каллистрат,Беляев,1995-06-14,+7 (784) 233-9449,zinovi_00@example.com,Тараз,2025-04-28 16:27:46
1212,Селиверст,Фомичев,1972-03-04,+7 (550) 325-01-73,qisaev@example.org,Актобе,2026-02-24 07:40:38
1213,Никифор,Фомин,1966-11-21,8 (842) 902-92-33,maksimiljan11@example.org,Караганда,2025-11-29 17:17:35
1214,Нинель,Моисеева,1952-02-28,+7 605 308 8684,agafonalekseev@example.org,Павлодар,2025-06-30 08:55:11
1215,Бронислав,Комиссаров,1973-01-28,+7 (290) 457-5988,ljubomir2018@example.org,Павлодар,2026-03-10 09:17:32
1216,Боян,Александров,1984-09-22,86426033620,oksanafomina@example.com,Тараз,2025-11-09 07:57:08
1217,Спиридон,Давыдов,1954-10-25,8 (709) 207-11-52,uljanivanov@example.org,Павлодар,2025-05-26 21:38:35
1218,Евгений,Самойлов,1990-12-07,+7 (192) 158-18-97,ziminamaja@example.net,Астана,2026-01-08 03:06:19
1219,Валентин,Беспалов,1956-06-24,+7 863 855 88 19,filaret_77@example.org,Шымкент,2025-07-03 23:28:27
1220,Ксения,Маслова,1955-10-09,8 (800) 537-8931,nazar_2004@example.org,Тараз,2025-10-25 15:23:00
1221,Симон,Одинцова,1984-01-22,+7 (845) 401-82-27,agatazatseva@example.org,Караганда,2026-04-21 15:42:48
1222,Устин,Котов,1985-12-24,8 (232) 204-1447,valerija32@example.net,Актобе,2025-04-25 20:50:59
1223,Станислав,Михеева,1956-09-02,8 599 302 02 03,egorovaviktorija@example.org,Караганда,2025-09-19 04:21:39
1224,Влас,Осипов,1991-11-22,8 (521) 353-02-81,dagafonov@example.com,Актобе,2025-10-13 17:03:55
1225,Ипполит,Вишняков,1961-09-26,+7 593 777 5691,zahar_1977@example.org,Актобе,2025-08-29 05:31:08
1226,Елизавета,Соловьев,1988-02-10,81617469029,erofe_1976@example.org,Алматы,2025-12-05 10:06:58
1227,Каллистрат,Горшков,1999-02-25,8 (419) 662-2913,gavrilovsevastjan@example.org,Тараз,2025-08-02 19:02:26
1228,Сидор,Макаров,1971-08-03,8 (566) 706-3621,nikodim_1990@example.org,Караганда,2026-01-17 06:15:35
1229,Лазарь,Герасимова,1966-12-13,+74076634933,apahomov@example.com,Астана,2025-05-17 08:13:45
1230,Анжелика,Жукова,1972-03-03,8 (322) 626-11-42,ermola62@example.net,Актобе,2025-10-20 22:59:03
1231,Мефодий,Лихачева,1988-04-09,8 421 880 8799,grishinjanuari@example.com,Павлодар,2025-06-24 05:51:26
1232,Гедеон,Антонова,1964-03-26,+71996433853,ijablohina@example.com,Актобе,2026-01-14 15:51:29
1233,Дорофей,Брагина,1971-07-07,+7 583 334 3031,krjukovmihe@example.net,Астана,2026-01-16 07:09:40
1234,Стоян,Лебедева,1973-11-02,8 457 694 7576,marina53@example.com,Актобе,2025-12-27 06:24:34
1235,Изяслав,Уваров,1971-10-23,8 (466) 986-16-34,anzhelikaborisova@example.com,Караганда,2025-09-12 22:56:45
1236,Конон,Гришин,1951-08-04,+7 959 481 5269,lidijaustinova@example.com,Шымкент,2025-07-17 07:36:54
1237,Фирс,Фадеев,1973-05-04,8 (213) 074-23-59,fedotovdmitri@example.com,Шымкент,2025-10-25 22:10:01
1238,Виталий,Белозерова,1997-07-01,+7 489 332 6145,ermil07@example.net,Тараз,2025-10-16 21:53:49
1239,Остромир,Быков,1988-06-17,8 (310) 081-78-52,varvarafedorova@example.com,Усть-Каменогорск,2025-10-01 17:09:02
1240,Надежда,Ильина,1976-03-18,8 (452) 354-2687,karl70@example.org,Караганда,2026-02-11 08:12:25
1241,Сергей,Колесников,1987-08-05,+7 (086) 523-77-72,rlavrentev@example.com,Караганда,2026-02-13 02:14:05
1242,Орест,Мельников,1961-08-13,+7 140 052 7810,ljubosmisl_80@example.org,Астана,2026-01-12 10:26:05
1243,Аким,Князева,1959-02-14,+7 (214) 257-31-60,zosima91@example.org,Усть-Каменогорск,2025-11-13 07:15:56
1244,София,Евсеев,1980-12-29,+7 720 313 69 55,reginanosova@example.com,Тараз,2025-11-14 08:07:08
1245,Демьян,Дьячкова,1992-02-13,82973525953,gedeonromanov@example.org,Астана,2025-05-23 13:09:31
1246,Алла,Исакова,1995-01-07,8 (393) 899-20-45,zoja2009@example.org,Караганда,2025-05-17 04:48:55
1247,Юлия,Рогов,1963-05-22,+7 (661) 850-7610,rodion_1972@example.org,Шымкент,2025-12-01 15:09:18
1248,Никита,Фролова,1979-03-08,+7 823 601 07 12,wmedvedev@example.net,Тараз,2025-06-26 02:47:09
1249,Фадей,Зуев,2002-02-06,8 (821) 764-8467,ljubosmislzuev@example.com,Усть-Каменогорск,2026-03-21 01:34:31
1250,Влас,Калинин,1962-06-24,+7 (222) 801-9442,fedot_92@example.net,Караганда,2025-06-07 08:37:26
1251,Виктория,Карпова,1986-12-04,+7 (256) 062-95-35,mjasnikovamarija@example.org,Усть-Каменогорск,2026-01-26 15:20:54
1252,Александра,Елисеева,1992-03-09,+7 (118) 046-7413,martinovalarisa@example.org,Усть-Каменогорск,2025-05-28 12:49:34
1253,Федот,Стрелкова,1967-12-29,+7 852 013 62 60,konon_2007@example.org,Алматы,2026-03-03 06:44:42
1254,Филимон,Федосеева,1992-01-28,8 615 470 5549,lavrentevdemid@example.net,Шымкент,2025-10-16 07:29:02
1255,Василиса,Кузьмин,1971-09-02,8 411 955 64 09,ignatevnazar@example.net,Павлодар,2025-11-08 13:00:18
1256,Еремей,Ершова,1968-12-05,8 (752) 070-2042,kturova@example.net,Алматы,2025-10-17 14:51:32
1257,Агафон,Баранов,1986-06-05,8 (121) 241-39-36,istrelkov@example.net,Усть-Каменогорск,2025-11-26 05:33:21
1258,Анжелика,Буров,1973-11-08,88731267731,vasilisabikova@example.net,Актобе,2026-01-09 11:50:17
1259,Никита,Давыдова,1994-08-28,8 (598) 897-86-53,filimonmjasnikov@example.net,Алматы,2026-01-29 02:38:51
1260,Иванна,Орехов,1962-01-30,81654308952,vladilenkulikov@example.org,Актобе,2025-09-23 23:41:53
1261,Гордей,Журавлев,1984-04-20,8 057 644 9747,kulakovaalla@example.org,Алматы,2026-03-06 07:05:03
1262,Вышеслав,Одинцов,2006-06-18,8 (644) 867-64-97,leonid2019@example.org,Караганда,2026-02-06 20:35:24
1263,Панкрат,Лапина,1961-12-25,8 604 500 6355,rjuriklazarev@example.org,Астана,2025-12-03 19:26:25
1264,Харитон,Овчинникова,1972-09-13,+79692771195,tatjanaignatova@example.com,Павлодар,2025-05-10 19:19:12
1265,Захар,Носков,1962-04-01,8 970 255 1282,ostromir2007@example.com,Астана,2025-09-04 00:25:49
1266,Ладимир,Воронов,2007-08-01,8 948 989 5965,ostromir63@example.com,Алматы,2025-11-19 09:11:52
1267,Максимильян,Лобанова,1965-06-27,+73441491699,juvenalinikolaev@example.net,Астана,2026-04-21 04:07:53
1268,Исидор,Жданов,1983-11-07,+73946408822,anisimkapustin@example.com,Усть-Каменогорск,2026-04-20 20:36:27
1269,Сидор,Одинцов,1957-10-01,8 (398) 894-13-21,rozhkovauljana@example.com,Актобе,2025-05-05 12:58:44
1270,Владислав,Ильин,1990-05-27,+7 707 548 53 46,martin_79@example.org,Шымкент,2025-09-29 00:06:16
1271,Элеонора,Максимов,1952-06-21,+7 044 964 6129,ferapontzatsev@example.org,Шымкент,2026-02-15 20:31:39
1272,Вячеслав,Зыкова,1993-01-26,8 121 375 6589,vshcherbakov@example.net,Павлодар,2026-02-14 15:13:11
1273,Мартын,Матвеева,1989-08-09,8 (086) 199-31-45,lavrenti_1980@example.net,Павлодар,2025-09-15 15:25:02
1274,Макар,Евсеев,1972-10-21,+7 138 850 34 23,qveselov@example.net,Павлодар,2025-10-14 09:51:27
1275,Всемил,Виноградов,2000-01-27,+7 (474) 246-3104,radimkulakov@example.net,Астана,2025-09-16 02:27:31
1276,Павел,Морозова,1993-04-24,8 800 852 94 69,stepanovaanna@example.net,Шымкент,2026-01-13 08:41:48
1277,Вероника,Меркушева,1978-07-28,+71743043502,terentievseev@example.com,Тараз,2026-01-02 00:34:04
1278,Анисим,Большаков,1959-09-14,8 (946) 652-7523,vsevolodgalkin@example.org,Шымкент,2025-06-08 06:55:47
1279,Ярополк,Костина,1963-11-13,+7 (025) 691-33-03,poljakovaevpraksija@example.com,Павлодар,2025-11-17 20:48:02
1280,Осип,Колобов,1975-11-20,+7 675 076 27 99,polina_53@example.net,Шымкент,2025-11-14 14:21:30
1281,Арефий,Коновалов,1966-06-07,8 301 239 8472,alekserjabov@example.com,Караганда,2026-01-30 21:19:05
1282,Людмила,Гордеева,2005-06-14,+7 (028) 471-90-17,galinanesterova@example.org,Алматы,2026-03-13 10:17:24
1283,Кузьма,Орлов,2001-05-30,+7 764 871 7754,nsobolev@example.net,Алматы,2026-02-10 21:17:29
1284,Добромысл,Уварова,1965-08-08,8 583 872 72 58,korolevgerman@example.com,Усть-Каменогорск,2025-08-17 02:07:59
1285,Эммануил,Федоров,1996-11-11,85668448237,evgenisavelev@example.net,Павлодар,2026-01-09 18:39:44
1286,Татьяна,Лихачева,1954-09-25,+7 (121) 101-87-80,milanpahomov@example.net,Павлодар,2025-11-15 19:10:09
1287,Павел,Кабанова,2003-07-26,80170740392,vasili_99@example.net,Караганда,2026-03-08 23:27:50
1288,Ипатий,Тихонова,1970-11-23,85171222764,efimnaumov@example.com,Усть-Каменогорск,2025-07-28 08:10:04
1289,Добромысл,Большаков,1951-07-21,+72216265496,evlampigrishin@example.net,Шымкент,2025-09-04 15:37:52
1290,Август,Исакова,1981-08-08,+7 (344) 470-4887,emmanuil_2002@example.com,Караганда,2025-08-08 06:25:49
1291,Агап,Потапов,1977-04-04,+7 (059) 685-19-53,serge1984@example.net,Астана,2026-04-22 06:29:11
1292,Добромысл,Евсеев,1975-01-30,+7 (295) 634-2777,danila_25@example.net,Павлодар,2025-05-05 17:28:32
1293,Герасим,Морозов,1974-07-28,8 581 292 05 92,fevronijadmitrieva@example.org,Алматы,2025-12-18 00:41:17
1294,Аскольд,Юдин,2003-11-27,8 302 955 96 36,rostislavagafonov@example.net,Караганда,2025-07-25 16:21:39
1295,Герасим,Веселова,1974-01-03,84206615498,judinataisija@example.com,Астана,2025-05-19 08:23:07
1296,Валерий,Колесников,1962-03-08,+7 380 049 83 21,borisovgeorgi@example.org,Алматы,2025-12-09 21:08:57
1297,Дементий,Сафонова,1954-09-24,+78158268687,akirillov@example.org,Алматы,2025-10-13 14:19:15
1298,София,Пономарева,1956-09-02,8 488 064 4200,kkazakov@example.net,Алматы,2025-07-27 06:16:34
1299,Сергей,Доронин,1987-04-30,8 (358) 566-46-41,ivoronova@example.org,Усть-Каменогорск,2025-09-26 10:34:24
1300,Лавр,Александрова,1960-10-06,82622132041,bobrovagalina@example.net,Караганда,2025-07-23 05:23:20
1301,Ипполит,Беляева,1962-11-22,+7 478 911 79 72,nmedvedeva@example.net,Алматы,2026-02-10 04:34:22
1302,Юлий,Наумов,1983-09-06,8 (128) 318-0036,bzikov@example.net,Актобе,2025-06-16 15:20:48
1303,Зинаида,Копылова,1960-01-22,+7 005 328 5386,valerismirnov@example.com,Тараз,2025-07-23 03:43:55
1304,Акулина,Тарасов,1969-04-02,+7 (438) 380-58-26,tatjanakomissarova@example.net,Тараз,2025-12-03 11:38:38
1305,Аркадий,Ковалев,1976-06-21,8 (627) 633-2838,yfomina@example.org,Актобе,2025-07-24 05:17:39
1306,Ермил,Лапина,1978-05-12,+7 851 862 67 13,tguseva@example.org,Шымкент,2026-03-29 12:30:29
1307,Август,Лыткина,1954-08-15,+7 (823) 392-18-83,dorofe_79@example.net,Караганда,2026-01-04 14:48:51
1308,Арсений,Федорова,1977-12-19,+7 677 610 6592,kalashnikovasinklitikija@example.net,Актобе,2025-09-30 19:50:56
1309,Варлаам,Зиновьева,1988-04-01,+73192797617,iraida_1976@example.net,Алматы,2025-08-08 01:48:32
1310,Панкрат,Королева,1999-10-18,+7 (845) 720-2665,ytarasova@example.org,Шымкент,2025-11-25 10:10:39
1311,Юлий,Фадеева,1970-11-01,+7 257 349 89 92,ljubosmisl_39@example.com,Павлодар,2025-12-22 07:52:03
1312,Дарья,Беспалов,1986-09-30,+7 742 990 7472,lsazonov@example.com,Усть-Каменогорск,2025-11-25 02:05:32
1313,Арсений,Жданова,1975-09-15,86708089747,fedot59@example.net,Тараз,2025-05-11 10:10:48
1314,Кондратий,Корнилов,1966-04-21,8 (398) 416-7347,agafja_1989@example.com,Павлодар,2025-12-29 01:19:44
1315,Наталья,Герасимова,1981-06-03,8 (164) 980-4450,raisakonstantinova@example.com,Тараз,2026-02-22 09:25:05
1316,Автоном,Лапин,2006-04-09,+7 026 270 66 48,sokolovasofija@example.org,Павлодар,2026-01-18 15:15:12
1317,Касьян,Тарасова,1998-08-28,8 813 088 9830,svjatopolk_48@example.net,Шымкент,2025-09-28 18:26:23
1318,Изот,Осипова,1984-10-26,8 (418) 563-02-75,vasilevaagata@example.org,Павлодар,2025-08-17 16:21:07
1319,Аникита,Щербакова,1970-04-24,8 619 953 05 64,naumovkazimir@example.net,Усть-Каменогорск,2025-07-03 15:03:53
1320,Евдоким,Муравьева,1975-09-23,8 (467) 908-7018,gostomisl1993@example.net,Караганда,2025-07-25 19:10:29
1321,Ананий,Семенов,1956-11-10,+7 (651) 034-4442,karpovaolga@example.com,Шымкент,2025-08-18 00:15:18
1322,Виктория,Зимин,2005-09-06,8 (652) 406-2215,julian_96@example.com,Усть-Каменогорск,2026-03-02 03:34:00
1323,Всеслав,Евдокимов,2004-05-22,+7 (221) 905-33-47,osipovapolina@example.com,Алматы,2026-04-13 11:11:39
1324,Самуил,Шарапова,1972-11-09,8 (455) 939-6521,tvorimirtsvetkov@example.com,Павлодар,2025-11-27 15:00:20
1325,Аверьян,Смирнова,1998-06-22,+7 (455) 312-90-03,qsidorov@example.org,Шымкент,2025-10-01 23:19:23
1326,Будимир,Доронина,2000-09-15,8 (327) 726-48-83,fedor_55@example.net,Караганда,2025-09-21 01:30:59
1327,Любосмысл,Александров,1960-10-20,+72525161857,juri_17@example.org,Караганда,2025-07-31 05:55:13
1328,Аполлон,Муравьев,2003-06-14,8 (054) 914-7744,ivan2013@example.net,Астана,2025-08-29 11:27:46
1329,Ермил,Кулаков,1995-02-08,+77841715949,evstigne1984@example.net,Усть-Каменогорск,2026-04-16 08:57:32
1330,Елизар,Богданов,1969-08-23,8 (880) 331-83-61,pahomovevstigne@example.org,Тараз,2026-03-18 05:02:38
1331,Ангелина,Голубева,2003-07-31,+7 (608) 788-28-15,olganekrasova@example.com,Караганда,2025-05-29 03:00:55
1332,Евсей,Соколов,1966-11-07,8 (625) 152-1746,vera_35@example.net,Актобе,2025-05-13 05:32:41
1333,Зиновий,Меркушев,1997-05-31,8 (018) 915-6734,naum71@example.net,Алматы,2025-09-16 16:38:56
1334,Самуил,Доронин,1993-05-12,+7 (969) 143-36-29,nazar64@example.com,Астана,2026-03-28 11:55:17
1335,Антонин,Николаева,1984-05-21,80010898573,lukinaelizaveta@example.net,Караганда,2025-07-05 06:59:51
1336,Лидия,Федосеев,1959-10-21,+7 896 844 24 64,fekla_1999@example.net,Караганда,2025-10-26 09:27:59
1337,Полина,Мясникова,2002-07-25,87957285759,raisa_82@example.net,Тараз,2026-03-26 21:16:20
1338,Оксана,Поляков,1999-03-07,+7 221 797 8912,stojan83@example.net,Алматы,2025-08-18 23:06:20
1339,Ювеналий,Дьячкова,2000-03-07,+7 705 984 45 14,paramonchernov@example.org,Караганда,2025-07-14 11:22:48
1340,Станимир,Шаров,2007-04-08,+7 123 038 85 68,nosovboleslav@example.net,Астана,2026-02-05 04:14:18
1341,Иннокентий,Николаева,2007-07-02,8 (814) 590-09-92,zuevruslan@example.net,Усть-Каменогорск,2026-02-07 06:36:27
1342,Анисим,Гришин,1968-08-12,8 (669) 335-1588,simonovaoktjabrina@example.net,Караганда,2026-04-13 08:23:57
1343,Агап,Шилова,1998-10-21,8 326 011 9391,krilovasinklitikija@example.org,Караганда,2026-01-18 08:53:43
1344,Филипп,Блохин,1968-02-19,8 513 609 0858,gordeevsila@example.net,Караганда,2025-09-24 06:04:02
1345,Виталий,Михайлов,1966-09-29,+7 243 736 1587,natansimonov@example.com,Тараз,2025-11-23 14:56:26
1346,Вышеслав,Красильникова,1975-10-27,+7 (589) 693-3539,krjukovaagata@example.net,Актобе,2026-02-18 09:30:06
1347,Мариан,Макарова,1968-12-20,8 154 731 56 63,ferapont1980@example.com,Усть-Каменогорск,2025-09-18 01:12:47
1348,Виктор,Медведев,1972-05-03,+7 (690) 283-7727,krasilnikovagalina@example.net,Тараз,2025-11-16 11:10:05
1349,Чеслав,Одинцов,2008-02-14,8 605 342 81 64,arhip61@example.org,Актобе,2025-08-20 23:53:33
1350,Василий,Дорофеева,2008-04-05,8 (535) 846-40-51,ponomarevatamara@example.net,Усть-Каменогорск,2025-09-09 21:19:09
1351,Август,Дорофеев,1978-10-02,+7 (042) 763-6281,alevtina44@example.com,Астана,2025-10-21 04:39:40
1352,Виктор,Федорова,1994-02-05,+7 (953) 096-9067,sgalkin@example.net,Усть-Каменогорск,2026-02-28 23:58:54
1353,Эрнст,Егорова,2006-04-16,+7 922 884 9874,raisa_51@example.net,Тараз,2026-02-13 00:05:06
1354,Изот,Зимина,1998-07-13,8 872 717 4306,fedot_2025@example.org,Караганда,2026-04-13 07:21:59
1355,Регина,Комиссаров,1998-12-24,+70343988187,trofimvoronov@example.com,Тараз,2025-09-14 04:24:32
1356,Антонина,Михеева,1971-02-20,8 (333) 647-7041,avksentieliseev@example.org,Алматы,2025-09-30 23:17:50
1357,Януарий,Якушева,1956-11-04,8 386 028 2625,guri04@example.org,Караганда,2025-11-27 16:17:56
1358,Валерия,Терентьева,1960-03-10,+7 (190) 577-2044,lebedevapollon@example.net,Шымкент,2026-02-05 02:09:41
1359,Зоя,Попова,1990-04-19,+71932453810,ljubov2004@example.org,Актобе,2025-04-29 12:22:08
1360,Алевтина,Беспалова,1958-09-08,+78709872649,lisakov@example.org,Павлодар,2025-11-24 02:25:34
1361,Мстислав,Яковлев,2007-11-02,+72240432611,januari_1972@example.org,Шымкент,2025-08-15 20:34:48
1362,Лев,Фадеев,1980-10-21,+7 630 702 86 72,kolobovaviktorija@example.org,Тараз,2025-07-08 09:49:42
1363,Амос,Соболева,1969-10-01,+7 (662) 195-3689,kuznetsovalukija@example.com,Павлодар,2025-07-21 13:07:03
1364,Савелий,Жукова,1968-06-17,+7 173 259 0073,bronislav1980@example.org,Караганда,2025-11-30 12:00:42
1365,Валерия,Лихачев,1960-04-06,+7 138 690 87 16,vjacheslav1980@example.org,Тараз,2025-11-03 03:00:56
1366,Ипполит,Евдокимов,2000-10-10,+76171928170,isa1987@example.com,Усть-Каменогорск,2025-08-01 03:38:52
1367,Аполлинарий,Калинин,1998-02-28,+74225216025,ekaterinasisoeva@example.net,Усть-Каменогорск,2026-01-29 05:14:14
1368,Касьян,Лукина,1955-01-30,+7 944 772 6903,nainanoskova@example.net,Шымкент,2025-10-19 04:25:34
1369,Милован,Евдокимов,1955-10-13,+7 (761) 794-80-24,ivanna_59@example.net,Тараз,2026-02-01 19:07:15
1370,Милий,Цветков,1972-06-24,+7 (119) 158-91-26,onufri_2025@example.net,Шымкент,2025-06-27 22:51:33
1371,Конон,Емельянова,1985-06-29,8 (647) 868-6237,akovalev@example.net,Усть-Каменогорск,2026-01-27 22:59:50
1372,Степан,Беляков,1968-05-26,+70837819190,kuzma2004@example.net,Алматы,2025-07-03 16:38:17
1373,Владислав,Романов,1975-08-31,+7 069 836 9235,klavdipotapov@example.com,Алматы,2025-11-12 16:42:16
1374,Сократ,Уваров,1965-12-28,+7 821 398 6546,veronikakulakova@example.org,Астана,2026-03-15 01:52:25
1375,Давыд,Титов,2008-03-08,+7 (720) 550-3300,sokolovataisija@example.net,Алматы,2026-03-06 21:27:47
1376,Назар,Чернов,1996-04-26,8 739 190 08 89,ilinippolit@example.org,Алматы,2026-02-14 01:20:34
1377,Онуфрий,Орехова,1950-06-18,81692327379,faina_2002@example.com,Шымкент,2025-09-30 08:57:45
1378,Нонна,Панова,1986-02-20,8 085 481 86 74,cemeljanov@example.org,Караганда,2026-03-16 10:16:28
1379,Азарий,Князева,1984-12-01,88433611371,galkinborislav@example.com,Шымкент,2025-05-19 14:41:44
1380,Вадим,Шестакова,1985-05-07,8 458 294 2034,vinogradovamaja@example.org,Караганда,2025-04-26 18:23:35
1381,Любомир,Хохлова,1964-03-06,8 607 569 99 44,onufri67@example.org,Усть-Каменогорск,2025-11-05 14:57:39
1382,Людмила,Киселев,1955-11-05,8 (240) 281-8223,prokofi_2003@example.com,Алматы,2025-09-15 03:40:16
1383,Август,Петухов,2006-01-17,8 208 581 74 52,zosima2014@example.com,Усть-Каменогорск,2025-12-19 03:49:49
1384,Алина,Меркушева,1961-06-25,+72357004129,mamontovfedot@example.org,Усть-Каменогорск,2026-01-04 06:09:50
1385,Устин,Котова,1969-07-25,8 (161) 255-9046,doroninamos@example.org,Алматы,2025-04-29 07:49:09
1386,Ростислав,Данилова,1960-05-02,+7 466 001 2838,oksanabeljaeva@example.org,Павлодар,2025-11-15 21:46:06
1387,Бронислав,Воронова,2001-04-16,+7 (329) 615-12-04,ljudmila_1991@example.com,Алматы,2025-04-27 19:38:51
1388,Нина,Гордеев,1975-07-21,8 344 604 2276,ladimirblinov@example.org,Актобе,2025-11-14 19:43:07
1389,Вацлав,Федотова,1955-06-02,+7 (057) 347-2435,pantelemon_1974@example.com,Актобе,2025-11-17 06:37:46
1390,Творимир,Ширяев,1959-10-10,8 127 267 0866,wrozhkova@example.net,Павлодар,2025-04-29 20:58:09
1391,Юлия,Лаврентьев,2005-07-26,+7 (419) 768-78-49,savvati71@example.net,Шымкент,2026-03-02 07:12:58
1392,Гордей,Королева,1953-10-16,+7 (500) 618-4897,galaktion23@example.com,Астана,2025-06-03 18:39:14
1393,Ким,Юдина,1962-06-16,+7 466 821 2156,ernest52@example.com,Шымкент,2025-11-12 20:48:53
1394,Исай,Захарова,1995-11-17,+7 644 111 9738,boleslav_1999@example.com,Караганда,2025-07-25 19:10:51
1395,Ипат,Иванов,2000-01-10,8 343 594 88 21,sofron_1985@example.com,Актобе,2025-12-19 21:57:53
1396,Терентий,Соловьев,2007-11-28,8 405 110 21 25,evse41@example.net,Тараз,2026-03-05 19:32:14
1397,Дорофей,Горшков,2000-05-16,+7 604 986 03 72,kulakovsilanti@example.com,Павлодар,2025-08-05 00:50:08
1398,Аполлинарий,Андреев,1962-01-22,+7 319 789 9901,konstantinovkirill@example.org,Тараз,2025-05-23 21:42:04
1399,Агап,Гаврилов,1967-08-01,8 (131) 719-78-60,doroninnikanor@example.org,Усть-Каменогорск,2025-09-27 21:38:18
1400,Синклитикия,Лихачева,1970-11-19,80841947855,isaevavarvara@example.org,Караганда,2025-11-28 15:23:26
1401,Елисей,Субботина,1975-09-08,+7 (582) 107-2887,olimpiada_1970@example.org,Караганда,2026-01-18 23:54:07
1402,Эмилия,Колобов,1985-01-13,+7 371 616 0881,german1977@example.org,Астана,2025-08-17 17:09:17
1403,Евпраксия,Рябова,2001-04-19,86477183753,tretjakovanaina@example.net,Алматы,2026-01-02 02:26:49
1404,Вацлав,Бирюкова,2002-09-05,+7 (480) 855-78-00,zojaagafonova@example.com,Павлодар,2025-05-29 12:40:35
1405,Евлампий,Орехова,1994-11-08,+7 (622) 169-0696,milovan_2017@example.com,Павлодар,2025-09-17 12:11:07
1406,Никон,Ефимова,1977-09-10,8 751 691 39 52,markovapollon@example.net,Усть-Каменогорск,2025-11-23 20:44:21
1407,Виктор,Филатова,1973-11-21,+72610703350,tamara_1984@example.org,Алматы,2025-05-15 00:13:03
1408,Кондрат,Молчанова,1962-08-06,+7 983 924 84 81,akimkuznetsov@example.com,Шымкент,2026-01-21 04:10:48
1409,Вацлав,Овчинникова,1974-12-18,+7 053 021 51 67,sofija_86@example.net,Усть-Каменогорск,2025-05-25 07:52:44
1410,Корнил,Константинов,1991-08-29,+7 (395) 348-1105,zikovavarvara@example.com,Павлодар,2026-03-17 12:14:00
1411,Сигизмунд,Одинцов,1965-05-13,+7 (789) 615-73-85,olimpiada_12@example.net,Тараз,2025-12-29 16:09:35
1412,Ульяна,Степанов,2002-11-06,8 (512) 395-97-81,mitofan_42@example.com,Астана,2025-11-28 23:21:16
1413,Алла,Тарасов,1994-07-13,87236024465,panfil77@example.org,Алматы,2026-04-05 17:14:49
1414,Анатолий,Терентьев,1954-01-21,+7 073 087 15 64,tverdislav2026@example.org,Караганда,2025-07-21 10:46:03
1415,Светозар,Казакова,1992-03-22,+7 (175) 438-0274,odintsovladislav@example.net,Усть-Каменогорск,2026-04-08 05:39:41
1416,Любосмысл,Кудряшова,1976-12-06,+7 (602) 925-46-86,nonnagerasimova@example.net,Алматы,2025-08-06 11:58:39
1417,Софрон,Пахомова,1967-09-21,+7 766 420 7632,artem2018@example.net,Астана,2026-04-17 02:58:38
1418,Елисей,Бурова,1969-12-04,8 (676) 259-2386,saveli_2004@example.com,Актобе,2026-01-14 00:31:36
1419,Дарья,Тихонова,1952-01-22,+78869320553,averjan50@example.net,Алматы,2026-04-07 11:22:50
1420,Станислав,Сысоева,1998-09-11,+7 (739) 615-97-64,veselovaevdokija@example.net,Тараз,2025-07-01 20:53:37
1421,Валерия,Чернова,1968-12-18,8 (078) 977-55-42,evladimirova@example.net,Караганда,2025-04-29 07:07:57
1422,Ксения,Дементьева,1951-11-29,8 (422) 736-2732,krjukovadarja@example.org,Шымкент,2025-12-07 04:45:42
1423,Ангелина,Анисимов,1978-04-10,+7 175 769 17 16,anastasijaguljaeva@example.com,Павлодар,2026-02-09 08:42:30
1424,Глеб,Сидорова,2001-07-11,8 144 869 8305,valentinashchukina@example.com,Астана,2026-04-18 22:55:50
1425,Фока,Соколов,1962-05-02,+7 (202) 698-01-42,fbeljakov@example.org,Шымкент,2025-08-17 10:39:05
1426,Аркадий,Сазонов,1981-12-30,+7 770 316 37 05,subbotinaaleksandra@example.com,Караганда,2025-11-28 05:39:36
1427,Фортунат,Афанасьев,1962-05-30,8 724 469 31 72,julija76@example.org,Павлодар,2025-11-29 07:10:38
1428,Федор,Кузнецов,1981-08-16,80654025998,velimir_93@example.net,Тараз,2026-01-11 03:36:42
1429,Эрнест,Савельев,1957-09-08,+7 (728) 129-16-35,petuhovatatjana@example.com,Шымкент,2025-09-19 06:53:40
1430,Аристарх,Максимов,1998-06-22,8 765 272 84 53,kapiton2005@example.net,Астана,2026-02-24 05:09:53
1431,Фрол,Дементьев,1951-08-31,+7 886 406 7560,alinanekrasova@example.org,Тараз,2025-11-03 16:54:58
1432,Виктория,Панова,2003-10-22,82902215439,matveevaivanna@example.net,Астана,2025-05-14 01:40:32
1433,Филипп,Якушева,1952-04-24,+7 (225) 333-2023,artem_02@example.com,Караганда,2025-10-09 23:08:47
1434,Антонина,Калашникова,1969-07-12,+7 193 545 0369,fade_2015@example.com,Астана,2026-03-14 22:12:10
1435,Ираида,Капустина,1962-05-19,+7 (332) 436-2962,kornilovasinklitikija@example.org,Павлодар,2025-09-02 11:44:35
1436,Милан,Алексеева,1993-08-12,8 (312) 441-2907,polina_96@example.com,Тараз,2026-02-17 15:14:34
1437,Юлий,Цветкова,1985-12-19,+7 123 763 1774,klavdi_21@example.org,Актобе,2025-05-04 17:19:11
1438,Нестор,Громов,1984-11-01,+71937591922,erozhkov@example.net,Усть-Каменогорск,2026-02-21 12:23:11
1439,Иван,Медведев,1978-03-30,+7 (626) 475-2864,jershov@example.net,Караганда,2025-10-30 17:56:39
1440,Александр,Брагина,1986-04-25,+7 730 099 28 45,iraidasemenova@example.org,Павлодар,2025-09-08 09:35:21
1441,Гурий,Кудряшова,1956-06-13,8 355 051 4321,petuhovizot@example.net,Шымкент,2025-10-07 22:18:11
1442,Антип,Павлова,1999-09-08,8 (972) 479-25-42,annaovchinnikova@example.net,Павлодар,2026-01-12 04:24:13
1443,Измаил,Быкова,1997-10-15,8 819 204 8770,okuznetsova@example.com,Актобе,2025-05-26 11:54:56
1444,Фирс,Афанасьев,2006-01-31,+7 (299) 865-1590,lukijaabramova@example.net,Караганда,2026-02-27 03:36:07
1445,Тит,Казакова,1967-02-13,8 408 585 88 38,lidijafilatova@example.com,Астана,2026-01-25 03:50:30
1446,Лора,Костина,1978-01-08,8 208 467 29 25,ermola55@example.org,Актобе,2025-05-25 01:50:17
1447,Фотий,Шаров,1960-02-05,+7 (225) 018-25-62,prokofi28@example.com,Павлодар,2025-06-22 02:37:55
1448,Евгений,Медведева,1994-06-01,+7 (012) 234-14-99,feklakuznetsova@example.org,Шымкент,2026-01-24 14:30:01
1449,Эрнст,Котова,1988-04-21,8 270 266 04 50,petr_32@example.org,Павлодар,2026-02-04 11:16:32
1450,Самсон,Игнатова,1966-11-03,+7 039 101 9335,timofeorehov@example.org,Тараз,2025-08-24 04:50:37
1451,Всеволод,Марков,1967-08-02,8 (119) 360-06-08,oktjabrinamartinova@example.net,Астана,2025-06-03 14:18:54
1452,Андрей,Носков,1973-07-04,8 160 762 64 38,avtonom_09@example.com,Актобе,2025-04-25 05:36:41
1453,Зосима,Гущин,1960-05-14,+76176231336,popovjan@example.com,Тараз,2025-10-12 22:25:38
1454,Кондрат,Третьякова,1955-09-17,8 423 165 44 13,denis1996@example.net,Актобе,2026-02-12 21:27:08
1455,Никанор,Виноградова,1971-04-22,8 063 494 29 04,enoskova@example.com,Шымкент,2025-06-01 22:03:16
1456,Макар,Гришина,1970-01-14,8 (870) 179-9932,ija20@example.org,Шымкент,2025-05-27 02:51:28
1457,Конон,Баранова,1963-01-08,+74417234565,sidorbirjukov@example.com,Усть-Каменогорск,2025-10-07 14:12:31
1458,Филипп,Панфилов,1976-04-30,+7 254 853 6268,matveevaoktjabrina@example.org,Павлодар,2025-11-25 12:39:55
1459,Евстафий,Павлова,1975-06-22,+71009538557,demid16@example.net,Алматы,2025-06-02 07:56:54
1460,Клавдий,Воронов,1968-12-10,89009378146,timofeevapelageja@example.net,Тараз,2025-05-28 00:29:48
1461,Александра,Бирюков,1993-01-21,+73788443706,isergeev@example.com,Астана,2025-11-24 10:53:29
1462,Антонина,Селиверстова,1999-12-19,8 467 263 68 15,iraida18@example.com,Тараз,2025-12-11 00:55:43
1463,Софрон,Михеева,1985-08-17,+7 027 729 1084,andron_78@example.com,Павлодар,2026-03-24 15:37:31
1464,Адриан,Савин,2006-12-07,8 660 503 3746,innokenti_1981@example.com,Актобе,2025-04-28 00:12:41
1465,Святополк,Веселова,1975-10-31,+7 (067) 182-2266,firs2006@example.org,Павлодар,2025-09-30 22:10:40
1466,Юрий,Морозов,1995-01-12,8 (886) 538-59-06,polina1981@example.com,Астана,2026-02-19 19:34:15
1467,Елизар,Кошелев,1989-09-25,+7 (898) 760-55-04,veranikonova@example.org,Караганда,2026-01-29 17:13:22
1468,Ираида,Сысоев,1953-09-17,8 (618) 670-6632,fadeevaangelina@example.com,Шымкент,2025-12-01 08:14:46
1469,София,Большаков,1983-10-29,+7 739 928 9198,pelagejakovaleva@example.net,Павлодар,2026-01-14 08:47:47
1470,Герасим,Дьячков,1991-01-18,+7 (371) 708-6494,militsasafonova@example.com,Шымкент,2025-06-28 01:03:33
1471,Глеб,Семенов,1962-04-09,88313549014,fevronija_99@example.com,Актобе,2025-08-05 15:41:42
1472,Радим,Зайцев,2007-12-15,82195873054,gremislav_2023@example.com,Усть-Каменогорск,2025-08-05 10:55:16
1473,Игнатий,Куликова,2003-03-26,+73021781678,blinovamarina@example.net,Астана,2025-06-18 21:23:59
1474,Касьян,Шестакова,1963-03-04,+7 589 016 49 28,suhanovavgust@example.org,Павлодар,2025-06-27 03:40:28
1475,Прохор,Дроздова,1952-12-30,8 (092) 640-70-30,agafja_2000@example.net,Павлодар,2025-08-08 09:20:22
1476,Алла,Зыкова,2000-07-18,+7 726 282 96 82,ladimir85@example.org,Усть-Каменогорск,2025-08-17 15:04:55
1477,Вера,Владимирова,1951-06-04,+7 (889) 592-74-11,aorlova@example.com,Астана,2026-02-21 04:10:13
1478,Христофор,Карпова,1956-10-27,86127662080,vsevolod_2017@example.org,Актобе,2025-09-10 11:07:00
1479,Ярополк,Журавлев,1976-10-09,+7 (634) 443-59-62,mark87@example.org,Усть-Каменогорск,2025-07-27 23:34:28
1480,Болеслав,Ефимов,1950-12-11,+72425369091,elenaribakova@example.com,Караганда,2025-12-09 19:51:55
1481,Ипат,Соколов,1960-11-25,+79760396702,ilja65@example.org,Астана,2025-10-18 00:46:06
1482,Таисия,Константинова,1990-04-24,+7 553 648 1875,evfrosinija03@example.com,Актобе,2025-06-14 20:02:33
1483,Клавдия,Некрасов,1999-01-19,8 (821) 597-7385,lukija66@example.org,Павлодар,2025-04-25 20:15:54
1484,Евстафий,Фокина,1957-09-07,8 066 799 86 49,titovmoke@example.net,Павлодар,2025-08-30 05:40:38
1485,Леонид,Яковлева,1997-09-02,+7 (204) 298-62-26,agafjablinova@example.com,Тараз,2026-03-01 11:43:27
1486,Никон,Куликов,2006-05-14,89623569992,iosif_1982@example.net,Тараз,2025-10-11 04:21:49
1487,Нина,Пестов,2000-06-27,8 887 779 25 60,vitali34@example.net,Шымкент,2025-10-07 10:49:21
1488,Дементий,Комаров,1980-08-28,+79315398391,vasilisamaslova@example.org,Тараз,2025-08-17 21:26:54
1489,Амвросий,Кузнецов,2002-04-28,+74076291430,naina91@example.org,Караганда,2025-12-13 11:31:30
1490,Ладимир,Фролов,1951-04-11,8 (975) 287-2099,platon_2006@example.net,Тараз,2025-10-26 05:52:58
1491,Нестор,Кириллов,1959-07-29,+7 (405) 920-82-35,amvrosiermakov@example.com,Павлодар,2025-07-01 04:53:16
1492,Парфен,Гордеев,1985-08-10,+7 948 962 98 05,itarasova@example.org,Актобе,2025-08-25 03:46:02
1493,Борислав,Блохин,1988-07-10,+7 (079) 661-8695,gerasim2012@example.net,Усть-Каменогорск,2026-02-02 14:42:50
1494,Наталья,Тимофеева,2006-03-13,+70434741253,prohorovevlampi@example.com,Караганда,2025-12-02 20:46:21
1495,Вера,Осипова,1968-08-15,8 100 777 32 17,arkadi_36@example.org,Павлодар,2025-08-27 18:40:06
1496,Регина,Захарова,1994-06-29,+7 (025) 999-19-38,evlampi1981@example.org,Павлодар,2025-08-10 01:46:31
1497,Евграф,Кириллов,1992-10-01,+74474890476,zuevasinklitikija@example.com,Астана,2025-09-11 23:22:48
1498,Владимир,Дроздова,1963-05-22,+7 076 519 17 08,bronislav_73@example.net,Караганда,2026-04-20 04:41:02
1499,Гурий,Ситникова,1981-07-11,8 145 634 0918,simon_05@example.com,Шымкент,2025-12-09 05:08:40
1500,Тихон,Селезнева,1954-11-22,+7 574 496 53 91,pbelov@example.com,Алматы,2026-01-12 23:12:39
1501,Савватий,Иванов,1953-03-29,+7 930 454 1840,erneststrelkov@example.net,Усть-Каменогорск,2026-01-30 15:18:30
1502,Трифон,Петухов,1960-08-23,8 (039) 662-0385,fade_1992@example.com,Караганда,2026-01-23 07:38:53
1503,Агата,Меркушева,1990-07-11,+7 788 026 5295,litkinnaum@example.com,Актобе,2025-10-10 11:53:05
1504,Иванна,Уваров,1991-06-13,+7 (335) 623-0397,kallistrat08@example.net,Астана,2026-03-12 01:17:47
1505,Аполлинарий,Хохлова,1994-11-21,8 708 987 09 20,moiseevjuri@example.org,Павлодар,2026-03-07 06:30:03
1506,Тимур,Филатова,1992-03-27,+73113266115,kirill_2001@example.net,Усть-Каменогорск,2026-01-09 13:47:41
1507,Анисим,Зимин,1959-10-06,8 321 196 04 72,akulinaveselova@example.org,Актобе,2025-06-16 06:25:55
1508,Эмиль,Щукина,1977-08-04,+7 774 544 7082,bogdanzuev@example.org,Актобе,2025-07-26 04:59:21
1509,Корнил,Гуляев,1993-07-27,89539467662,pdenisov@example.com,Шымкент,2026-01-04 00:22:20
1510,Клавдия,Потапова,1983-09-24,+7 530 261 8402,svjatoslav_87@example.org,Павлодар,2026-01-25 23:40:29
1511,Ермолай,Дьячкова,1972-10-29,8 050 630 66 36,fominaalina@example.org,Павлодар,2026-02-23 15:55:01
1512,Наина,Михайлова,2001-10-05,+7 640 989 10 39,kapustinavarvara@example.org,Усть-Каменогорск,2025-05-21 22:35:37
1513,Аристарх,Калашникова,1993-04-10,+7 252 094 5237,filaret_79@example.com,Усть-Каменогорск,2025-12-11 10:20:09
1514,Игнатий,Гришина,1956-10-23,+7 (600) 986-02-75,lavr2007@example.com,Павлодар,2025-12-05 08:05:46
1515,Ким,Боброва,1984-07-23,+7 (054) 894-45-38,ilinfedosi@example.org,Павлодар,2025-11-16 17:51:13
1516,Агафья,Куликова,1957-04-24,8 (965) 583-4456,kveselov@example.net,Алматы,2025-11-20 08:19:45
1517,Жанна,Гришин,1958-12-22,8 (970) 566-03-61,ikrjukova@example.com,Тараз,2026-02-24 07:14:30
1518,Тит,Сазонов,1952-01-28,+7 472 660 2351,silanti_50@example.org,Астана,2026-01-20 16:53:38
1519,Мстислав,Тетерина,1961-11-07,+7 173 167 1560,stepan_79@example.org,Караганда,2025-06-04 16:35:07
1520,Мстислав,Осипов,1960-09-14,+71339547940,qkondrateva@example.net,Тараз,2026-01-03 14:28:48
1521,Олимпиада,Гурьев,1962-09-16,8 790 571 9189,nikon_1994@example.net,Алматы,2025-06-26 19:34:32
1522,Ладимир,Терентьева,1991-12-25,83656183359,kapiton2005@example.net,Павлодар,2025-11-27 22:46:55
1523,Родион,Вишняков,1982-01-11,+7 570 237 7184,averjankonstantinov@example.net,Тараз,2026-02-09 12:42:02
1524,Варлаам,Алексеева,1961-01-27,+7 956 733 3297,vsevolodnikitin@example.net,Павлодар,2026-02-26 10:36:00
1525,Онуфрий,Савин,1965-05-02,+7 (825) 326-76-99,ivannasergeeva@example.com,Алматы,2025-06-03 08:39:48
1526,Савватий,Самойлова,1964-01-15,+7 (385) 202-32-09,maksimovavgust@example.org,Актобе,2025-05-31 12:16:06
1527,Панфил,Сидорова,1961-04-06,+7 (844) 234-71-99,gennadi_2020@example.org,Караганда,2025-07-18 10:23:19
1528,Евгения,Меркушев,1969-07-12,8 154 526 0756,medvedevustin@example.org,Тараз,2025-10-13 08:08:45
1529,Владилен,Семенов,1950-07-12,8 433 226 22 77,ruslan1982@example.org,Усть-Каменогорск,2025-09-22 02:49:23
1530,Павел,Евсеева,1992-05-31,+7 664 707 0385,frolovamarina@example.org,Шымкент,2026-02-17 03:56:23
1531,Марк,Максимова,1968-06-21,88424107402,kasjan1971@example.net,Алматы,2025-09-04 04:31:03
1532,Платон,Блохин,1995-08-21,8 826 762 5906,agafjaodintsova@example.org,Астана,2025-10-27 16:56:28
1533,Иннокентий,Кудряшова,1973-10-15,8 (564) 614-9745,anzhela2003@example.org,Павлодар,2025-08-15 22:48:59
1534,Станимир,Уварова,1962-12-05,89798491498,lvinogradov@example.net,Астана,2026-04-15 17:18:48
1535,Якуб,Брагина,1968-07-30,8 049 326 6432,elenaturova@example.net,Шымкент,2025-06-07 07:01:59
1536,Исай,Корнилова,1972-05-28,+7 (128) 981-15-94,martjan_1982@example.org,Актобе,2025-09-05 11:50:49
1537,Аверкий,Родионова,1954-07-22,8 (622) 398-47-42,lukijaafanaseva@example.net,Усть-Каменогорск,2025-09-03 10:48:06
1538,Роман,Михеева,1979-07-17,8 (188) 822-37-88,arefi1988@example.net,Караганда,2026-02-21 19:06:53
1539,Корнил,Кузьмин,1972-10-22,+7 613 495 6479,kasjan_1992@example.net,Усть-Каменогорск,2025-11-11 14:19:51
1540,Любосмысл,Зайцева,1975-02-26,8 (949) 638-30-97,evpraksijaafanaseva@example.org,Усть-Каменогорск,2025-09-05 11:34:57
1541,Антип,Филатова,1981-10-20,82616620165,luchezar_78@example.com,Усть-Каменогорск,2025-05-31 03:06:04
1542,Клавдий,Нестеров,1979-04-07,8 (655) 575-1247,ahohlov@example.org,Усть-Каменогорск,2026-01-28 14:39:35
1543,Антонин,Мамонтов,1980-09-08,8 868 240 5166,irakli_51@example.org,Астана,2025-08-25 01:38:25
1544,Демид,Константинова,1965-03-12,+74189974023,stojanisakov@example.net,Алматы,2025-08-17 19:51:09
1545,Парфен,Морозов,1980-01-14,+7 (570) 170-3630,karp23@example.net,Астана,2026-03-03 20:40:07
1546,Ангелина,Бирюков,1953-10-31,+7 508 983 0941,karpagafonov@example.net,Тараз,2025-05-01 23:41:49
1547,Агап,Пономарева,1994-12-23,+7 979 797 24 52,karp_1976@example.com,Астана,2025-12-30 20:42:21
1548,Никита,Николаева,1965-12-26,+7 450 735 6748,drozdovalidija@example.com,Шымкент,2026-01-11 04:35:04
1549,Алла,Антонова,2005-08-08,84059802602,kasjan20@example.org,Караганда,2026-04-19 08:41:38
1550,Будимир,Рогов,2003-03-02,82584907342,danilovaantonina@example.net,Шымкент,2025-11-09 14:36:01
1551,Октябрина,Бобылев,1988-11-16,8 (486) 759-51-41,paramon_2011@example.net,Шымкент,2025-11-23 13:21:55
1552,Станимир,Абрамова,1959-07-12,+7 882 958 6841,pfilippov@example.net,Павлодар,2025-08-29 18:14:08
1553,Тамара,Быков,1960-01-26,8 058 694 27 67,sofron31@example.com,Караганда,2025-10-19 15:50:43
1554,Евдоким,Родионова,1950-06-14,8 293 151 81 78,gennadi_1986@example.org,Павлодар,2026-02-27 00:48:41
1555,Наум,Агафонова,1971-04-18,8 946 989 0623,oksanavladimirova@example.org,Шымкент,2025-12-23 18:58:48
1556,Ефим,Суханова,1977-10-14,8 (989) 022-37-90,rogovanatalja@example.com,Павлодар,2025-07-04 14:26:26
1557,Ким,Комиссарова,1996-09-04,8 (708) 477-9541,pantelemon1997@example.com,Алматы,2025-09-23 20:17:01
1558,Егор,Никитина,1980-09-30,8 (890) 737-8159,markovsemen@example.net,Караганда,2026-02-03 14:08:46
1559,Арефий,Кудрявцева,1984-01-04,8 896 268 3848,prov_1993@example.net,Павлодар,2025-10-14 19:31:53
1560,Азарий,Кононова,1959-05-01,+7 761 239 6121,evdokimovalora@example.net,Алматы,2025-09-21 05:24:02
1561,Бронислав,Ковалева,2001-04-05,8 (129) 886-1820,averjan2021@example.com,Караганда,2026-01-21 21:48:02
1562,Людмила,Некрасова,1999-08-07,80107923729,gavrila_1991@example.net,Актобе,2025-07-12 03:14:20
1563,Игнатий,Третьяков,1966-04-02,8 (649) 703-5067,rodion_89@example.com,Астана,2026-02-09 09:22:13
1564,Спартак,Сафонова,1992-08-16,+7 (355) 707-7312,varlaammarkov@example.com,Астана,2025-12-03 10:27:40
1565,Матвей,Дмитриева,1952-10-13,8 705 218 7993,kir_2010@example.com,Шымкент,2026-02-27 17:05:26
1566,Каллистрат,Беляев,1968-05-10,8 (831) 141-4701,elizavetajudina@example.com,Тараз,2025-09-12 06:37:36
1567,Антип,Афанасьев,1973-07-17,8 (156) 891-09-77,timofe1973@example.org,Усть-Каменогорск,2025-07-08 18:03:14
1568,Игнатий,Антонова,2006-10-10,+75684467940,panfilvladimirov@example.com,Актобе,2025-06-06 11:19:33
1569,Лаврентий,Кулагина,1951-07-25,8 329 573 78 31,fortunat_75@example.com,Усть-Каменогорск,2026-01-08 16:34:44
1570,Лариса,Гордеева,1959-08-07,+7 (731) 868-30-29,suhanovfedot@example.com,Тараз,2025-11-14 03:50:56
1571,Лариса,Коновалова,1967-12-16,+7 (332) 416-51-85,timofe39@example.com,Павлодар,2025-12-11 01:21:36
1572,Никита,Васильев,2005-03-21,+7 (446) 746-2159,tihon_41@example.net,Павлодар,2025-12-16 14:59:45
1573,Севастьян,Беляков,1993-04-09,81617050221,viktorija_1975@example.net,Астана,2025-12-07 04:28:08
1574,Устин,Баранов,1987-10-01,+71344760948,sevastjankornilov@example.com,Тараз,2025-09-05 08:04:52
1575,Константин,Зайцев,1992-12-28,+7 (928) 643-30-26,pelageja_09@example.net,Усть-Каменогорск,2026-03-17 13:59:08
1576,Анжела,Григорьева,1972-08-10,+7 (183) 667-71-96,bsharapov@example.org,Шымкент,2025-12-18 23:25:33
1577,Август,Матвеев,2008-02-27,8 342 022 23 49,andron_1974@example.org,Актобе,2026-03-05 05:46:43
1578,Марфа,Шашков,2006-09-06,8 (367) 590-1779,bolshakovgennadi@example.net,Астана,2026-04-14 23:55:51
1579,Лазарь,Жданов,1997-07-14,+7 440 923 35 17,nikola56@example.com,Шымкент,2026-01-09 05:42:31
1580,Вышеслав,Мишина,1997-03-25,+7 186 372 6319,nina_69@example.net,Астана,2025-08-22 20:17:28
1581,Марк,Кулаков,1984-02-07,+7 (277) 641-49-00,trofimmarkov@example.org,Актобе,2025-07-24 20:50:51
1582,Денис,Панфилова,1996-10-19,8 134 448 6722,terenti_1982@example.org,Шымкент,2025-06-07 15:13:53
1583,Ладимир,Субботин,1994-02-06,+7 (145) 461-5749,gennadiefimov@example.org,Шымкент,2025-09-15 04:39:12
1584,Викентий,Галкин,1990-09-19,87887953120,agafon95@example.com,Павлодар,2025-11-07 14:25:17
1585,Илья,Бобылев,1979-01-19,8 618 308 58 00,vladimirovterenti@example.com,Шымкент,2025-10-02 15:27:34
1586,Илья,Романов,1968-05-28,81511436786,valentinafokina@example.org,Павлодар,2025-12-02 10:46:09
1587,Святослав,Орехова,1982-02-14,8 (710) 968-5642,sinklitikija_70@example.com,Шымкент,2025-10-04 12:11:45
1588,Анастасия,Ковалева,1988-02-09,+7 269 331 5423,maslovaaleksandra@example.org,Шымкент,2025-10-29 05:17:01
1589,Доброслав,Колесников,1953-06-14,8 (655) 052-2411,gerasim06@example.com,Шымкент,2025-11-24 17:20:55
1590,Самуил,Богданов,1956-04-15,+7 459 920 16 63,spartakbaranov@example.org,Актобе,2025-10-30 08:58:59
1591,Всемил,Артемьева,1958-03-26,+7 053 922 2056,alevtinabelova@example.net,Шымкент,2025-06-16 16:50:49
1592,Нонна,Максимова,1994-03-30,+7 134 843 39 13,demidgromov@example.org,Усть-Каменогорск,2025-08-23 09:17:12
1593,Софрон,Симонов,2005-09-20,+7 323 945 64 52,lazargerasimov@example.net,Алматы,2025-12-19 18:30:29
1594,Нифонт,Кириллов,1995-02-11,+79760249866,karpzaharov@example.net,Тараз,2026-03-25 08:26:25
1595,Аполлинарий,Трофимова,1997-04-20,8 367 734 9852,ignati1990@example.org,Усть-Каменогорск,2025-04-26 22:30:45
1596,Марк,Власова,1960-08-09,8 655 914 76 25,sokratsemenov@example.net,Караганда,2025-06-15 05:47:03
1597,Панкратий,Щукин,1967-09-19,+77533695247,taisija66@example.net,Павлодар,2026-03-05 19:33:06
1598,Лукьян,Ефимова,1963-11-03,+7 (896) 298-5324,nikanorgorshkov@example.net,Усть-Каменогорск,2025-11-27 07:30:46
1599,Георгий,Кириллов,1956-04-18,8 (127) 638-35-43,ostap85@example.net,Усть-Каменогорск,2025-09-29 02:35:49
1600,Пелагея,Гордеев,1964-08-05,80616824979,jakovkoshelev@example.net,Усть-Каменогорск,2025-10-01 15:08:42
1601,Варвара,Степанов,1974-05-24,8 381 168 3710,azarichernov@example.org,Шымкент,2025-10-30 00:11:53
1602,Савватий,Осипов,1972-04-27,8 (201) 489-67-80,visheslav_1991@example.com,Алматы,2025-05-25 07:44:04
1603,Филипп,Аксенов,1957-02-21,+7 463 947 62 54,fainanikonova@example.net,Караганда,2026-02-26 07:20:10
1604,Григорий,Носов,1999-03-04,+75633917299,avtonom36@example.net,Алматы,2025-08-14 15:39:50
1605,Каллистрат,Морозова,1999-05-28,+7 126 649 71 96,evgenija1971@example.net,Караганда,2025-08-07 23:00:12
1606,Ульян,Третьяков,1962-12-23,+7 (910) 161-2590,vlasoviosif@example.net,Актобе,2025-11-18 00:03:50
1607,Эраст,Некрасов,1992-09-23,+7 133 344 3767,kirlukin@example.org,Усть-Каменогорск,2025-06-27 13:00:35
1608,Кондрат,Тарасов,1998-03-10,8 (410) 167-9301,tihon11@example.com,Усть-Каменогорск,2025-11-28 21:25:58
1609,Автоном,Турова,1966-09-19,81004202886,hshashkova@example.com,Астана,2025-11-22 17:00:28
1610,Тихон,Голубев,1993-09-10,+7 990 342 13 48,ladislav_84@example.org,Астана,2025-12-01 15:16:13
1611,Аристарх,Гаврилов,1968-10-28,+7 607 917 91 38,fkovalev@example.com,Тараз,2025-08-05 06:05:39
1612,Светозар,Лазарев,1999-11-29,+7 713 219 40 24,glafira2018@example.org,Алматы,2025-11-19 17:23:56
1613,Спиридон,Кузьмина,1996-11-18,+7 411 287 45 27,mamontovjuvenali@example.org,Усть-Каменогорск,2026-02-12 08:56:25
1614,Поликарп,Селиверстов,1999-07-23,8 764 639 1381,rusakovapolina@example.com,Караганда,2025-11-21 09:34:12
1615,Юрий,Силина,1956-10-03,8 194 232 15 40,rogovizot@example.org,Астана,2025-10-05 07:55:03
1616,Марк,Кудряшов,1969-07-14,8 962 616 84 55,lidijazaharova@example.net,Караганда,2026-02-03 01:06:01
1617,Сергей,Овчинникова,1968-05-25,+7 025 471 79 89,spiridon85@example.com,Алматы,2025-08-16 20:02:13
1618,Никита,Жукова,1966-09-07,89300519567,veronika_63@example.com,Актобе,2025-10-14 20:59:52
1619,Михаил,Савина,1979-08-04,+7 (271) 726-62-56,aleksandr_46@example.org,Астана,2025-09-05 14:09:41
1620,Савелий,Соловьев,1988-10-12,+7 441 306 86 24,ustinovaraisa@example.com,Астана,2025-10-10 17:37:00
1621,Элеонора,Кабанова,1956-04-04,+7 066 890 4172,vjacheslav_1970@example.com,Караганда,2026-02-18 10:35:58
1622,Давыд,Блинов,1979-05-25,+7 152 232 82 22,german_1985@example.net,Тараз,2025-07-13 17:23:41
1623,Клавдий,Фокин,1969-04-05,+7 (835) 999-40-04,petrovfade@example.com,Павлодар,2026-03-23 14:44:38
1624,Радислав,Жукова,1996-11-08,+7 (511) 350-5357,glafirakomissarova@example.net,Шымкент,2025-06-26 16:14:57
1625,Тарас,Никитина,1957-12-02,+7 641 578 0978,aleksegusev@example.net,Караганда,2026-02-22 00:30:51
1626,Аггей,Владимирова,1954-07-13,+71945341952,sinklitikija_2021@example.net,Караганда,2026-03-05 03:50:11
1627,Каллистрат,Игнатьев,1977-07-17,8 742 802 18 89,azariblinov@example.org,Алматы,2026-03-02 00:26:17
1628,Регина,Пахомов,1979-03-06,8 (037) 891-2139,ipati2022@example.org,Тараз,2025-11-30 14:39:59
1629,Маргарита,Константинов,1984-11-21,+7 558 557 5994,nekrasovairina@example.org,Актобе,2025-11-15 22:24:18
1630,Фирс,Авдеева,1993-01-11,8 969 045 28 98,ynovikov@example.org,Шымкент,2025-12-11 00:18:19
1631,Милица,Белов,1972-11-03,8 733 745 70 16,gavrila_76@example.org,Актобе,2025-08-26 21:51:32
1632,Захар,Дьячков,1988-10-24,+7 498 025 30 84,samuilvladimirov@example.com,Актобе,2025-08-13 13:58:11
1633,Яков,Максимова,1959-08-19,86444772508,evdokija23@example.net,Астана,2026-03-22 10:29:06
1634,Вячеслав,Шарапова,1964-11-02,+7 (480) 041-7241,mefodi_36@example.net,Павлодар,2025-06-14 20:58:07
1635,Велимир,Лапин,1981-04-25,8 749 062 7960,irinasergeeva@example.com,Алматы,2026-04-15 00:44:01
1636,Радислав,Ильин,1964-03-06,+7 (329) 594-5231,alla_82@example.net,Шымкент,2025-08-08 22:01:52
1637,Никанор,Савельев,1952-12-24,+7 296 629 9172,martinovlavr@example.org,Шымкент,2026-01-20 14:57:27
1638,Эмиль,Матвеев,1998-05-28,+7 416 782 1539,militsashcherbakova@example.net,Шымкент,2025-07-29 04:20:57
1639,Епифан,Селиверстов,2000-02-06,+7 632 503 1392,anikita_1987@example.com,Тараз,2026-01-24 11:52:09
1640,Аверьян,Фомин,1959-01-29,8 190 193 33 59,selivaneliseev@example.com,Караганда,2026-03-10 23:11:55
1641,Борислав,Жукова,1953-11-22,+7 029 561 6225,tpanova@example.net,Павлодар,2026-02-12 22:38:12
1642,Климент,Родионова,1978-11-09,8 (559) 407-9923,dmitrievaljubov@example.net,Шымкент,2025-10-30 07:16:28
1643,Ерофей,Дорофеев,1993-05-25,+7 677 814 56 47,innokenti70@example.net,Актобе,2025-12-03 11:11:04
1644,Викторин,Максимова,1967-06-17,8 391 177 6665,konovalovadarja@example.net,Павлодар,2025-12-23 00:49:41
1645,Савва,Филиппова,2002-04-18,8 120 928 15 78,isakovaanzhela@example.net,Усть-Каменогорск,2025-09-15 22:02:53
1646,Ярополк,Ковалев,1959-05-08,+7 (116) 787-0676,marknikolaev@example.org,Астана,2025-05-22 13:03:04
1647,Георгий,Афанасьев,1989-12-23,+7 859 212 68 48,pavel_37@example.org,Актобе,2025-09-26 16:01:47
1648,Борис,Дроздов,1999-05-14,84300037539,feofan_2021@example.org,Тараз,2026-01-18 00:17:44
1649,Илья,Котова,1990-10-02,+7 (246) 598-6693,olgasimonova@example.net,Усть-Каменогорск,2025-10-16 19:15:33
1650,Любовь,Михеев,1956-04-19,8 (376) 591-5382,belovaantonina@example.com,Алматы,2025-08-28 07:44:44
1651,Галина,Фадеева,1952-01-25,8 526 642 67 35,konstantinovgavrila@example.com,Астана,2026-03-26 15:59:45
1652,Добромысл,Шилов,1968-08-18,8 337 565 6976,stojan78@example.com,Усть-Каменогорск,2026-02-01 01:58:04
1653,Харитон,Красильников,1959-07-29,+79451046250,ikoroleva@example.net,Тараз,2025-12-25 18:19:52
1654,Панкрат,Лапин,1972-07-11,8 120 627 6729,luchezarfilatov@example.org,Астана,2026-03-19 08:45:11
1655,Юрий,Бобылев,1984-03-13,+7 (442) 129-1465,gerasimovaveronika@example.org,Павлодар,2026-02-26 05:26:39
1656,Кузьма,Корнилова,1978-12-05,8 (045) 797-2518,ija07@example.org,Павлодар,2025-07-16 19:30:38
1657,Елизар,Рыбаков,1987-12-29,8 (214) 782-3372,gushchinatatjana@example.net,Караганда,2026-03-09 13:19:33
1658,Ксения,Потапов,1968-09-03,8 767 063 63 28,avlasov@example.org,Актобе,2025-11-01 08:15:58
1659,Артем,Егоров,2001-07-16,+7 (008) 484-26-48,elizarsitnikov@example.org,Актобе,2025-08-26 14:30:35
1660,Панфил,Молчанова,1976-06-27,86082896713,vsokolov@example.net,Шымкент,2025-09-01 09:17:41
1661,Евпраксия,Селезнев,1985-06-28,+76920856490,knjazevevgeni@example.org,Усть-Каменогорск,2025-11-29 02:00:55
1662,Казимир,Федотова,1971-09-29,+7 935 001 15 46,muhinmechislav@example.net,Тараз,2026-02-23 08:42:40
1663,Людмила,Маслова,2002-03-12,+7 803 889 0441,bobrovaanastasija@example.com,Алматы,2026-04-05 11:18:50
1664,Иларион,Гусев,1970-07-11,8 851 353 81 48,samsonnikiforov@example.com,Астана,2025-05-11 01:24:27
1665,Лучезар,Крюков,1979-08-21,+7 (090) 168-5647,martinovradim@example.net,Усть-Каменогорск,2025-12-22 09:36:17
1666,Каллистрат,Богданов,1955-08-07,80271698837,kudrjashovvadim@example.org,Астана,2025-04-29 12:56:30
1667,Михей,Павлова,2004-02-15,8 861 199 76 75,egor_2007@example.org,Шымкент,2026-04-19 04:07:51
1668,Остромир,Титов,1977-12-11,+7 505 835 3458,safonovmilen@example.com,Усть-Каменогорск,2025-10-11 14:16:18
1669,Макар,Бобылев,1991-03-26,8 (535) 339-9824,marijavlasova@example.net,Павлодар,2025-04-23 11:29:19
1670,Вячеслав,Пономарев,1977-06-17,8 (580) 158-46-68,ernest2018@example.org,Шымкент,2025-07-10 18:55:51
1671,Фёкла,Маслов,1950-09-06,8 (532) 727-6698,iraklifilippov@example.org,Актобе,2026-03-31 19:24:06
1672,Алина,Гришин,1997-05-07,+7 252 854 6130,ruslan_2016@example.org,Актобе,2025-06-23 22:57:57
1673,Терентий,Гордеева,1983-01-14,8 (207) 382-77-77,kovalevsidor@example.com,Тараз,2025-05-29 11:10:49
1674,Вышеслав,Кабанов,1957-09-30,8 (863) 090-07-12,vasilevvjacheslav@example.net,Астана,2025-07-29 10:59:09
1675,Клавдий,Бобров,1961-07-12,+77305777196,larionovfoka@example.net,Шымкент,2025-09-14 15:01:25
1676,Акулина,Селиверстов,1956-08-04,8 965 667 6409,pbogdanova@example.org,Павлодар,2025-05-13 07:52:51
1677,Константин,Савина,1965-09-26,+7 952 242 6537,dobromislgusev@example.org,Актобе,2025-12-22 04:14:35
1678,Фока,Алексеев,1994-05-27,+7 (907) 054-7360,mironovsemen@example.net,Караганда,2026-01-30 03:53:26
1679,Фрол,Данилов,1955-02-06,8 010 162 6008,kuzminamilitsa@example.com,Астана,2025-10-06 21:54:39
1680,Федот,Сергеева,1991-12-09,+77597833548,ljubov_1981@example.com,Астана,2026-01-21 12:07:47
1681,Бронислав,Цветкова,1961-02-23,+79679146386,sartemeva@example.net,Караганда,2025-04-23 15:18:49
1682,Изяслав,Юдина,1959-05-05,+7 (172) 665-2824,vkomarova@example.com,Астана,2025-10-25 09:20:57
1683,Христофор,Шарапова,1959-12-18,8 (240) 002-08-60,antonovnarkis@example.org,Караганда,2025-06-13 18:02:25
1684,Лучезар,Захаров,1984-06-25,8 (543) 271-6303,luchezarmjasnikov@example.com,Усть-Каменогорск,2025-11-10 22:45:35
1685,Валерия,Одинцова,1962-11-24,83010009089,artemizhdanov@example.com,Алматы,2025-04-26 19:44:57
1686,Спиридон,Данилов,1992-06-25,+78028354158,julijafedoseeva@example.org,Тараз,2026-01-18 08:37:24
1687,Януарий,Овчинникова,1963-08-27,+73766136628,kopilovaanzhelika@example.org,Астана,2026-03-06 13:11:48
1688,Всеслав,Давыдова,1987-02-24,8 (159) 474-7053,nikonovbronislav@example.org,Павлодар,2026-03-23 08:08:28
1689,Милен,Блинова,1982-02-13,+7 (309) 673-9798,visheslav18@example.net,Шымкент,2026-01-17 18:01:35
1690,Владилен,Михеева,1968-03-12,8 937 650 16 76,zoja2018@example.net,Астана,2025-10-25 17:40:39
1691,Серафим,Кондратьев,1973-05-26,+7 (883) 636-88-50,artemevnikon@example.net,Павлодар,2025-07-21 03:07:41
1692,Гостомысл,Русаков,2003-12-02,+7 (922) 666-78-80,prohornoskov@example.com,Астана,2025-05-27 21:48:52
1693,Борислав,Стрелкова,1973-03-24,8 228 989 0749,lukjanvorontsov@example.net,Тараз,2025-06-02 07:05:47
1694,Вацлав,Дорофеев,1969-01-25,87772659764,hohlovaevdokija@example.net,Актобе,2025-09-12 23:06:42
1695,Моисей,Фокина,1993-05-07,+7 501 417 1657,fortunat_1980@example.org,Павлодар,2025-06-15 11:19:34
1696,Вышеслав,Ершова,2005-10-30,8 651 887 1148,dfedorov@example.net,Шымкент,2026-02-17 14:21:46
1697,Мирослав,Дроздова,1952-11-01,82449287875,antip2005@example.net,Шымкент,2025-12-28 09:06:42
1698,Аггей,Дроздова,1958-07-03,+7 (011) 250-1860,kir1979@example.org,Алматы,2025-05-19 18:49:51
1699,Олег,Коновалова,1987-08-11,8 222 336 9318,blinovaglafira@example.org,Шымкент,2025-12-16 05:46:34
1700,Агап,Сафонова,2005-07-15,+7 (024) 266-2497,izjaslav_74@example.org,Тараз,2025-10-11 03:12:45
1701,Ия,Носкова,1969-04-02,+7 446 956 74 06,semen_2014@example.com,Караганда,2026-01-28 18:44:35
1702,Анжела,Кошелев,1964-12-28,8 345 146 6886,sofon_34@example.net,Шымкент,2025-12-23 03:19:07
1703,Евстафий,Кириллова,1967-07-08,+7 (586) 267-3664,longin_1983@example.org,Павлодар,2026-04-15 11:13:23
1704,Вероника,Юдина,1977-01-11,8 870 894 3269,erofe_2006@example.net,Усть-Каменогорск,2025-12-18 11:25:59
1705,Ипатий,Моисеев,1964-06-14,8 958 050 45 05,kirillovadarja@example.net,Караганда,2026-03-23 04:37:13
1706,Карп,Брагин,1977-03-10,+7 073 429 3907,zosima2021@example.com,Астана,2025-05-26 21:10:46
1707,Вячеслав,Кулакова,2006-09-10,8 450 380 1625,mili_1976@example.org,Астана,2025-06-16 14:12:20
1708,Евпраксия,Белоусов,1990-04-12,+7 450 281 4353,kudrjavtsevrostislav@example.net,Павлодар,2025-12-08 04:24:56
1709,Капитон,Ермакова,1989-12-19,+7 (379) 531-1123,firs_04@example.org,Павлодар,2025-09-06 17:44:17
1710,Олег,Терентьев,1961-01-06,8 (428) 662-51-08,serafim_38@example.org,Шымкент,2025-08-23 08:34:30
1711,Фадей,Панова,1989-07-27,8 451 460 9193,valentin_17@example.net,Актобе,2025-07-28 10:43:30
1712,Лазарь,Пахомов,1998-05-19,8 370 627 2816,evstigne1983@example.com,Астана,2025-12-29 13:29:16
1713,Никандр,Пономарев,2008-03-05,+7 (157) 562-64-12,gpavlov@example.com,Актобе,2025-07-28 14:16:22
1714,Степан,Фролов,1979-12-16,8 (620) 990-69-31,btrofimov@example.org,Алматы,2026-02-19 17:42:43
1715,Ян,Полякова,1969-10-18,+7 670 450 59 98,vasilisafomicheva@example.net,Актобе,2026-03-18 12:06:56
1716,Ксения,Воронова,1974-08-06,+7 (123) 438-8804,mechislav_2017@example.org,Караганда,2025-07-12 00:04:53
1717,Варвара,Логинов,1988-01-08,+7 259 364 5028,zhannakiseleva@example.org,Павлодар,2026-02-07 15:35:47
1718,Ираклий,Белоусов,1977-08-25,8 767 299 1154,dementevaija@example.net,Алматы,2025-08-15 23:50:24
1719,Исидор,Колесников,2002-03-27,8 (343) 695-3102,svjatopolk1976@example.net,Караганда,2026-02-21 14:44:56
1720,Вацлав,Носков,1951-03-23,+7 (917) 926-51-73,raisamakarova@example.com,Павлодар,2025-11-01 09:52:35
1721,Вячеслав,Карпова,1985-12-10,+7 873 922 1983,ejakovleva@example.com,Караганда,2025-06-06 00:02:08
1722,Пров,Кудряшов,1989-09-18,8 710 529 87 70,angelina1986@example.net,Астана,2025-11-03 05:38:07
1723,Оксана,Осипова,1999-01-21,+7 530 445 00 20,marinakononova@example.net,Алматы,2025-11-14 09:10:32
1724,Илья,Баранова,1978-12-25,80345029586,sinklitikija1992@example.org,Тараз,2025-09-10 10:52:04
1725,Анна,Савина,1953-01-23,+7 934 675 4182,paramonpotapov@example.net,Павлодар,2025-06-13 11:21:29
1726,Валерий,Беляев,1954-09-08,+7 (827) 210-5133,nazar01@example.net,Павлодар,2026-03-23 12:33:23
1727,Леонид,Филиппов,1958-12-11,+7 388 253 20 83,bobilevnikanor@example.net,Шымкент,2025-09-12 03:04:46
1728,Виталий,Воронова,1995-07-14,8 360 389 17 36,abramovaraisa@example.net,Усть-Каменогорск,2026-02-13 10:18:34
1729,Лариса,Костин,1987-11-23,8 720 005 21 41,merkushevaolimpiada@example.org,Астана,2026-02-16 09:31:47
1730,Ратибор,Данилов,1975-06-18,+78508951237,lobanovamargarita@example.org,Астана,2025-04-29 16:44:42
1731,Таисия,Поляков,2001-06-22,81944545697,emilijaafanaseva@example.com,Актобе,2025-04-28 13:45:09
1732,Мартьян,Гуляев,1998-01-09,82767137718,pavel_2012@example.com,Алматы,2025-07-16 00:03:30
1733,Иларион,Григорьева,1970-11-11,+7 266 783 05 57,ratmirkomarov@example.org,Алматы,2026-04-16 12:15:03
1734,Тихон,Терентьева,1999-09-24,8 (402) 234-61-44,yevseeva@example.org,Павлодар,2026-02-23 17:54:16
1735,Серафим,Якушев,1962-03-09,+7 (041) 176-1421,dorofe_48@example.org,Актобе,2025-11-05 23:08:30
1736,Вениамин,Цветкова,1973-04-27,8 (636) 470-4656,feofan_1991@example.net,Павлодар,2025-12-23 07:53:31
1737,Святополк,Шашкова,1951-07-29,8 883 004 83 79,olegartemev@example.org,Павлодар,2025-10-04 17:11:45
1738,Зоя,Рогова,1954-11-16,8 922 912 7065,klimentgolubev@example.org,Шымкент,2025-05-25 05:28:17
1739,Капитон,Комаров,1972-03-07,+7 (911) 872-28-24,vladilen1999@example.org,Астана,2025-08-08 23:22:31
1740,Боян,Белова,1956-12-06,86075789849,kondrati2002@example.com,Астана,2025-08-21 13:43:48
1741,Ярополк,Цветкова,1953-08-10,+7 (217) 114-86-56,sofron_18@example.net,Караганда,2025-11-07 18:53:37
1742,Творимир,Шестакова,1956-03-22,+7 617 356 3163,romanoveduard@example.com,Шымкент,2026-03-03 00:51:16
1743,Михей,Пахомова,1970-09-30,+7 (616) 949-63-78,askold_1974@example.org,Тараз,2025-11-17 12:42:26
1744,Степан,Артемьева,1990-04-25,89906820130,bazhen1993@example.com,Астана,2025-09-21 23:04:12
1745,Милен,Мельников,1996-06-09,+7 (163) 361-31-79,maksim_1985@example.org,Павлодар,2025-08-21 16:10:40
1746,Раиса,Молчанова,1952-12-09,80372954585,zinovi_1989@example.com,Караганда,2026-01-31 16:53:37
1747,Измаил,Блинова,1984-12-22,88127439225,vatslav_74@example.org,Караганда,2025-05-15 16:54:40
1748,Эмиль,Родионова,1993-03-19,8 814 762 1236,ilinasofija@example.com,Павлодар,2025-05-26 16:45:00
1749,Игорь,Сергеева,1985-01-02,8 413 845 3156,antonineliseev@example.org,Усть-Каменогорск,2025-06-07 06:15:42
1750,Авксентий,Авдеева,1995-01-27,8 (968) 590-96-45,rostislav_1977@example.com,Алматы,2025-12-17 00:12:30
1751,Надежда,Голубев,1982-12-05,89217735166,arseni_1973@example.org,Шымкент,2025-08-21 07:58:51
1752,Ермолай,Селиверстова,1986-05-14,+7 (670) 721-7340,ksenijatitova@example.net,Алматы,2025-06-08 14:28:41
1753,Данила,Веселова,1960-03-18,+71983063236,leon_01@example.net,Шымкент,2026-01-23 03:18:01
1754,Варлаам,Маркова,1996-03-07,+74248420243,averjan_94@example.com,Алматы,2026-01-20 15:38:20
1755,Остап,Филатов,1990-12-31,+7 186 156 40 99,varfolome47@example.com,Усть-Каменогорск,2025-06-25 20:13:09
1756,Евдоким,Белоусова,1981-07-30,+7 370 542 45 19,panfilovadarja@example.com,Актобе,2025-09-04 20:42:52
1757,Афиноген,Ефимова,2002-08-13,+7 035 659 42 99,aleksandrakalashnikova@example.org,Тараз,2025-06-27 01:23:46
1758,Иларион,Кондратьев,1972-06-23,8 696 922 95 33,nestor_1975@example.com,Актобе,2025-06-11 12:16:03
1759,Вадим,Шубина,1954-02-07,8 (390) 934-2424,melnikovanatalja@example.net,Астана,2026-02-01 20:38:44
1760,Демьян,Васильева,1993-07-02,+76334889334,savvafomin@example.org,Алматы,2026-02-16 19:26:24
1761,Нинель,Воробьева,1972-06-02,84086542438,marijafokina@example.net,Павлодар,2025-08-31 07:43:03
1762,Всеволод,Титова,1969-06-08,+7 743 509 5288,juvenali_47@example.net,Астана,2025-08-06 20:13:53
1763,Авксентий,Чернов,1983-05-01,86453591765,osipovaoksana@example.org,Астана,2025-08-03 08:03:25
1764,Ульян,Виноградова,1961-12-27,+7 995 428 8734,nonna96@example.net,Усть-Каменогорск,2025-11-01 21:37:08
1765,Наркис,Павлова,2006-02-26,8 798 994 70 61,kira2018@example.net,Тараз,2025-11-07 14:01:14
1766,Азарий,Комиссарова,2000-05-18,8 901 497 11 03,kazimir_2014@example.net,Усть-Каменогорск,2025-05-14 17:55:06
1767,Прохор,Ершов,1969-11-02,8 (566) 505-18-86,ziminaantonina@example.com,Шымкент,2026-03-22 23:00:08
1768,Селиверст,Шестакова,1967-04-11,82343596985,doroninairina@example.com,Шымкент,2025-09-13 00:17:13
1769,Светлана,Одинцова,1951-04-10,8 669 375 4024,tamarakudrjashova@example.org,Астана,2025-07-31 07:02:34
1770,Савва,Зимина,1991-01-31,82571402503,ljubomir_2019@example.com,Астана,2026-04-05 12:22:27
1771,Пахом,Копылова,1960-04-22,8 481 638 49 36,antonin_2007@example.org,Алматы,2025-07-20 22:04:19
1772,Любомир,Васильева,1970-08-27,+7 101 278 9695,merkushevjulian@example.net,Алматы,2025-05-10 07:39:05
1773,Емельян,Смирнов,1994-05-03,8 (527) 758-6703,alapin@example.org,Алматы,2025-07-27 04:34:24
1774,Антонин,Фомичева,1961-07-30,8 344 439 46 89,vmiheeva@example.net,Тараз,2025-10-23 10:21:11
1775,Иннокентий,Абрамов,1956-05-24,+7 233 576 17 07,vladilendoronin@example.com,Шымкент,2025-09-18 22:48:57
1776,Ладислав,Шилов,2000-07-23,8 (762) 626-36-78,irina_08@example.net,Алматы,2025-07-01 17:13:31
1777,Фадей,Красильникова,2001-09-21,8 (747) 594-43-48,vseslav_95@example.org,Павлодар,2025-11-23 22:15:42
1778,Прокофий,Галкина,1976-12-20,+70376768740,gennadi07@example.com,Тараз,2025-07-19 09:49:22
1779,Руслан,Рогов,1954-12-23,87534115733,efremovafevronija@example.org,Павлодар,2025-07-28 15:10:09
1780,Амос,Никифорова,1991-12-06,84065658234,mefodi38@example.com,Тараз,2026-04-13 21:34:25
1781,Валерия,Ширяева,1974-10-28,+7 (523) 266-0004,alekse2018@example.net,Астана,2025-08-06 13:29:45
1782,Нинель,Яковлев,1954-05-17,+7 (495) 611-9989,upahomova@example.org,Тараз,2025-12-01 04:17:23
1783,Боян,Ковалева,1956-03-18,8 837 466 1447,paramon2021@example.net,Алматы,2025-06-08 14:05:09
1784,Ангелина,Жданова,1987-11-20,8 (704) 796-6682,grishinamargarita@example.net,Караганда,2025-07-01 20:47:56
1785,Всеволод,Зиновьев,1973-09-30,89508914233,artemevaevgenija@example.net,Алматы,2026-03-01 14:09:44
1786,Ксения,Давыдов,1979-02-05,+70547398622,maksimovapollon@example.com,Астана,2025-09-25 22:04:44
1787,Артем,Горбунов,2001-02-05,8 (660) 474-7338,maksimovradovan@example.net,Усть-Каменогорск,2026-03-29 19:20:21
1788,Оксана,Козлова,1970-01-02,+77442035944,sokolovguri@example.net,Актобе,2026-03-25 13:11:38
1789,Зиновий,Сафонова,1979-07-28,+7 (518) 664-7741,budimirlitkin@example.org,Актобе,2026-02-17 14:59:14
1790,Михей,Степанов,1979-08-17,+7 (025) 853-4658,shestakovepifan@example.net,Астана,2025-08-28 07:51:15
1791,Степан,Игнатьева,1981-07-05,+7 (178) 955-99-09,lazar_2009@example.net,Усть-Каменогорск,2025-11-24 00:22:26
1792,Афиноген,Гордеева,1960-03-19,8 (655) 816-7592,timofeershov@example.org,Тараз,2025-04-26 07:28:00
1793,Фрол,Быков,1968-05-07,81800381463,vladimir92@example.com,Актобе,2025-07-10 03:34:45
1794,Глеб,Ершов,1990-04-12,8 973 091 2185,olimpiadalihacheva@example.org,Актобе,2025-11-28 04:14:53
1795,Лавр,Королев,2007-09-27,+76133155530,markovzahar@example.org,Караганда,2026-02-04 10:32:11
1796,Евграф,Ковалев,1997-03-14,+70778110965,lazar_2007@example.com,Тараз,2025-10-20 09:17:55
1797,Лучезар,Сысоев,1973-11-25,8 345 418 29 91,nadezhdasubbotina@example.net,Усть-Каменогорск,2025-12-09 00:08:52
1798,Эммануил,Лукин,1970-02-06,+7 641 910 6166,sokolovaristarh@example.net,Караганда,2026-02-17 06:27:58
1799,Милица,Воробьева,1987-03-23,+7 (421) 682-68-22,kalashnikovsigizmund@example.com,Караганда,2026-02-01 16:14:30
1800,Алина,Брагин,1960-03-13,8 996 208 34 79,kononovavde@example.org,Алматы,2025-06-20 16:34:08
1801,Мечислав,Сорокина,1963-09-02,8 722 870 3220,kondratevaoktjabrina@example.com,Павлодар,2026-04-20 07:45:48
1802,Федот,Ларионов,1986-01-07,+7 (438) 712-95-14,dorofe_05@example.net,Караганда,2025-05-02 12:02:54
1803,Соломон,Вишнякова,2003-12-27,+7 286 060 4802,ivannapopova@example.com,Тараз,2025-11-19 12:45:20
1804,Юлия,Терентьев,1999-06-12,8 (476) 950-90-41,nadezhda_2002@example.com,Алматы,2025-12-26 04:35:46
1805,Поликарп,Шаров,2006-02-27,+73016556238,seliverst_1999@example.net,Алматы,2025-08-31 07:46:36
1806,Пров,Архипова,2001-05-09,8 699 313 6062,fevronijalebedeva@example.org,Павлодар,2026-02-11 22:55:15
1807,Валерьян,Ефремова,1992-06-20,+7 (860) 479-4719,sobolevaraisa@example.org,Актобе,2026-03-18 22:29:52
1808,Емельян,Прохоров,1957-05-04,+78953829441,osipovrodion@example.net,Караганда,2025-06-02 14:03:49
1809,Наина,Белов,2005-10-25,+7 (472) 839-5167,apollonzikov@example.net,Караганда,2025-11-14 23:25:03
1810,Максимильян,Трофимова,1963-02-17,8 708 488 68 65,qvlasova@example.org,Усть-Каменогорск,2025-10-03 06:09:21
1811,Христофор,Константинова,1959-12-25,8 (228) 280-1832,mstislavnikitin@example.org,Шымкент,2025-05-16 11:27:04
1812,Поликарп,Зыкова,1979-11-20,8 684 676 7809,unaumov@example.net,Актобе,2026-01-24 14:16:13
1813,Ефим,Кондратьев,2006-10-10,+79597521353,subbotinsamson@example.com,Алматы,2025-05-29 08:15:35
1814,Мечислав,Карпова,1995-12-21,8 928 974 8741,krjukovkuzma@example.net,Караганда,2026-04-16 00:05:18
1815,Никандр,Карпова,2001-10-09,+7 (675) 119-97-64,zahar_49@example.com,Павлодар,2026-04-06 16:30:50
1816,Мир,Моисеева,1968-10-08,8 641 967 8963,sisoevaalla@example.net,Тараз,2026-01-20 09:33:18
1817,Елисей,Филатов,1993-01-07,+7 (016) 301-59-72,irinakulikova@example.org,Астана,2025-10-18 06:19:37
1818,Станислав,Шилов,1994-05-08,+7 (492) 766-8098,polikarp01@example.net,Астана,2025-12-04 18:21:47
1819,Сильвестр,Меркушева,1952-04-03,+7 334 801 5373,stepan_66@example.net,Шымкент,2025-11-05 12:07:00
1820,Святослав,Никитин,2004-03-01,8 446 053 9260,rlitkin@example.net,Павлодар,2025-12-26 16:28:09
1821,Олимпий,Калинина,1990-12-09,8 (205) 364-99-11,svetlanabirjukova@example.com,Алматы,2025-05-22 06:39:33
1822,Осип,Белозеров,1993-03-01,+7 (850) 215-53-83,muravevapolina@example.com,Шымкент,2025-10-09 03:31:22
1823,Матвей,Мамонтова,1968-11-13,+7 (126) 264-39-56,anastasija1998@example.com,Актобе,2025-07-24 04:03:40
1824,Пелагея,Вишняков,1950-06-15,8 (907) 519-9198,panovsvjatopolk@example.com,Тараз,2025-08-02 13:48:01
1825,Моисей,Кудрявцев,1959-03-12,+74149253164,denis_1999@example.net,Павлодар,2026-04-17 20:31:30
1826,Синклитикия,Емельянов,1980-04-25,8 974 776 5659,trofimovaakulina@example.com,Тараз,2026-01-20 08:25:28
1827,Любосмысл,Кошелев,1992-05-17,+73436877156,veronikavladimirova@example.org,Усть-Каменогорск,2025-08-24 17:42:05
1828,Фортунат,Лукин,1994-11-01,+7 763 415 3597,vladilen2025@example.net,Караганда,2025-08-06 20:00:03
1829,Анисим,Поляков,1957-06-12,8 477 349 4314,svjatopolk_1977@example.com,Караганда,2025-05-22 05:19:33
1830,Михей,Колобов,2006-02-06,8 641 354 7416,maksim_2019@example.com,Астана,2025-06-15 01:50:34
1831,Руслан,Котов,1986-03-30,8 232 855 5809,svjatoslav_94@example.com,Астана,2025-06-22 13:43:11
1832,Митофан,Бобылева,1979-05-27,8 602 841 36 23,ladislavzuev@example.org,Усть-Каменогорск,2025-06-26 01:16:28
1833,Ладимир,Петров,1977-04-12,+76971479734,naumovmilen@example.net,Тараз,2025-10-21 05:08:13
1834,Лучезар,Сергеева,1970-01-11,+7 837 456 0170,juvenalisharapov@example.com,Астана,2025-09-28 02:09:36
1835,Варлаам,Петров,1954-10-27,8 900 170 6794,emeljanovasofija@example.com,Тараз,2025-11-17 08:22:02
1836,Кира,Рябова,1960-08-21,8 (551) 621-5938,zbelozerov@example.net,Караганда,2026-02-16 09:14:51
1837,Ипат,Крюков,2008-03-16,8 735 589 60 70,vladimir1977@example.net,Актобе,2025-10-15 17:21:39
1838,Ермил,Потапов,1995-07-01,+7 (351) 390-1430,leonid1979@example.net,Актобе,2025-10-20 03:53:30
1839,Леонид,Турова,1985-12-12,8 635 796 71 48,lazarevaagafja@example.net,Астана,2026-03-20 06:53:54
1840,Антонин,Красильникова,1976-10-09,+7 (565) 826-0825,nainafrolova@example.net,Шымкент,2025-05-28 07:58:20
1841,Савва,Носкова,1984-08-08,+71288669112,evpraksijaevseeva@example.org,Актобе,2026-03-02 20:32:14
1842,Афиноген,Лобанов,1986-08-27,+7 (526) 119-78-92,jan_46@example.com,Алматы,2026-03-10 03:40:14
1843,Радислав,Селиверстова,1965-08-17,+76532554411,valeri_2014@example.net,Тараз,2025-07-15 17:19:39
1844,Твердислав,Казакова,1999-08-11,8 136 738 0520,ustinsharapov@example.net,Астана,2025-06-19 19:39:59
1845,Ангелина,Орлова,1956-02-15,83768418471,naum22@example.org,Караганда,2026-01-24 09:39:21
1846,Афиноген,Галкин,1988-09-11,+7 (335) 401-1272,emeljan_2021@example.org,Павлодар,2025-09-08 08:57:05
1847,Евсей,Смирнов,1979-10-13,8 477 090 67 61,izot_2013@example.com,Алматы,2025-11-08 14:58:46
1848,Гаврила,Селезнева,1985-04-28,+7 767 162 1720,trifon88@example.com,Актобе,2026-01-11 04:59:42
1849,Феликс,Комаров,1988-05-26,+7 869 303 26 45,nkopilov@example.com,Шымкент,2025-08-02 06:07:07
1850,Руслан,Кириллов,1956-08-22,81605390649,merkushevatatjana@example.net,Павлодар,2025-05-05 06:53:40
1851,Лора,Назарова,1978-07-12,+7 342 519 7018,zinovevmstislav@example.net,Усть-Каменогорск,2026-03-21 02:39:00
1852,Филипп,Медведев,1961-03-15,8 (296) 707-4215,artemmoiseev@example.org,Караганда,2025-11-25 03:03:11
1853,Алина,Шарапова,1973-05-23,+7 (526) 022-16-90,lidija_1998@example.com,Усть-Каменогорск,2025-05-30 00:05:31
1854,Кирилл,Зайцева,1950-11-30,83358384391,isakovamaja@example.com,Шымкент,2025-06-01 19:02:02
1855,Изяслав,Евсеева,1996-11-27,+7 745 469 35 10,anzhelikaantonova@example.org,Алматы,2025-06-09 09:12:54
1856,Таисия,Борисов,1959-01-15,8 (331) 955-8979,teterinaelena@example.com,Караганда,2025-05-17 03:59:13
1857,Светлана,Дементьева,1985-04-11,+7 771 703 05 68,arefi2020@example.com,Караганда,2025-06-12 23:32:34
1858,Афанасий,Осипов,1965-01-07,8 051 648 38 95,izjaslavtretjakov@example.com,Павлодар,2026-03-09 02:22:52
1859,Федот,Михеев,1956-12-29,8 (767) 760-0643,ljubosmisl97@example.net,Астана,2025-09-14 18:42:52
1860,Александра,Денисова,1999-02-23,+7 730 332 49 67,raisa_74@example.com,Актобе,2025-12-05 08:50:23
1861,Виктор,Логинова,1950-04-29,8 (480) 947-3181,nikanor_05@example.com,Астана,2026-04-14 12:14:33
1862,Гремислав,Меркушев,1953-04-17,89594761110,firs1996@example.com,Астана,2025-05-01 16:22:51
1863,Радим,Владимиров,1967-02-15,8 657 289 7226,lavrseleznev@example.com,Усть-Каменогорск,2025-07-09 00:21:19
1864,Карп,Бурова,2007-09-02,+7 390 984 6856,odintsovanina@example.com,Шымкент,2026-03-03 12:23:56
1865,Мария,Ершова,1992-08-02,+7 (613) 826-87-09,potap2020@example.com,Тараз,2025-05-28 22:29:29
1866,Эдуард,Дементьев,1977-06-22,+7 (996) 263-7792,arhip2007@example.org,Алматы,2025-06-09 19:13:45
1867,Аполлон,Фомичева,1975-09-13,+7 (512) 896-2206,valentina_2021@example.com,Алматы,2025-10-19 05:58:21
1868,Егор,Большаков,1963-10-03,+7 (023) 993-4460,tkulagina@example.org,Павлодар,2025-06-27 10:57:41
1869,Наркис,Степанова,2007-06-08,+73069523578,xjudin@example.org,Павлодар,2026-03-08 07:51:05
1870,Эммануил,Костин,1955-07-19,8 (537) 006-4488,konstantin_87@example.com,Алматы,2025-11-01 21:25:18
1871,Иннокентий,Соболев,1957-01-22,88042554280,iosif_76@example.com,Павлодар,2025-09-18 20:29:07
1872,Влас,Артемьев,1969-08-16,+7 786 887 8602,danilovafevronija@example.org,Тараз,2025-06-29 07:52:06
1873,Давыд,Николаев,1964-10-03,+7 701 958 66 39,sofijakornilova@example.com,Шымкент,2025-07-15 14:29:15
1874,Феофан,Богданова,1995-05-12,+7 (873) 142-49-56,uljanazikova@example.org,Актобе,2025-08-08 00:12:16
1875,Савватий,Красильникова,1988-12-19,8 441 603 32 88,averjan_1996@example.org,Шымкент,2025-10-13 10:18:59
1876,Любомир,Яковлев,1991-01-01,+7 (874) 512-02-20,vladimirovselivan@example.com,Караганда,2025-05-06 16:08:41
1877,Лаврентий,Гурьев,2005-03-29,+7 648 792 10 46,dbelousov@example.com,Актобе,2025-12-30 14:15:38
1878,Анна,Овчинникова,1951-05-07,+7 526 974 42 03,emakarov@example.net,Павлодар,2025-11-02 23:11:43
1879,Тамара,Федосеев,1967-04-07,8 (330) 958-7238,nikonlukin@example.net,Усть-Каменогорск,2026-04-01 01:16:52
1880,Ангелина,Лебедев,1975-01-11,+7 457 923 26 71,oksana85@example.net,Астана,2025-05-16 21:33:17
1881,Ксения,Медведев,1986-04-29,8 (015) 019-67-97,alevtinaorehova@example.org,Павлодар,2025-08-09 20:53:23
1882,Милий,Куликов,1983-06-15,+7 182 852 3329,avde2016@example.net,Павлодар,2025-06-15 12:19:15
1883,Анжелика,Владимирова,1961-10-10,8 (958) 291-58-55,vorobevpahom@example.org,Караганда,2025-07-09 16:16:12
1884,Эрнест,Веселова,1976-01-15,+79207574142,feliks73@example.net,Алматы,2025-12-24 04:14:44
1885,Остап,Филиппов,1972-08-31,8 918 831 2497,izmail2012@example.net,Тараз,2025-09-18 18:19:44
1886,Платон,Быкова,1996-02-04,8 (244) 343-54-97,serafim_1979@example.com,Усть-Каменогорск,2025-10-26 12:10:17
1887,Митофан,Селиверстов,1956-09-15,8 438 029 90 34,anzhelika_1971@example.com,Тараз,2025-09-03 19:49:08
1888,Владлен,Сафонов,1977-08-15,8 000 940 91 65,zosima1996@example.org,Актобе,2025-09-21 01:09:52
1889,Константин,Шарова,1960-01-15,8 225 492 03 69,apollinarikirillov@example.org,Алматы,2025-07-02 01:11:38
1890,Майя,Субботина,1965-11-16,+7 152 731 1722,eefremov@example.com,Караганда,2025-08-25 01:20:34
1891,Селиверст,Фокина,2000-07-21,8 900 184 29 33,julian_84@example.com,Актобе,2025-05-04 14:18:59
1892,Лев,Большаков,1959-06-20,8 (359) 667-7153,vishnjakovaglafira@example.org,Усть-Каменогорск,2025-05-15 23:17:54
1893,Петр,Шилова,2003-04-02,+77365003299,ignatevaaleksandra@example.net,Тараз,2025-11-14 19:51:18
1894,Александра,Макаров,1975-05-20,8 (614) 427-87-35,kazimir_04@example.org,Караганда,2026-02-15 00:40:32
1895,Анастасия,Чернов,1957-07-21,87920675493,levpestov@example.org,Астана,2025-06-24 04:59:58
1896,Елизавета,Захарова,1973-07-10,+7 453 925 2878,markpanov@example.org,Караганда,2025-07-28 11:23:01
1897,Ипат,Ларионова,1996-08-07,8 (133) 073-4533,korolevaelizaveta@example.com,Алматы,2025-08-04 17:24:01
1898,Леонид,Медведев,1999-04-30,+7 (474) 098-53-72,zhuravlevaelizaveta@example.com,Караганда,2026-02-13 22:38:53
1899,Аникей,Юдин,2003-06-06,8 023 251 07 15,ljubosmisl_87@example.org,Павлодар,2025-12-02 19:01:40
1900,Фрол,Колобова,2006-05-11,+7 422 456 4119,margaritaavdeeva@example.com,Шымкент,2025-09-08 00:12:26
1901,Боян,Белоусов,1968-11-28,8 (078) 191-3505,leonidkostin@example.com,Караганда,2025-06-30 14:33:46
1902,София,Лыткина,1954-04-10,8 (157) 557-16-63,raisaevdokimova@example.net,Тараз,2025-12-09 07:52:14
1903,Влас,Наумов,1974-01-23,+7 616 218 5635,agafjauvarova@example.org,Тараз,2026-03-02 07:36:45
1904,Ратмир,Уваров,2004-10-20,8 042 059 8685,csoboleva@example.com,Алматы,2026-04-13 04:05:58
1905,Бажен,Костин,1961-04-26,+7 (608) 090-1014,gemeljanova@example.org,Тараз,2026-01-21 09:50:40
1906,Наталья,Горбунов,1985-02-06,8 (888) 818-93-04,hshirjaeva@example.com,Шымкент,2025-11-29 16:04:58
1907,Илья,Кузьмина,1980-08-22,8 878 518 56 90,agata_09@example.com,Караганда,2025-11-27 21:44:37
1908,Марк,Лаврентьев,1994-04-26,8 (267) 280-0727,agatavladimirova@example.net,Усть-Каменогорск,2026-03-14 03:46:06
1909,Фадей,Цветков,1989-05-10,+77237356407,zahar_2010@example.net,Актобе,2025-11-19 18:09:22
1910,Эмилия,Павлов,2005-12-15,+7 (069) 789-9951,milan49@example.net,Усть-Каменогорск,2025-06-30 09:29:46
1911,Елизар,Бирюков,1977-01-26,+7 467 490 66 88,xmjasnikov@example.org,Астана,2025-05-07 23:02:10
1912,Феликс,Муравьев,1994-07-22,+7 164 560 59 56,lazarkrilov@example.org,Караганда,2025-05-15 00:42:43
1913,Сила,Белов,2003-06-11,8 (392) 002-58-56,svetlana_33@example.com,Караганда,2025-12-12 21:05:32
1914,Ксения,Пестов,1978-04-09,+7 (031) 678-7192,xrjabov@example.com,Усть-Каменогорск,2025-04-30 22:55:51
1915,Трофим,Силин,1989-05-11,+7 124 025 4550,aleksandrovakira@example.net,Тараз,2025-04-23 11:33:33
1916,Амос,Петрова,2007-12-07,+7 998 397 6738,samson_1977@example.com,Караганда,2026-04-14 16:36:04
1917,Валерий,Шаров,1962-10-02,+7 (438) 300-0914,longinjakovlev@example.net,Шымкент,2026-03-02 09:48:16
1918,Леон,Осипова,2004-08-23,+7 741 799 6546,gtimofeev@example.net,Шымкент,2025-09-02 13:17:35
1919,Сергей,Исакова,1961-08-06,+7 896 225 27 56,ivanovaglafira@example.org,Тараз,2026-04-15 00:50:46
1920,Ипат,Воробьев,1957-10-29,+70567712515,feoktist_2011@example.com,Алматы,2025-05-16 08:17:25
1921,Варфоломей,Беспалова,1980-04-08,+7 (805) 166-60-81,ekaterinasavina@example.org,Шымкент,2025-06-19 13:57:51
1922,Севастьян,Воробьева,1982-05-27,+77909863615,olimpiadakarpova@example.net,Астана,2026-02-17 22:48:27
1923,Любомир,Федосеева,1982-04-21,+74420224824,tihon_2017@example.org,Тараз,2026-03-17 22:57:44
1924,Мария,Баранов,1964-06-23,8 (371) 450-31-18,ignatovaviktorija@example.com,Тараз,2025-05-21 09:13:55
1925,Евфросиния,Мишин,1986-12-04,+7 419 396 06 10,radovan18@example.net,Павлодар,2026-01-21 19:57:31
1926,Олимпиада,Крылов,1998-06-30,89256924768,glafira_2013@example.com,Астана,2025-12-06 19:15:35
1927,Арсений,Силина,1952-12-06,+71413181181,avksenti51@example.net,Актобе,2025-08-31 22:09:54
1928,Ксения,Суворов,1959-05-22,+7 790 447 08 56,drozdovairina@example.org,Шымкент,2025-08-26 12:04:06
1929,Никандр,Буров,1956-02-11,8 (783) 103-1456,luka72@example.org,Павлодар,2025-06-23 09:13:52
1930,Ратмир,Лапин,1988-09-01,8 (940) 740-33-74,jan99@example.net,Усть-Каменогорск,2026-02-24 17:41:45
1931,Радим,Иванов,1985-05-10,+7 (391) 369-4126,askold06@example.org,Тараз,2025-12-31 07:59:14
1932,Захар,Миронов,1975-01-20,8 (531) 805-76-31,fedorovaalevtina@example.net,Тараз,2025-06-29 20:52:30
1933,Эраст,Корнилов,1987-08-30,+76125360640,matveevaninel@example.com,Шымкент,2025-07-18 21:54:36
1934,Спиридон,Лаврентьев,1977-03-19,+78698948481,agap2020@example.org,Актобе,2025-09-17 03:59:02
1935,Онуфрий,Кабанова,1956-06-26,+7 770 177 3759,cheslav33@example.org,Актобе,2026-02-02 06:31:03
1936,Прокл,Федорова,1956-04-18,+7 719 600 49 02,fedotovkonon@example.com,Шымкент,2025-06-11 16:09:41
1937,Боян,Сысоева,2006-09-02,8 596 743 3384,vkotova@example.com,Алматы,2026-01-31 06:23:07
1938,Гостомысл,Рыбаков,1983-03-24,+7 703 353 00 49,marijaisaeva@example.com,Павлодар,2026-01-20 20:22:53
1939,Милен,Котов,1992-01-12,+7 977 317 39 46,iraidaselezneva@example.com,Алматы,2026-03-19 14:49:05
1940,Майя,Воронова,1959-02-20,+7 (858) 653-9276,radovan_2007@example.com,Тараз,2025-07-02 22:18:48
1941,Клавдия,Яковлев,2007-10-16,+7 (493) 179-6706,gromovamaja@example.net,Караганда,2026-04-15 21:53:13
1942,Анастасия,Медведев,1978-01-05,+7 (579) 211-6250,zgavrilova@example.net,Астана,2025-12-27 15:07:43
1943,Федосий,Крылова,1961-03-18,8 464 639 8970,subbotinlavr@example.net,Усть-Каменогорск,2026-04-21 23:45:05
1944,Агата,Веселова,1969-04-24,8 (039) 342-71-86,vteterina@example.net,Тараз,2025-06-16 20:04:47
1945,Георгий,Владимиров,1968-12-28,80509260001,haritonovapollon@example.org,Астана,2026-02-06 16:17:31
1946,Макар,Якушев,1954-08-03,+7 973 844 98 12,krasilnikovignati@example.org,Тараз,2025-07-24 15:28:17
1947,Анисим,Фомина,1993-03-22,8 (238) 469-9086,vladimir1981@example.org,Шымкент,2025-08-25 07:19:06
1948,Афанасий,Ильин,1965-08-08,+78177365561,vasilisabogdanova@example.net,Астана,2025-12-26 06:52:44
1949,Трофим,Дорофеев,2001-04-12,+7 631 864 1761,aleksestepanov@example.org,Тараз,2026-03-08 07:37:54
1950,Остромир,Назаров,1994-08-27,8 936 835 99 16,platon1985@example.org,Алматы,2025-10-13 16:04:52
1951,Гедеон,Савельев,1995-08-22,+7 932 528 26 71,marinabelozerova@example.net,Караганда,2025-08-04 05:08:51
1952,Иларион,Стрелков,1984-02-18,89952252964,ladislav84@example.org,Астана,2025-07-29 03:04:40
1953,Ольга,Боброва,1975-03-15,8 (681) 114-3306,akim98@example.org,Актобе,2025-09-06 07:54:35
1954,Любим,Куликова,1979-04-16,+7 555 906 27 87,romanovaljudmila@example.net,Астана,2026-02-22 20:44:48
1955,Валерьян,Власова,1959-02-13,+76372162660,galaktionponomarev@example.com,Алматы,2026-01-27 23:55:47
1956,Симон,Кириллов,1954-07-06,+7 295 599 9773,filimon1981@example.com,Павлодар,2025-05-11 21:57:19
1957,Селиван,Артемьева,1983-11-19,8 192 474 1117,nikiforsilin@example.com,Павлодар,2025-10-10 09:41:46
1958,Агап,Кудряшов,1991-07-08,8 256 761 12 58,nadezhda23@example.org,Павлодар,2025-06-26 19:34:30
1959,Амвросий,Горбачева,1951-02-22,+7 563 082 9248,raisaabramova@example.org,Павлодар,2025-10-31 17:02:45
1960,Данила,Ефремова,1956-09-21,8 (883) 127-36-54,milen_1978@example.org,Павлодар,2025-09-06 14:54:01
1961,Савва,Федотов,1950-09-09,87084287416,pelagejakostina@example.net,Усть-Каменогорск,2025-06-01 14:34:16
1962,Петр,Хохлова,2001-10-24,8 512 955 51 00,boleslav_08@example.org,Караганда,2026-02-23 12:41:05
1963,Ян,Кошелев,1990-04-01,+72262300360,vsevolod1977@example.com,Усть-Каменогорск,2025-06-25 09:15:25
1964,Андрей,Тимофеев,1993-07-26,8 (303) 424-3753,kudrjashovfilipp@example.org,Алматы,2025-05-21 20:12:35
1965,Федот,Семенов,2000-06-12,+7 663 166 96 87,avksenti33@example.org,Алматы,2025-08-15 17:56:10
1966,Ираклий,Дементьев,1966-06-16,+71061664970,ziminasofija@example.com,Актобе,2025-08-24 23:50:43
1967,Корнил,Моисеева,1992-11-25,8 (015) 176-4296,reginasmirnova@example.net,Астана,2025-06-02 21:17:48
1968,Владислав,Капустин,1955-11-14,8 050 969 9613,suhanovgremislav@example.net,Шымкент,2025-09-02 23:04:19
1969,Максимильян,Кононов,1959-07-30,+7 (228) 058-8377,izmail54@example.net,Павлодар,2026-04-03 01:18:28
1970,Арефий,Тетерина,1990-11-16,+77625395011,fomichevmaksim@example.org,Астана,2025-06-24 16:55:37
1971,Любосмысл,Кабанов,1979-09-09,8 277 888 26 03,zuevkirill@example.net,Астана,2025-11-21 16:01:45
1972,Фрол,Петров,2006-07-14,+7 458 809 7186,lavrentevleonid@example.org,Усть-Каменогорск,2025-09-01 11:06:58
1973,Денис,Журавлева,2007-10-29,+7 (554) 592-0559,udoronin@example.com,Алматы,2026-01-21 19:38:52
1974,Серафим,Полякова,1985-07-12,+7 137 983 04 57,jmerkusheva@example.com,Шымкент,2025-10-07 17:24:48
1975,Ипатий,Кулагин,1994-10-19,+7 160 895 89 70,shashkovmilen@example.net,Павлодар,2025-12-15 01:47:56
1976,Гурий,Денисов,1957-01-19,+7 (368) 960-0834,pimen2008@example.org,Алматы,2025-06-23 05:30:07
1977,Владислав,Громова,1979-10-01,88993074611,filimoneliseev@example.net,Тараз,2025-06-01 12:58:47
1978,Самуил,Борисова,2001-07-28,82715603387,spartak_2008@example.org,Караганда,2025-07-12 01:03:28
1979,Соломон,Гурьев,1992-11-15,8 (986) 818-4397,paksenova@example.org,Актобе,2025-09-29 03:57:12
1980,Лукия,Одинцова,2002-04-23,+7 073 794 9994,longin74@example.com,Актобе,2026-01-04 18:24:26
1981,Кирилл,Поляков,1999-08-11,+7 769 262 6543,tatjana75@example.net,Караганда,2025-08-16 17:09:48
1982,Велимир,Власова,1972-12-26,+73598398590,ernst2009@example.net,Алматы,2025-05-30 11:11:23
1983,Пахом,Артемьев,1979-09-03,8 783 756 8167,leonid_2026@example.org,Усть-Каменогорск,2025-09-22 19:18:09
1984,Лев,Мельникова,1952-07-26,+7 (071) 776-1350,emeljanovaraisa@example.net,Алматы,2025-06-21 20:45:02
1985,Ерофей,Носов,1984-03-04,+7 (338) 540-33-69,vladislav_85@example.net,Алматы,2025-09-10 08:21:28
1986,Тамара,Беляев,1992-07-14,+7 (126) 532-7355,bobrovjaropolk@example.com,Астана,2025-10-06 06:45:54
1987,Герман,Назаров,1984-10-09,+7 322 347 7146,anani_93@example.net,Усть-Каменогорск,2025-08-15 14:35:18
1988,Мир,Исаев,1971-08-30,8 (020) 061-74-13,tlitkina@example.com,Астана,2025-07-09 18:17:33
1989,Мирослав,Алексеева,1966-03-16,8 (612) 189-39-12,evpraksija2011@example.org,Караганда,2025-05-03 05:03:45
1990,Панкрат,Кулагин,1952-01-11,8 122 283 05 64,pankrat85@example.org,Актобе,2025-06-28 13:27:36
1991,Дарья,Кузнецов,2004-08-23,8 555 950 2635,fpopov@example.com,Усть-Каменогорск,2025-05-25 00:53:18
1992,Севастьян,Шилова,1981-07-26,+73327639904,bbogdanov@example.net,Астана,2026-03-16 21:41:11
1993,Денис,Тихонова,1993-05-02,+7 (696) 269-0222,vorontsovaninel@example.com,Павлодар,2025-08-20 23:15:02
1994,Мартын,Мельникова,1951-08-30,+7 790 670 15 12,pavlovaevfrosinija@example.net,Усть-Каменогорск,2025-10-23 02:42:32
1995,Емельян,Селезнев,1968-04-01,+7 769 721 6218,izotsimonov@example.net,Актобе,2026-04-05 18:03:04
1996,Игнатий,Медведева,1992-12-02,+7 929 692 10 53,arhipovaanzhelika@example.org,Павлодар,2025-05-28 14:38:45
1997,Дементий,Самойлова,1974-07-19,+7 822 837 7427,veselovaija@example.net,Тараз,2025-07-04 00:24:23
1998,Федот,Юдин,1978-10-14,8 (872) 820-6322,iraida_2012@example.org,Павлодар,2026-04-02 02:34:43
1999,Богдан,Миронов,1974-10-01,88044665895,iraidaemeljanova@example.com,Шымкент,2025-09-13 16:15:42
2000,Агап,Кулакова,1983-03-31,+7 647 245 2573,uljan1996@example.com,Алматы,2025-10-13 08:06:55
