device_id,customer_id,device_type,os_version,app_version,push_token,is_trusted,first_seen_at,last_seen_at
1,227,android,12.4,7.3.6,918eb2a46f43ae37ae6795b81f39cccdcf2525621ed9d04c8a5efb165e404dfe,False,2024-11-05 08:22:25,2025-05-07 08:22:25
2,801,web,14.1,7.2.8,b7a89aee9ffbac2a6beaafc6c3a25eea9ce088d4d24f11c5caec5aacfba5b901,True,2024-09-16 20:32:12,2024-09-24 20:32:12
3,385,android,17.0,4.4.8,1f2c29ceab3cdbc7a77bb6be9df4d55d435affb02dc4aeeedaae4d2ea44c8425,True,2024-11-20 16:55:09,2025-05-30 16:55:09
4,765,android,15.0,3.8.5,4eaadf13cd195eb78adab84d0e8dda7c0edddfc40b1138f12e3d3cfffbbee7ae,True,2025-04-09 00:04:38,2025-10-09 00:04:38
5,255,android,10.5,3.3.7,9f30ddaadadedabb73dc90bc998cca25fd3767cdcd39a2f50bccfa95ead72a8c,True,2025-11-11 07:39:28,2026-03-17 07:39:28
6,391,android,13.3,7.13.5,5d49dbafd1ca041f0ffab7e0abd3cc9e5bfb5dfbebc06aeb8acdd8fda5eedfda,True,2025-10-17 17:33:55,2026-05-01 17:33:55
7,171,android,11.0,5.13.2,dcac0ead6b78f18d1c2824f0fb4dbbbafcc3719cccebed0e2f8dd6d3bd1459dd,True,2025-04-28 19:07:41,2025-08-20 19:07:41
8,540,android,13.2,6.5.3,320a02daa7f1fe1baad4d1fab8e2af3fb42cfba613a91d17a44d87d8f8ae44b7,True,2024-09-18 13:24:52,2025-01-15 13:24:52
9,145,web,11.2,7.19.1,0c7adbbe7e84ea5ecd18abbddb2d7ebe8826db42b81ba70d11646c943bb23a8a,False,2025-03-20 23:55:27,2025-03-22 23:55:27
10,53,web,16.4,6.5.8,bdd9b2af20f51badbc4ac8abdd6f3d0c4de1b43b1caee00cb81ce5b79ffced8c,True,2025-12-29 05:25:32,2026-02-18 05:25:32
11,832,ios,16.0,5.17.6,c2d9ff3324f284c707cff3b3b9408cdc4b971f3fdefaa9e63daab28bb8e0b26a,True,2024-08-03 03:33:39,2025-01-25 03:33:39
12,750,web,12.1,6.1.2,dec2dd2a83efc247fca4f6fe9eeff8ff7b1c55ce2efcebd6ebcd7ec083a130de,True,2025-09-18 22:54:02,2026-03-17 22:54:02
13,130,web,10.0,6.3.6,d8623a79bdfae1a04babe2c3eadfce114c103fe2b9fff7ea3ce6759dc0faf293,True,2025-09-30 22:38:33,2026-02-10 22:38:33
14,378,android,10.3,3.6.4,cedf249573d728adc9f96d4b18136fb5d1cefce1798e9376c573cb4dc7cdd9b9,True,2025-07-15 09:38:45,2025-08-19 09:38:45
15,538,web,14.1,4.8.7,bb1144488ce6e9ca260e76da02ddf41ec2becaedff687edfd16871bd5cdad364,True,2024-11-17 06:46:17,2025-05-03 06:46:17
16,38,web,15.2,4.11.1,f2cc761d8ebed5fa3d03d8951e5ce23bd1cacd0fb1cbdb19ff400269bfe531f6,True,2025-08-21 01:36:09,2026-03-09 01:36:09
17,11,android,17.0,4.3.8,46aab29294f27b0a6fdc4aea1d2c0f70dba38386c06374b8b9dea7cab8ea61fe,True,2024-12-05 04:08:18,2025-02-09 04:08:18
18,709,android,10.1,3.1.1,1a35061dbd80a158a6afdfd8ba6b9e73a67cabbbe5ce1220fa3c5efceafd8fce,True,2024-09-13 20:27:26,2024-10-24 20:27:26
19,466,ios,13.4,6.16.0,293be5da5339be8f0ffcccf41dbceeaaedffef1abe1802acda8d6a3f06f920b9,True,2025-08-12 21:38:38,2025-09-07 21:38:38
20,200,android,13.2,6.2.1,bf02f6a1a2cb4bbeecf9cd2a5ddecbacae0d40efe53a21c6589a5f7dbec512ee,True,2024-06-15 09:10:45,2024-09-10 09:10:45
21,444,android,16.4,5.12.1,53ebed164cf4f0dfbb4827645c2dc268ffcfe01a3b2bf6beaeb5e4e0347dd6e6,True,2024-05-27 11:35:54,2024-09-23 11:35:54
22,916,android,16.0,6.8.1,9d11bfc6dace84cbfbae1ecc815b0ecd4dbae5552ede8775977ffdbce44dead8,True,2024-07-03 10:07:06,2024-09-19 10:07:06
23,119,android,10.0,7.3.6,6a44abe4f10dcebccf3eedddebdb0ec52f12cffafda05eebb1c7dc5057770cc5,True,2025-02-03 13:18:27,2025-04-22 13:18:27
24,105,android,10.4,6.1.0,6c2ed9dac5dfa82c3b68b9ce2b1fa6e2add3195f8a10d7d3deb55b93a2944d84,False,2025-09-17 22:44:32,2026-03-22 22:44:32
25,946,ios,12.2,7.13.9,8eed46a34fe1bb6ac743bf6c4d5b7059d81d2f4e30bde8d0fcad3bcc1c8fbca4,True,2024-12-16 02:50:34,2025-05-31 02:50:34
26,229,ios,12.3,7.6.3,bdb60abcdfc81fa6ccdd6dd6d90ecfdfd9d223cec7d0f9cf9ded3aa23afa5b28,True,2025-06-26 03:38:53,2025-11-01 03:38:53
27,713,android,14.4,5.12.1,489c4db82cfbb1f2cec0f280735c0cc2a0e3888ac34a8ff8b8effc361fb99eed,True,2024-08-22 19:16:11,2025-01-23 19:16:11
28,27,android,11.3,7.1.4,00f33a9bf5d6d50ca42cf26f54c7c6691bdf66a4ae7ccd105ebbd52d69fa2b2d,True,2024-05-31 14:04:22,2024-11-07 14:04:22
29,271,ios,12.3,5.3.5,0a7aac7d9b1f14743fc38e8d7d35e9b423ea3f0ee1449aa3b584c0046a36657f,True,2025-05-22 19:54:26,2025-09-02 19:54:26
30,825,ios,16.0,4.16.0,b048e71d4a5de0df4e2b0dcdf1cdafa90e229fbd01bfcdcf0ccfc0e7bfdbbead,True,2024-11-30 17:13:51,2025-01-16 17:13:51
31,427,ios,16.4,4.17.0,fc8250315fc9a5649ca503d050fa8d0daf4cc8afca5c13f2df2cbff7336b8def,True,2025-10-17 17:49:51,2026-04-17 17:49:51
32,100,ios,10.0,7.0.3,6af376c4bc2c8114cedd82a05ddf35bab1dd4bdb95b0323b1f849457f4b6a5e3,True,2025-02-11 11:38:53,2025-03-28 11:38:53
33,641,web,16.3,3.12.4,97477a4209e484cecdced7de07ce0f4a8eac02bebdc4dbf8a30bedd8dc1b3d5b,True,2025-01-06 02:10:51,2025-07-17 02:10:51
34,437,ios,14.5,5.17.9,5535db49cbbb9a8a2d07cbc65675dfcf9fbb3b4ca3bbc83b801c9bb16ebb41dc,True,2025-04-07 11:34:35,2025-07-21 11:34:35
35,296,ios,17.3,5.17.2,5fadbdb5db5b1feb5fc5ee67c3c7afeed9feb4f8cecfb1ef9c0bb5fd6a6f8ce7,True,2025-04-01 16:51:22,2025-09-04 16:51:22
36,374,ios,15.1,3.11.1,f5abc7fe830bbebec7a44a7f6dc798c1daaa7a6d8f0601907a381a494086ca9f,False,2025-07-07 02:46:12,2025-07-28 02:46:12
37,41,ios,11.5,4.15.7,92bb3feefceec97fb2bbef075cfbf99c10d46db8612adccb41ae72bcd3b3b92b,True,2025-11-16 01:38:53,2026-01-09 01:38:53
38,211,ios,14.3,3.0.7,c7ba2ff7e1d7a43d34e9eec9aacbe1efbceccfe35cd1f38a45ec9160ec1eae41,True,2025-07-15 05:43:18,2025-11-17 05:43:18
39,263,android,17.0,3.16.7,bc46fbcd245ef7b0ddd59a80c1c0e3bcd0edb3cdefb22d6fd1bfb91b2da91fbc,True,2025-08-31 16:36:16,2026-02-24 16:36:16
40,706,android,11.4,4.19.8,d1cf7a247ee9a50dd4dd31fa4240d6190dfd866bc9450b792fdbe34cf2e07fdf,True,2025-06-18 02:55:00,2025-12-10 02:55:00
41,111,android,16.0,4.7.3,f9cfafeb2e7fb4241afcdc5ccf29cc0fdaf3337ccab3ccbed4f43a02c7dde4ae,True,2025-07-25 16:32:54,2026-01-29 16:32:54
42,716,android,17.5,4.0.8,08cfa2af92a1744d4fa6f41a1ceac6e2d5cb3dfbacaf462ecae837588c85abcb,True,2024-06-08 20:05:33,2024-08-15 20:05:33
43,327,ios,13.1,6.14.3,462b9ceb86df3bafa4041d259f58cbce2ef2a4cb5711bc39a8534f0bea05df52,True,2025-10-21 06:42:27,2025-12-30 06:42:27
44,610,android,16.3,7.7.2,e4a859eff7ed2e5fefb3718c0c27aeffb825a34decc1ff3e4c65919c0fbfb5dd,True,2025-12-16 10:09:58,2026-04-22 10:09:58
45,632,web,18.0,7.11.6,cdedbd50ce78dc0fa75eaafcc63fdac5bcc41fbf0d7fe29d787b4ee184afd238,True,2025-08-05 15:51:19,2026-01-29 15:51:19
46,459,android,17.5,3.5.4,ab0c7f6d011eec65efccefc3cb0d9bfd15c524a04f33e4b0de0bd2eabfefecca,True,2025-06-03 13:47:30,2025-09-09 13:47:30
47,306,android,14.3,4.2.4,e3adbdc7eaccd870ff89ddabbbccfdda3bff81b1ef43cdff1a14afe6c2ddc12b,True,2025-07-30 09:29:51,2025-08-22 09:29:51
48,736,android,12.2,5.16.8,e3cfeaa5e4ace32bdebae9f6e629d31826d86ca5d92b49ad658293155c959cc0,True,2025-06-16 04:30:11,2025-06-16 04:30:11
49,779,web,18.3,3.7.3,a0cb5d0b81e593ee6de099531e9ea3b6ba94cbeb26a97ecddbebab6c98cd85e6,True,2025-02-28 19:31:44,2025-06-04 19:31:44
50,708,ios,11.2,7.17.2,d03d9ff77bbe89c45374e6a0b7daa1bfc16e4a0e1fabc223a82d400fad0f9e82,True,2024-06-11 20:03:11,2024-10-15 20:03:11
51,851,android,17.1,7.10.3,dcb58e60bac16ea37f58fef419c4fdedcb93e056a0ea8b3eeb6b6d419e2fdeae,True,2024-10-18 20:35:19,2025-04-23 20:35:19
52,764,android,11.0,5.0.8,bf58641cf5b7b2ed911cdc3c9f17f3cbeaae8f9a6f17fbe498ecbed54af6cb09,True,2025-05-09 13:28:47,2025-11-01 13:28:47
53,573,android,13.0,4.15.4,feb2cebbdd0fda6cb3f2e4152e10fa4ecafb6aefdec875daf3f03471dccaf5ca,True,2025-03-12 01:37:07,2025-06-24 01:37:07
54,448,android,11.4,4.6.2,aceeffaac1ce51caa872c0e66e23c6f5131faab10d0da16e918cae7a1dabb6fc,True,2025-01-15 11:14:54,2025-04-16 11:14:54
55,39,android,18.1,7.11.2,b84747cdbccbe94bd1da469e0e9e86393ad11ec5e6b5671d2bb2cebfbbbc6d7d,True,2024-07-30 19:17:47,2024-10-28 19:17:47
56,505,web,14.3,4.17.8,1a7509ddabcdd8e6aad3dc00c8666ec78eadd2aba5a40ada839bfb38fab712a2,True,2025-02-19 05:22:25,2025-06-29 05:22:25
57,713,android,11.4,3.19.8,de60abfec8596ede5da928b0baace3f142f60f14f9a7ebf29695bddda5c7cd8f,True,2025-10-28 01:50:36,2026-05-13 01:50:36
58,848,ios,17.4,4.12.3,7ba6b8c3b54d9c81f4bdece1af5bab0ad71e122403bca88bff5d2ab4eb3b2ef2,True,2025-02-28 05:56:03,2025-08-01 05:56:03
59,588,android,15.5,5.13.4,ba5fdd8fac38871bf3addb70bc2d2c7fb86dd7fd4c5bfbfacf81ba4bbfae39af,True,2024-07-30 09:22:59,2024-12-17 09:22:59
60,858,android,16.3,4.14.7,3b6d0b435d39b243b2cef46fd7bb0c96667e7a19dba7af92db226ef3477abf85,True,2024-07-12 14:43:48,2024-07-20 14:43:48
61,741,android,10.3,4.20.9,4fb9daca3dcafe04cee5da93de80eb0888388ef3048120fde35cae5adab28e34,True,2025-09-15 11:31:50,2026-02-11 11:31:50
62,632,android,10.5,5.2.2,f78b6cdffee2c8cd5efee8bf2c8d57e337a0dcfcf6c3fb8add33df66c3f908e7,True,2025-07-27 00:59:56,2026-01-17 00:59:56
63,538,ios,16.4,5.4.2,1d410eab14eb4b629a90eccb21bcfca46eeffddfd4d785b9bf3c7abf86a190e2,True,2024-07-25 00:14:43,2024-10-22 00:14:43
64,118,android,17.5,5.15.5,3a29d133e2a4af413b6aaa221feafcafdaeffca0ffcadf8717eafe82608f4445,True,2025-12-30 12:38:54,2026-01-23 12:38:54
65,980,ios,13.4,5.8.8,43dc3b9ee319dc26a90c06f088bb1a1dbee57bbc1baf81a2fdf3dfc2e1d84efe,True,2024-12-02 17:29:19,2025-02-20 17:29:19
66,568,ios,17.1,4.1.9,ddeaffbfea901b508a05640d5de4a8eda7b771caaf8e60ae0d3e153b14db3406,True,2025-05-23 05:52:27,2025-09-22 05:52:27
67,354,web,16.0,6.13.7,0fd2eebbf9bcbbacbd5ddbfaf4c6f136c95789da16f27b68e7fdad9cbbbd477a,True,2024-08-07 20:22:35,2024-10-26 20:22:35
68,960,ios,13.3,6.13.0,9c5fad6e8fceff48d23404130dedeae795ec2d1f54bff731a9adff5f7efdeddd,True,2025-05-05 17:21:48,2025-08-07 17:21:48
69,692,ios,13.4,4.12.2,29f78e5abaeab97c3db7a474ec20a7e3afc3bf0e4cfdafbadb2c8ccec78d7ba7,True,2025-09-28 14:32:49,2026-03-09 14:32:49
70,937,ios,11.2,6.14.6,eb6cbeaf2456d4a67dec36ef3a4bcb2cfd628ef29a21009af970a6b2a933cd29,True,2025-05-20 04:30:08,2025-10-01 04:30:08
71,479,android,15.4,3.20.5,d8c630da83fa9dfcab727b09b7cebc1b50a8426a3cc3dded94fcdccedcdf1a6b,True,2024-07-23 11:16:43,2024-09-26 11:16:43
72,291,android,11.0,3.0.1,1a24f14fbaf1f5f213958e85390382ad81dcd31e7a2c9fdbeba369abfebbd0f3,True,2025-07-20 09:37:56,2025-08-16 09:37:56
73,314,android,17.2,4.10.3,ac7f8ce70baea1a8b9a2e11c6351c7d7be01c8d9800b6ea8c1fbd6af33cf2da7,True,2024-08-18 15:33:47,2024-12-20 15:33:47
74,352,ios,11.4,6.16.8,200da65181de99c326ac5f8b1ec98f9a27daffac32bbfac76f1e13e5faebb2b1,True,2024-06-30 14:17:32,2024-08-25 14:17:32
75,432,web,16.4,4.3.1,abbf79845fce5f499324c8144d4da3d0e5eedcc54111d93dea1cfdec2eba8a6d,True,2025-07-18 21:46:29,2025-09-25 21:46:29
76,768,web,12.3,4.4.3,a9fbdfba3fac8a0f7efd7aedaf69efcca5de74ac9fd859f9a960547faafdf2cb,True,2024-06-05 13:09:21,2024-06-20 13:09:21
77,349,web,18.5,3.20.3,abea15e4e108f4eaefb3adc3acfdfeb5102705465cebae2e84ffaaeb0c3fddb8,True,2024-10-27 20:37:22,2025-02-01 20:37:22
78,324,android,14.3,4.7.2,dbcf9c5db824fe1c0f2c4fdd4a17aebebc51aeef9deeef23173dda2bcfa5aa3d,True,2025-09-05 06:20:59,2026-01-12 06:20:59
79,861,android,15.1,4.0.8,1bdd41e457694edc317ac85709cdbc1cd7ca113bcccb036147ae171fde21bbe4,True,2025-07-24 13:05:58,2025-08-24 13:05:58
80,897,web,11.0,7.9.6,b53284a0ce7ed43addec1bd476f498c5bfcce7cb2aa169ceea43f2aca5dfbff4,True,2025-03-14 19:28:29,2025-05-26 19:28:29
81,443,ios,17.2,3.18.6,c9359cfd7f50afaadcccdd9f0419aaf2957594fe1edeb5a61b26b4ef93b23edb,False,2024-12-06 04:34:58,2025-01-30 04:34:58
82,762,android,17.2,6.11.3,54ae05b108fdcaebbea2cc79ae1687ecea9cacbea6923f8ff991cd4f501b104c,True,2025-12-28 14:04:34,2026-05-28 14:04:34
83,614,android,17.2,6.18.0,ed043c1737f880fc3b74bc3b5fb524fef97fb26ecf86cdb967b6ed405faadbac,True,2025-09-27 06:23:50,2026-02-08 06:23:50
84,638,android,15.1,3.19.0,8dcbbb5f5fc8d002e6cf1c0f61a6e1a03392ca500afea3fda7b95aa4ef1a7eaf,True,2025-04-16 15:11:41,2025-06-15 15:11:41
85,442,ios,16.1,5.18.6,acc870003cecbd0ac4e98b04cdaf9d8bc0bdd44d8fc3e9b5addb8ad3da14440b,True,2024-12-28 07:15:42,2025-01-28 07:15:42
86,450,ios,16.2,4.14.9,b25de30fee1e1ba1dad56384d90ea297ebddcb2cf69bf41f51fe05c9b371e70f,True,2025-04-07 04:31:03,2025-05-16 04:31:03
87,336,ios,11.4,6.5.6,4939388dced6c489f32bdaefe7ee2cca0f8fbadb6e55846cfeefd419905ce6ac,False,2025-01-11 03:38:09,2025-07-01 03:38:09
88,45,android,13.3,7.8.8,ab6d7d218dc207c5cabf23b7a6b4caf7b6b7fa2c0fd82eb0d99ef7c613dc71db,True,2024-06-24 11:30:35,2024-08-18 11:30:35
89,951,android,10.1,4.18.0,1859bada780e05ac398cefc63e9c6db606efaae7d3eb1c2df8ebad9ac30dc52c,True,2025-09-27 13:14:02,2025-12-05 13:14:02
90,383,android,17.1,7.2.5,7b2bdceaf7aaa6cf7b25e27a1b2ca4351a7ee4caefe9bef62afa194c90befc88,True,2024-09-12 15:18:36,2024-11-11 15:18:36
91,654,android,10.1,6.8.1,db944f8c9e87d3b9b643212ff9b09ccb0a5d436bfedcbf5b0be64be4cca54a47,True,2025-02-15 22:20:07,2025-08-21 22:20:07
92,145,ios,12.1,3.1.3,eb0eedd9c5aac1f3b7fd0e9fbef8bde53b9eb8fcdc1cd94b502aecd292ccbce4,True,2025-08-26 03:14:53,2026-02-10 03:14:53
93,881,ios,16.0,3.16.4,d4e3aebf31da56c3fdf60f2d648b71c05902d78fbda996dd1cc8b6daddbdeeb3,True,2025-05-12 20:39:47,2025-05-30 20:39:47
94,757,web,18.1,6.3.9,6d487ddedb246a197e188013f666c3ced222230c2c79b58b6cbfda3dceaafd9f,True,2025-12-07 08:57:52,2026-03-30 08:57:52
95,424,ios,16.4,7.9.6,c4a84ea5faadcd3ea6fb8bf25bc32c0159fa07fbbfeec09e0f6b36a8dbccac79,False,2024-06-19 17:11:35,2024-11-19 17:11:35
96,439,web,12.3,7.1.3,faacceb9ac8cf8c25b6d89b39a9cd8dda5ecca6b5b3f91036ae4dd73fc6d95ba,True,2025-03-16 11:05:29,2025-04-11 11:05:29
97,65,android,18.4,3.13.6,7bba0e1b875dfca4a69dcd8ab51f3983aec1de8e1bcbf2960e64b2083ebb00f0,False,2024-10-29 04:53:45,2025-02-05 04:53:45
98,793,ios,15.1,5.20.9,dc710b27b9e2bee3def7ad4bd0d1967dea340edd1c0babc0c77dca7af43ef6b3,True,2025-04-21 10:57:06,2025-10-06 10:57:06
99,616,android,11.4,4.7.7,a718bf994eeacb57452048cbdfdffeaa5f18d4f3a35ec3ba2baa8a377b4eebd8,True,2025-03-14 10:59:36,2025-05-01 10:59:36
100,43,ios,11.1,7.20.0,baf333293169fcfb4e3f8afadfab947c8d783bf2dce3aaf89cdd7de1f471af6e,True,2025-10-13 08:32:37,2025-12-01 08:32:37
101,799,android,16.3,7.15.7,1e2da11a2d846e4af01c0efd851772a34cc93d27c9c0c17a3bdce39a3adacbff,True,2025-01-05 04:55:48,2025-06-18 04:55:48
102,34,android,11.2,4.3.0,84d51f7815b6a0c6bea57971f781e8c454e63bfbca3e7afd64f16cbbc5c9a761,True,2024-08-08 01:55:00,2024-11-17 01:55:00
103,621,android,15.1,7.16.3,de7eadffe4358c7c56fb5d87f1e166f93653add220cef8fd3afaf32cd2a7feaf,True,2025-08-22 18:49:15,2025-09-12 18:49:15
104,407,android,18.5,4.3.2,c7cd2ace1aa7a7bbddf5ccce3662a2eb1fd5e5ea296388bbfbe7d0fcabbbfa6a,True,2025-07-22 06:45:17,2025-07-25 06:45:17
105,991,web,15.1,7.2.9,a6ed0dab81dcfbefe8d8cd419baeab57c1fa318504c29b68ddf9d1bead169ae3,True,2025-09-08 21:19:00,2025-12-05 21:19:00
106,172,android,18.1,4.4.0,adbaae12a03dce26c4dbddb1ade2ca29bfd3c134741ae7cd84aaa94e2bce4e3f,True,2025-10-11 08:23:11,2026-04-11 08:23:11
107,982,web,18.1,3.4.8,beebbf05fbf46a59d94cddc3fafcadcb6cf63b533b4c9ab4c5f8783186ae1edd,True,2025-08-04 16:32:12,2025-09-15 16:32:12
108,790,ios,16.2,6.7.2,046d31dcaabc7ad4cef33f13522a8cd9181e4a7c8e3bcf70cdc1f7dffafdb136,True,2025-01-08 08:10:17,2025-01-30 08:10:17
109,520,android,12.1,3.6.7,a037a0a9efaca0b53793ff5d3cd3dda3bc21927acee6feeedae4c96ec2d272c8,True,2024-10-02 01:31:47,2025-01-18 01:31:47
110,357,android,14.0,7.4.3,0253ea0af4ceff966bee2d05b9da55830cc45e1f4abd6c562baf6ac3f2f31cff,True,2025-05-10 14:08:13,2025-08-10 14:08:13
111,489,android,14.1,5.2.1,0bcbbccb3ccddbea8efcb1a902a4f6dc376e010835012a290ec32dbe0d34f5b5,True,2025-10-14 00:27:09,2026-03-08 00:27:09
112,599,android,18.0,3.2.2,fa90ade27841e6156eab1d20b1b9dcd9eafaab13575b8ccdec50e0bda0cf36cc,True,2025-11-17 17:12:23,2026-04-18 17:12:23
113,615,android,18.5,3.5.7,b5bbfa8bd7a535ca6b9dae690ebedc546ede18b84cea2a8838c60c3f197e9fa2,True,2025-09-25 00:29:50,2025-10-29 00:29:50
114,640,android,12.1,3.8.7,e4683c82ba8da7cbd81aecc93296ae2b674bf63ef6da781289dda9c492ac3d27,True,2025-01-29 17:43:07,2025-03-24 17:43:07
115,583,android,13.1,5.2.4,76d91a9eee0fabb6daa67f6b35e6efaf7fc8bc91aca77d3164efbeacd212edb5,True,2025-10-06 06:00:18,2026-03-02 06:00:18
116,106,android,12.5,4.4.3,edadec1e665dd3c9bf5af8a3e6bca7abe37fba545cba7e79e1bcf9aebbcaff9d,True,2025-05-21 12:56:28,2025-08-17 12:56:28
117,405,web,14.4,4.0.1,4d7ca7fff1c460fa904fbce151032c3ecc1ff939eaccdaafc52e482efd95be12,True,2024-08-20 12:24:59,2024-10-20 12:24:59
118,519,android,16.4,6.13.3,958a8facb0df6afeaf3dbad1eecef0bcd1aad1faa7b4f7568f730322f4ee3fd9,True,2024-09-09 06:44:48,2025-02-14 06:44:48
119,99,web,11.1,6.17.9,9b5ae4cef0ccbafff99cedd2cc96beb2bdaf1f8aca47100f32a7cda57ab9c1cb,True,2025-09-13 10:56:03,2025-09-19 10:56:03
120,734,android,18.4,3.9.7,de64bebea5fc9eebc2a1b0cc9eb2e1e7fc8e5ac8dbf0811ef13cb3e9928345ad,True,2024-09-04 00:48:58,2025-01-23 00:48:58
121,978,android,11.0,5.18.9,15aa2f7ba7cb05cab6ef0aa91dbf5fb4ac37e8c86e9448e5ceed591ffb50ade7,True,2024-10-06 14:34:22,2024-12-12 14:34:22
122,353,android,16.0,5.14.0,c220cc4ab48abc0e4ccdb05b7639aed5dbcdbee91d4bad5ac7f5e9a6c7c111d3,True,2025-04-03 06:52:52,2025-08-19 06:52:52
123,948,android,14.3,3.11.2,ab58ebacc604fec3198c4dbd4bfa438c0baeb48be70a7ad6c17cbeb0fa1467fc,True,2025-01-15 23:13:16,2025-06-12 23:13:16
124,114,web,12.4,6.0.8,c3e08e0f8f89f2f20187180e8b5e9fc06ddd662cbabdf5e94448c2aa0398eda2,True,2025-03-16 13:25:09,2025-04-05 13:25:09
125,60,android,16.1,6.1.4,9dabaf97bef7cf484ee999db34b3b632189d128cbec1cba5ddbc17b5b2a4c9dc,True,2024-11-23 04:41:47,2025-03-08 04:41:47
126,156,web,12.5,5.18.1,8214b912dd78b3eed0e9cbc84ae66ccd977de29cfc5ba2ec6d4fdf94ce3a73e9,True,2025-10-10 07:45:39,2025-10-26 07:45:39
127,923,android,10.5,6.12.4,aee9de6669064e235e5be5af0f2d555e53d5ffaf4edab4acbfed6c89a12e0273,True,2025-06-22 22:09:40,2025-09-20 22:09:40
128,21,android,18.2,6.17.7,5a91fc2e4de5a0268ed535c1a34dcec1aca5a4ab5b5f7090b063a049ea58f779,True,2025-12-15 21:08:21,2026-01-08 21:08:21
129,983,web,13.0,5.2.8,8bbeeb831ed16eda9130c55ac6c3aaec4de3eb6fd5b7b3aee88ea62d0601c7fd,True,2025-01-02 13:05:20,2025-01-30 13:05:20
130,319,web,14.1,4.4.0,f200de341550a361c9a44efd2b4ec82c3047e2fe7b1e19d32214df41bb224a8e,True,2025-09-13 23:33:30,2026-01-13 23:33:30
131,418,ios,13.2,3.1.8,ac8a6294f46fe709b61fcae1adedf1c95daabfe90f5edecd9bda6bbde116ecbb,True,2025-02-13 20:34:11,2025-04-11 20:34:11
132,106,android,13.4,5.4.1,4d088df75af9e747831fcdaa9ecdff5dbcba27fb12f2f7e1ffeab62d4be6fef8,True,2025-02-13 08:30:18,2025-04-24 08:30:18
133,722,web,11.2,7.14.9,3eb0c9982a2a6939fa1e28fc44c668ce1a179ca2d7ed9b99f6dad196f6db1965,True,2025-08-27 09:48:54,2026-02-27 09:48:54
134,673,android,12.3,5.5.6,b3890d5e287f40c11e6d88cd8a5aa49b6ab52f2a0a1cf77d54dfe0a8ad20cc76,True,2025-09-07 13:51:27,2026-02-07 13:51:27
135,798,android,15.2,4.16.7,e29df0dcd2c84004cb55b1daef96f0a0ede5f6c6fb3b0e944a8a160e7abeac26,True,2025-02-02 04:16:34,2025-06-20 04:16:34
136,446,android,14.2,7.1.5,8d1a679e4ab43c67b0868a007f1c9bedd7bd1aba7f48223cb99cbb5ac134e2de,True,2024-09-30 15:05:05,2024-11-13 15:05:05
137,464,android,12.1,4.10.3,cadebfc2e4cfb815cd25d3f63efd7b8cd68e23b4b871f4e351efa1db30e7c2fc,False,2025-04-29 17:35:44,2025-05-10 17:35:44
138,218,web,16.2,5.19.9,9aed28fb598f0dcccadf7bece9dddbb1cd9d9bfd8fd80ceedcfaf89db1fcfbe6,True,2024-07-19 06:04:03,2024-11-13 06:04:03
139,660,android,10.5,5.14.8,852abe85cd10ddfbca1adb599cf1f9c6d9b5a51ec705eb6f8c5506bc3c1ae819,False,2025-04-22 06:22:48,2025-10-04 06:22:48
140,294,android,16.0,6.17.8,afffe4dfdc2477c766c3fc8fce6d4df2c4dadc5ff6f0f86c077bcf68743beecf,False,2024-05-31 18:17:26,2024-07-23 18:17:26
141,544,android,18.2,6.15.5,e9c2b5ed11be3a3cda139bda79cd49eb6bf3ceaeb0a7e5aaea4b8c5feb8fa6ef,True,2024-12-23 17:34:58,2025-06-07 17:34:58
142,450,android,15.4,7.18.2,c7d463b1b52d8ad4b10f0b75fac86bad2b22f2501bde7aecd9e92edf20fa5abc,True,2025-04-07 08:00:53,2025-07-03 08:00:53
143,537,android,11.3,5.15.1,ead33bdbf7d2ec000a4ccaa472d8d7f8acaed2b6efd917fde599ddbefa46e65a,True,2024-12-25 19:51:32,2024-12-25 19:51:32
144,222,android,13.0,3.14.9,2d8e0e26eb3e309dfdbb6ddfdaebad97ca6df26bacb7dfc4e42cd4d68c7c3bd5,True,2024-10-27 03:30:19,2025-03-15 03:30:19
145,623,web,18.1,7.15.2,41ef9ebd73efaeddb44dc2a6c23c67fecc54b6990b1b7df020da3f1c39b9c372,True,2024-08-01 23:36:47,2024-09-30 23:36:47
146,600,android,12.0,3.17.2,0eff82ee8515122cfc99ba3a3ffec1fbfb1bbb1ff1c99260d7c860f06d5e6ada,True,2025-04-24 17:52:54,2025-06-20 17:52:54
147,83,android,18.2,4.6.9,7b491badf8e7ea2af4ac698dc7e9b856b9913db2bbaaa347efee78cdeb7a0f60,True,2024-05-28 08:26:28,2024-11-07 08:26:28
148,772,android,15.0,5.16.1,cb6ece29febcf1e4afc1514eba4e6a895ffbc3668c0350e0aec949bb036ec6ea,False,2025-05-30 06:37:01,2025-11-22 06:37:01
149,817,ios,18.2,5.9.4,04a1eaaceda1ab1ca45a8dc18afbdd3128ecd7259f555ac6ae1ceefabafcf425,False,2024-08-09 15:42:52,2024-11-20 15:42:52
150,995,android,12.1,7.18.5,23b474c798ac64be5d57eafbf1a0eb2eebdae4cdcb7e9cd8a147d421af4b1aca,True,2024-06-20 16:55:28,2024-07-20 16:55:28
151,845,web,12.0,3.13.0,2a6457f9ed4f4e8ad9fb1a16825cbdcbe917e56252effe6ca33d87fdba7ee440,True,2025-04-19 17:28:46,2025-10-17 17:28:46
152,791,android,11.5,5.7.1,0bb3737cd4bf4675a52b798aefa2b355cb7838a7cbd8a174aafa1e57c0683cd6,True,2025-07-21 16:58:49,2025-09-04 16:58:49
153,51,android,10.0,3.20.3,a6d8d5d8abcf2c060d9cdcbcdbce4ade0a0e9eac0ce02bc285ab4020de6c4dfb,True,2025-04-21 14:02:59,2025-05-19 14:02:59
154,246,android,13.2,7.4.9,e59efad6dfcabbc10dec7891da9dd864eca1a0a1ba4fe8c14cfd48d8abdeb2e8,False,2025-03-18 04:25:50,2025-09-10 04:25:50
155,231,android,13.3,3.1.4,ff5bc2ccefb17fc5d324412af8e5be1b0e7e24efceea13eea16c7917bfdddb78,True,2025-05-20 15:25:41,2025-07-08 15:25:41
156,753,android,16.5,3.17.0,5307f8607fa5260b0f5cefda6813cc4e929c0aeaeaafc03f2da5eccb8b811d21,True,2025-11-26 15:13:23,2026-04-28 15:13:23
157,950,ios,13.0,3.0.2,dac6a2e9f1ea948edfa0ab6dec2b570cb7ed0ec1b5cd5bda1e747780c286d514,True,2025-05-16 20:04:53,2025-10-07 20:04:53
158,847,android,16.1,6.15.2,3d7b1b95065f725255a4d86f2dbbf714fa4ba520e44abd4fcfccd93e1df0dbea,True,2025-03-09 08:30:36,2025-07-12 08:30:36
159,473,android,16.1,3.12.0,e01cbdfb8cf7e338e065fba1b53fe81da30ae1c1768f0a9b374c81bbfc9f00ad,True,2024-08-12 03:30:41,2025-01-21 03:30:41
160,347,ios,16.5,5.10.3,aade381fd7b4585cec4dadcfca116ba46f4abfcfc3c51ecbbce5d69e674e0a32,True,2024-07-13 05:28:41,2024-12-07 05:28:41
161,228,android,16.3,3.20.2,aba81dfe31dbcccb5d19ad99aeedc9e8b0157dd0da6de2bf258be272aedeccd0,True,2025-06-24 23:09:36,2025-10-07 23:09:36
162,957,ios,14.3,5.17.4,a2e23eeec1a7989fa3cd0eae1bb77bc3bee12e55f2ae8d8ce434d922ca555bbe,True,2025-02-17 21:31:38,2025-08-27 21:31:38
163,397,ios,12.5,6.6.9,b41cd899fdbaf98812d41a1a8dcf3e631b9dbedf254cb0dbfdf0ec6bfcccae59,True,2025-10-24 18:19:34,2026-04-21 18:19:34
164,732,android,17.5,7.17.8,9fdca1b3fbfc09f4b450ced73c9c6bbb029e1ebb6f5b13d171f31f0dab5701c2,True,2025-04-06 02:33:06,2025-04-22 02:33:06
165,561,android,15.2,3.10.7,abaeb0768b6cbe3d0cccab54f6eceb678b2f4806d6da33171df27aad430f85ac,True,2024-06-13 22:04:13,2024-09-11 22:04:13
166,752,android,18.2,7.14.2,ed0d4b6637f8d726305b5a0e50fcaa9dae67fac96c69a9721a2b3de1d77c62cf,True,2025-01-12 06:11:58,2025-02-16 06:11:58
167,166,ios,18.3,6.11.4,8fcd463c70527fadf4308d5ebc1efca1dfdcbb18bbf9bd6cbbd7a855eaaf0fcd,True,2025-07-14 01:17:03,2026-01-01 01:17:03
168,661,web,18.1,4.5.2,abaeaf156abd1febadae3690c2e505ee06337bbefac6bfc4af64a665e3f3cb41,True,2025-10-20 22:40:52,2026-02-28 22:40:52
169,964,android,13.5,7.6.9,c5afbbfe6aebabb67fc9df0ba5bf319bb58dadb70d9b5546ace347d83f2aabc3,True,2025-01-22 21:09:08,2025-06-07 21:09:08
170,190,android,13.4,4.0.0,4ed8ae226c69a51b82266b0edab808f32eed5f1d08ebba8dd50bae68473bae8d,True,2024-10-28 08:29:37,2025-05-01 08:29:37
171,13,web,15.4,7.3.1,4893ede498b4ab591beaa35c97c6fb5f4f7aec600f87a82dcd9644aca7d113ed,True,2025-12-26 04:43:29,2026-03-02 04:43:29
172,888,android,11.5,5.12.7,19bfdc6d53cebb5b586d05d8e0f3403af5acd29cd8363ae6d88b9e2c9df1b2df,True,2025-11-14 17:31:49,2026-04-11 17:31:49
173,504,android,17.5,3.0.6,f27be32bd9edfe85ed651bcbde0e13defd37a5ea0d465b526a2aa65588abc9f8,True,2025-08-07 15:11:37,2026-02-12 15:11:37
174,139,ios,14.3,3.14.6,e9c4ade71daebb3bb1b2e3dbc3ecac3fb30ea8b28c5a8eba61dfae5cecf2cdbb,True,2025-01-07 11:55:50,2025-03-05 11:55:50
175,452,android,13.5,3.11.1,1cecb91bcc9ba2b363f96b50fafd5d7f9fab561dda4232cfd7ac2beb00a2688c,True,2025-09-11 11:59:24,2026-03-22 11:59:24
176,821,ios,15.4,5.14.6,e922c3f90cbabbefbad57470b69fca4e918e9e5c331f6d95cf2a68ee5fcd26c5,True,2024-12-25 16:24:54,2024-12-27 16:24:54
177,591,web,17.3,3.2.1,0a9d5a3a3a7cd2bb4dd4dcfe830d5cdbadcaa58ca1908d0beeddcaa864688ed5,True,2025-08-15 11:40:44,2025-11-13 11:40:44
178,933,android,14.0,6.14.2,bc64727ee0f82fb2bad7ec97c9fbec43bbf8f02d28a5e68ae1e9e30b11212e66,True,2025-12-06 10:45:58,2026-01-10 10:45:58
179,830,ios,10.5,3.13.3,ceae31eaba35af77d71e54dff0ae45549e2caabaecadc89d4fe14cfa910c4a55,True,2024-07-09 07:09:01,2024-07-15 07:09:01
180,211,ios,12.2,6.8.1,eaf586cdccc50ccade9cf7e0d65006337857d57c3d85996346eaac2ae2a64dec,True,2025-12-20 04:38:20,2026-02-13 04:38:20
181,292,web,13.5,7.17.5,46907cc0aa7cacd4fa4c0fbc2f8e24da4e081d1abd76bc96db75b4f1db78a7f9,True,2025-05-26 05:08:17,2025-07-24 05:08:17
182,906,android,10.2,3.1.0,a1fe73b594f2aa42da26baf20c6cf48fdaed330d1bc6ae11ba4b69b15baf5f77,True,2025-11-01 12:03:57,2025-11-16 12:03:57
183,683,android,11.1,5.16.1,bbdba28a2babfd57cbd6badee86e3e49243335b1c8901bf7c040c8e0e6b75a2c,True,2025-04-20 20:23:46,2025-08-02 20:23:46
184,634,android,12.3,5.18.4,1cea4c84ed61efbd9d003ef4be5de8f5d2dcda970cb5daabae6c2e6d2d33402b,True,2025-07-11 08:34:17,2025-10-10 08:34:17
185,844,android,15.3,4.19.5,e61cc2cca7529dd9aaad36c1da10536dfc9c7fa278275f4e1c16f5ac8bd306ce,True,2025-02-27 10:08:16,2025-04-06 10:08:16
186,909,android,13.1,7.0.3,ccd56f36b93dcac2fffda5bb8c0b7ab60ceb57dbdd3ddbc8ac3cfc0bc99f750a,True,2025-11-24 18:26:40,2026-03-13 18:26:40
187,755,android,11.0,4.17.6,c33a337ac3ebada1f609ba0b47add2f636f2feaeedcfb9b7f30b22d2bb2837d2,True,2025-06-24 08:00:24,2025-07-07 08:00:24
188,184,android,12.1,4.11.4,bea58c26a7baed6fb52c560d491c6ed2fd87c7e338da0c4ee3efd68f1ac22248,True,2025-05-14 19:46:56,2025-06-14 19:46:56
189,280,android,14.4,3.0.5,da623cca2da4c91ff7503dbad88ccc5bcad6bf66e6cc584cda73ce3cc5fd1dbe,True,2025-08-04 08:29:03,2026-01-13 08:29:03
190,223,android,12.4,6.18.5,df3ac8eccbe402b9bc2cd764bc9f0ee1df7cff426ed7dba3ade9ebdeee60b1e3,True,2025-02-25 15:29:13,2025-03-01 15:29:13
191,336,ios,16.2,4.19.3,ef1f39c4bbf4abbfaca8070c8a9ae2edc955faeddab6d4d08d5bdcd8a6e5cf20,False,2025-05-05 23:46:14,2025-11-20 23:46:14
192,827,web,12.2,6.13.6,f2eb5cf1d02c5c72ddd1643cea418bf48e36fcdece1c2a8dd7b0d85295f7a8ce,False,2025-06-16 23:02:18,2025-12-18 23:02:18
193,669,android,15.5,7.0.0,a1239de6ac9ce3f959f19b57cd6b4f9f11cdebb9af8fa64c657c9a7bd3d48eef,True,2025-11-11 01:58:31,2026-05-24 01:58:31
194,776,ios,16.2,5.19.1,a51bfcfaf78b8a8293f1b1be92ef7fcbbfdaaebc7ad231d07ff1cdcaa8f6fbb1,True,2025-02-11 07:26:30,2025-05-05 07:26:30
195,34,ios,12.2,4.0.4,7ca6b18523cc1ce7ddddf66ea545b652d0fbab3efe9c36cdd16b4ed7ae3dcb38,True,2025-11-06 13:43:08,2026-03-17 13:43:08
196,269,android,12.2,7.17.3,5cc8cdb1fc1de4fc0ad4794cba9ca1b2faff50f52fdd1ffa0ed4afca3874a1a1,True,2024-12-10 19:57:02,2025-01-31 19:57:02
197,924,android,17.1,5.17.6,7e442f033cbccdbd1c7a55f6dad5fd5aca2dd3baadb69c43da02a1eaebbea4d3,True,2024-05-17 10:46:18,2024-09-01 10:46:18
198,163,android,10.3,7.11.4,0f56579142ecd13baac8d7ab6a0ec2ea23eeb1beef4a1ac8a283be1c19ebbd2a,True,2024-08-13 00:16:48,2024-12-28 00:16:48
199,1000,android,16.5,5.6.9,29f71dfaaaaec6dedaa9ed4e6ea39ef5ffa4de57c4ace5e769ef89d49734730d,True,2025-01-31 23:55:58,2025-05-31 23:55:58
200,250,android,18.4,6.4.1,279db45a60acef03236f50e9aad8fd3cbf0a4e0c8e1bfaecafef62327418cb93,True,2025-04-30 09:08:46,2025-08-23 09:08:46
201,19,web,12.5,4.19.2,5cd72f585c5b60d85f8a98968cef95e39b1dda80eb8abd8993c33e5edd4fef70,True,2025-05-18 21:45:51,2025-06-26 21:45:51
202,664,ios,11.1,4.14.4,4c354f4e0996fddd984fb5ddec0c2ba29d5a45d6d3aa1c1ce47efa9bd1dacca1,False,2025-11-22 05:56:56,2026-05-25 05:56:56
203,730,android,17.5,7.17.1,3a97dbbe3adfeab9f9eedb9dbbb7ffc8d6df661f04da7c9dfcea8fbb0ed44c8b,True,2024-11-20 03:05:35,2025-04-14 03:05:35
204,84,android,13.3,4.16.9,fda0bacb1eabdfefc1dfdfdd4d32a2701a08ad1ea2ebbcbde1dff706f7a196b6,True,2024-09-06 03:04:38,2025-03-20 03:04:38
205,689,android,16.4,6.5.8,abec565acb1b57d8ccaa1cf65dd8cca8373abac4cddb6a3845c1aad2e2264f2f,True,2024-05-16 09:22:03,2024-05-31 09:22:03
206,697,web,13.0,6.17.0,04b71c9b6bb2d9b0cfcd7b06d1ddb49b196c4812d7ac52cdbeca8c00d1c8caae,True,2025-03-16 18:18:42,2025-09-28 18:18:42
207,708,android,17.4,6.7.0,2312af5bb5d70ba7608595a2a70eb0cb8189dd21018bd4ae86ccb9a8c2eecdbd,True,2025-05-25 18:57:49,2025-07-24 18:57:49
208,484,android,13.4,3.2.2,2beea8e6e6e1426efae9edfc8ac429d6c6139875b4ddf8aee1eccc6085ae8eae,True,2024-10-27 11:25:26,2025-01-28 11:25:26
209,790,ios,18.1,5.4.5,aaea7915a4afb63d8ddaef7fcabc1b818d4ab2baed76d63da9aa78cf0e7bfcaa,True,2025-06-13 11:44:16,2025-10-08 11:44:16
210,625,android,13.5,5.5.7,d1feb0db8aa6bb5a3afd7c5fde32cfcdacba85eaec8dbf2cc1c53cac1abafdf4,True,2024-08-11 13:27:09,2024-10-10 13:27:09
211,593,ios,14.3,3.19.9,1fdf4d969ab3d723c918112be46b34b94e2c5cd4d6ab8ff6929569c193b8ebf5,True,2025-09-16 07:59:27,2025-11-24 07:59:27
212,306,android,11.0,7.18.3,90ede3a79a19ebeeccffd11f2514f4fde75295bc9e84ff8ab342a02226dadbe1,True,2025-09-24 18:38:29,2026-01-14 18:38:29
213,884,web,18.3,5.4.2,53dcfb99cdf484c523bba068edf8a1411285bcdeb6d5aad5a522b131e22dbdae,True,2024-08-27 13:08:21,2025-02-16 13:08:21
214,809,android,13.0,4.16.7,dfba2ffb3101ce465deed9aac3e7e1e8a1ebbfd1b05ad5c37fdfdc3b3ac85fdc,False,2025-09-11 06:35:52,2026-02-09 06:35:52
215,880,ios,14.4,4.5.4,3fbfb1c51efaa03637f65fc9ed563abf74c46351c5abf0f604ec6debecefb7ba,True,2024-07-07 21:51:56,2025-01-19 21:51:56
216,643,ios,14.4,3.6.7,3431da29fae44ab2c45d7ea1da6e5a5ab963b4c1d44ec0de56cd0b536bda35bd,True,2024-05-09 00:25:59,2024-08-17 00:25:59
217,404,ios,14.0,7.3.9,7fad8a8929a3feece4b2a5ecff7fddba9d13cd73ddbe5db778d34b8902a6c6fd,True,2024-10-29 14:43:48,2025-05-17 14:43:48
218,758,android,13.5,5.15.3,ce49ec3b4bb4d6b6d6c9e6af2bac8cc74f5fad5d92d479b64ec11ffac04db34c,True,2025-11-16 22:09:07,2026-05-24 22:09:07
219,984,ios,16.0,3.5.9,fd319c9796efe4d088a99515b47dd6dae83a1bd9ddafc3d1e51abee7e3373ffb,True,2024-08-13 22:04:41,2024-09-20 22:04:41
220,3,android,17.4,4.8.6,6c91e1754da7b2ba4cffffcff22f2c6652bbbe184783fab3fbf0eb7d9fefd3ed,True,2024-07-25 13:26:20,2025-01-19 13:26:20
221,854,ios,11.1,3.4.3,5dbe3affd26f37cdfda7979733aad0d70ea6030d9d439ae4fde9805ed4fde4a6,True,2025-01-31 14:27:41,2025-02-19 14:27:41
222,867,ios,10.5,6.4.4,6c6e42e549163e2afdc0cbfeb097a0b5fe81ded0b35277ddea879ab7a32adabb,True,2025-10-04 16:18:18,2026-01-07 16:18:18
223,285,android,17.1,5.10.0,5213f53ff47ec9adff06b17e7ed9116b9b7c37ff74cbcbe8dca271977c5a8dce,True,2025-05-06 10:48:12,2025-08-12 10:48:12
224,465,web,15.4,4.8.9,c3dc3d1f64a3d0929594f94bb5aecc0e6253b5ca7ab2dcb25a7b7bae0fd364f9,True,2024-05-15 09:27:31,2024-06-10 09:27:31
225,284,web,18.1,5.4.0,0db8aac03c65777d21dda3de37e303e10c5deddfaddacfb39c2f9feecbbe6cce,True,2025-03-11 22:32:23,2025-05-16 22:32:23
226,119,android,14.2,6.17.3,3e5d65164a9b869fb0ad6cd3f5faedda570efe2bddf8cb2b62d1e23488c64cb2,True,2024-11-14 12:27:36,2024-12-10 12:27:36
227,840,android,14.1,5.16.2,28dcf1eebe13a2b271a6bcba92e4f1b874f7cce89f20e236ed95afe3cfb23bdd,True,2024-08-02 15:41:40,2024-10-05 15:41:40
228,286,ios,15.5,6.1.8,978e05bebd7d6fabccb87cc55ad9b39cdc33a57a337feb73a3bacea30d97cad5,True,2025-06-02 22:41:24,2025-07-13 22:41:24
229,259,ios,15.4,7.12.6,95dcee4af2bf3b2035fc3fa2d2d0ddaedffd40edc2e8a6eab58eba36e3d6dd3e,True,2025-10-10 17:18:20,2025-10-17 17:18:20
230,94,web,11.5,3.1.6,7fb8e83ffabf70ace2a9e4b6faccf4d79caacd574f0c55ba4a39be6560f9ceed,True,2024-11-09 16:52:37,2025-02-27 16:52:37
231,999,android,17.4,5.0.7,e5d7c9cc3d9030168235f2d25259bbfbffaa97f986edd235a0cf605a5a6cefa5,True,2024-06-14 10:56:54,2024-08-03 10:56:54
232,956,android,11.5,3.13.8,6e9be9bd9b845cef5ac7de0795cd1ec6fa99b1cab802f2f03f7495837dedf19f,True,2025-09-13 04:01:18,2026-01-06 04:01:18
233,493,web,13.4,3.4.0,a2fee1ec79b5bd4aac1fcb5cebfceb7cf46bfec9faea0d13ba384b933a7baede,False,2025-07-07 22:36:20,2026-01-07 22:36:20
234,911,android,17.2,4.17.7,1fbcc2029fe15d5670faded2961426cbdbb0fa10a212c638a1444da411ff5b4e,True,2024-08-04 11:57:56,2024-09-06 11:57:56
235,533,web,16.2,4.1.0,c7dd2fccda5c460b7ba7fe8a1aaa2f8168cc17da60daecef70877753bace84ac,True,2025-04-02 18:16:15,2025-10-01 18:16:15
236,87,web,10.2,5.9.5,bfcb2c8ef6cdcd508ccbf91eae943867bde8ea7b857df0faec9d4ff0da208cab,True,2025-07-04 07:53:36,2026-01-02 07:53:36
237,793,web,13.5,3.9.4,ddf6fefa5782cf56b81aec5c38ef197efeeebb0800dfd414c770accdd6ed6b7a,True,2024-08-07 12:41:18,2025-01-23 12:41:18
238,406,android,18.1,3.6.3,8dfd7e278ef28dd3de6d0ff4add6dca5d4dfbbbafe20ac9bf0ecb5b2cac68d0a,True,2025-02-14 14:18:27,2025-05-02 14:18:27
239,424,android,16.4,7.14.9,ef8ffccbf816537ce6ac3bddb026fa9d524d7ccf11bbd6d0eec3c69b38dfdeec,True,2025-09-20 09:10:48,2025-11-06 09:10:48
240,453,android,14.3,4.11.5,8daab2b7beb4a256ddefb0bd91b62ec284e5376ac15abf3e2bb1aed17d89fcd3,True,2025-05-10 03:41:48,2025-08-18 03:41:48
241,924,web,10.4,3.0.4,aa6d1ed8da92aadeceaeeab264e9f55e1b4d66cd8ba2a10962adf4b8d5cffefb,True,2024-10-13 09:46:42,2025-01-05 09:46:42
242,576,web,15.2,3.20.5,fa214e119220c93fee0b22b72e07dacfcba09ab1eaf39792af796fdcdbcdd785,True,2025-03-12 20:12:06,2025-05-01 20:12:06
243,596,android,17.1,4.5.6,6b1bb5eb0f27cc9fcd8c9afdcfd749923bee6adf25fe2a98cea6ee64aa6f12b5,False,2024-11-12 05:02:17,2025-04-30 05:02:17
244,907,android,11.2,4.0.9,d3ccdaa8ea28717deae66f8acb8e83da4a83c45abdd33abfdbc002ec6b4edece,True,2025-09-14 06:42:13,2026-01-26 06:42:13
245,599,android,11.1,5.20.0,7c00e0fb7ebffb1f7e348cdf482ddef6cbb135a278a89fccefecce93c9e9fd4b,True,2025-01-29 09:14:25,2025-04-30 09:14:25
246,590,web,16.2,3.9.9,6ea9bc0998ad2c441b6b6c85bbebec109bacaae5841cf96a3a1d83a1fefeaa63,True,2025-01-31 13:14:31,2025-03-16 13:14:31
247,365,android,14.4,7.15.6,ef4387062dbdacc750f7ff006fa38f3cedb35f3f362672395dd8bd92882dc89c,False,2025-12-08 21:08:19,2025-12-14 21:08:19
248,676,web,16.1,6.19.2,e3101ba4ed6ed239ed7a3a2b4afcfaaf6b22fc46ae7ab5e45cbefb883f9102ce,True,2024-05-11 05:26:32,2024-10-13 05:26:32
249,63,web,12.5,6.16.9,5ede4ac3e6ecab6b1fcb7af4475a4e96c43bcf34312beeedf04a955c3f56f8ed,True,2025-04-02 13:03:12,2025-08-04 13:03:12
250,196,web,12.4,5.0.6,408b531c49dd9e8daff95b9fc4ddfed6c5ca398e7ad261d1ef7db3a6bbf8d3fb,True,2025-03-22 09:09:42,2025-04-04 09:09:42
251,463,android,18.2,5.13.4,9bcef3f9ba0aca1a5a599aadabb6fed0fcbc1bb4c9b301d5cdafe0084d0e1aca,True,2025-02-14 17:34:55,2025-07-25 17:34:55
252,803,ios,10.0,5.4.4,dc241cd2b5df27dec2b5efcf52b649f16ed1634e2dc9b789fc426bc0fea6d116,True,2024-07-17 21:23:19,2024-07-19 21:23:19
253,622,android,11.4,7.8.4,2d53dfbfd2a1ccbb6cb889d8bc5d03cd59e029adc3974274a1bb6e41eedb3003,False,2025-03-02 08:27:42,2025-04-29 08:27:42
254,201,ios,11.3,5.18.3,bccab8afe451baea1ebacebeeb513ca91656dbf7f82a7bdacfc8b3ff0cd9f481,True,2024-12-29 09:31:40,2025-01-01 09:31:40
255,581,web,18.3,5.4.2,653e58bc91fc7cdabdf243feeda7cf33aedab2577d119f9f51425f7f16d326eb,True,2024-10-12 14:34:32,2024-10-28 14:34:32
256,60,web,13.4,5.17.0,f71c5bc218cdd21e9ea654da57a14c823ba1f34f99acf1c5bfdf7064a12c92ef,True,2025-03-29 15:28:36,2025-04-02 15:28:36
257,671,android,18.2,7.7.4,07a25a24b64816348531ebf3ecc1efeff3b944a447feddedf1425dfad565ee6c,True,2025-03-04 09:34:46,2025-04-23 09:34:46
258,554,android,10.5,6.10.2,7faad77e596bf64ddfe76e712ed1a914d4c3c4f0063bfe3f0dbbca74bd847e5d,True,2025-01-07 10:17:20,2025-06-21 10:17:20
259,141,android,18.0,4.9.9,f62849fa10b4c35fd72accad74d7f5edee5c6c5fcc4e9c98ea8dcafa4cf3d0be,True,2024-09-29 11:58:22,2025-03-30 11:58:22
260,726,android,14.0,5.19.1,2ba9b455da7cdc23b4ed7c65fddca748d5d0ced12cad79ff59edc5b2aab0fe04,True,2024-12-13 14:15:15,2025-02-19 14:15:15
261,815,android,15.5,4.14.3,e9af45b476a54acff7ea8ad6dfda2bddde700ad2c89c04ca79ee3fefc3dbbee6,True,2025-10-21 19:27:15,2025-11-11 19:27:15
262,863,web,10.3,6.7.4,da2073f0574d6a0aa5eced54e10c3d875baea784d1a3c2cee95faef80e0548c0,True,2024-11-20 13:51:08,2025-04-12 13:51:08
263,592,web,11.1,6.2.0,3cbba7a9bbfbfc8daf2b5dab66ef4f338cdfe282d8c231727fae9e3dcebcd67c,True,2025-02-24 14:12:01,2025-03-26 14:12:01
264,242,web,11.0,5.11.7,e807a4e9eb09bef88f3fc2ba33c23f6ffed6047595eb778dd49ade5fa4b4a4cf,True,2025-04-19 11:52:46,2025-09-26 11:52:46
265,381,android,12.0,6.7.0,b0b6b7f4da4cebace8ff4bfdd40415ec22bdabca2ebbecfc3fec8f3e0e7e33b2,True,2024-12-18 09:16:13,2025-01-24 09:16:13
266,551,android,17.4,6.4.8,af3febf34a428afaa8ca3105b625ccbff64adeec3fe8bf38ab7e83f595aa85e9,True,2025-02-15 01:02:45,2025-03-19 01:02:45
267,361,android,15.1,7.4.1,7bc4fbf563ecde2b07bdafc6cfe136cca0ab647a7b8ba6b2c61bf0c58eb75dac,True,2025-08-10 06:01:50,2025-09-30 06:01:50
268,810,ios,12.5,5.4.9,da44c30e22ffcd7ec73f1935a68baf023a23f7ab8e28f9cc60898ddb1cd4cfbf,True,2024-11-25 20:19:25,2025-01-11 20:19:25
269,879,android,13.1,3.0.5,576b33b1f2fb0afae4b4d53eac543b9144cb73b448a68bf67ceccb0739f5456d,True,2025-07-19 23:30:09,2025-11-08 23:30:09
270,945,android,16.0,7.6.6,bf675fd24579a8d3af1b64fb0d3b18fcf8edaec6dd426e92cf5ceb1edfb4a168,True,2025-10-05 12:51:45,2025-10-05 12:51:45
271,189,android,12.5,6.6.7,2efbddf05ff2ecdb6de9cb7eaad4f86ef6edaff0aed13aec024cd87adeaecf86,True,2024-05-13 11:12:55,2024-06-27 11:12:55
272,519,ios,12.1,6.18.2,4cc1acdbbba78da2116b0a86c1e225b5682d12fcbea1ecc6ef1004c438ccbc42,True,2025-06-02 19:36:31,2025-10-11 19:36:31
273,137,web,11.2,6.12.5,61cdcdbafe23f8cea2af32a8e7a57cb0d8e72ddfac55c8d1aad2beffdbabcc0f,True,2024-05-20 22:55:24,2024-06-08 22:55:24
274,924,android,13.3,5.10.8,d0a695ae955ffe76d4daf56cf7c97b4a10bbed0d3feb1a12e7ff6baebacdcec3,True,2025-02-23 02:09:02,2025-05-07 02:09:02
275,163,web,16.1,5.9.6,3c3ecec57aa2f9ede0fdb0e9cab14c4edc09cbefbe830b3cccc7969cef079d4d,True,2025-10-01 13:55:23,2025-12-17 13:55:23
276,773,android,12.2,7.0.0,21c2bfe0e8a60acb2426ecd8d473cd9a3a6ebb524bbeddf7f88dbd219a4d7d8d,True,2024-08-09 07:20:23,2024-12-17 07:20:23
277,842,web,11.3,5.2.0,a8fe1ffdebbcf0ae3adf7b88db0b1fa2deeeb2e6167e715d8c47be8c9ebedd8b,True,2025-10-13 19:33:18,2025-12-10 19:33:18
278,105,ios,14.3,5.13.4,bd1a80f6bfc56dd6a91a2eefaab242cf6f8bcfe1faaafd4170d3eaab28c3b5e1,True,2024-06-28 14:35:27,2024-07-30 14:35:27
279,437,android,15.1,3.6.9,9bf7eaae5c652cb3db47a4cf17c6171dfe52019dac049fcbffcefa86ac73bc0b,True,2024-09-01 20:36:45,2024-09-21 20:36:45
280,942,android,18.2,7.20.2,7adc8c5dbbafebae1fa06d1ee0fd2b1130ce37b61403dabf82eddd48bbd4b4dc,True,2024-10-12 18:02:01,2025-01-12 18:02:01
281,773,ios,16.4,6.12.6,73920cdcb033d4e77adf0e3d6eeb3b91f8a788fcadb3d0edc8328dcd7215fb4a,True,2025-03-11 15:55:46,2025-06-08 15:55:46
282,197,android,10.2,3.6.8,00d4c22bba1ced9d8d9c8a7dfe8f05ed9303ad509dbe0cec64c59aaebae55ac6,True,2025-06-01 17:42:48,2025-10-20 17:42:48
283,17,android,12.4,7.1.1,6654ce31db54ad0d7ff5c5be2339cadd01c4e1e9b1ceeedcf7cadd1f9cafe38b,True,2024-08-06 16:32:07,2024-09-24 16:32:07
284,713,android,13.5,7.17.1,d32ca6103c4ebba0a3a02afb21d1acaeb1a478be5cd627a13f9fb90cbdfb0459,True,2025-04-28 10:39:24,2025-09-02 10:39:24
285,70,ios,12.4,3.10.7,5ec7cccb36c1e2ab3530804c9110cd7baada97815bbf59cfba95b6ba535344ca,True,2024-08-26 20:36:58,2025-01-05 20:36:58
286,309,android,16.4,4.12.4,f8ec2dfdb4f1fdf2d45b94b6a95ca2cd066ddd99d1cf560fbebd9f32ba17dbf4,False,2025-08-26 15:32:21,2025-10-20 15:32:21
287,297,android,16.2,4.0.7,4cb79aba45e0cc8f6ef89e193fc6957d8ab011413e5f156517f2dc0bd82ba3db,True,2025-08-06 19:37:11,2026-02-14 19:37:11
288,269,android,12.3,3.3.9,be0db0ebdfabccf51eabb7e865b9acd306c5c5ade37bba12e2bf0c1de8ece4f5,True,2025-02-24 17:25:32,2025-06-07 17:25:32
289,112,android,12.1,6.2.4,9fb30fd3e8b20fbddeb50bb7ac794d68ea42856afac1e44a17f427fac6211c47,True,2025-01-25 17:14:55,2025-02-02 17:14:55
290,222,android,17.3,3.5.2,2df08ece4dfede4bb1aea1f6f2b7fbeaf3bdf9349b3a8db47ddfb9f6a7f8e2ad,True,2025-10-16 09:53:06,2026-04-19 09:53:06
291,974,ios,10.3,6.9.8,0cdbbc482b43ec2b3d6ef541a6c4811a94fcf8edbdb6df6ec5ffaf8ad824da61,True,2025-08-28 17:22:58,2025-11-02 17:22:58
292,766,web,11.3,6.7.2,6b6b70781dd06a35f81c978dddf8ffc96c4907dea23e90b2bb01bc68b8fb3dbf,False,2025-10-16 15:01:49,2026-01-28 15:01:49
293,592,android,17.4,3.5.0,ea7beac8fdaf038fba09c4faef9f126759fbd888e6feae04de1c0e9bf70dda0b,True,2025-04-29 05:17:20,2025-09-22 05:17:20
294,428,android,18.5,5.5.5,94d2eabec67ccdf4e8d01c93c04aefd37debb04568bdeb65bf6a682deb8ad9fe,True,2024-11-23 11:12:13,2025-06-07 11:12:13
295,713,ios,13.3,3.1.3,bb5a6661bf695f28adb571ecaadba105dfe8ec713f859dffca6bae4cd6a37867,True,2024-10-15 11:43:55,2025-04-17 11:43:55
296,925,web,18.2,4.12.9,aeee9bab35c7aaf2d8639d6eacfda9f2c4beaaa884df68a0deba5ec2cfd5a2ee,True,2024-09-21 01:26:43,2025-03-17 01:26:43
297,345,android,17.0,6.18.6,aa7b1c142c49ab77a2ad3435d16c5c4eee69ebad4edca407a59d70eeeff2d3f4,True,2024-10-26 11:15:32,2024-12-28 11:15:32
298,880,android,14.1,5.5.7,fd3cc756aaeef9ccfabbb427522eba3ed4ba32c31b0ce16c860dd36eddecccd1,True,2025-02-13 15:58:58,2025-07-22 15:58:58
299,588,android,18.0,7.0.8,a5e8afb693174eb665f428dcebbfa7106dbb223e3f0affdffeb0e378bdabe864,True,2025-01-22 17:20:24,2025-03-14 17:20:24
300,169,android,15.3,5.6.0,66aeaa2ac9fdec62ee8abd5e6494db0e6b5c6eed8ffebc148f5e0f5f072bcbe8,True,2024-10-10 15:02:55,2025-02-26 15:02:55
301,23,android,15.5,3.19.7,baae47798d359a87e4cee3a5cc0560bdde5feec7be63b551bb8bce4fff407eb7,True,2024-07-14 12:25:40,2024-09-04 12:25:40
302,837,android,17.1,7.8.9,97f92fa4bff85cc524ef728bb45394de0a1c6d8bad856eacbeb97aad9c0c4bee,True,2025-06-17 17:58:20,2025-11-09 17:58:20
303,767,ios,14.0,4.17.0,4fdfa565f8bd438f6aff6de689dd72f28db24bf8d9fc8bf7ef74bddb1a1f5b4b,True,2024-09-26 17:29:25,2025-01-04 17:29:25
304,274,android,17.0,6.9.9,6b47be2769dbcebae76663bb275614be745bcb3c5ec6b9c1f4c6eea95d6dcf05,True,2025-06-16 00:53:36,2025-12-27 00:53:36
305,863,ios,10.5,4.10.5,bc97b334f185dab79ef199a33f0aff417dbd56ed90cb3cccd0a06f412cf4ad2b,True,2025-03-18 04:40:11,2025-08-22 04:40:11
306,138,web,10.5,3.0.2,54caedfdb3cfd26cddb7ac4cc5ebefa2e9da279aa077fbdde647bd18dc2eecc5,True,2024-10-15 10:00:58,2024-10-29 10:00:58
307,858,ios,12.3,6.16.1,01ae5a89eac1d28b8bdf26c1f40dbfc244829dfa441745fcf9e8e0dba30c9f3b,True,2024-12-10 18:41:32,2025-05-25 18:41:32
308,301,android,17.2,3.17.5,999a6b3bccbef562e6b4d671c4ee010b39eb651fc46d47e6ddec4f7eec4d9de9,True,2025-03-09 07:24:16,2025-08-16 07:24:16
309,796,android,14.2,5.13.2,bab856a37afcbf8f6fadbdbbbede0bcfbf1da8a17cffce37be97ae479bbebc07,True,2025-01-15 05:57:37,2025-05-06 05:57:37
310,651,ios,11.1,7.5.8,853c25ced7ccf06120f59f0f6eaad08a4ad31cdcafe8ae26ea68daece4fac4fa,True,2025-01-07 17:44:55,2025-05-27 17:44:55
311,326,android,10.2,3.19.2,4b8447dded96e0eb2de94ef551c81f76ea11ace244247ad2caad9b5eaf9fcd57,True,2024-10-16 10:49:36,2025-01-09 10:49:36
312,395,android,18.4,6.0.1,cabd841d8691203e9e66aeaed86aa02d05af1ba6ebf04be3676062bfaa60acb1,True,2024-09-20 14:34:33,2024-11-14 14:34:33
313,127,web,12.3,6.4.2,4afed574ff69c8daa461e6ee6fff2c12bd5e27aae6d6b5a3d9e0f3d845967bf4,True,2024-05-16 07:44:57,2024-09-09 07:44:57
314,575,android,17.2,5.12.6,eb28db0c74fec2ffbdac263e6ff7682ec8ed9eb81c0f5bcbfdaa42acb50ccacc,True,2024-09-17 03:40:14,2024-12-20 03:40:14
315,690,android,18.4,4.14.6,4c6c2fad0546cc8d8118adbc7af0a98e0ed954e6c09cefe8b2c0b774e50d8ec4,True,2025-11-08 03:30:16,2026-04-22 03:30:16
316,420,web,11.1,3.18.8,e9ecbc3e21ebd236ebc668ab9844d3b03afde1d3bbebcf14c3a4c7aa51e192fe,True,2025-05-23 15:17:18,2025-11-18 15:17:18
317,262,web,11.4,5.19.4,c9cfefbbb6ead75fd2e95be3feb3ebbb7e7f112c2f3ed3317abfe7ba4ebb7ed9,True,2025-04-22 08:05:45,2025-05-22 08:05:45
318,506,android,17.0,5.5.3,b08d37cb2cd29db6b6bac73371cbea96ec61b64cebd2fe3293fabc72b990b2df,True,2025-10-14 14:09:25,2025-10-19 14:09:25
319,732,android,17.4,3.18.9,6571ba440faff9aecdadeb82ed6cbfdcfd12fe6f6fe83aea6cc3e9d19ff6cb0e,True,2025-06-10 01:52:04,2025-07-14 01:52:04
320,231,android,13.3,7.15.1,75a3d0da0d41bcbfefbab8b695562feb5bacd0ee86eb7fdc5ff7e216f06cdefd,True,2025-05-22 17:35:32,2025-07-21 17:35:32
321,627,web,17.5,6.18.3,c32cbe487a4aaacebadb22832773f8cc1e8529e6fdfe05b12a2c35de7dbdadaf,True,2025-06-23 02:22:29,2025-10-31 02:22:29
322,185,android,12.0,3.1.4,d84cc2ebe0bc682d604fc05d1a8dc3374af2cfcdbba328ee9ffcbfd69bbbdb40,True,2025-01-14 11:59:59,2025-04-10 11:59:59
323,672,android,16.2,6.9.8,d91a74b46af410e90b4a2acca1f3dfa1a6961b47ec7aeab2f3aff9dbc99f6cd9,True,2025-05-16 07:30:01,2025-08-24 07:30:01
324,433,android,18.3,5.3.8,9fbbfe2b0aba5c93db9f3806bbcc83a34655771f0deebbfee93c1dc7c05afa46,True,2025-05-25 00:12:17,2025-11-09 00:12:17
325,554,android,18.0,5.8.9,ab097d2bdedfef15e4ca72ffd8c7cae7c1ff6bcfe115324a53b6dee28ba9fea1,True,2025-08-06 10:17:27,2025-08-11 10:17:27
326,296,web,13.5,3.9.3,731787d87cab4acfe57d8a1ad1b719d7f5fd6cffd6b0ede43dfded65c32b7e60,True,2024-07-28 18:03:58,2024-08-15 18:03:58
327,648,android,11.3,4.1.6,4fe8ddb92bc1d32ec2ca9d6af1fb8f8b2f150019d6afe4eceef340ad2c1ac4ee,True,2025-09-16 10:11:26,2026-03-26 10:11:26
328,560,android,11.2,6.18.1,b049f3a49cec0c712ffad6de1f28eacb2e91b9c0916d4c432e182a76ca1ca0fe,True,2025-06-11 22:06:59,2025-11-10 22:06:59
329,12,android,11.1,4.11.0,d6ee6876cc81bcab9ca237ce0247ecd1bb983e6e97fefec052be49d92cb6989c,True,2025-11-10 10:37:16,2025-12-10 10:37:16
330,769,ios,11.2,7.20.1,ded804baeffa4cad3a8b7ddb9f0e51e4dcafa0993b5ce0cf77f277cd8a8dd0bc,True,2025-06-07 06:11:59,2025-10-25 06:11:59
331,107,android,13.1,7.7.1,102aa0400d21a630b0cfe2cd20f91b0ec7b12e832f6b8ea68ba175b72467acf0,True,2025-07-24 12:18:56,2025-07-29 12:18:56
332,662,android,13.5,4.16.9,b1be19d6bb2f5f3eb59c2219bd0abb6db24c8b275f1c023fb7d0cbe2f68fbfea,True,2025-06-08 17:43:28,2025-07-24 17:43:28
333,458,android,14.0,5.11.8,a6692fceab7afcc7cda21f2b046ed8ee4c077c5a5f4e138adfa70f054f0edeae,True,2024-11-27 19:01:42,2025-05-29 19:01:42
334,107,android,16.0,6.9.6,ea2b213a32b754366e0bb89952a9086c0c2bb92ac6aef4fef5fbf7bdc2f7e2bd,True,2025-12-17 02:43:28,2026-02-27 02:43:28
335,151,android,15.0,3.17.6,f6a75d735cf28a6c6e39a1245d901a2f12f45bdba3db1bb14dfa90b2a3cb2b1a,True,2024-08-31 23:19:36,2024-12-27 23:19:36
336,242,web,13.5,4.9.9,74af9cd06c7392fe4ebccbf3121e1640f9da291ad0d475d5e6eb8d4ca20a2d09,False,2025-09-01 02:31:20,2026-03-14 02:31:20
337,102,android,12.2,5.0.1,8ae23c5f90557a41a4774bf2ea7079b98c2ecde8fda867ebb1decd0dfb04abda,True,2025-02-24 10:21:10,2025-03-26 10:21:10
338,787,android,11.1,4.14.3,148befaf6fd7e5bf21c0e22e146a5fbb31bcc94eddd1c10409d4f63326fba65b,True,2024-11-28 04:38:21,2024-12-09 04:38:21
339,781,android,17.5,7.5.6,475d26c9e80f7acbe7deecb57cb9333a04d118327470e5dce663c27baa960cb1,True,2024-07-03 15:25:38,2024-08-13 15:25:38
340,349,web,18.0,6.4.3,cc64e41e0379ad142b85abda92e0bab81d2b2adbf2c0fba7a01bf3d9cebdcadf,True,2025-09-02 13:25:04,2026-02-07 13:25:04
341,483,android,11.2,7.4.0,e3aa4fe3ce85fbb4e1adfcefa6b8d7470533e717db85bcdcddade464bd62da5a,False,2024-09-05 15:30:47,2025-01-04 15:30:47
342,670,ios,15.2,7.19.4,cf46effdc1d79704cdecadef8ee32d0dad2b85dc18cbdcccdf6dcdefd3a6eaf8,True,2025-11-06 06:15:32,2025-11-19 06:15:32
343,668,android,12.3,7.8.8,a5c06bba36204f57acac0d9fde99af9a34d2d9cebd0e67d0c3d5bead69a3e31b,True,2024-08-08 11:29:30,2025-01-24 11:29:30
344,782,android,13.1,5.4.7,cc2f5fc8d8cf553dae941cebd8edd6f8e1f8e76bc6c34fcf7b06c910e9f01424,True,2024-10-11 06:38:19,2025-01-11 06:38:19
345,938,android,10.3,5.0.8,05fdcfbc75929006bcfad7bedd133c9582cabefbc2deaa34c1da321f3db265b6,True,2024-08-26 16:03:54,2024-10-22 16:03:54
346,652,android,11.2,3.9.0,8c5f965cfcbbe993322fed6a19d9bc186f09eeb7d2ae34e4ccbfba84c588b39c,True,2025-07-13 10:20:47,2025-07-18 10:20:47
347,512,web,17.0,4.20.6,a3c80d9f1b67ab016daa78cef4effb7c5df4d45eb48ffee87f8abacddd37d72e,True,2025-02-18 07:35:14,2025-07-29 07:35:14
348,22,android,10.2,3.14.7,0decfb3bdebabdbbca101fde4a09ab6d146eee898bacc75ce2b4bf71f3650ecc,False,2025-09-17 22:31:59,2025-11-21 22:31:59
349,846,web,14.4,4.18.5,31d1efdecd99eba0f6afdd08b03331b89aa12dbb6eaa48ca05a2f5f6c12abe33,True,2025-04-21 23:34:36,2025-08-29 23:34:36
350,431,android,17.0,6.14.5,d48fa6d072ad47b4838dfc4f6faa3c07f142ca46a7d763f3190320e8c3b5fdd4,True,2025-08-06 19:07:21,2025-11-03 19:07:21
351,352,ios,10.3,5.3.1,b14bbd3b3cf7d45439d5e5dbed3abe9fafe8b9bc7e4dbbccfe7e4b3f0cf0fc81,True,2025-09-04 19:47:13,2026-02-27 19:47:13
352,47,ios,10.4,7.16.1,09ca7f5ff73f7e7ee3607fa6b3ea5336c1db1c0a05c5967bfe6e68dcdfa8dd56,True,2024-06-01 11:59:47,2024-07-22 11:59:47
353,831,ios,18.0,5.6.7,6ea4dbfd18f951ec9b969edfa8ebb24f5f2c875cf4b0cd6bc4c92b82d76411cf,True,2024-12-05 16:08:22,2025-03-05 16:08:22
354,408,android,12.1,7.13.6,38733cca13ed8e7bab8adf84ed7bbea278b0e1dbdca83cdfcf4c24b90935a8af,True,2025-04-07 07:33:30,2025-05-26 07:33:30
355,507,ios,17.2,4.9.2,37a7c231fcfa8d7156002acdf32db4fcb76de7bbbe40abaa06f634eb29f013da,True,2025-02-12 14:28:46,2025-08-27 14:28:46
356,122,android,17.4,4.14.9,dca8d94ab9dd9bd7f134bc9ed5e31adfafa2cef501f68e7dfa0943eaf088cf16,True,2024-07-05 07:49:14,2024-10-20 07:49:14
357,567,android,13.1,6.15.0,effe839bc2bf64fdb1ef9ffe994cc749953c27e1da61fadb08ca5af860cf414b,False,2025-01-25 16:43:53,2025-07-31 16:43:53
358,466,web,17.3,7.11.5,cd2bdedaca9cd0b59c6c4c0a816bb0c0b5ee4ee1ef4ad860a3ff62b850dc3f15,True,2025-05-09 08:34:20,2025-09-09 08:34:20
359,760,ios,14.5,6.9.3,eee9a3bbdec63d7fc0f10cb5e6f3a26dc5d79abb673e4c5c2b66e20ac8bbed1e,True,2024-08-31 03:07:11,2024-10-18 03:07:11
360,482,android,13.0,7.20.7,a632fb9a2ea87eccbe34099cecafadbbab8eefc14d43310cbb91a9aa89e600d3,True,2025-04-04 17:51:50,2025-05-01 17:51:50
361,318,android,15.0,7.9.9,d7aea4e28cfcaf4690a4dca24bce7c70d35d2e85abb0cb312f74f77bfded0ece,True,2025-02-03 17:47:28,2025-07-17 17:47:28
362,481,android,11.4,5.2.9,18ee9ca5e4cdbafe6c88b46c2e82d3a6ce9040527718d85bdd8bfc2bae8eac1c,True,2024-11-15 09:27:36,2025-05-17 09:27:36
363,717,web,18.3,6.18.5,bed50f831cad316b630f40efcbf4abc43cbbb1c9e7f0df3d83f5acad9fdd34a4,True,2024-10-18 09:37:11,2024-11-09 09:37:11
364,135,android,16.3,4.19.3,5d1c9eef54764fecfee4967e9fc46dcfddad1addeab13bafe556e25ca5e87eb2,True,2024-08-08 00:23:54,2024-10-23 00:23:54
365,17,android,17.5,3.16.5,bab858ddcfc16951a5f71e5ac9a7dc60051fd7230ea2de16c6cd915fcdcc6bdf,True,2024-12-11 21:39:21,2025-06-17 21:39:21
366,485,android,14.0,4.8.7,ff7cb21ca6e9f467d2687fa9f249eedc4879fbcc4db3d5dae7a376d5ed4ef0c4,True,2025-11-04 17:26:41,2025-11-07 17:26:41
367,741,android,15.3,4.13.9,a9bfa9eec6df9c1dab4e8b60d8ab464aeba0aefa25c2cec17e72e5c68e3f07ba,True,2024-12-12 01:56:37,2025-03-25 01:56:37
368,189,web,17.4,6.2.9,d2745c7ac2f8dab63be8ccaebc496bf9bc58c655cfd7bef29cb8b5eaff5fd3b0,False,2024-06-02 08:39:22,2024-06-03 08:39:22
369,622,web,15.5,5.13.3,b32bb91abbc0d6eabcbbbab04ed4a95a2053e6ff9cac7a9eec8e737db4e92c3a,True,2025-10-10 04:33:41,2025-11-16 04:33:41
370,555,ios,12.2,4.3.6,a772daa0ec786e3de2e56c87fed2d0b0fda69a82cd8aae6f2cea7e33b27d4d0f,True,2024-07-18 04:33:17,2025-01-18 04:33:17
371,401,android,13.1,4.8.6,bcd48dc3089dd0aecb17cedd6cdb6d3917addcfe19df2e349cde8bf36f05baab,True,2025-04-02 20:01:52,2025-08-08 20:01:52
372,242,android,12.2,3.2.8,3bffefc0aee19e65f2da56ac42af6ef0d034679fecebd3e5336a7df9dbb9dad4,True,2024-09-05 19:59:08,2024-10-05 19:59:08
373,831,android,14.1,3.5.2,da07d417dd3f6b4f9aa372d184e2a57d50e0d69bca7cba52782b1802fa70a52a,True,2025-01-31 06:01:19,2025-03-22 06:01:19
374,431,ios,15.4,5.17.1,3adb9aafca631c7fc2b8b52efcdc82efafbef0696b43cd009ba0818765f978df,True,2024-06-01 20:27:21,2024-09-10 20:27:21
375,832,ios,17.1,6.5.3,9e71cf39bbe8efe2f6fc0b13cca9f2e3afc982c9fa1467fcdfeb5bac837dc9ef,False,2025-12-25 21:32:50,2026-02-19 21:32:50
376,234,android,17.5,6.2.5,0878b3d06bbfcca330d8af506fddad5b5139a5f91d79a74dcf1b5b01cd900eab,True,2025-01-22 23:28:40,2025-04-20 23:28:40
377,24,android,13.5,3.12.7,92a0d0efeb7aacc9d78afc3f5fae48dbcbb87bf5aaa76eda4b09cbdddadd8e56,True,2024-08-11 02:21:05,2025-02-14 02:21:05
378,329,web,16.3,3.19.3,d4facff7a9d2dfe8ce4f16ecacad3a94c0a0affabcae39f0a13159a0fdf3aa5b,True,2024-11-01 17:17:10,2024-12-28 17:17:10
379,488,web,16.1,3.5.0,dfbabca65cf4a6ebb921af3bd6c5a2fbcc244f835ac15f50cfaa11e0cddcaade,True,2025-03-11 10:34:31,2025-06-05 10:34:31
380,252,android,14.5,4.9.4,56f7bb9863b3df1e74529dc10f28b70ed1ac7c22fe2e7524a37b7badecd32e51,True,2024-09-25 20:58:25,2024-11-04 20:58:25
381,471,android,18.2,3.8.1,92eac33fee8b0ace32f39a7027dccd9fd1ff19d3dadbabdba3ce7bff9cbdc4d3,True,2025-10-02 00:54:34,2025-12-03 00:54:34
382,124,web,18.4,6.6.4,2fe7122aa9bfbd41f4bfc2825bac47d9f8abe32551e39d76dbf1fc9bdbc2a1fa,True,2025-05-22 16:39:21,2025-10-07 16:39:21
383,913,android,14.2,5.0.7,169cdc6f62bebf0aecf40e7da094dcbdfad3cf3c4ddb6d4a042f3091cc39ccef,True,2025-03-16 21:37:47,2025-06-17 21:37:47
384,812,web,12.4,3.10.5,7d2ddba1deb365eb13bffea512f91cc65c791e728ca1cea3ab5212a51b8b4745,True,2025-01-20 03:03:03,2025-06-11 03:03:03
385,924,android,12.0,5.20.2,9efa9c5edd9ca9292dfc2b366edfe9bdb69538cad5bb3c8dcec3cdfe98c15ba6,True,2024-06-19 08:35:09,2024-12-14 08:35:09
386,323,android,14.0,6.3.3,2c1ad41bba0b6b17eeefcfaa17008aaebbb637ab45bee52bb4df9b8af705cf1b,True,2025-05-21 14:12:03,2025-09-18 14:12:03
387,14,android,18.3,7.15.7,7a3246eca9df2ae739a3e1e94daf3439d6cefefa53da0eb3e7c6e4fdfdbddfca,True,2025-10-03 18:25:12,2025-12-07 18:25:12
388,464,android,12.4,5.8.5,31d8b6e2f4fbcd5cdd4eeef1fd03b71cd2fdbdafffad474e03dec1d877c1bc23,False,2024-06-11 02:59:30,2024-12-17 02:59:30
389,392,android,18.4,6.19.5,156e81ac9f9ea47d5e721bb8ded1ddbb3b95df4e00c7b5aa2abf0f7fcf8a62f5,True,2024-06-04 01:17:10,2024-12-05 01:17:10
390,568,ios,17.4,4.7.1,4fbed43b139c37bbbab1cd5d08c01086dc46cc9deddf14e5e9bb57db7f866fcb,True,2025-06-04 10:44:05,2025-08-14 10:44:05
391,938,android,10.1,3.19.2,569a5c9b8db7e021efedbffb0a75efd9a94f78dbdeb3e097d7326b2820789eaf,True,2025-12-08 12:21:31,2025-12-24 12:21:31
392,173,web,15.5,3.19.1,ffd9dec0911f734cf3caaa1ef359dcbb0aab21cbfc9ef0455be6b9348ea44b18,False,2024-08-15 10:43:36,2024-09-11 10:43:36
393,613,ios,16.0,4.18.3,a84a42f1b9a57d70bdcf9fd2132cefbcdaffbda528dcd50f5fbcec6b5f3c37b8,True,2025-12-13 16:33:30,2026-01-06 16:33:30
394,148,ios,17.0,6.10.9,5d16e536af38de465af8b8ccbba5c1d14be6dabbebce679c7aa6a2fead47aaf9,True,2024-12-07 22:44:07,2024-12-15 22:44:07
395,780,android,11.5,4.10.7,b4bf164fb523d6f634b0b9ecbbfbc33b8db3c23e6f1f7bc27cb68e5d67fddea1,True,2025-05-07 00:26:36,2025-05-24 00:26:36
396,227,android,10.2,3.2.9,bad2c196202f0781a7e318fb2fb6dfca4ce3e8a566de65eae689f8c8abbf4e76,True,2024-05-17 01:27:01,2024-11-19 01:27:01
397,754,web,16.2,6.4.7,8da023f160e5dfcc616a2b8b1d4b28b7eccdd55f57bdcd9ae70bc4e23def69c8,True,2025-11-14 12:14:25,2026-03-18 12:14:25
398,832,web,18.3,6.13.8,ef923c6b704aad174e2c5ae6eb0a81bbbcb80ef7de6abf4c3be138addbf3bdcb,True,2025-07-09 17:58:00,2025-08-23 17:58:00
399,98,ios,15.4,5.18.6,c0d1e3ff1dacadcf0fada0f65545ef2ac14ab7bb2aca43cb2bd1b8ccca3a9844,True,2025-10-30 08:51:47,2026-04-06 08:51:47
400,350,android,18.0,6.8.8,aba1bf23cf7e4cf13dcf2beea806aed108f7904db96e2a46f5caf166d3cefc8f,False,2025-06-16 14:57:36,2026-01-02 14:57:36
401,53,android,18.3,6.14.6,1ffcc1a14ff1e7de5c6a11012c2e10caf87e664d719687f7b998e757a5cdf131,True,2025-12-22 13:11:19,2026-06-16 13:11:19
402,325,web,10.5,6.14.2,7abdf67cbef7de5e0f4320e4facfb18e1d9fd7689013daea6ac13c950fcc2cba,True,2025-08-25 20:09:13,2026-03-03 20:09:13
403,198,android,12.0,6.20.0,1eddd4a711caa624cc99348a2a3fa59bd3939a18eaac5095a90eaaed105cfbc9,True,2025-06-27 09:02:27,2025-11-24 09:02:27
404,501,android,14.5,4.10.6,22de07b0bb71cefff7cda36e7aaf47bea32fb8c7e363fea5a0dbb3daa2aff6a4,True,2024-11-12 21:04:39,2024-12-04 21:04:39
405,667,android,17.1,5.11.5,fc7eb4bcccb526d94c57c4e69edffad5c356222f174d53ba998f4c6edf5bcfbc,True,2024-12-08 13:38:15,2025-03-18 13:38:15
406,656,ios,10.1,3.13.0,302bb3bd5ffed1cc3cd3ccf87feafc6f7c7331aee5fa7724b9113984d382be2e,True,2024-08-09 00:26:11,2024-08-25 00:26:11
407,508,android,11.0,4.1.1,bf94f04baaaa43796ad3f291e9bd0f37d96245b91abeaca2a6bc1d977a9ffeeb,True,2024-06-12 02:35:19,2024-08-28 02:35:19
408,783,web,11.0,6.10.8,1bdf5eb3f71fcfdcf56af1b4994ebd5f9aa1571deaaddaf25bc1c9de31f6f7f5,True,2025-04-28 13:24:03,2025-04-29 13:24:03
409,636,web,16.2,5.13.5,6dfeb3b029fcc07f83346b90d7c7dcfba3cdc0962b258ab61bf76c1fbebee7ab,False,2025-07-28 05:54:15,2025-10-17 05:54:15
410,533,android,15.1,4.15.2,7acad363b3dadb6bf6cf8ac632c57e1ca5cfbf3d52e5e6b4c43c42dbafecaef9,True,2024-11-07 13:36:19,2025-01-06 13:36:19
411,115,android,13.3,6.9.9,60b6b3cc18a55a3fc5aec4de9dcad5eab02fd3a03af9108be1c6d1c7883ffe48,True,2025-08-19 17:47:25,2025-12-01 17:47:25
412,457,android,14.1,6.13.0,db0e6d49cbdcf75069a2e6eff3778323f9b8e5a0b446eadc18efbff785a2ea8a,True,2025-11-23 20:01:36,2025-12-09 20:01:36
413,216,web,15.0,3.9.2,ded8dcd0ffbb42ad6f2af3dfcbdfb24a2cd4aeb68473f51395516bfb4cca5c3d,True,2025-11-22 14:09:12,2026-04-01 14:09:12
414,694,android,16.2,7.19.3,97f7ec5a76ad4b76dceeb628ff3e38d66b4a6470bc6de8a4ce7d721ad4caf2a4,True,2024-08-24 22:50:48,2025-01-27 22:50:48
415,651,android,10.5,5.8.7,49818f3563e8881b20ce27feb88eedf66347ea88fe85fb716d7ce8eaecbebdba,True,2024-11-02 04:42:40,2025-03-15 04:42:40
416,557,android,18.0,7.20.0,b4eff6effeebfe8d3f5541deb98a4b7ac77da2c66fa8c2e21aebee1fb51fc968,True,2024-10-24 08:53:14,2025-03-11 08:53:14
417,308,ios,13.2,5.12.1,6acaad80fbba7e282bf0ce1c5e74e6d03b5487b7dd95b9eedf5adf0c8caaaf53,True,2024-10-02 16:19:13,2024-11-18 16:19:13
418,380,android,16.0,4.3.2,fba7d54c0fcbd76d394a8443ccf9bb0ae6c199dad8f837ade3f0a94a1188bf82,False,2025-05-31 23:42:22,2025-09-09 23:42:22
419,905,web,10.2,4.18.5,a724d0029be1d9d8ab76c2110ba7e8c747f640e41db915fb4bfcec71bc60620f,True,2024-11-09 22:00:15,2025-04-03 22:00:15
420,746,web,16.2,5.3.7,be81b79c3a4f7fd64b75d14f7dfabfcd4d543e0ddeb0de02a214db9bddbb00e3,True,2025-02-28 18:37:23,2025-06-06 18:37:23
421,476,ios,13.2,3.0.2,edcdd562ee355efeb91fa80e6becb36fe0ef26245a6a121ca91e673b31d124a6,True,2024-11-13 21:11:31,2025-02-06 21:11:31
422,850,android,10.4,6.13.7,91e88dad3afe70bce651e4828611fdfbfecbb2a66b849acee970c80fad1ea5a2,True,2025-09-12 08:31:51,2026-02-05 08:31:51
423,704,android,11.5,4.11.1,f8d16dcabe41eb35cdda2506b48dcbb1fa1b1bcc41b85fa80a99d0fdf04d7dc4,True,2025-05-22 09:52:20,2025-06-14 09:52:20
424,398,android,18.4,4.0.2,1b6fd28b551d60e1a7dd1e0db9b83b983cf3088bb85dcd1e42df9e967f1afbdf,True,2024-05-24 10:23:06,2024-07-21 10:23:06
425,459,web,10.0,6.6.4,9fcfb3abe28d4b89547f709ec9cfd3aabab66a9da407fd3a379b745f8deca97f,True,2025-04-22 20:00:43,2025-09-05 20:00:43
426,675,web,15.3,3.2.3,eff2da77f6bfbd11d8f940b9a5ceabceafdab3c5f3d9dd36cae3f0674ae43dd2,True,2025-12-18 12:46:14,2026-03-04 12:46:14
427,831,web,17.3,7.20.4,d2a1fe0ed4ea1a137f2c1cee9e180af2bd3af64cf3a52fe55e14c6d2022ff0de,True,2025-04-03 23:03:20,2025-04-10 23:03:20
428,687,android,15.3,6.19.4,5a9fa0fdced4d0af80f971fdf4691845b7fdc3d202e6ad6c283eed7885d7ef5d,True,2025-10-22 03:37:23,2026-04-01 03:37:23
429,884,web,10.4,6.9.9,bd0d8aff12ce659c43e6c1dada055337f8dda7bdaaa57a08e5f45f1789a032d1,True,2024-08-26 07:50:06,2025-01-11 07:50:06
430,977,ios,10.5,7.1.4,58937e8ecce4bd3e9f61d19f32b0ea879f057da2cc3dfa1cac8cf3b11efed5ea,True,2024-10-07 17:53:38,2024-11-27 17:53:38
431,636,android,17.4,3.11.7,9a3ebbde892bc02c3eb88453dd8c38beeef7ce4d7def02f20ba55baa73bbc4ca,True,2025-02-24 15:26:04,2025-03-18 15:26:04
432,542,android,10.3,5.16.3,b3920e997bc7ae5f55153ac75e58b6cd4f88c187add6ed67fd6bc5ff7ab2cf4f,True,2025-04-04 03:52:06,2025-07-20 03:52:06
433,143,android,11.4,3.6.8,d2280cbdcdcdd90210f0e1d0bbad53ad0bdd6fd5ada9f09047cc2f7947d0e52b,True,2024-05-23 20:15:36,2024-06-14 20:15:36
434,232,android,12.2,7.1.2,84fa1cee19bb74c7edbfbeebd9adeed6ad1b7ae17aebd1acf313c96fdea01b70,True,2025-10-17 17:05:10,2025-11-16 17:05:10
435,459,ios,12.5,4.12.3,7594e7def6afad63e44dff0febcab5ce455b4ae89dceb12d8b1a97dafc8fd2ab,True,2025-05-20 09:58:23,2025-06-03 09:58:23
436,678,android,10.2,7.17.0,2dfceeb406c1a6ac7ee3dcb12d1e2fdd959f292ecc57d15dbda661cc4e5b6ea5,True,2025-01-22 15:46:33,2025-02-14 15:46:33
437,467,android,17.3,4.4.8,b74c01e7fd1d901688af7dfd7bfb098f3d2ac6fbc043d7bdaa851ef80ecddac3,True,2024-06-16 04:32:06,2024-10-15 04:32:06
438,981,web,10.0,5.2.4,8ff5817a1eda15b6cff524e3becd9c47faffa045bc546e8a28fec2dcad9ac17f,True,2025-04-13 08:13:58,2025-07-09 08:13:58
439,704,android,11.4,5.14.6,ef1dcdeea310e47d261bcfba98cfb3eb7d42f5a48daf3bae9c25df5beb7ea28a,True,2024-11-16 01:15:00,2025-04-30 01:15:00
440,458,web,16.5,3.19.5,66a8ced9c3a9bc01e12cf2d26b8c5065f74fa7f8ccfd7b8bec8e78aa2cccf1f0,True,2024-07-30 08:24:44,2025-01-26 08:24:44
441,865,web,15.4,4.7.9,e5ccdea7fa95b3fdbe4135a98abd6cbbeaae1e095cef1f5ecbee7dfd28f220d9,True,2024-06-06 02:20:16,2024-07-27 02:20:16
442,208,web,16.3,4.9.0,ee884e9db9d5f5b1dabca3e778ca02cd960ce1ef6db044e0b785eceb2f9859f3,True,2025-03-20 08:20:39,2025-07-24 08:20:39
443,462,web,11.2,6.1.8,7041f45de5fb6d403cf5ecbeefd70da05e09bdb1c3db6931087715b9ff034f1a,True,2025-04-29 18:56:38,2025-09-09 18:56:38
444,240,android,11.5,5.17.7,af58a542aa502bffc0ca5d11e18b8eba3aaf767c7fd3ba0b46f6e3dbb89a32cf,True,2024-07-07 07:36:04,2024-09-12 07:36:04
445,479,ios,17.4,5.1.5,da1ab7cfcfeaacaffec75d071a1c794ca111fd0e2e7fe09e33afbd846ee8c5dc,True,2025-04-15 09:43:23,2025-05-08 09:43:23
446,992,web,12.3,5.5.6,f90c5faeddb6bbc77a77b6bf176ecaf9aef7d0f12e73fc3fbccb56a7f4ad7b09,True,2024-05-14 21:46:46,2024-09-16 21:46:46
447,612,ios,10.1,5.4.2,d95dd9fc67d97b07726b0c9df8d7ee3c24db9c7b3fb229bebb4b9aa3fd4a1fbd,False,2024-10-30 07:18:58,2024-11-01 07:18:58
448,461,web,11.0,3.7.4,eec5b5a4db36f59c90fe1e7f7fddebd9b579bc9bb2effc11aa33baa9e65b87cb,True,2024-09-30 22:54:45,2025-01-11 22:54:45
449,429,android,17.1,5.9.4,f3dfae0bdc8880fed5cb5ac9b512b49f74635a8cceca5ca4d5fd6acdc2deedc2,True,2024-06-30 01:41:44,2024-12-14 01:41:44
450,982,android,15.0,6.5.3,7ff05e63be3eecaafd5dbf6a4b363fa07aceb23483a52c791ff72b50b396ab5d,True,2025-12-29 04:13:43,2026-07-13 04:13:43
451,234,android,10.2,6.10.8,5ec0fc921cdefb1ba7e2e994959b34d0f6dd5b57b7d5c4b6ad76c0ca40e9c3e9,True,2024-11-28 23:10:41,2025-03-12 23:10:41
452,563,ios,10.3,4.16.5,a6add147c214464941aefdd80c2cdb28d88e5ab10fd7e082e6e3c4c87a1fe6a3,True,2025-11-20 09:36:16,2026-06-05 09:36:16
453,891,web,16.3,3.4.1,2be1894405c6fbada5fee094a8cc5acc7786d92ec97aedd6ab466dce78989afd,True,2025-02-06 21:17:58,2025-05-10 21:17:58
454,729,android,15.5,7.3.5,1ca236baebc5f076badb6ae9d9fec307fbd251f1ac33fbb2f2f6c459dcc598d1,True,2024-09-18 10:17:02,2025-03-16 10:17:02
455,109,ios,15.5,7.8.8,bdac9cdc8dbecbbefe768fa4afbebbac0cebffe4eba8a6b558beb001f3a12c1b,True,2025-09-18 22:00:59,2026-04-04 22:00:59
456,214,android,12.0,7.6.3,f79e17b4cbbc73060b53eadf602cffe9ac9b48cdef69bbdbeaff2effc90f8a8b,True,2024-06-09 14:56:02,2024-07-30 14:56:02
457,250,android,17.1,4.14.4,e6c3e4159b71b0456d9ff7ec918bfeff9de57becf5e7e2cf8bdee8ad08ea5e28,True,2025-02-10 12:14:32,2025-02-17 12:14:32
458,380,web,14.0,5.20.8,664fdae0bd9b22f5704dd4f079e8cfc7d4c5aaed5e71c210d57fbefbb8f0f05d,True,2024-12-27 13:50:10,2025-02-18 13:50:10
459,263,ios,14.0,6.11.8,55c0b35ea4f40f37badaa6df6d4444673c5d8dcdfb8feae7edf638d52e31e4de,True,2024-07-13 19:12:37,2024-11-02 19:12:37
460,1,ios,13.3,7.5.0,bf918d0bfbdbc5950cfb34d311c3a7f6220c099aac32fe2bfac19bef95ee124f,True,2024-07-29 06:00:49,2024-08-29 06:00:49
461,633,web,17.4,5.18.7,cddc3cef6a91a5c38cb1d8cdeedb5ca1bab3f0552dc6fcb60cc68f0e1e0ffe8d,True,2025-05-01 00:42:02,2025-09-26 00:42:02
462,785,android,14.3,4.13.0,c84babbec08e585144cf2efb73fa6cdab499a533b7befbbb42b5e72fa4a6ee9a,False,2024-09-07 17:55:16,2025-03-14 17:55:16
463,893,ios,14.4,5.8.2,bc81e1be056dbfce81d8a9fe78225ed5bcea180f6baecfe61d74e686ebae6ede,True,2024-07-01 02:32:36,2024-10-21 02:32:36
464,217,ios,11.1,5.6.7,aa18acc4efbea5001e0afff996d3e137faddaa6e2eb4f4ac74cf223f2070f17c,True,2025-05-23 18:04:57,2025-09-30 18:04:57
465,705,ios,12.4,4.18.8,debeca2cab6c40cff0afd87e67c6d77c8be1baaa8ae98f94de0bc33d7bc4e779,False,2024-11-29 01:09:02,2024-12-24 01:09:02
466,292,android,14.4,4.7.0,1778dea6ccbbe53a6a08fb9227c8bbcbb8276adc0abbe2d164deab4baf715bef,True,2025-07-24 02:37:08,2026-01-23 02:37:08
467,745,android,17.3,6.16.3,d690d861e59a9af847d99f25e7209ffcba4a4cce75bec2b8d9aede3daa3dee2c,True,2024-07-06 21:56:03,2024-12-23 21:56:03
468,413,android,18.1,3.15.2,a843d37ffcf4fbd6bdfae7f03281d80eaefa0ae2f4fee8fdaaeeb179cfcae0f4,True,2025-05-08 15:10:08,2025-11-14 15:10:08
469,424,android,15.3,6.16.1,49f1ddf0fbffaeb8e0ef6400c41cd9ae3d8797aaadee3800f7a11923b1ff07bd,True,2024-07-05 13:51:27,2024-07-07 13:51:27
470,868,android,10.3,3.4.7,f6562c9362ecedbdff28c5032b543a9aaab7dbf90e579b1dd5592065e2dbfac5,True,2025-08-30 00:31:49,2025-09-20 00:31:49
471,513,web,18.3,5.4.5,f05cc0febba9bb6eac75645cf30ae42deceb19cb5c09af5ee451cac1c2ba6a1f,True,2024-11-30 03:08:09,2025-03-03 03:08:09
472,594,ios,10.0,7.7.6,cdb7d85d3b11bd5f0a91f6bdefffe5563ede0d12dae62f5c1eafa788dd4ee218,True,2025-06-08 15:08:13,2025-06-24 15:08:13
473,123,web,12.5,3.4.0,e50eaafb1caa70cd4ddcefe5a4f3cab84c39e24fcc203cfe7878ae5834a9952c,True,2024-05-19 08:14:44,2024-11-09 08:14:44
474,297,android,10.5,6.17.5,41b4d790cdb8f9a6834beb23f40d6ccf8cf2abfefd1fef574e732c0fa402eca9,True,2025-09-06 19:01:16,2026-01-25 19:01:16
475,289,android,15.5,7.19.5,efa5bddf24b247a0fbaaf9642df3f67fdbfb6d4ada3efcbbbeeb64b45acf6aa2,False,2025-04-16 16:18:55,2025-05-25 16:18:55
476,519,android,12.5,3.7.3,feca29cea4ac021a02ad56ebd2c3be263fabbb4ff969cdece8efedbbff6fbdab,False,2025-10-07 07:07:47,2026-04-21 07:07:47
477,238,android,14.2,6.19.4,cbb3030587fb5c60b1dadb3cf9cee439f97fffb980ba879d8e26efdeac96caf4,True,2024-12-21 00:56:49,2025-04-20 00:56:49
478,944,web,17.1,3.20.0,bcb5cbc9dcf8ebafbeaec6c720e08d3cd239c9a3a4a1eb530dbe94bb12aebf3b,True,2024-06-08 09:55:10,2024-08-30 09:55:10
479,744,android,14.2,6.9.6,8ea71ee0cbff0babcaa49dcbc6862615eac93a74c7b2a4530026fbfded7c1e9d,True,2025-06-01 01:39:39,2025-07-02 01:39:39
480,5,web,12.0,5.11.3,48a9cb1d00db5e3e675373ee676bdcb9446704dcffeb75ed8f78e2dec4d72ed9,True,2024-07-21 23:45:35,2025-01-16 23:45:35
481,75,android,11.4,6.17.4,feeaaaaa3ddeecba52506beb0204eadfe9f3fe8b38e1f7beb5c8919120f94fb7,True,2024-07-01 01:56:02,2024-12-02 01:56:02
482,279,android,12.1,5.16.7,5d0a0dbe6eeb50d7d85d4efb3ad4a6cd3acca9d3aaca689cc61a704c8d41dac0,True,2025-01-08 22:47:37,2025-05-14 22:47:37
483,155,android,15.0,4.16.8,47ce434b5a4b355383c8520fa3716e7cafefdd6b45bfdcb2f15cc9a910dfa155,False,2024-08-02 08:13:10,2024-12-31 08:13:10
484,375,web,14.0,6.14.2,d1a26ab326adfe3c00e212fa32cbde1255b8c42980e6ac88af3e918ede1d87c5,True,2025-02-01 11:03:51,2025-05-30 11:03:51
485,114,android,10.4,4.4.5,d5f4f2562af156cb23e88ed052caec3a03c2b1f1d7bec81f60cfabda691ac865,True,2025-06-04 14:54:29,2025-07-12 14:54:29
486,527,android,13.4,5.17.3,11b2ca3f3ec5d32cacc3eaa01c53cd6f4036b84e7d4ed18778fcfe6368aadf60,True,2025-10-23 15:02:16,2026-02-12 15:02:16
487,413,web,10.3,3.5.0,3fdd1b0398afaf9ba1bf62e8b6ad6d4e38be23fda5c6d4ba2fee4b0ebec7fffe,True,2025-08-07 06:58:30,2026-02-03 06:58:30
488,844,ios,15.5,7.9.8,d44cc8d556e5bb7d2fa0cabeacd879f6cd0bbbc8d8c27cccacc863442edaeebd,True,2025-02-11 12:18:30,2025-04-29 12:18:30
489,538,ios,14.4,3.7.0,2674a5e2cf36ee1f54535b7959ad6c7bee7ba64cf69fa947e2fcba3fb807cc9a,True,2024-08-04 00:21:55,2024-10-23 00:21:55
490,815,web,15.3,5.0.2,7ce5bcacf30b4a8de7b6c9eddccd1d38b8d862bd7fee0365ec2e02dabe301bee,True,2025-05-25 00:00:25,2025-11-06 00:00:25
491,260,android,18.4,3.20.5,0a5f1abd3affab7c0160eda1eed1048e31cda2bec3ae4bd0ce7e4e319ad0ff3c,True,2025-12-01 12:45:48,2025-12-08 12:45:48
492,957,ios,11.0,5.8.9,ce56d7a0bb4f4cfd24bb265cfc38e1c84034c9b72e325f7344c215d42ecbeac5,True,2025-07-03 08:36:02,2025-08-28 08:36:02
493,310,android,12.2,7.12.5,afeda5a016c03597e6dd5bf759fdaccf92a3599d4a0209d7a1ecaffbb409a022,True,2024-08-04 20:58:31,2024-08-22 20:58:31
494,219,android,10.3,6.12.8,46ce2f4aaa3f897a42c8fd30738bc4cb411adc5ef2e7ce5bab930d7ee92849ac,True,2025-04-03 22:54:19,2025-08-08 22:54:19
495,107,ios,10.1,3.6.9,70fac8ffe7a6ec4de9b9dfccc3ce6dbfbebf0f3ea13bfccac703c29eaecf760a,True,2025-08-11 12:01:23,2025-11-07 12:01:23
496,122,ios,10.4,5.15.6,3c2beaed6aa3b37a0b0dff3a1d0d1e0ecebbf9d57c27b82dc01cc82acb2fa057,True,2025-01-13 03:52:37,2025-06-01 03:52:37
497,920,android,13.0,7.15.4,f040854dccede92711d0feaff4a0bdfbfdbcfeb8ad2dd5b6cdd3ca742ec3cf01,True,2025-03-22 07:42:16,2025-04-13 07:42:16
498,568,android,16.4,3.13.1,eddf4b5ddfc2cd79ecdc3f1b8916a8cfcc1a31abfbb0624ebcf6511cdcc4290f,False,2025-08-23 04:56:40,2026-02-28 04:56:40
499,655,android,18.0,4.12.0,46bf5a8a269b5fb21aabd4153ca6dfa69fdf917dced2bb27f75a566c3b51eff5,False,2025-09-12 05:58:27,2026-01-03 05:58:27
500,747,android,18.1,7.15.8,aaedabc5fd4a56cf9df5b17dec071a2aeb9bbec64b9f798044bfe1fbbfddd34b,True,2024-07-25 12:00:07,2024-11-04 12:00:07
501,699,android,14.4,5.20.3,9a3cfbdc11ad565bbb4bdeafc9dd6aede9a8bb18ab15e48815a0b2d4530be84e,True,2024-08-30 15:34:56,2024-10-22 15:34:56
502,591,android,12.2,3.2.6,4c0b7c7d3fdeecb9c4c1af581302e882e68abdfecbf8dbdedefecb3dfacc30b6,False,2025-02-14 05:22:37,2025-02-25 05:22:37
503,117,android,15.3,5.2.5,3efdce6a7ac1caf08bcb8e891465f33045ffae7acf9ea9265fd38d6493de40ec,True,2025-01-03 10:29:37,2025-04-08 10:29:37
504,174,android,18.2,6.19.0,aecdeefb95db2aacf6bf8b9c9b7eac64cfebe14a420acfc6ddbfcb82a0bcce8c,False,2025-09-09 22:51:54,2025-09-22 22:51:54
505,805,android,13.4,4.16.9,1cbd8c95cb75d41ec75b5cd8fd8aa45f4aeda6dee1ce1b4ceddd1a17d93b1b87,True,2025-02-07 11:42:57,2025-03-27 11:42:57
506,223,web,11.2,5.12.3,b2bd3a4af1cc4ea91d07637ff7ae36cef4ce60ed0b03f2c8e4b4fe4fbde9baad,False,2025-01-01 23:10:41,2025-04-18 23:10:41
507,378,android,17.2,4.19.7,5bca014aecc549e795d835d85eac4eb5755acdd9bfbfb958ec70aadf5ddfc6b7,True,2025-01-01 06:47:52,2025-04-21 06:47:52
508,111,android,12.2,7.8.4,433e2da153ca9d71dbd945acdff28bbbbb2edd5a8c42acce08da4e9ced47bf97,True,2024-09-11 17:45:27,2024-12-21 17:45:27
509,994,ios,15.5,3.5.8,3dea231b2ba73c29d6edc1bbee772d1dba0ef3dd4b9ab98accfd36ccbfac8fb2,True,2025-11-07 20:42:24,2026-04-02 20:42:24
510,90,android,13.0,4.3.7,9e3bcdc46564b82d8b8517feeb6a5a65f08aa1c39f29f1dbb54f3c9abffcb0c4,True,2025-11-25 03:00:43,2026-05-18 03:00:43
511,670,web,15.4,5.7.8,551140fff10cb444fddd08c5bf47fe0ce9bb86fdf01b99dc2bbf6bb45b0efd9e,True,2024-07-15 05:21:07,2024-11-11 05:21:07
512,902,android,13.1,4.5.5,fcffb041beae353bef5cefba7e8dd33daac3cbb7b109edf7bba2f88a04d68ef6,True,2025-08-14 15:57:46,2025-10-25 15:57:46
513,581,ios,17.3,3.0.4,3c7e4485c9e2fe0300bb7dabc8733cdcf8ec9fbce8dde53ba7f3c0e68cb04adb,True,2025-03-24 05:01:32,2025-06-17 05:01:32
514,426,android,16.1,5.1.3,1e520eab5ce60a47dfea3ddd35222babc005f8b8a0f48bae2de5db5ef3ec74b8,True,2025-03-03 07:10:53,2025-08-27 07:10:53
515,61,ios,10.1,7.6.7,eecd10f4e9fa9682de74e5e2eaf7a2c459afbeba541893aabdd8d0dbde27407f,True,2024-08-03 10:53:33,2024-09-23 10:53:33
516,746,android,12.2,7.4.6,6daecba8dfe4df3b8de873db44a1ed0dfc3e20c066a99f16acc6eafe1c0cfe0e,True,2025-09-09 12:40:11,2025-10-18 12:40:11
517,908,android,14.5,4.2.3,09fa4a85cd7c2ee6fa56ca7a9a2b84c9773abeaa52416238fddc872fca7c483d,True,2025-11-20 06:03:32,2026-01-05 06:03:32
518,864,android,16.2,6.5.2,7c30a7a366bd996239650e06879d89b6dcb71fea955ab67aad2e8a07feca79e4,True,2025-04-22 18:03:53,2025-10-25 18:03:53
519,281,web,16.2,4.19.8,dbcbb340aeb7ccdaadd1aa0ebe565efd4fba02b655afe2b12edefbe35eee2fcb,True,2024-08-10 12:43:15,2024-12-03 12:43:15
520,221,ios,15.5,3.18.9,7bbfd8dfdd2d15cca27ccd1af442932c6c5a36b0a6ecda9fba4ea74cbdff336c,True,2024-06-09 15:39:12,2024-09-15 15:39:12
521,795,android,11.1,3.9.5,9a8e5dabe97fd3dc1bf9a3dcc2fa7eaddd032eecde84f72ec58b8d6e2a9d8a70,False,2025-11-25 22:09:19,2026-02-05 22:09:19
522,764,android,17.0,3.15.6,4abc8ead28dbaefcaa0ae219991027ab0c7cb2c71dd94b6efdcbcce0b4e11fa2,True,2025-04-29 22:53:20,2025-11-09 22:53:20
523,156,android,13.4,6.15.3,c8267cb8efcf6dc597fafa0ae51b3f48f8a72ebfd1c5fec8f38eaf3838fc99a8,True,2025-11-11 08:27:18,2025-11-23 08:27:18
524,686,android,18.5,6.17.6,34f98e78fee3cc27a92dfade632bfe9bc25c2407fec972d53e0ec0092ebb018c,True,2024-09-07 14:38:53,2025-02-26 14:38:53
525,963,android,15.0,6.8.2,46c5bbf9c8ce7fcb9cdde27eac39f2b3bc6bc90d68c42fc95bf7ff3d1efcaf0b,True,2024-12-04 23:08:05,2025-01-03 23:08:05
526,920,android,11.1,4.15.3,3cfb332a836df63592c7372fe2cafde396dc5dd7fffaf23daea41dbbc6fa2f6f,True,2025-06-08 13:07:52,2025-12-19 13:07:52
527,453,android,13.2,6.2.1,e5e7ff51eeeb5434cc6ece1ceacbb7cb4337551ebdb05aca3d95cbc0bfa3b4fc,True,2025-12-07 00:27:00,2026-04-23 00:27:00
528,862,android,15.3,4.7.5,522bb76197d1dc721b2bbd2c9fd9d3e4bf84e7f294c1237dbc3d677551bfffba,True,2025-02-09 00:43:50,2025-08-08 00:43:50
529,577,ios,17.4,5.17.6,375ef56a025c3e4cfbcaf0379d2bbb2bc0f002fd53cceccedae1cfeee68cccbb,True,2025-07-14 02:12:37,2025-09-30 02:12:37
530,400,ios,18.2,3.20.1,bda7effa7427e2eaadee1a3dfedcab00bf9a1bb9afff4fa0e51898aeff6caaac,True,2025-12-09 14:40:28,2025-12-25 14:40:28
531,301,web,17.2,4.3.4,a3ab12b63bc2b4e5915ff9f5aca8055c37c71db0efc3e1cfa3d4af5c0b04f479,True,2025-05-18 14:20:22,2025-06-12 14:20:22
532,388,ios,16.0,5.11.7,a5071b3dc0c1cba7c6a39786d7fed5059d72e9f07efaf7d43eae1fb0fca3b3e0,True,2024-07-07 20:42:43,2024-10-18 20:42:43
533,847,web,18.1,3.15.3,f05dffaaf3aaa84df0b9b3ae2aa4ff8a4848ce3ffdeb5a1bed5fd5b3bbfba7bd,False,2025-05-25 11:53:10,2025-05-26 11:53:10
534,794,ios,10.1,6.2.7,74ccbd2dd1e0fdf95ec3c9d3c73ca66df97aeaaff55aaaddde98b11cc5fabb8d,True,2024-08-20 02:19:49,2025-01-06 02:19:49
535,834,android,14.4,5.4.9,00a6c234cc8b3acbaaf5d4cb492ded61a56a00080926bc2c92f4ebabe8b2e4ea,True,2025-06-09 11:22:06,2025-10-27 11:22:06
536,124,android,17.0,7.18.5,e81587db3db7b2faef4b013fefc2fed360424afbaadb8c8b584ade6f15d8fe6e,True,2025-12-25 22:39:29,2026-01-18 22:39:29
537,460,web,15.5,6.14.4,0d23aed4ee7b77aec4ebcb25e39a0221981f0c5672d3e99d60fc0cfa983ae3de,True,2025-08-25 17:19:21,2025-10-05 17:19:21
538,903,android,17.3,6.15.0,509fd5b917bbc863013bbb07aae5a32a8bbe2abda4565656e0e8dfebbaaab09b,True,2025-01-04 04:36:45,2025-06-01 04:36:45
539,384,android,10.5,4.13.7,fbca247ab6cf5ae3ddc4f1eadbdd3d7e8db9da46e7a5f9bc3c40edb3f64ecabb,True,2024-10-20 02:15:30,2024-12-14 02:15:30
540,632,android,17.3,3.14.6,fcaa2ae6ef4ce3adbddfb6240b9ddacfac3f3d15abce1b6e500ab2a5e6bd2b84,True,2025-02-19 08:42:49,2025-05-14 08:42:49
541,411,android,12.0,6.20.1,4f2fb5d86c1ff3eda2bd6dfdd8a5cfe1fcdccd922e53b9e2eabfc150fce4ca76,True,2025-02-11 04:10:43,2025-08-02 04:10:43
542,52,android,16.0,4.10.5,b2ec6598facfa5c5c18e169e3e60f5d709aa93bd53dac40847c77bccb6c6dea2,False,2024-06-28 08:26:43,2024-10-19 08:26:43
543,530,web,18.0,6.13.1,1defbf56a731599ebf62caae643f444bade76b1a8e2d50d20fd7ecf52133c8a8,True,2025-10-04 22:35:21,2025-10-09 22:35:21
544,850,ios,12.3,7.4.7,c6fef5b3825a0e79b46fb9be407f87c1c0c0cbf4f1d0a9ee9c493f86cccddf56,True,2025-04-28 04:29:57,2025-08-09 04:29:57
545,770,ios,14.0,3.20.2,0e96ed1ebddebfc1ed8d4eff755e1ca41d90c6e0acd1312c3d9517c1aaded35b,True,2025-11-06 09:19:10,2026-05-07 09:19:10
546,682,android,11.1,6.18.5,1c3eda0adb3eef5bfcd8a2bd0a9bb526b867258b9dad6bf5b65b3baffc032e0d,True,2025-07-07 02:56:48,2025-09-12 02:56:48
547,246,android,14.4,3.1.3,86ac35dcabf2f8db7f7f7f3bc532a6bf13efe0b18beb397f6a7d379ba418123a,True,2025-08-20 06:27:35,2025-08-29 06:27:35
548,104,ios,16.2,4.2.0,0f1ab8d7db03a2e4edaaa2d4cccb2636428cb23f07ecb90882a6a2cd23e0b86c,True,2025-04-30 01:02:26,2025-06-04 01:02:26
549,856,android,15.0,3.10.4,5d6b74f0cbb82a2ef808abd9a1bebe4e81d5b26f7a0edc6cb9f736ff584499d2,True,2025-03-11 14:23:05,2025-05-08 14:23:05
550,728,ios,14.5,4.2.3,dd9bca1459332c2d565aafb8cd4eb731d1e51ae5a43df4dfcde6d91bd1181f55,False,2024-08-09 01:12:16,2024-12-09 01:12:16
551,214,android,12.0,4.1.3,d474b0beeedfa1ceaebfcdb0c0abd2fabbf18ff30539c8f42e8ffacc2aac2bf3,False,2025-06-29 03:01:14,2025-12-07 03:01:14
552,378,android,16.4,6.12.1,696081bf3bdda06eaad26dddc77fe7560b3ab8ee7e7adaa3bc2a1baac8cf9afd,True,2025-12-14 11:40:01,2026-03-29 11:40:01
553,341,ios,18.5,3.17.1,42acf01ac1cdbcfa8e87015c5769fecf04188c24e1ee7b5dd7578edf51ed4425,True,2025-04-08 22:27:31,2025-10-20 22:27:31
554,10,web,12.5,5.14.1,236bd2ec0be8f63bc1ebb997b4ad6fc478fa9356e7fd6fa70892b6b70c1d740d,True,2025-12-11 15:44:24,2026-06-15 15:44:24
555,707,web,17.0,3.11.1,feff9e4275ccbdfef755aa29588810cf5a7edaff5de938da9602caaed4c84a82,True,2025-06-01 16:04:54,2025-09-05 16:04:54
556,618,android,13.5,5.3.8,609abaa1ebce894ad199bfee7cc3c5236cc9ffea5e0182eddbecbdcde2c09518,True,2024-10-07 18:41:06,2025-04-25 18:41:06
557,749,ios,14.2,6.2.7,33dad102ce5d96a4dce01e3b13ebe5718c4df452cbacd52b5bf31cb78260e8d2,True,2025-02-24 14:32:14,2025-09-04 14:32:14
558,248,web,18.0,7.16.5,1e3803bbaedf7bfa69db0bcceadfaaa7df73f7aee793ba6cdc260ee4ae17ab75,True,2025-08-04 03:41:48,2025-10-21 03:41:48
559,147,android,18.1,6.11.0,dfb7d61deac1e56acedf4e0aef7952057aef89408fdddceb7b7fcdfd8faddcfe,True,2024-09-30 10:15:04,2025-03-19 10:15:04
560,879,android,17.5,7.14.6,a70cbe5cec3bc90fe8d497ae6ed8d6629f55c2aa3d7a78acbcf4f157f4599dfe,True,2024-12-30 00:06:54,2025-06-24 00:06:54
561,600,ios,17.4,4.13.0,2a5c05b01211625eace880b6266ac73e7ee019ef0243e4f15c93ea10b400e88b,True,2025-03-15 04:39:49,2025-05-02 04:39:49
562,994,android,10.4,4.12.7,5d45efc5cbcb45b90e5f4f69ce12eccfbfd92cfb07047bddc35c46e2b0dcfafd,False,2025-01-08 23:31:21,2025-06-14 23:31:21
563,893,web,13.2,5.11.7,47bc7f5ec9c3d6efcc687fe898aa5996e37b4cc7ae8c99c6aad3cc117fe879ad,True,2024-11-22 01:29:13,2025-04-28 01:29:13
564,716,android,11.4,5.10.7,d2ca1bcd47db7b8caa9c3ca7cbc2ccebabcad73dfd566bd136e580baffb4c980,True,2025-10-14 10:58:40,2026-03-06 10:58:40
565,275,android,11.0,6.6.7,b27d24c42a1fc97a9ba658be061dbcea0dd00689558d0acd0a9ecb35da0d5c98,True,2025-06-14 10:39:54,2025-08-07 10:39:54
566,3,web,16.3,6.4.1,ae6fdeb6e83a6d3dd4979ac85bc2ad7cb8d3e4ccacd3bb9701ac75826ceafb06,True,2025-02-27 17:10:55,2025-06-26 17:10:55
567,903,web,16.1,5.18.9,121d2e0673eae4ba81eab877860ad16aabd628bd5212dceda4ffe0f3fec1d88d,True,2025-03-10 19:15:48,2025-03-11 19:15:48
568,315,android,11.4,5.17.5,ce403c69d8aa849e57d6f143d2af869e75e51b4bbc3eddb1339ce5d1be271a83,True,2025-04-17 03:40:57,2025-07-06 03:40:57
569,283,android,11.3,3.16.9,ede368bd0adc1d6eaa08ee0c9ab5e49c3deecc1ca9a1e37b9f5a1688facd4ff0,True,2025-02-10 19:35:39,2025-08-15 19:35:39
570,85,android,12.5,4.16.6,3ffdd7178fe9a0fb76c455cecc5ee0ceebd8467e43d5ecac1f4eb87ecc5defee,True,2024-12-25 16:13:27,2025-05-01 16:13:27
571,860,ios,11.1,5.15.5,ad51b5a05d2b4c2eca275b9fcdacdb52e07dbf3c833bbcc4a81283f3dd45de6b,True,2025-07-17 08:01:15,2025-07-26 08:01:15
572,70,android,11.3,4.16.5,ccadadd0a8be0bf03a80a8a48648fa1196d6ef8a7afe0a5a6d86f34ff1eabe07,True,2025-11-17 02:20:38,2026-02-26 02:20:38
573,810,ios,11.3,4.16.6,fdaaa7d5f62686bdeb1343cc9b5ffde1deaba3bf96682adab98e2ae88edcca66,True,2025-02-24 18:51:55,2025-09-12 18:51:55
574,770,web,15.5,3.11.7,f82dd29c8fde6ede91bac0e8bb3bd01d8d28cdedb9712fbeaebcc62cea01ecf2,True,2025-03-16 02:03:28,2025-07-15 02:03:28
575,450,web,16.4,5.18.3,4110bdabc25bdece18c8ebc84613b7d9415e5d58bb937c1c210fff0d54a82b06,True,2025-09-07 16:16:34,2026-02-02 16:16:34
576,124,web,12.3,7.5.1,315afa05e2cd04c869f333c8bbbbe8e2ec94e74e7a6f2ec7a2fea391bba74ceb,True,2025-11-14 05:14:02,2026-05-30 05:14:02
577,234,ios,10.3,4.11.8,ed07a60bbfbe2ebf2ec2ec6b4eaaaaa722d67da0715ced34bbb1f53feacc1d2e,True,2025-01-26 08:46:20,2025-07-09 08:46:20
578,728,android,13.5,6.4.1,a821aecbc5a0214de1dcfcecbe0d8b30f25e0fc50ec4fddb762ae49c5adaebbc,True,2024-12-24 04:22:28,2025-02-21 04:22:28
579,277,android,15.0,4.3.2,f0f064f4dab68d18b3b6aab0ba3fa3ea2e9fbc72ef9f9efbef5e9a4a7595dc7d,True,2025-10-25 05:17:25,2026-03-07 05:17:25
580,88,android,16.5,5.1.1,b0afacafccbbc1bf6dbdd66a2eddacb4ce144bf039f4fa1b01b0ffeb676eb10e,True,2025-02-21 14:31:38,2025-07-09 14:31:38
581,58,android,10.1,5.15.2,a57d989f435ab5ffb4fddb44f4c96f522ef3cc779ad802ec65ad7da4d7fc6eab,True,2024-09-16 02:47:05,2024-11-04 02:47:05
582,753,android,18.4,3.0.3,53ef2b0dab661e7db2acbb0e7dcf5d2be1fa7d5216ab8002b3b9cd9adb5a825b,True,2024-09-14 17:17:45,2025-01-12 17:17:45
583,306,android,11.0,3.6.2,afe8dad25d3abd8bac5abdd741ecf0aba660e6caaef14cb3c250ae6fbbb0b35a,True,2025-12-24 05:46:49,2026-04-28 05:46:49
584,431,android,18.1,3.20.4,5b0576ffbdb13b808369b884ae5c2be6a6f544e03d425d406a0af4f35f0df68b,True,2025-07-10 05:04:51,2025-07-30 05:04:51
585,944,ios,14.0,7.4.2,1bcbe2ed3c6e1aaacdecf7d4c504aa6cf4cf9a5fbbbc359a9e5eb3cecb1fad78,True,2025-07-02 05:08:54,2025-10-16 05:08:54
586,31,web,11.0,7.6.0,f2a7cf1a828debfb41a8ac26f475ebcebf14e0b4d0aa4d7bdd1dcc2fa146ac4e,True,2024-11-27 08:56:59,2025-06-13 08:56:59
587,936,web,13.3,5.2.7,94d601dcf9ef096add14b46723ecda38c8e199cb4af5b1b682d4751db9fd492d,True,2024-09-27 12:40:04,2024-12-13 12:40:04
588,8,android,14.5,4.0.3,aa2e0dc93deab8e4ce3da4fce2ecfd2bec7561a1aacdfeeefe9b7bafc42649a3,True,2024-07-14 07:41:43,2024-12-22 07:41:43
589,67,android,14.4,6.2.9,b7f3bbaf994886fc79f711b4f00cc0866d06bf88d5adbdc2a0e40b3e5adf0e0d,True,2024-10-02 16:48:32,2025-01-15 16:48:32
590,350,web,16.5,3.18.8,21c45a03872c7b8fb22d257f5cbf263a385b54ec0ebece0cffe1eba15b1e2ca0,True,2025-11-19 11:32:08,2025-12-19 11:32:08
591,855,android,16.0,6.19.0,a1fcaf7c1d1ac4912ec770fcf4aae8b6c6ece3559a1a8dadd6ef6caf1f2bf26f,True,2024-06-30 00:44:55,2024-12-09 00:44:55
592,77,android,15.0,4.2.8,dcdbe98af839eff7addafdcd0fddbbf7e43adde37cb1010eba8c89f8fe4df41f,True,2024-07-30 03:41:19,2024-10-26 03:41:19
593,376,web,17.2,7.6.3,a08d9fdbfdb047d5ed8da3709f8cdf8dbbf6c6f3a3ab58cb561eece1ea9faaf9,True,2025-04-13 04:21:49,2025-07-28 04:21:49
594,818,ios,13.1,5.4.9,ffdec8d2c48c6ccfbd959b7d32ffdbe2ed5cc16ad2ba3e60cd8145fd88b9b67e,True,2025-08-29 12:17:58,2026-03-09 12:17:58
595,748,ios,17.1,4.10.4,16b4c24e3f9bfacae2b3694dcce5acffc46597cf7a8ade19a3c28ea40e476ca3,True,2025-08-08 19:21:49,2025-10-17 19:21:49
596,514,android,16.1,6.3.9,80b5d3bc8b1bf9eaa9acd0dbe4acebdf7a65ec63cbcdaedee95dde68295b3fba,True,2025-05-29 00:16:07,2025-10-27 00:16:07
597,375,android,14.4,3.2.8,e333e5dcf6becc7f8e253d9abcd4cb20fedca586d629a03b5df5044bfada7caa,True,2025-10-10 20:50:52,2026-01-05 20:50:52
598,827,web,14.2,6.4.1,54cf4ad053cfcf3c3d14d51fcff57db55af31aa2bb7af6cb97abe7fa2ec39906,True,2025-08-28 20:58:56,2026-01-29 20:58:56
599,387,android,15.0,6.5.1,f7c38b169dbcebe67f6e6e13cdf9cc3145bac49a90a81dddbdb715be4d53d0d4,True,2024-07-04 11:51:18,2024-09-29 11:51:18
600,504,android,16.4,6.16.6,8de300efd39f4e65e95f1c82dc02ba170e09d39aa8aab1c6bcab63a332ece6c8,False,2025-09-11 10:47:14,2026-02-24 10:47:14
601,516,web,13.0,3.2.7,06eb461b9c5ffa5acf9f7cb2bd30cbab6ddbdc96bfbcf0b5fb6d9dbedbdbad98,True,2025-03-15 10:48:39,2025-05-29 10:48:39
602,736,android,10.0,7.10.6,d6fa76aca2faf147dcf954cbf4aed55f1a165647abfc30aecfec3bea1bcac911,False,2025-09-16 02:07:02,2026-01-19 02:07:02
603,295,android,16.0,3.6.4,2cb07c51ebd4ac225cee3d22dfa3097deaebdcaca986965edbcfb684b6df3601,True,2025-11-19 14:12:02,2026-01-09 14:12:02
604,12,android,11.0,6.17.7,d0c28b4e7a265faffbdabf7fa4fa6a73f040e1cd00fb1ae3ba492950ceac6903,True,2025-10-28 19:07:30,2026-02-23 19:07:30
605,839,android,17.5,5.17.9,4ca2fd160fe7c063e4d3d918dd30a7f96827336aa7fa1abdebfad93b1dad8a1e,False,2025-05-23 11:22:52,2025-10-11 11:22:52
606,504,android,12.5,3.18.6,4bcaf6b82e4bede7bbe04eb90fd7c9381bb2dcededdf7d58e3bcee32da6deb8f,True,2024-08-17 07:04:13,2024-10-19 07:04:13
607,600,android,10.3,5.20.1,bf8d1f317fdab4eea4504ffdeef2b85c6a9babf4b2de6113c1c6cf2bacceb31b,True,2025-05-16 00:50:50,2025-10-21 00:50:50
608,656,android,17.5,7.11.3,bfcfdee63f8a93ca99bddf9acfa14ae95f72b60bb3bac24ed8d58e1bd4d31bca,True,2024-09-25 22:42:36,2025-04-08 22:42:36
609,276,web,12.1,4.17.1,bd70bdde9cf11e07ff42e38bccc8abbf95de71ad3a0dfa6adc7150ded8f92d5d,True,2024-07-10 12:42:55,2024-10-25 12:42:55
610,277,android,14.3,3.0.7,d66ed3abeaafcfa6e76c7df3ad5be9b1d9a6fcabe1f55dfb1d1f21f6efcff162,True,2025-04-07 07:36:49,2025-09-21 07:36:49
611,175,ios,10.4,5.20.9,cad12e86fdc48de0f5babeccfd69af4079294cbac5bc26bf5dbf2debccf4bc20,True,2024-12-21 23:20:55,2025-06-02 23:20:55
612,956,android,11.4,7.7.8,b2c00eb94cdfe64caa31dcccacccdd55c6fd0542f5abb792fce2abebcedd0f7b,True,2025-10-15 02:32:52,2025-12-07 02:32:52
613,736,android,12.5,6.4.9,cc9fd7dba0b5ab92efabeabf418df29b60ebb54eebac5f3f305baef24b6bdbfa,True,2024-11-07 22:00:32,2025-05-22 22:00:32
614,669,ios,11.2,4.18.8,99e7c57ec21930a939a90b609b76dcd82dacbf82de95bed83aadcfae868a7daa,True,2024-10-26 15:12:38,2024-10-26 15:12:38
615,773,android,13.1,3.13.7,cdaf9c8b867fdb417628bed72d2b336a7af91ae5afa3cffcedfadcd0cf16bd3c,False,2025-09-30 05:55:46,2026-03-23 05:55:46
616,767,ios,15.0,5.9.4,1e90763a28f8faf0bd36f237ce13b0ba5089c6fecf5bee0afe328f7a7bba041c,True,2024-10-19 03:41:32,2025-01-05 03:41:32
617,273,web,10.0,6.1.6,ecda28bcfaea89ddaaaeb0c4efe6de28d3cf9c17e5cae7086ff3c8e5baa87413,True,2025-07-02 11:09:45,2025-07-21 11:09:45
618,434,web,14.4,4.16.2,0899bebc40e3fc38ff85bb0c8ff93fb29adbbf9d9de1c48fdd00cd7ea8368b0a,True,2025-11-11 14:52:28,2025-12-04 14:52:28
619,93,android,11.1,6.4.0,bb905fa23aa3863caefdaf5ddbff82845ecced79f041ca4e9c6cf14be6288b0b,True,2025-04-20 15:48:33,2025-05-21 15:48:33
620,13,android,11.1,6.14.6,ba3af52d48b79af3ffd7f9fccc8733b4c0bedcfbb4fef9863ecaead8eedc0a91,True,2025-02-27 05:06:56,2025-08-26 05:06:56
621,708,android,10.5,4.7.2,ca8cfad3cefd81e40ee8ad0921b1bd84b3dc6c243aecdffc9e5d7646178ac5b5,True,2024-08-26 19:21:04,2024-11-07 19:21:04
622,400,android,18.3,3.6.9,75ec4c3a1bedfdab846f01b477ace5a7d12d217c0dec820e7a327e3ce0b13b9d,True,2025-02-04 00:51:05,2025-07-29 00:51:05
623,581,android,14.4,7.11.1,9c04a4b6aedf1cb4acab7058dd87b5da2ab65fafe00787ca93c9fb4236931ded,True,2025-09-15 11:14:22,2025-12-28 11:14:22
624,955,android,13.4,3.13.4,b7d9964e9bb355cce57c4729a8ad767ad4affbd2fe3affcb9e73cae4c65d143c,True,2024-12-27 13:38:05,2025-02-12 13:38:05
625,728,ios,16.0,5.8.0,17a7b1dea6fc3bcc5edbcfc65a2eb9df9c31a740c49bee42f0eafb0aaac303d3,True,2024-10-26 09:55:49,2025-03-11 09:55:49
626,817,android,14.4,5.19.1,58d4ec009ab91222159f59a0d0fa90dfdee0eaeffbe39afb31d439ad8dae08a5,True,2024-10-05 03:38:40,2025-01-21 03:38:40
627,372,web,10.5,7.8.7,6d5caedd6ccacdadcc572bd06e4d4d5614fad4d71001fea98fbe9ccc873edd46,True,2024-10-21 14:23:52,2025-04-25 14:23:52
628,129,android,11.2,7.10.2,b1310ef040759c7dc4e06f522c8ee0eed7cfb1093a49d54261e35d81ab815f13,True,2025-08-18 21:08:45,2025-11-24 21:08:45
629,167,android,14.3,4.8.1,eaf2f9351aae0a39b0ffcdc1e7eeb65dc73dc9ed4ca3c5f718f4c0fba2e2ffe4,True,2025-12-06 10:47:06,2026-05-09 10:47:06
630,55,android,18.2,5.17.3,4c78efac7b15bc9eac40d4553cc02241b1e47fa39ac762b7fa4cb41d9390d5c0,True,2025-07-29 03:27:58,2025-09-22 03:27:58
631,690,android,18.5,5.5.4,0e5d6c0cf783a8bfddf1cffae0c6a6f22ad28e46c95bdf9dea4b87ca9bc9fc38,True,2025-01-14 07:00:05,2025-06-28 07:00:05
632,658,android,13.2,7.18.6,ba768cec0fede0020b75e6d191fdb34b89ad9dc13edcfed9f32cd1c00bcde5b6,False,2024-08-01 18:46:31,2024-12-23 18:46:31
633,631,android,18.4,4.6.0,b5adda3b4a2afb6a0b7c32a29cf5febabab4c4aa5b208d2945f106fdeeaafaca,True,2024-08-14 17:40:59,2024-11-25 17:40:59
634,136,ios,17.5,5.15.0,19b74db0594aacbeffa180c2a760d190f7dbcffccabc30e942abf7ff4ed79407,True,2025-01-07 06:45:56,2025-02-11 06:45:56
635,560,ios,12.5,6.18.6,2713170fd834d4fbee7e024b957a6b78d6fbd5cab74e07f7b820eebeb4ff97a4,True,2024-11-06 16:07:16,2025-01-12 16:07:16
636,179,web,11.3,5.11.0,59f2f25fce19c4d1c7ef206c6bb265d440cb72abd9d7a487bbb2a8fa4d60c542,True,2024-05-19 03:12:32,2024-05-22 03:12:32
637,722,android,18.5,7.19.8,ceccaeeb7d8df0fcbfbe600a20fe766dacfaaaa9c2c20082ad6e5acdd81540a9,True,2024-08-06 20:08:51,2025-02-13 20:08:51
638,397,android,12.4,4.19.9,4144ffea5bdd5feafd8ee12db92e0ea3decc3ad0baae2cd33bb22f5e0455c0cb,True,2024-05-30 09:45:03,2024-07-06 09:45:03
639,103,android,11.3,5.9.8,43dc76625a77fe0ecddade3a8a4f35e0fd2c323500fb9d03cdde0c26e0faa889,True,2024-11-03 11:41:01,2024-12-08 11:41:01
640,998,android,13.0,3.11.2,bec08b6a8804745a368af9cebe7ace538cfca9c2ab1ecbbf06a5d14c24eeada4,True,2025-11-29 03:37:13,2026-05-27 03:37:13
641,925,ios,13.0,7.17.9,0fbe6db8e6ae4ce5e879fc4fbfe4988164f3c11fe0fe13ade78abfded2a31bd8,True,2025-05-17 23:56:19,2025-10-24 23:56:19
642,426,web,12.5,5.4.4,18d3ed8db3bebb18dd4addc9b4cdbc48df66d6f6d5b31d5166bb26cbebd9cfdf,False,2024-07-16 06:30:19,2024-08-29 06:30:19
643,568,ios,16.2,6.11.9,bbd70ba2c13207fcb1a16c5dd6da9b4f6fdb1b59e2439bca077e52eabb4ef10f,True,2025-02-24 02:55:12,2025-04-15 02:55:12
644,272,android,16.4,3.1.8,61a1b4f04c3e5a1b13742c81e64cef14d4fcee56b09240d27dece4d3c28f6341,True,2024-08-17 00:37:03,2024-09-15 00:37:03
645,420,android,15.4,7.7.1,ab832cfe66ddbef8e8ae9eb3ca062246b5ce8d2ddb2fd404ad2de680b7fbbce2,True,2025-04-24 08:36:43,2025-06-20 08:36:43
646,597,android,18.0,4.7.0,04bdc20bdceb2520cabca4f6aadad148ffa5cbbfa2a7b31f9b63c5cb9bfb9262,True,2025-06-14 04:07:16,2025-09-11 04:07:16
647,882,ios,11.2,7.9.5,1916b117c12403ce3394eb1db652cfb5b7ffe337f7e85f93aa7b1e38c2d2d3ab,True,2025-10-29 19:05:29,2026-05-03 19:05:29
648,634,web,13.2,7.16.4,c1ddd3c3e4e6a73f88cb71feba3c5e73bf6d35cc3d3c3fb93006f2b516a475bb,True,2025-07-20 09:35:05,2025-10-20 09:35:05
649,207,web,13.4,6.6.3,b8a0f2ab3648ffddd09babdfe0badec9dda8acea1d0bc1b0d4ba0cb46a1dd3db,True,2025-09-01 20:27:51,2025-12-03 20:27:51
650,853,android,17.4,3.10.5,8b79ff1d97ffcabe4da92fb1e33b9e042d1c33fa2b3e1cbf820cd4bec8dd430c,True,2025-02-09 10:42:14,2025-06-21 10:42:14
651,311,android,17.4,5.6.7,a941c6b71c9b3fa17bf9fc68fd30bebdf84fffbc2ee2db3ee3c95d9d5b6bc84e,True,2025-08-22 23:39:12,2026-03-01 23:39:12
652,899,ios,12.3,4.17.6,4bfc287abfcca54ae97feba1d12ec47db61546f97ac6ff53afb49ae950e553c2,False,2024-05-17 10:25:43,2024-07-16 10:25:43
653,515,web,10.5,5.19.0,d2baa7c28a3f3ae670806cf706d0fd4b6ad61a438e3bcca9cfa60ac1affd1c9b,True,2025-10-27 08:03:06,2026-05-15 08:03:06
654,644,android,11.4,3.11.0,5bd4c9cd4fdafac5adc38af107a43fddeee836c133a1fc9efdf1f6dc0816f7fe,True,2025-06-21 12:59:03,2025-12-28 12:59:03
655,910,android,12.0,3.16.5,c3ecc2e3aae60ff1f5ed4d25acfccdadeb81e2bf9b15fc4f933a9b2cdd79352d,True,2024-06-16 03:17:08,2024-07-06 03:17:08
656,622,web,16.1,3.4.8,b17ec67abf06cbcaa67bf6b733422bf1abb4bbea4b6769b3bd349c1e9ea7de0a,True,2025-03-02 23:55:24,2025-03-06 23:55:24
657,792,android,16.3,6.10.9,af571dc6ec1ed5d2bf0c58ccc15ff57af6bdfab3027cde23d981e3ccbb05cd31,True,2024-09-14 08:25:26,2024-11-12 08:25:26
658,640,ios,17.0,5.15.9,ea3b8151cfdbfe5ca7ea868e9bfecc2c409be22f6cf22c2be82e6f9a2d509bc3,True,2025-01-20 13:56:09,2025-01-24 13:56:09
659,270,android,16.3,7.15.2,3aed7a6c20a6d46a04493e6cafebbd3929d0d3cab8d5ea198e49ac9f02ce8bce,True,2025-11-13 09:10:08,2026-03-24 09:10:08
660,233,ios,14.1,6.19.6,dd415eabbfaef906ab152a96d519f66765bf24bbbad16cd7c8ab07f47d50bbed,True,2025-11-17 08:35:42,2026-05-02 08:35:42
661,694,android,15.2,7.5.6,480e25e39ee2af1f1c520cacf1db261263f22c5c53d6beceeb00ef7b32bf1d9c,True,2025-02-15 04:50:25,2025-08-31 04:50:25
662,996,android,13.0,7.3.9,5f9ce4ede3d5b7c1290e3c0d502fd53ee3b4e7cbad24c8108aadf7f03884a52c,True,2025-09-15 13:23:03,2025-12-02 13:23:03
663,513,web,16.2,6.18.0,c7d20f4af949d6e56c96855aeafea3f536c1cdb14bb4acbeb0842fece4bdc92f,True,2025-03-26 04:50:51,2025-05-05 04:50:51
664,299,web,13.4,7.6.4,addbf322ec76ba1fbccb72acee2fda8829243d8af0bd4efe937eaba117a3cfcf,True,2024-12-10 05:11:17,2025-03-21 05:11:17
665,176,ios,18.2,3.2.6,afd4b31fec5bdc484bc2e6bfbc5ba0a92c842c89ae2fad3e9bdc0d12f2543b13,True,2025-02-12 22:47:26,2025-05-18 22:47:26
666,746,android,10.0,7.20.9,ee2e7ac9bdebacadad9a24ef2ecff7abfcf354efaccdd2c86d92041c6581ca2d,True,2025-12-05 10:38:49,2026-01-04 10:38:49
667,90,web,16.0,7.18.3,6dc1c785afd7a81efc26e857f6e1b9efef8f86ba60ded8ef5a7b0e8efddfebc1,False,2024-11-25 14:56:41,2025-05-10 14:56:41
668,940,android,18.2,3.13.3,e781daabe9817017bb4d08db87182ee86e163a1568fece2665ed1bdd3daed3e8,True,2024-12-15 12:26:52,2025-03-25 12:26:52
669,338,ios,11.0,7.12.8,4b9fe6ade88d8acff5fa5e501dd77abb666d43b9f48fbd3ab8ead4b214d6e36b,True,2025-03-26 17:42:56,2025-04-09 17:42:56
670,916,ios,10.5,3.3.7,3b1188ad3cb9b4cb36cbcc46689bec409eaf83f53a0ddbbfb59488acad9ebfbd,True,2025-09-12 19:39:34,2026-03-30 19:39:34
671,542,android,14.2,6.15.0,286a61d8c11e30b020ee6e3c5365f4bf09e6bdade99cb29ca87becece7cfadec,True,2024-05-11 15:00:24,2024-06-16 15:00:24
672,588,android,12.4,7.11.9,066d9ff7b0ffaf8998cd2ba2c48e99c1bddce402ea70c2637b31c925fe772e38,True,2024-12-18 13:59:37,2025-02-05 13:59:37
673,921,ios,13.4,6.9.9,5a4cd5b8a6a8a4ae0aed5f0ed9a7e1aeb5b4054dcb2fbfedb2ce369efa134d1a,True,2024-12-06 04:48:46,2024-12-29 04:48:46
674,350,ios,18.2,6.11.6,ee66b61e724bc68b91b8e19edcda9a6356dd4ebdfa97dd99988ea6def1278d7c,True,2025-01-31 11:41:54,2025-03-30 11:41:54
675,340,web,15.0,3.13.1,cfc8091fb5882cdef313f2a81b377b9e45e945ef0acc2402ebecd7fa09924a05,True,2025-04-22 14:48:06,2025-08-31 14:48:06
676,927,android,12.1,3.17.3,02bf21bcacbcd1eb21c1d6b8bf7683c3876ca0eaa25f71c8fe966ff744ba2b21,True,2024-11-03 00:18:22,2025-01-29 00:18:22
677,365,android,10.2,5.11.8,462bfbcf56ad9b13cb7d2dfcd72bc10a32ce4aac4affb51fe588eacfc29ebb7b,True,2024-07-16 09:01:48,2024-09-16 09:01:48
678,899,ios,12.1,7.0.6,0f43aecbca690bdddae2ae9c2d83a5fd6f48eacdecfcd66a6fc2f9f7b1b11bf4,True,2025-01-20 15:42:43,2025-04-02 15:42:43
679,853,android,14.5,7.16.7,b1dee00ab1bd2e5bea48efcdeabc00e5fa72b686aa48c3afdece1fb9f0fecce7,True,2025-12-04 10:14:26,2026-01-06 10:14:26
680,545,ios,13.1,5.8.4,523a233a1dce95f8cfde6a5bbe8c6a3550a5efe5effe6c4dfb55cde8aeddb0ae,True,2025-03-15 16:03:31,2025-06-01 16:03:31
681,355,ios,14.5,3.9.2,5503316cfbc4ffbc53adcb09d1acfe3b91cfafeebc18baabbef87adbe67f2bb0,True,2025-02-27 12:11:56,2025-05-28 12:11:56
682,514,android,12.5,6.8.6,1f5aee9a5fbcfd8db12ece96c3ecc5a7cf09ee2ac0cbadfaacc5ef872caac562,True,2024-07-17 07:38:57,2024-09-07 07:38:57
683,897,android,10.2,7.0.3,d2000eea66bcdfee2010e7da283a88ab3570011e19a125f0a6a6bcbcdfbab357,True,2025-12-11 22:08:52,2026-02-12 22:08:52
684,944,android,10.0,7.5.2,e1ddc2a6cfe9faf6acaaece1b28fc91bdcbe2345beffdf665acfb49d1c7d1cd4,True,2025-07-14 21:36:52,2025-12-16 21:36:52
685,365,ios,15.5,3.13.3,f7d2bb9ae20bedf03e4de7d251dedd17caeb0ab8f5d55c364aea78ee9702dcba,False,2024-10-01 21:47:21,2025-02-03 21:47:21
686,706,android,18.0,6.13.2,d89caef4f9d34ea498e7cca7cafda15fc433dc06b21ee549bb9cfe8e2f8a8ea5,True,2025-09-04 05:52:56,2026-02-23 05:52:56
687,794,web,12.5,7.20.1,4d97aeb8adc0a1e8f4e10cfefbeeafefb3b5794d33ab1e03ea4ffd399a5ddfbe,True,2025-04-25 10:29:00,2025-07-23 10:29:00
688,696,android,10.3,5.12.1,f0ff8d866fdf0f4abee5fcfc4ca960e3fc1d1fe4e3b9cb6656f38ecf24c5e8bc,True,2025-10-01 02:17:15,2025-12-23 02:17:15
689,172,web,18.2,4.19.1,c8ace27c62edbd43bf11276c5e0e6abbb18fd5c759fcb51a9531c6dcbe0bd2d7,True,2024-05-13 01:50:47,2024-09-14 01:50:47
690,987,android,16.5,4.20.3,def7f84c3c26eb0e7fffb6c969dc07af74ee8b50dda0dafdf04e1cbfb794e80e,True,2025-05-25 03:19:48,2025-11-17 03:19:48
691,862,android,15.4,3.4.0,e22329cb1cbd0dfb8ecf1bbdc0bee10206c28beac02a91cfac4e6efdec7e57a1,True,2025-05-03 12:43:11,2025-06-06 12:43:11
692,933,android,12.1,5.2.4,abc2e03ab76ccb7db0276f8370aeb720dbd81bacf2d710c808eaf9c26e5dd853,True,2025-10-18 15:17:10,2026-03-13 15:17:10
693,549,android,16.1,7.5.4,39bb8f3fa65a2301ceb02ac72ee37cff3759b0b2a68aa4a8ff63faeed019edce,True,2024-12-02 16:56:25,2025-05-31 16:56:25
694,769,web,17.2,7.1.7,c3ccfbde01f5baefe8a92b082f9adaedadd7f08fcabecd01feacf3bc3dd6f49a,True,2024-10-16 22:30:48,2025-04-29 22:30:48
695,96,web,17.0,4.15.1,0f4148fb6aebbb2f05dd4feaa6146665dd32ff27fd655aac1a97e54ca5ba73e5,True,2025-09-20 14:02:00,2026-01-05 14:02:00
696,407,ios,17.3,3.10.6,0fa417b50105df14e95e2c8e23ce866980df20a66ac9f917be24295f5da94c25,True,2025-09-16 23:11:27,2026-02-16 23:11:27
697,365,android,11.2,7.10.1,5ceeeaabeffd10b8469fafcbdd3138eb2a9cdad56bfe7e7c57b896c55b90bb3a,True,2025-07-13 15:21:08,2025-12-27 15:21:08
698,156,android,16.3,6.17.5,bbc9ceed2a39f3a81f0b3bf4d6fa22dba74eae83a57b41a31aeeedac8a1bbfad,True,2025-10-05 09:36:12,2026-04-12 09:36:12
699,4,web,15.0,5.13.0,ad0ea0def1c8d6fb1be2cbfbbf7d3ff57e7da7f0f1e5abab5898f0fecbd320de,True,2025-12-22 02:30:30,2026-06-12 02:30:30
700,341,android,16.3,6.20.6,3dcdb9df88b5cb77fdec7b7317c6ccd0601a50ef9387a0765febc6cd0800fd64,True,2024-05-25 15:04:23,2024-06-11 15:04:23
701,314,web,11.0,5.3.3,6a8b44ddca72ed8af2eec64e7ff161c8bc11fae8feb82e8bbba0f9d0a6ea1bdf,True,2025-09-05 13:09:23,2026-01-29 13:09:23
702,65,android,16.0,5.7.5,5bdf0fc819cd6cd558aa85da955ddcccb3ef5fc4b0d86a3e5acafe2e3b3a0c36,True,2024-11-13 04:12:15,2025-04-03 04:12:15
703,775,android,14.3,6.4.3,b2d0c0ab3ad8e2f56d8cd909a1a3bea338fa543aaaace440c4db848fe2b5816f,True,2025-04-23 04:57:47,2025-06-25 04:57:47
704,354,ios,18.4,4.20.5,e37075bc58db3ea06dd14bc748df7c6c6439ed9cfcc739be180fa77102b8b5ee,True,2025-01-17 15:28:26,2025-02-06 15:28:26
705,145,android,10.4,3.10.9,7d3aad581ff0afd32dccfdc83b06fc8bcf6ca01e9fff7e85e9d2bbb404dde038,True,2025-10-25 05:28:04,2025-11-13 05:28:04
706,581,android,12.3,6.8.7,5de6d55e502eabe5acdffa6b7feb518bbc4beabb3c3d1dcfc8c7c4291b36adf6,True,2025-08-03 07:21:05,2025-12-18 07:21:05
707,712,ios,10.3,6.12.9,8cded9b0e5923dabab5a14bbe1bcd2d5a4bf250d21e0f61eb5aed325dc0735bf,True,2025-04-23 03:41:22,2025-11-06 03:41:22
708,764,ios,12.3,7.18.9,8c7bb3aa17bab83ab9cee1c5ae94ed111ed3fc5c8af8adaaef5ddd8f0cb7eca2,True,2025-04-19 23:18:19,2025-09-09 23:18:19
709,309,web,15.1,5.13.7,e1d87dba1caaced77287d4589dfde7a637abe01b421aceeaa5ec1a7fe1ca282f,True,2024-11-01 09:39:53,2025-01-20 09:39:53
710,393,android,13.1,7.18.5,c49fced8cb26dda7277d81d5d2d01ca92647de0a9f6483a7a19e49ca5c77afe1,True,2024-10-15 14:14:24,2025-03-15 14:14:24
711,171,android,11.0,3.1.2,dd9b36efa8cea192b037dddab12f24dd7afb889f8d33eecdfa0def28dd56924a,True,2024-09-27 08:33:25,2025-03-14 08:33:25
712,983,android,10.0,6.9.5,cef6be265baa03cddb0f5fccf6877f63abe94bb2ba1bcdbb7ecc238b5ff9f9db,True,2024-05-25 00:07:41,2024-06-29 00:07:41
713,539,web,16.5,3.1.0,ce8a3abb2bf3fb5b53d7f7768dadea4cc02eff71d39cfafaca5fdfcdcf8e2dc2,True,2025-11-07 14:37:07,2026-04-23 14:37:07
714,224,android,11.1,5.4.8,fd01310b8474ef95cc016513f3effe93faecbfabe58404deabcaaa2af51bbff5,True,2024-05-26 23:08:23,2024-09-09 23:08:23
715,785,web,11.4,7.9.5,ddfcfa3cda7e1a32909edce26dcdc97525fc4a600ed83aa101e3d6cecda4073d,True,2024-07-04 10:03:15,2024-07-09 10:03:15
716,841,android,15.5,6.15.3,dfaf8e3ff8c82db9ac9a5fcdd2caed3b765b683b21b2f31beb08b731eca913a6,True,2024-11-19 03:34:24,2025-03-17 03:34:24
717,892,android,18.5,4.12.9,f717b7f3201bc9c5edf14f70e847b3cab6443d3bdaf6eeb06c7446bbea7a51bc,True,2025-09-04 11:33:11,2025-11-23 11:33:11
718,501,ios,16.4,5.16.3,f2dfb65d977b8d0c43dc8f2ae4ac22273148ac71dc31cbeab38ecb4ceeca2e67,True,2025-05-13 17:50:53,2025-09-24 17:50:53
719,252,android,10.0,3.15.6,9d2a1f5ee0c9e247aac28f30baf130db7dcf4ffadb22d13ee0beed46ba9d9dcc,True,2024-10-19 08:27:35,2025-03-02 08:27:35
720,516,ios,15.0,4.6.6,e7adeed7ef8b4cf0f0e9acfe1f8aba4cdcb22d0a4a3b9aaa5edd12fe2fb7bcce,True,2024-12-13 07:48:08,2025-02-22 07:48:08
721,499,web,11.0,4.7.6,daec1f83cbad0dc421f5ab5aa7078cd0ea73a5fee53b59c9eaa1b6aaf7f2b3b0,True,2025-01-10 07:55:50,2025-06-16 07:55:50
722,518,android,14.0,6.9.0,a3dee55c2dbaef2cff23c2ac928143801a90d91bdfdcf09ddc4fa15dcb00ae21,True,2024-11-21 13:05:12,2025-05-26 13:05:12
723,815,ios,17.3,5.19.8,a8f9dbfae1bda458ad558acacbacbcde60f9cc0e5cebb837a071c255d2c9fbe5,True,2024-08-16 05:17:25,2024-09-10 05:17:25
724,957,android,11.1,6.1.1,5c259e29c8e6dc7b91eabf9b09d5eab58be19d0c3378a6a8dcd27c3a7f3aac39,True,2025-09-26 10:50:09,2025-09-27 10:50:09
725,158,ios,13.0,5.6.0,c6edd2eed142d5cdfbc0cf41e335f0e16fcfbcbfb2f783f9a4bba39cfe8be39e,True,2024-08-12 18:49:23,2024-09-08 18:49:23
726,152,web,12.3,7.8.5,779bab12f9bbdef39a79dfaeceecdf9dfa1e606996d1bc307517a7ae4ca7680f,True,2025-07-04 04:51:54,2025-10-20 04:51:54
727,808,android,14.5,4.3.3,0c3bc2a7c8caa09dbc5e1dea6b1acacebaddf8b52ff4074fcc5a96a86161f28f,True,2025-08-06 14:20:20,2025-10-13 14:20:20
728,789,android,11.4,3.10.5,f3d9fa5cbccccbbcba88d6b8fe451460fa80a62de2d3cb19636fada979ad9e77,True,2025-04-11 08:30:51,2025-06-27 08:30:51
729,44,android,14.0,5.7.7,abfc0e66fbb681e76292d683d1a000259a49f410bdceea1fa73d4a0aeb6b6fdf,False,2024-08-27 19:27:59,2024-09-05 19:27:59
730,928,web,10.4,4.13.9,ee2dd78cdacfdc6e63aeacf47724801fd7baca89b74dd5c1fe61bbc19aabb396,True,2024-09-25 12:35:50,2024-12-04 12:35:50
731,571,web,15.4,6.11.3,da1b89ac1db72b006396efe2d93b37ceee8a00a4ccef277e0bf43efb6b9f6c51,True,2025-11-12 13:42:24,2026-04-22 13:42:24
732,30,android,18.3,5.5.4,ada73a60cfdc75028a2e4fbaa9b0c0c019f01bea40cc6e1f01fdba151feea33e,True,2024-12-28 17:58:19,2025-05-13 17:58:19
733,113,android,16.4,3.4.5,d436ca0cf7c4decc5e4afc4d8ba419b863552cfdcbaf049a394b9cab5efdd6ca,True,2025-05-02 10:35:41,2025-09-20 10:35:41
734,73,ios,17.4,7.2.2,12d11a2b5ecb8cd2cd4dcf4ebcf230fcadadabca04b489d01fbd2eb5bd9ffb74,True,2025-03-17 02:42:22,2025-08-06 02:42:22
735,433,web,15.0,7.15.7,ee2f4b86bed74ba44ee431b0bfe0f8bd0da6ca3168ecddebbbe43fe8dc9cec26,True,2025-03-29 15:50:50,2025-04-10 15:50:50
736,720,android,10.2,4.11.3,f3daabaad5d9f28b2aeaf4c0f62f4b57eebe536ae0af5eee8d868c04df4eacef,True,2025-01-08 05:23:13,2025-01-18 05:23:13
737,816,android,14.3,7.16.3,b8d8315b9e3b55f7b032dfc3f6167d8193cd7711ad2b9dd1de953fdffae8f962,True,2024-10-21 02:19:20,2025-04-03 02:19:20
738,478,android,13.2,6.10.4,7abbffd2afcf5e02fd8a63bef3ecaf1747d1af95a2f7ea3cbf47ef3f5c6de792,True,2025-07-31 00:45:45,2025-08-29 00:45:45
739,914,android,18.5,7.9.2,29efeab6a2cdff9cd6a9d4a2fb739cc1fbae200026e1b1cad8b9de7394ec04ce,True,2025-10-07 04:51:50,2026-03-16 04:51:50
740,910,ios,11.5,5.0.9,e5aa930b8d59333feb250aa476ccd19ffda48fcad7f5beda3d89824f910b7ba8,True,2025-12-23 10:32:10,2026-04-13 10:32:10
741,577,web,18.5,4.16.3,ad6c1d318fdcdc993bfdd37f08c30458b7f7bfeb5b35dff8fba6d0ae5ca35b8a,False,2025-08-21 15:15:55,2026-02-16 15:15:55
742,337,web,18.0,7.8.7,5a9fec907ea584b09a4ee642cd82ab230a0b54bc4a7fbadcabafacbdda00b5d1,True,2024-06-02 07:34:05,2024-08-24 07:34:05
743,456,android,13.0,3.14.3,a6a0d4fd76aac1f651cbcedafbc9a617b51b7e76ef5e40c84720b1b5575eabaf,True,2025-08-05 21:53:04,2025-10-28 21:53:04
744,953,android,14.0,4.7.8,df5830be3a09d896cf473a22e4ebfbcafb6812cf177e41109efb7deeee5b28a9,True,2024-12-25 06:22:03,2025-03-14 06:22:03
745,134,ios,14.2,6.8.0,6e339fb6845a2e42b1ff49ad196d5bea4afaad5b4f10e3fbd3e9c2ef1eb8a7c1,True,2025-07-09 22:00:15,2025-12-25 22:00:15
746,31,android,16.3,7.17.9,8b25f187b1ca2aa2a9cdde3ad62ea718beea9bb3d3598f5cccda8c877dbedf52,True,2024-11-22 19:45:49,2024-12-03 19:45:49
747,6,web,17.0,6.7.6,49c0bab5b47f709df35dc5698fdf7b078f9a8e5caf1da696d1dc7ef1fd1b3a16,False,2024-05-10 21:45:49,2024-06-05 21:45:49
748,222,android,10.2,6.8.7,8ecd3fce1b0a245bdac4b8dced544b0ceeaf6de1afd026ee3baaaa5fafd177d6,True,2025-08-31 23:53:03,2026-02-11 23:53:03
749,689,android,11.4,4.11.7,c802fba0c208799cbcbbc4a8ddaea48df5c0695bd4caa9061dfb022aa5cc04f2,True,2025-08-07 17:13:03,2025-12-27 17:13:03
750,200,android,17.0,5.2.1,4ceefcc125cf8a6c6dd59bfd9a9f59a26bcbe91bc17bb97bacc6f64f502b215d,True,2025-12-24 09:20:54,2026-03-08 09:20:54
751,680,web,18.3,3.9.4,deabdc1b2ce42eacae04d4ad1881a5ecedbde748bc5332a785df987f223c4f20,True,2025-01-13 15:32:50,2025-01-30 15:32:50
752,462,android,15.3,3.5.9,a5045f81bfa7c0838aaccfc34e4ad638fa1ccbdfbd367706d4b0fa77feff111a,True,2024-08-26 03:57:08,2024-09-30 03:57:08
753,169,android,13.3,4.9.6,5aa6a1a2a3cc8aecc2f15ee6cde6a671064228b2b99beed2dc0c90b75fea40d6,True,2024-07-30 00:48:58,2025-02-12 00:48:58
754,830,web,13.1,3.10.8,ccc84b8f2b8dc04df7e231caeac7485c1e1ba338beacecac4aabc6e734b45068,True,2024-06-28 00:05:20,2024-12-21 00:05:20
755,62,android,10.1,7.11.2,99fadcebea21ac02b6eb4a5cd7bbd5e1da6ecb7bd77e0fef5ee05dcf715bcbf0,False,2025-02-26 06:23:26,2025-09-04 06:23:26
756,206,android,10.1,5.12.6,dc603be1c44e8ede3a4a64c25cf9ef8656a97c06f4f8c76b8afe41ec67b9f2f2,True,2024-10-07 10:15:45,2024-12-20 10:15:45
757,25,android,12.5,4.4.1,e3730adeaf3879ef369bf1c75f500ae823a773fbbfdd4c6aacd1ad1ca75c1bdc,True,2024-08-30 10:22:44,2024-10-03 10:22:44
758,946,ios,10.2,3.6.0,3dbc9fb976d3ff582179e3c688d0fd915b8bebeecaacb9a5de6cdc4e0ee21e07,True,2025-05-17 14:35:38,2025-09-26 14:35:38
759,29,web,11.5,6.7.4,2f78dd3fceca56367bbbce99d18cf8b3cfad26a45d65c6ce2bbc0bbd3af73118,True,2025-09-30 02:51:21,2026-03-07 02:51:21
760,373,android,12.5,5.0.7,bb02a05de13db3ea9afa5586b0accc47ca81496f8dfc56ae150b3d38eea9bba6,True,2025-10-01 05:26:26,2025-12-23 05:26:26
761,363,web,12.1,3.20.1,bcbbceceb6dedadff6cce46e0eb29b2d7fef0ecd51eab3aa514e3596bc0efc87,True,2025-11-16 04:01:26,2026-02-15 04:01:26
762,660,ios,10.2,3.1.6,8d7eb512a8cbdc7fed63cf9b4ecebad7da67ae9dd04bb7ad4bffe556a1ddc1c8,True,2025-04-25 22:32:18,2025-09-17 22:32:18
763,566,android,17.2,4.4.6,8dac6acf56e30b7699aeaf7b47e6edf60aafad5b643cbc16babbd2af5b7c55c9,True,2025-12-04 08:40:56,2026-01-18 08:40:56
764,900,web,11.3,3.11.5,cb91befaaebdd8bd7eced6faaf31e80eb73cc97ebe8b6da1defaace3f3c2fc88,False,2024-12-15 13:03:41,2025-01-18 13:03:41
765,807,ios,14.0,4.4.2,6ceb9b4874b13b1ae899137e9efedad3a4e04e2d7d2aa13be0fb30bc67b453fd,True,2025-07-29 03:22:08,2026-02-03 03:22:08
766,546,android,15.5,3.4.1,e0fcffdf9ea1b5a1cec1f9bc944ff131c83adbaecef3f18dbc303b28e6e1214a,True,2025-01-26 18:59:11,2025-06-12 18:59:11
767,922,ios,12.5,6.2.2,fdefd812e261f09cb2b51be8da4fad3981a9d9f866dbba2a49fbb849c50a7aac,True,2024-08-12 19:13:38,2025-02-03 19:13:38
768,119,android,12.4,4.8.4,e65e1f69ea165af97d6a2ebe01c08fbca78fd4eaedd4f550c0a2def5b7f60b71,True,2025-01-20 08:46:36,2025-04-23 08:46:36
769,910,android,14.2,6.16.7,29ee5783ad0cdbf9da35fe790b911e5ddd74ca9b232eddcd0e4b6a900a17a5d1,True,2025-03-14 13:00:53,2025-06-11 13:00:53
770,798,ios,15.3,6.7.0,dd4e6ca2088f8a3e75e659c494dfcf27a07cddf8aedfffdaa2eeac74bafddd99,True,2024-11-29 07:12:40,2025-05-11 07:12:40
771,737,ios,13.2,4.4.7,8dc1d2cf661e40c5cb6ce3dbd5fbfeb4c69a089f2de8f9edeee6e50a3a7e53d8,False,2024-11-03 06:41:05,2025-04-09 06:41:05
772,230,android,17.1,6.11.2,d75358bd300f33d0cbfbb4bec5f812f5cb1a7f73f8a34fd35020c7dc912f3efe,True,2025-08-07 07:56:25,2026-02-02 07:56:25
773,885,android,11.0,5.9.5,fbcafbb6aa6166a8cc991f8bc2fe7c624e5f7df007cf53f2dff2b7d3f76c051f,False,2025-02-17 16:35:58,2025-05-06 16:35:58
774,889,web,10.2,6.3.1,b7b3bce0e95bf01ba881c29ed7711a87a3baf38c5c9f95ca965aa4b1837e2d4e,True,2025-04-19 22:00:20,2025-09-22 22:00:20
775,717,android,17.1,3.14.0,ae55a8e73b43d5f9abfca7dad9407423c166ad2a6c05d3f47fc8590bc0d6188e,True,2024-09-20 22:16:12,2025-01-07 22:16:12
776,623,ios,18.0,3.5.1,d0c176dce0f4c259bab3f29b47a2327e7bf8ca7c625e1308b6f35cfabfab205e,True,2025-10-23 03:15:42,2025-11-04 03:15:42
777,20,android,15.3,7.10.0,8e7d05ab595dcd29875cc2b942e041f9ae8fa7dfa7a211a5e6dbeab9fdecc2fa,True,2024-06-13 06:11:21,2024-10-16 06:11:21
778,30,android,17.1,6.13.4,55e4cbfdf67394b7d95dd4eb600b8816f5ececbce3da5f1ffb1d3aa2caf6e459,True,2025-10-24 22:12:34,2026-04-06 22:12:34
779,723,ios,18.3,6.17.2,f1ebed95bf6bbf0b59ae0fa86ca813357b6b9bacf4266dd92afe5d69c61a86aa,True,2024-05-10 09:18:45,2024-06-17 09:18:45
780,901,web,18.2,4.18.1,0fa9ce9b3d4b1dd5ec0f4fe88ff3ef818f4d9d5c251a25ecf8d700dab55ecf5f,True,2024-05-17 10:26:23,2024-11-30 10:26:23
781,732,ios,13.2,4.19.8,b5ce0d8b75e55e0ca38cfe0601a6f5aabdd1efe5cbdde832fc31efd94664bc15,False,2025-05-05 05:09:52,2025-11-02 05:09:52
782,997,android,15.1,3.2.1,664866ebf94bc69ed3ea8c70b2fda37ae9af3dfcf5fa0cebadffbe8bee64f897,False,2025-02-08 06:39:38,2025-04-25 06:39:38
783,358,ios,13.5,7.5.7,abe33b4c1defadca11dbfeffcbf7c5ab0d3cf185fb734282c0230b81889b6bde,True,2025-09-07 05:24:38,2026-02-10 05:24:38
784,85,ios,14.2,7.3.4,d47c44add32ee8e1256ead791d7aac0d269d0ee5d2ab4d0cbe444ce2d3b2b051,True,2025-07-24 11:34:49,2025-10-03 11:34:49
785,670,android,17.3,5.4.3,7d3c5d14f8ad8bb8bcf8b83cc911b96428fedcef1cfdac7dba36faee5df7dc14,False,2024-11-03 08:56:07,2025-03-21 08:56:07
786,4,web,10.3,4.0.7,64dbfcd6164acc7be4c5d465e0759cc7251e2edaabedadda55cf0ceb7ca944f9,True,2024-07-17 02:14:08,2024-10-22 02:14:08
787,501,android,17.0,6.18.4,4227df0604b9f47e99cf1ae3bb0d6fe4acd8fb149f703fb9704a810b89f192ba,True,2025-04-30 11:25:56,2025-08-01 11:25:56
788,355,web,18.4,6.16.7,9f48fbfbb8fb20be58baac4313da5c5ba83ece2b5e5ec9ad60c6dd82ec3cf7a1,True,2025-10-28 15:09:35,2026-05-02 15:09:35
789,425,android,10.5,4.20.8,bc414d23b0da9cdb89cfbddafe0e5d7a40d79fef2d6f0535d0f346ad36efa957,False,2025-08-17 09:03:40,2025-11-13 09:03:40
790,221,android,15.5,5.2.9,fcdcb97d5a7f57ea2ed5b2506bcae2fa9f57bfdc62aadae335bb1e65f0afe49a,True,2025-09-01 14:01:49,2025-09-14 14:01:49
791,714,android,18.0,7.3.9,4f66ccdca37826abb3d17eacdc186573f31ae3bbcb4ab3fa77e10877b1f48b22,True,2025-07-17 04:05:44,2026-01-09 04:05:44
792,846,web,13.1,6.10.9,cafd418eebba671bcb5c28aa95ba324dd34fbce5e99f10eab2ac64ead71ddb79,True,2025-10-20 04:04:42,2025-10-29 04:04:42
793,757,android,13.2,6.4.9,147b7237c9c673a4f8baf7e4ca38c8ee72a95b78f6ee926a1c7dbda9bcee4477,True,2024-09-28 03:56:54,2025-01-27 03:56:54
794,762,android,17.1,5.13.3,1c106a47b84f412eb4a5cf06cdafce4e1db3e1f4fef3ce820be0bcdf86a98c83,True,2025-08-31 05:39:46,2026-01-12 05:39:46
795,812,web,14.3,3.17.8,0dc154cedcdef5ddcff4d9bf60e0e49f23eefea4e498d6489d5ee71df4834215,False,2024-07-08 19:52:33,2024-11-24 19:52:33
796,923,android,10.2,7.3.4,7f97fe80c96ef099dc02b7739ffb9cecdcfc447fdb9c3178bdc448def10c5aab,True,2025-12-01 00:03:03,2026-04-02 00:03:03
797,421,web,15.5,5.14.7,efdcdb9df87eb59dc18c87abc3ac2ae9e7a20c5bff47a0b1f2aee562f5bcba21,True,2025-02-10 01:44:33,2025-06-27 01:44:33
798,46,web,15.2,4.13.6,b695db34ef40864bbca4bd17e15c61bc3ea6dbe93ea1eebfce5f2d19d8d87105,True,2025-02-06 09:53:56,2025-02-21 09:53:56
799,241,android,10.4,6.8.1,3c4fb735edb6e10d5de509b4addbbbd66efe9cccfeb44f027ebb5e54ed2baaba,True,2024-10-29 02:41:34,2025-01-13 02:41:34
800,220,android,11.1,7.18.8,c9cabf97e272c2ef2dccceffc2e180fb6b0f2eae57f0af3569afffe19a3c13f6,False,2025-12-08 02:25:00,2025-12-22 02:25:00
801,430,android,14.1,5.17.1,d882e1d04ccb7fdacba22e2a4a574edbdcf0bd0acf4f890cc24bb0bdd22440b1,True,2025-05-28 19:13:22,2025-07-15 19:13:22
802,959,android,12.1,6.4.4,ebfefdaa8d76bccc4103d5d3ceddecaeb76cf0d9acd8ebfd15dd276ba272639a,True,2025-08-23 18:59:06,2026-03-04 18:59:06
803,280,ios,14.3,5.13.8,348d791abb70defee9e4fb0bcebfab966160bfede1b00f708cb6eafbecadbfed,True,2024-12-15 19:32:02,2025-04-30 19:32:02
804,582,android,16.4,4.11.2,01dd75f8a6feca43acb8cf7dbfd39de1dacdcf8caefd54fbfbc369be5b752ae7,True,2025-06-13 21:30:18,2025-10-09 21:30:18
805,533,android,10.2,5.18.4,b096c70cf5ad485e2bfeebac80bf9ebe3f91c7abbba293babbfbe386f1fb72a3,True,2025-08-02 22:54:29,2025-11-14 22:54:29
806,461,android,18.2,5.16.1,2f4bf6ce9d8c7b3afb1d3bfcbe02a487de0105b4c0f4eaf97bfbf3998ec53b31,True,2025-06-13 14:51:59,2025-10-05 14:51:59
807,420,web,15.5,4.9.1,4eeebcf22ed63b4d79bed2cfa0a9c205231c6ebada5bc9141a46c5bfbda44e82,False,2025-03-25 18:42:23,2025-07-27 18:42:23
808,709,android,16.4,6.2.4,cffd333deb1feefbbdafd8f4ab2ee6e695b0edb4db1dddcb1abb99daa61edfcf,True,2024-11-21 10:19:21,2025-02-12 10:19:21
809,926,android,12.5,4.2.1,1ea97a0aff9ab4ac052570ebe4335acf9e8cb89183ab6b58d7398da1ac7a04fe,True,2024-07-15 20:49:21,2024-10-15 20:49:21
810,552,android,16.5,3.13.4,8f570ebccf32437084ba2df10ddc1bdd67fff10bcf2706c56484ed6b6c596e03,True,2024-10-31 02:04:12,2024-11-19 02:04:12
811,402,android,14.0,4.20.6,7428db63dcda910da5bd71fbe8c1a3fd1abda1cdaaf16a790ddefcef9c93bb95,True,2024-10-23 13:39:51,2025-05-05 13:39:51
812,839,web,16.2,3.18.7,b11be5ccfe1382b9bb721d9b442efed9ea75b1024139f78c9db48eeed9f72abc,False,2025-11-02 03:39:30,2025-12-24 03:39:30
813,7,android,13.5,5.17.3,e0aaf0bce75ede102bf50a640d7bc4c2f2128853d4df449e4caccb3f3c30a4ba,True,2025-06-13 19:39:16,2025-07-22 19:39:16
814,728,ios,14.0,5.9.9,e5fad59342fa6d9f36bff2edae58ec6c62ab5f3f08afe3bfda99c752eb8457bd,True,2024-08-16 18:35:46,2024-09-24 18:35:46
815,168,ios,17.2,4.3.2,462b3060f17d10221ea5eecd01ffb2cb273dcc99abaac54bc6c02c6b1b7c5fef,True,2024-06-22 06:24:38,2024-06-29 06:24:38
816,83,android,16.3,4.3.6,b2d6cd31caee4dd06dff22a70e264dd639a775b09a6d4799d2800be5def0c1d1,True,2025-02-07 00:55:14,2025-04-18 00:55:14
817,405,android,14.5,5.1.3,de4ebceaceb77c036ee63b2e6bc0e3a8ecdfbca2e3b4acfcacecb440172ebbec,True,2024-09-19 04:31:52,2024-11-29 04:31:52
818,113,android,14.3,4.3.0,e09ad7ab18dac1b8b6b96edbc0d8aaec16bd1264ed82bd0ce7abc6394ad784e1,True,2025-11-21 01:14:34,2026-03-03 01:14:34
819,482,ios,13.0,3.1.5,1e03244762bdb5a6df2ccf0c979fe8f58da3c8d5b6de7afcfbdcad6da9b9cd00,False,2025-12-22 18:52:12,2026-04-24 18:52:12
820,124,web,17.4,4.18.0,8ead39a4602fbbb3f71a1ec5b3230bb150f3d0a9e6c868d3bc68498ffcc7abbf,True,2024-08-26 13:41:23,2024-11-03 13:41:23
821,378,android,17.4,3.17.6,bc4fc0e1aabc19f47f1e552ea6b4b05bdb6ea4fa6d41ff23a7bb3a6ff9d3c356,True,2025-08-14 16:27:01,2026-01-19 16:27:01
822,86,android,11.1,6.9.3,ace4bcbfe2dedeaef2cba5add3ca15088fadefd9c55a8ee2fac42e2304e3adde,True,2024-10-03 14:09:25,2025-03-14 14:09:25
823,394,web,17.5,3.18.7,b2acc7ac91b6eeb67d260533ef2f76cdaed8cffadb851706af591edf077c73ae,True,2025-06-06 17:39:03,2025-06-20 17:39:03
824,689,android,18.4,3.9.6,26aaa0b40a4dfe0cad8d031d3aee5de7b11df2a1a6a98ef3888dfc3cd38eccc3,True,2025-03-20 04:11:42,2025-09-19 04:11:42
825,561,web,11.3,5.4.2,23ecce6637112aec305e2cee7bb3ff4bc567fda9d3ccdd9d4ac07a6d4a0d7175,True,2025-01-02 16:25:49,2025-05-24 16:25:49
826,192,ios,11.3,5.14.0,f8294f2cbbbb0346bb058d07a30706bb35bb9cde8dbf7607e6c959c924bb14c2,True,2025-11-17 15:27:39,2025-12-02 15:27:39
827,150,android,14.2,3.2.7,3ddfc362df70e856c3a4a3cfa8b9c5fe9cf2e0b6ca5a7b5e7056ab6b1892be6d,True,2024-11-16 08:56:28,2025-05-24 08:56:28
828,889,web,16.1,4.1.4,088925ac5ed0fe5e8e20d8bbdbdacdd333ad0afdd872dbeabf3fcfc4caecfcc4,True,2024-06-11 23:13:50,2024-12-11 23:13:50
829,340,web,15.3,4.11.1,ad82f93bacddce3d6feffc650abcbbf9b126fd3d9203dfc95bfe57ab6fb5c4ef,True,2024-12-27 06:35:48,2025-01-17 06:35:48
830,50,web,16.4,7.1.3,3b3b8053494c18fab58fd0afa0f9ce61cfa4b39bcfdddbcc2e1cdd13c76b3bdd,False,2024-10-24 09:43:31,2024-11-14 09:43:31
831,161,android,13.4,4.19.7,9efc1cea2132f80b9db11eae0fe809bac4424b2cac2bf66acd6a4babb0c13cba,True,2025-03-29 01:15:39,2025-09-14 01:15:39
832,918,ios,11.5,4.11.3,0fca6b942e23674766efae5c4138062dd4adcbcfcdfcac23ada42dd73f37be8c,True,2025-12-18 23:45:36,2026-06-17 23:45:36
833,568,web,15.3,4.9.5,85a85fc9da50ea0a9b3f0e28bf5a8ecac183fe99c0fbe37fdbb1e310b017d9f2,True,2025-09-01 13:52:17,2026-01-16 13:52:17
834,821,android,15.2,4.2.7,beda7e561fca69d082d21dcf60635e35bf91dcce6aedd62f0a5cd9cce07f01ce,True,2024-05-22 22:25:41,2024-07-19 22:25:41
835,958,android,16.5,3.13.0,e37379f8af4ebb157b541b4af3cbfb84c0463b723d333cf2e61f6693515f3fb8,True,2025-06-28 22:46:26,2025-09-22 22:46:26
836,830,ios,14.5,5.10.1,1fa081cb289f60bf1ddef714a98aa4a11cf55fceb52a8cf7ae25950ec33acf6b,True,2025-01-13 11:13:48,2025-03-20 11:13:48
837,498,android,15.3,4.18.6,ce98af98fda9ae944cedebafbca8c9e1d8cb7c2217f3d8ddb923ac1c9ef3e3cc,True,2025-01-27 14:33:51,2025-02-17 14:33:51
838,416,android,11.5,5.1.5,e727a17bfefb20dc099768b8ec5bd2dabfd25cebd73dab54e250eac0d5dc29a2,True,2025-01-17 20:56:47,2025-03-09 20:56:47
839,404,web,13.3,3.7.7,26ebf7ef187ae081e80cba7fcc240ce0defef32162d8e6da8fe67651ffba8a8a,True,2024-09-11 17:02:28,2025-03-09 17:02:28
840,580,ios,13.0,6.18.2,dbbece536a6a0b8f2fbbf73a5f15b32d755f1e13eda4fd4b89bac70e90d8ad2d,True,2024-10-18 06:52:15,2024-12-18 06:52:15
841,257,web,14.2,4.14.8,19ca699acedbfbcfc4bf0caba6f402d418b015bc2bc0bd8d62a1d461c5bc129c,True,2025-03-18 01:31:28,2025-09-26 01:31:28
842,20,ios,15.2,6.14.4,77fbce60ebc54cec4eacf5dd2cf09c95ede3a6fef1acd01eff3fe3bc92e8a547,True,2024-11-26 05:42:38,2025-05-28 05:42:38
843,839,android,11.3,7.19.6,cdddd1fc4ebbbf9bcba1ada57a65db46c76b016f098bd1291db00e3bdd0dd45c,True,2024-05-28 04:11:15,2024-10-29 04:11:15
844,367,ios,10.5,3.10.4,c91cca171d684136c0dde74c7063408e5c3d4c1bdc4878a1fe105a57d8ea2c0d,True,2025-01-03 19:43:56,2025-04-21 19:43:56
845,572,ios,16.5,3.12.4,ed63aad611349c45ecbbeb7afc2a5ccf74fb1abddc4888a0f5d9488ec4b5d8de,True,2025-02-19 08:29:55,2025-05-21 08:29:55
846,46,android,18.1,7.3.1,ff35cada73a4d164410f7feee87f46a2c11dbe2c83b7eeb25f8a40a71831b807,True,2025-10-24 07:53:51,2025-11-26 07:53:51
847,876,android,17.4,4.20.4,1ae4d5e9b91e24fcff50ad3f9f1d2aba62eebf8bed65bebefaed09ffda346dc5,True,2025-08-19 22:25:26,2025-10-11 22:25:26
848,321,web,17.5,5.12.4,42bc5df35d5d7bb76effd1eea44e5dc36cb96a1e5c73afd1e7a3bf7fdfa80c6f,True,2025-10-10 15:07:23,2026-01-11 15:07:23
849,958,android,18.3,6.0.2,13bed2dc44edcfed9263efbec748eb0b0fdb402e2e6ddadb6fa2c0faf836eaaa,True,2025-09-17 02:50:00,2025-09-21 02:50:00
850,828,ios,10.2,7.4.8,6a8ae4bb1bffbb432dfba5dae6cbbf8a51f4ab5fce63efefcf6a8b83d840e871,True,2025-05-10 01:45:54,2025-08-19 01:45:54
851,389,android,15.1,6.20.2,490dec29cce74eead50ea3092d5567ef5ccca7bef40c51da8eccf2ba769a249d,True,2024-11-15 22:56:43,2024-12-22 22:56:43
852,170,web,17.3,4.3.8,f27fd9537d2bbc2d9e8abef40843f1ee3dfbd2b442eeffd96db441fe7eac2acf,False,2024-08-13 07:57:57,2024-10-13 07:57:57
853,236,android,16.5,4.7.3,0d5c05f55da26cc4cbca5aee1cdba586663faa94b5decc8bcce447e7c7ebc42d,True,2024-11-12 17:28:33,2025-01-18 17:28:33
854,620,android,10.1,7.1.8,bfa5e2d7d336ea76eb7f9cca05cdc139fba35226bf926b1d1a7a3babe28bcdfe,True,2025-11-24 04:39:24,2026-06-08 04:39:24
855,559,ios,14.1,7.9.8,d8bdbcc30c174746609c2024af6f6c4ebb02cbd3579e35cb5d42e24d7e4dcfd0,True,2024-06-05 18:05:21,2024-10-15 18:05:21
856,858,android,11.0,6.16.7,933ddba1acba9f7fb439ec5e09d10c6dba8f3e88abe0df48d728f4bf0c17a42d,False,2025-08-06 04:52:08,2025-10-30 04:52:08
857,158,android,18.1,3.7.0,8e9e050e273d7dc01c03b3ab29ca7130dadab6ba81d0fac37b6042e44c2e5669,True,2024-05-22 15:31:35,2024-06-15 15:31:35
858,306,android,17.4,5.1.4,68b9fcebb1cfea4d8c4bce1b7db7d2c1a6ded1aabbde97efccbf1aef0cad6cc3,True,2025-09-04 17:41:00,2026-01-21 17:41:00
859,963,android,18.5,7.12.0,fdbbcbb7689a55da6af866a1cfbc61af0b70d0dc013ddbfbc692bc1ae0a4aa10,True,2024-08-10 00:35:51,2024-09-27 00:35:51
860,591,android,10.1,5.14.3,b7bed3af80cb20a95e9cec2b8dd432926997d97dda39e3cbbf3fedaaeb9c8dbd,True,2025-07-21 11:24:37,2025-07-24 11:24:37
861,838,ios,17.2,5.20.2,9dd74daf8ad0affbff5ac0f43aacaba4cc451a072fefeb7d73d2ace3b8eb9fec,True,2025-01-21 17:54:43,2025-03-16 17:54:43
862,559,android,18.5,6.5.5,788c3ada9e892eecfbc160acd0ecd10bc406149e3afeefae5fe274b781afca51,True,2024-05-24 18:26:16,2024-08-12 18:26:16
863,816,web,11.3,4.5.5,6f0cbe8afec312cc222fa71b4a4adec71bcebda924c7c7dbe8dd8c94418154a6,True,2024-09-06 10:57:40,2024-10-26 10:57:40
864,118,ios,12.1,6.18.8,fd3bd0923c909a82c000b4a50ec1de749b2fa7baa4adc64e2312dadb58c5fd86,True,2025-08-07 07:30:00,2025-09-18 07:30:00
865,547,android,11.5,5.5.1,abbc6d8891cae3fa4bf8d9bcae5e6ef836bbfc2ee09a08f50d4e4890afc3cfca,True,2025-02-11 04:08:02,2025-06-02 04:08:02
866,184,android,18.2,3.4.9,3dcadea563bdd264befec87f227f23de08a97ffe57dc5716d4cc17d2e3cf40fc,True,2025-01-12 03:58:19,2025-05-09 03:58:19
867,125,android,16.3,3.19.0,718ff9eadc9deddfef12f72a6ffc4e3ea4cceefa3e2aeff6bccfd3d63f4c4f13,True,2024-06-12 06:33:17,2024-08-30 06:33:17
868,419,ios,12.3,4.6.8,5a1e23d6022cab4c6bcafcad6bd4edd57a3eed95dbfa2ec0c9bc37e91f1a84a7,True,2025-04-29 16:39:36,2025-09-18 16:39:36
869,553,web,17.3,6.10.7,a2267dea44fa0b91fae1ed3fdcce1f5dab911e59bc8ff5fed21a4bccd9a456d4,True,2025-08-20 05:57:52,2026-01-30 05:57:52
870,635,web,17.5,7.19.2,24bc8abf3005deaaabcd0e907b498fcda68ada460da2be862e943ee5534b9bec,True,2025-11-24 00:04:42,2026-02-08 00:04:42
871,863,ios,13.4,3.13.1,edec44f1d6bb7aecbcfb491b89f323caf9baac922bfb62f5e4ede2002e4afa77,True,2025-03-28 12:49:33,2025-08-21 12:49:33
872,352,android,16.4,4.18.5,12b93deedd2eb1b88428c4abeaa7a6a56ecfbb1af0d67abbdb430ba08b2adc9c,True,2024-06-22 22:21:06,2025-01-02 22:21:06
873,631,android,12.0,5.2.1,d4fc6adefa2f50c2adebeeea7ae9bc07149fc34beb57ea01d45329ac5aaea485,False,2024-05-17 07:10:39,2024-07-02 07:10:39
874,313,ios,12.4,6.17.7,c5a1a8185ac01fe353f41f3656edcc3001ee5e8cbd7964b434372daf2c5c7aeb,True,2024-08-12 00:12:12,2025-01-19 00:12:12
875,608,android,12.1,5.16.0,bc78e3cea807e91f88fb1c6c0b7dbcb0d6bd72e89caea39eea9ffb86abbb134c,True,2024-11-13 21:45:59,2025-05-11 21:45:59
876,150,android,16.5,4.2.9,6cc4cbdae4d2fb1c7ee775b4fb9eb0acf52d7c458b3e63fa2316080ee5c1d055,True,2024-07-29 10:07:33,2024-09-27 10:07:33
877,408,android,17.1,6.11.4,d9f144cdb0d6ecb4b5c3daae0bccb1a677ad92aa5f1872eeecddce3b1ddb3610,True,2024-08-20 13:30:27,2025-03-01 13:30:27
878,8,ios,12.1,4.6.1,178b7be3acedbbd5ba2dfdaebeace8ade38facecb845c3e7c81cbb4aee342049,True,2025-09-28 01:50:14,2025-10-21 01:50:14
879,614,android,17.1,3.1.0,ade2daf9ab18c690dc8b5dfb438a2c6d83afacbca3e4be9fdece0a4e0966dcb3,True,2024-11-26 10:39:24,2025-06-11 10:39:24
880,552,android,14.5,6.1.2,a36bc49437f0c45f449bea31bed7afed9c8dcb6973496cac9dda4e39bf2b6aca,True,2025-03-11 06:56:41,2025-04-13 06:56:41
881,629,ios,17.5,6.6.2,300cbf75252ab13fbfa6db372d461ddc3e7faaa1c2ed2bea2cd17de782d4036f,True,2025-11-25 23:29:31,2026-05-10 23:29:31
882,74,web,18.5,5.5.3,dbb6aaafacb2453d6505d371befbfbfd8fa33efdff709cd01af22aaece3e3ac0,True,2025-11-18 19:36:29,2026-03-07 19:36:29
883,657,android,16.0,6.9.1,fe2feaab7fbbfb7c981054d7c84f8aec89b94b6edadf7fc17379c35bf6c3c9eb,True,2025-10-12 15:23:12,2025-11-05 15:23:12
884,933,android,11.5,5.3.5,3800fbbe0eec1c7046b31bac78ea44adbcf1608da2a0aad3e84d0e7db0dbb0ae,True,2025-02-06 22:54:23,2025-07-22 22:54:23
885,618,android,12.0,7.16.7,dce27cffcc84e67dbadaefcc1ad26aa82dfd3a4e3b7d9ffc19fd85cacd91c5c1,True,2025-03-20 18:08:05,2025-09-26 18:08:05
886,599,web,16.4,7.11.2,4ce934cd67ffdf7940e39df9db93ae1bb24f113b003bd587b4da7ae7aebc92ae,True,2024-06-19 05:10:06,2024-07-15 05:10:06
887,120,android,15.2,5.4.8,7b523e221ac26b5bfeb9cbadc546b073a71f81d44a573759f91d301e70d99048,False,2024-11-19 23:39:29,2025-01-05 23:39:29
888,14,android,13.5,3.4.3,71aeda0d9cd3182fd58b6989fb4e60fbd23313dffd4e7d3a8fdb6ee22e8d2859,False,2025-05-11 17:50:05,2025-09-15 17:50:05
889,570,ios,10.3,3.14.8,ff2a1fae7dc80d2e6ceaca0c6ca106b98fa5b7dba42ab01f2ac12a27d6d34ac2,True,2024-10-28 11:07:37,2025-02-08 11:07:37
890,879,android,11.3,5.13.8,eb25cadff0fbd6336e5ae4ce721d70bfdf0fe9b82f712f436b8a0e7fdbd73a1e,True,2025-08-11 01:45:16,2025-09-17 01:45:16
891,660,ios,16.3,5.18.0,89f61b28c6bd7cc0cdbba966d48cdd2f7dbd4b491d29ae6b0a1e0bbca5ff947c,True,2025-12-03 02:05:41,2026-03-19 02:05:41
892,27,android,17.1,6.11.2,c085507b3a1ac72b44a45dfcd302fdb619a0e8add0d8fa58d9bbdac9a70ec13e,True,2025-10-26 09:04:15,2026-03-14 09:04:15
893,523,android,17.0,5.13.2,94462a19e6ae9a325daaec3edcc206b1ecbe051fdeb4dab6d6be2ae3db1caec5,True,2025-10-08 00:38:49,2026-03-31 00:38:49
894,209,web,11.1,4.6.4,a208486c1b015598bcb8f2f5411d5be45f1dc48a0ecd8bf6b83aecffc9babbba,False,2025-05-24 09:25:20,2025-06-09 09:25:20
895,562,android,12.1,4.19.6,55ce38bf2fefeb0aaa623b0af6fd08e1c4dd541b860884fdd01c8fd4fd8a6dfa,True,2025-07-18 18:10:09,2026-01-22 18:10:09
896,737,android,15.3,7.17.3,f960c55eab11ce09acab2cfd5bafc798f5adfab616bd0c4e2be7bd8f3b8ccdfa,True,2024-10-10 15:04:19,2025-03-15 15:04:19
897,573,web,18.4,6.0.3,7cb4b8edd210fd57fffa289bd966bbd026ffc60f06d6ca3bc4b6720e1d548d6a,True,2024-08-31 18:25:42,2024-10-08 18:25:42
898,853,ios,14.2,3.1.9,3a64de530e8e032cfa7c5ab53fd50cf8813e8addf23cfff230a5ddd0201ee9f9,True,2025-08-22 13:42:18,2025-11-12 13:42:18
899,955,android,13.2,5.14.1,eeaf32c860db0a64e17dfdb7bfcc7ac04286b04fdfb2509afaea137c132ecec2,True,2024-05-22 07:47:29,2024-10-04 07:47:29
900,446,android,12.4,6.18.1,8dd2e6a1bbcf0a6bdd6d9d89a2c3c77effbbbcefabb1f59edccda03f75bc08d3,True,2024-11-20 17:00:17,2025-02-06 17:00:17
901,252,android,13.5,6.16.4,4c6aea8e3faf00bd0dcbc2ccec74ffde9cf02c4f5afa4f1bf4bfcdf7fa2bceeb,True,2024-10-10 20:01:40,2025-02-04 20:01:40
902,910,web,17.5,7.2.3,6cbaf3ad8798aebc8b6fd9aad6bfe15887fcaa3b7abe170dce849226414bebba,True,2024-09-03 23:48:47,2024-11-21 23:48:47
903,929,android,10.5,5.0.3,ad3e2bd56da32a1fcaec6de574862699d99cbba4e53db6707de9ca67dad6fab7,True,2025-08-25 22:31:32,2026-03-04 22:31:32
904,197,web,18.3,5.18.4,b80d89ce4ce90559ea6ceffd1e7ed9a9352aeeee16a7dd0bfa7ac441ac50a2ed,True,2025-04-29 20:06:59,2025-07-29 20:06:59
905,797,ios,15.2,5.18.1,bbf139294a85d98dfede4ef1ce4ccb91b0f6f291b4c0cea553db90e15ace6afa,True,2025-12-23 19:13:21,2026-03-20 19:13:21
906,997,web,16.0,5.11.6,a1ccfb3ab43f94a95bda7e9e7e81ae6a10906686fbc0b036a9abdcd96af4a40c,True,2024-10-28 03:56:22,2025-04-30 03:56:22
907,753,android,11.0,3.1.4,4ebb32eebe42263703e627bece115623d0bc41c9fa3e69e27cee20109caf9d4c,False,2025-07-18 12:58:00,2025-10-24 12:58:00
908,939,android,14.3,5.7.7,ddf0dee9f936d5bf649c1e6effcacbcdffbbbba4bff1dbbefe34c0bbbaf38eb8,False,2025-02-01 08:58:06,2025-04-23 08:58:06
909,967,android,16.3,3.7.7,60861bb0eced02de5574cc68f7dadd7c6f0bd9a512392bf25aee9c4e5b86c2cc,True,2024-12-26 20:31:56,2025-03-25 20:31:56
910,313,android,15.5,3.1.2,2f40d4ac126539dda2ef03a96eeced06b1a3bffcb07ae84ee955eaebff7df8a6,True,2025-12-30 09:46:15,2026-06-15 09:46:15
911,866,android,10.5,5.15.1,fac1f0dd2d6fda49e01dcdd5d03cbffe1cf04deb94dd9dac66fc848d9c9ae2ff,True,2025-03-07 21:50:14,2025-08-09 21:50:14
912,477,web,18.3,5.0.0,d0eeb5c2de0e57d2dbfcecfbef9f3dc70ceaeb91d9fce1bcfdfc05a897ebfab9,True,2024-11-04 09:32:02,2025-04-11 09:32:02
913,964,android,18.2,3.10.3,a58511c41a5afadfddaa3752e0cabaabce2ce8cbc4ddec64af2fced7ea3e8bd8,True,2025-07-26 14:01:51,2025-08-30 14:01:51
914,158,web,12.1,3.20.9,f24b03da45fa7c4cb5cf29f5bcca27cfaa4b2ce3e309e8a0746f1de9d5c7c6bc,True,2024-11-04 01:35:35,2025-01-25 01:35:35
915,224,android,15.2,7.11.4,ae94ea8ef16b25e9516afdefef5509c8c1cec5f7daf9a89ea04ba6ae55c9ee54,True,2024-12-28 14:45:32,2024-12-30 14:45:32
916,733,android,13.1,4.7.1,baac0d3b89dd0cd800ba3cb2f5d8b62dfd1fe2f4ecbbc308b9b789e6919011c4,False,2024-12-10 01:51:22,2025-05-24 01:51:22
917,989,android,16.1,3.19.6,464effa7c17b66a7de3c4ec68e30628fd4fed86f29bc5d3fc7c1afbaeea77750,True,2024-12-02 19:01:05,2025-01-31 19:01:05
918,199,android,10.1,3.10.3,18385dd4653b582a9ce42d7ac0fbad486a9bb1d0978ddaf9bc9bbce41acb0046,False,2025-05-16 21:21:08,2025-10-05 21:21:08
919,212,android,17.0,3.1.0,ad9ce03f9ae60aa18544d1cfdcc13d03160a653829afe5a6ec71c590e4d48b6e,True,2024-11-09 04:49:33,2025-02-28 04:49:33
920,621,ios,10.4,6.3.9,fcddfba75ae324e9be1fa0a88c1f00cd710a7be7b3eafebaa000cee78d8de7d0,True,2025-02-21 04:21:23,2025-06-07 04:21:23
921,615,ios,12.1,7.15.9,026cfcd6c3aa7ceb438276cd8cf0c0d8f9a82ac1bcb4efdce1f55b435c65dfe7,True,2025-11-30 06:33:44,2026-06-05 06:33:44
922,898,web,10.0,5.7.1,4ab31cfa2ae47b5ff47de44a7fe8d3afbcd8da0aa8daba3e55fa4f41c42bcceb,True,2025-04-02 23:44:21,2025-10-02 23:44:21
923,227,android,11.4,3.16.2,ca0f379defd0c5dde3e8373e13a1a8f055480fce475eec8b0c468d8184497cac,True,2024-06-10 16:16:09,2024-07-30 16:16:09
924,942,android,11.0,3.12.9,f3dc6a807e86fcfd6c5fa121b4c9b1f8b62ba2cbceea84efaa6146e54f9d4acb,True,2025-06-09 21:24:04,2025-11-09 21:24:04
925,258,android,17.2,6.10.6,52dc5accd3328e8663683ad78ec118e0457d144ebe4cc354c7ca2e96efcbc6e9,True,2025-08-11 05:46:28,2025-11-13 05:46:28
926,951,web,16.2,6.8.2,d32eeeadf3b528ce3da7a7eb0bc96243bddb9fc38aed582dfbdc780865dbbebb,True,2025-05-09 08:59:52,2025-08-18 08:59:52
927,519,android,13.5,3.4.0,7c8551e0bfd402edbe8d52ce9c354dce4b1ed183adc5e9fcb1b0e6ebecfec1f0,True,2025-04-30 04:16:43,2025-10-24 04:16:43
928,288,web,15.3,6.10.8,e0a1f8adcd868bd6026a2cf2bcfeccda125ce39f7d0311d89d8a4d251ddedac2,True,2025-06-27 22:24:27,2025-12-20 22:24:27
929,719,web,14.0,5.7.5,a42c76f702737eaf3b93334bb603e2d50ac94278aedf64bb9effebecdfe129a5,True,2024-05-27 18:00:50,2024-07-15 18:00:50
930,186,android,16.1,3.2.7,3febdd7f0c9fab9fc7ade89ee1280cda7c3db00bed745eafce3a339ab4c28ebd,True,2025-10-07 13:54:59,2026-04-07 13:54:59
931,881,android,17.4,5.3.3,ff9b4e054b0d491ba84a622264ffde8dcdc6b0dcc651a3a693d2e9db95ecb4ae,True,2024-06-30 04:28:35,2024-09-21 04:28:35
932,769,android,14.5,6.11.5,57ddfa59bfcaa9fd180683856d2fdaf7f1c7fd37effc42ba49fec3d7bea0d0a8,True,2025-03-03 11:04:39,2025-08-13 11:04:39
933,376,android,16.0,3.18.4,6aaefdc4686370c9b4eecdf15b5ad6bd9c39906e943db7745bc47269feded0ea,True,2024-07-24 20:22:47,2024-09-10 20:22:47
934,192,android,16.3,4.10.6,bb4ff1bf3e6bae4c96cedefd87ae2ad2cf1b2b1814c42dde32cde822c4b4df37,True,2024-09-28 20:07:51,2025-03-01 20:07:51
935,282,web,10.3,4.14.5,a7ddfa254a5ed06e6bb5a4d0f53e7ad50bdeef8bcdf1afdefd718a57d17acd20,True,2025-03-24 10:19:32,2025-04-25 10:19:32
936,763,android,10.3,7.8.1,9dbdaa335dbb6c3a6c79cd1adda2c8be7714cea39cba16a7bc17ca8762f38bac,True,2025-11-26 16:46:21,2025-12-13 16:46:21
937,301,android,10.3,3.0.2,ebaab94c66da65ff2eadceadba3b7a8872ed44c32a05fc4aa71d376759bbad6c,True,2024-10-21 09:15:33,2024-10-22 09:15:33
938,752,android,14.0,3.19.3,122fd9c7e1edfe7f12527fb6b6aeb86a84fe6078bcffc3fdefae9eda92bb6f6e,True,2024-05-21 01:53:13,2024-11-18 01:53:13
939,312,ios,13.5,7.18.5,fa7aa463d06e10fcf42cf64caa3cdc7c326fd3b11361bd8afb15403ec09579f2,True,2025-02-27 02:36:19,2025-04-22 02:36:19
940,319,ios,11.1,3.20.2,a0d873136e4eee1bd6a4bc031fe24ebe3d3ab94b82f60e70a14b1affda05ad6d,True,2025-09-14 19:51:45,2025-09-14 19:51:45
941,291,web,16.0,3.7.0,e8f6a96ce2e5fd51bfe708c7aa0d38eceeb2efd4eaf3aeaac34febfb9610d193,True,2025-06-21 23:27:32,2025-10-14 23:27:32
942,504,android,10.1,5.18.6,aefd3ebf9decd07b39fdbeea7538ade0d154a053716b42be6b7e3eb4d15c4ff6,True,2025-08-02 10:26:54,2025-11-14 10:26:54
943,962,android,16.1,6.20.1,5212fe37da5acdf3fc3b950bbfe3b8efbc50d3dd96bafb77efbc9a67eb2c09d3,True,2025-08-30 07:54:35,2026-03-17 07:54:35
944,212,ios,18.4,6.11.0,ed563bdb899f64cfb4a55c5d687dda4f677a7e46d6b4754d1b8acce81bf5534c,True,2025-01-26 18:35:05,2025-02-03 18:35:05
945,196,web,16.2,7.9.7,be0e3abbdbf1d51f0884a8d22b943e6ffecf5faabbdec5eca8ba47fc582d55e7,True,2024-06-08 11:32:02,2024-06-17 11:32:02
946,388,android,11.0,6.8.2,e7bf68cc1b67251a91f0dc1e3dcf8cc53b428a754db3a350d0b4fbdd99baa407,True,2025-03-18 15:08:26,2025-05-19 15:08:26
947,926,ios,14.2,6.7.6,88de1f238dacd23c04f9491fcf5a8105eba9f106ebf354cf4eae016ba65fdaee,True,2025-11-03 02:57:26,2026-01-30 02:57:26
948,241,android,15.3,7.8.0,f25fc30fbc86bfe9d11c8ecbb1effc17ba7ef76885a6b0bdb9f8a2a2d398c9ba,True,2025-07-16 01:49:13,2025-10-19 01:49:13
949,453,android,17.3,3.1.2,bda1a9bb60bcc3fbbbc96d2325a5a4fbe32ff6af4f1a8ac011bbcaf43982620e,True,2024-12-15 10:11:48,2025-05-14 10:11:48
950,43,android,11.1,3.5.9,19efe2ede1fea710317fdae6d88bd683c6ff7d586dbc9353cf9df3f50ce4c0d8,True,2025-11-21 09:14:45,2026-04-24 09:14:45
951,709,android,15.2,3.1.8,d589f8fff291de46f3516fb6d6caa7ff958b0ee16aefaabe7fe8d1dac35cc137,True,2025-07-22 09:53:38,2025-09-09 09:53:38
952,789,android,12.0,4.8.4,f958be9a3bdeed65a5b2eeffb652ff8fe66d5a160ebc026b655a01803484e4ac,True,2025-02-23 09:55:27,2025-06-06 09:55:27
953,474,android,14.2,3.13.3,a6b297afc6aa85bfabd2c30fbaf794ab5fcdb6120da6edca8ace7af0d2fa6e77,True,2025-08-30 06:27:46,2025-12-20 06:27:46
954,173,android,14.0,6.0.1,2eee35b8dadfafff149adcd1dbbbed0be6e1ee52c377aebbedd904cf209005d7,True,2024-12-29 22:33:33,2025-06-10 22:33:33
955,166,ios,14.5,6.8.3,b0a31ea57ff7de6ccecccf66250e6dbec014afcad9dafef44c5a5b6cb9e5eeae,True,2025-05-26 06:10:19,2025-12-07 06:10:19
956,151,web,15.5,6.8.0,75abb09fb684bae0cf25ee6e343cd10adec1eacc26c61868caa02e05f5f527ff,True,2025-01-08 00:04:09,2025-01-08 00:04:09
957,526,android,17.4,7.11.6,5994ca60cf05e2fb76d5ceedfe4b2fba3df81fa8bfec7bfced05fdccf1eaddb0,True,2024-06-14 04:34:52,2024-11-14 04:34:52
958,977,web,17.2,4.14.0,cabc167613c67bf03db0efdf61eb5d30c6e343ccaa2b0bdaadf2adfb7b360bcc,True,2024-05-26 11:16:01,2024-06-03 11:16:01
959,351,android,18.3,6.17.8,b4d6c6a55d1ec3182a1b8eea2524dc6b2dcaa2cf32d02bd5a2c67a7c9fdbf89a,False,2025-10-25 09:34:21,2026-04-29 09:34:21
960,509,android,18.0,7.11.5,df2f73fce9f50828bc3ce96c7bde6b4cebb913fa17ddd111c2ee6594c4e81aea,False,2025-11-03 22:12:41,2026-02-27 22:12:41
961,683,android,18.1,3.4.7,db7a6d7e4dbce3f0272ea7e10cb283fde7bedf6b0cae902deef8bcbc4c6fdd5e,True,2024-05-29 07:24:57,2024-06-18 07:24:57
962,200,android,17.4,7.13.8,0a7ea2fdd0e7ccb5b3ca93cf5fcffa2173ea07c77b8f2eedab5ffcad3c438047,True,2025-10-06 13:57:22,2025-11-04 13:57:22
963,549,android,11.3,4.5.8,3a2a87869da1dee8fec8a736eb7caf4fdcfe7bf4d883ac0f305f7f81dc3bcc6e,True,2025-12-03 00:09:11,2025-12-08 00:09:11
964,889,android,11.4,7.13.0,cf00559f2bd9a87d7a7b00c7dbce20dbce355b2adeda2bcfe97e4cd451e077cd,True,2025-09-11 23:11:29,2025-10-13 23:11:29
965,916,android,12.4,6.2.8,85cb2044617de85de9bc36abc5709bd6b6a502b39eb56bebddfbaba50d03b94f,True,2025-03-20 10:49:16,2025-07-18 10:49:16
966,958,ios,15.0,4.17.6,47fde5e36374efaabbd154091bcb01c25aae4dd293c792baa6e0c8ebee61a3e5,False,2025-10-30 11:43:24,2026-01-24 11:43:24
967,69,android,14.4,3.11.2,caad5ec12946f2d3dcc23342987e6cabcea6e0e1374ff48ae2bf5b852efa50fe,True,2024-07-28 00:39:39,2025-01-27 00:39:39
968,210,ios,15.3,4.9.5,0073e5fa6cfeab90a6cbe9393bf0eefd03a7919003181ae7bae961031fb1faba,True,2025-11-29 13:48:38,2026-05-08 13:48:38
969,866,android,10.3,4.9.3,beb69a9dfa21f5c94c9d0f00c5c73e60525d4d9d9f6d1eefacede725a6ff91bf,True,2024-06-25 15:07:58,2024-07-27 15:07:58
970,938,ios,16.3,5.2.6,bae7e153d5d13ecdd047ddc82ce0101f4f5a39de95afda73e0ff0fb55caaaf0a,True,2025-12-08 23:22:45,2026-02-23 23:22:45
971,799,ios,10.4,5.20.6,74fe88ca9bef407d7edb36e7301aadbeacde7dcee84b3bceb9a5e6dbfde2a6db,True,2025-02-03 06:22:48,2025-05-09 06:22:48
972,552,android,12.2,5.16.8,e8e702329bf972b7fed6bad18f1c4b0f96a6363392dcfebd4fb4d470e061be66,True,2024-05-13 00:06:59,2024-06-16 00:06:59
973,233,ios,10.5,3.17.6,7da23cc4ff4802b45fc2ad51cbb16db7cca65241a04bd1a5da9ab113fcbcec91,False,2024-12-29 01:47:27,2025-04-03 01:47:27
974,491,ios,18.1,4.6.4,ab0e63decf6b45a692ee015b8072ee51ee8bdae53ebc9b8cb7ab58d7e9df2ada,True,2024-07-29 10:22:50,2025-01-31 10:22:50
975,306,android,13.5,3.18.8,99e7fdccabee880a008c4a11cdcc588c9c6da16306161ccc46bb5e82dfdf330d,True,2025-03-28 02:07:33,2025-04-12 02:07:33
976,853,web,13.3,3.15.8,ecec4cd705b0aee3dcce3eea36c060ed1defc0c1bd99bb6d0f1d425a6e76bcea,False,2025-08-24 14:05:11,2026-02-20 14:05:11
977,322,android,14.0,3.18.7,dc94f25c97fd127edbefb2a0da17b0eee7d7a9cfccbce3e18db6d85ecb18fe46,True,2024-07-24 18:17:21,2024-09-17 18:17:21
978,676,android,16.5,3.10.9,9fbe2bacdf0a4fceb7df33d5fcf7ddb62409c6a1aadacc56bdc3c3b0f5fafbc5,True,2024-10-14 15:13:58,2025-01-17 15:13:58
979,641,android,12.4,3.16.4,b048f8bc32dce8d4bb9db8e9eca656dfac0fe1b37ab882bffaffc7f0014b30ca,True,2025-03-03 06:49:45,2025-09-13 06:49:45
980,540,android,18.3,5.19.4,68adcf1706ec257d7a8f750769beaddf0dca5efb7dbe6afeeec16e6fd279fa55,True,2025-08-04 00:38:43,2025-11-02 00:38:43
981,445,android,11.3,3.4.0,2228474cdc65b6e14d3fda5cfc574bdedfc8f401089a9b7ee6dff3e84d172a9d,True,2025-05-01 12:52:58,2025-09-02 12:52:58
982,457,android,14.0,5.16.9,de01f26ae4f619ac66cac6df7dcfecce309b8a8feaf25e28accd0f82117d0ebe,True,2025-10-12 18:25:00,2026-01-17 18:25:00
983,542,web,16.3,5.20.3,df870343fe8dd1948749ca30667c065cd7d36706a8f6b1d20f217aff0c5e3120,True,2024-06-14 13:17:04,2024-09-01 13:17:04
984,836,android,17.2,4.11.5,ef5b04f2f8cb0f0988089de0cc8b79aafa1cff9d83fc2aec34584be679c36e2b,True,2025-03-23 06:42:12,2025-05-06 06:42:12
985,844,android,17.0,5.16.5,bcaca99fc613f1e02bc680564916dfea1fd2cfc9f87aabf38cfc1c3b514aac5a,True,2024-07-11 17:20:54,2024-08-12 17:20:54
986,161,ios,17.2,3.11.8,67fdaf345f7cef0ed0c0c17d38cb1d0e94df7fc904b8bf0dc2dbfcb418c67bce,True,2024-12-21 16:05:17,2025-04-02 16:05:17
987,987,android,17.5,4.18.7,f899b2c7fcccfdc60fdd57aab67bbfaaacbf9d69a74034b2ba7786642fcb4aba,False,2025-06-26 04:48:25,2025-07-21 04:48:25
988,300,ios,16.2,4.13.5,07a02d5baec6b7c2a2efdba8a38fa7ebe9347d20bc1eeda8d6aec478fd9ad7fd,False,2025-09-14 06:56:35,2026-02-14 06:56:35
989,265,ios,14.4,7.15.4,ce7c35d9e0db0e7d9db6f460f306e77542a532aeea946a56bb3ce6cab458d66c,True,2024-11-12 22:06:20,2025-01-09 22:06:20
990,917,android,12.3,7.0.4,8afb05fda91e7f2fbfadb2eaceadf7b8fb74454b25c52cebab528a7c3717eb3a,True,2025-12-18 01:09:43,2026-02-07 01:09:43
991,423,web,16.3,6.9.9,df8abeb2a5fa4bc3b4f7deb5b0bacd180a0d9f8ee890dae2d3aa2abfdf5fd3e6,True,2025-04-18 13:08:56,2025-09-30 13:08:56
992,619,ios,10.4,3.17.5,4de51f255ec4cc53c91d1cac00c01e67ae9adb4b6e705b8bbda19f09d08c11fa,True,2025-12-02 06:01:18,2026-02-04 06:01:18
993,419,ios,17.4,5.14.9,dc8251e65fc2ccf0ebb278e4fce71bace00b75acdeddd92763c0aa9fdd4fcad2,True,2025-06-14 16:37:58,2025-08-25 16:37:58
994,793,android,11.1,5.5.3,ca62a33d3f34bffbe00dc08bfefa8decd334eabccc0be35b0557b5ae43e9e634,True,2025-10-23 21:24:00,2026-02-04 21:24:00
995,752,web,14.2,7.17.1,8c6b29efdccc83d2c1a8e1793cadde3c56d6f822c9d13aa73b2b54ea565b35d1,True,2024-06-15 13:26:31,2024-07-10 13:26:31
996,614,ios,12.3,4.0.4,8ea3deecd0cf9ab13fdece92ba7660386510ace2c9ae26e9a7f0e6bfbba49bf0,True,2024-09-07 22:11:25,2025-02-12 22:11:25
997,253,android,10.4,5.11.9,590cb17ddef26179e49b2e29dfd744e86937ea74f8b9e5bfda93eaa1d235d0e1,True,2025-07-03 00:20:48,2025-07-06 00:20:48
998,233,android,11.5,7.4.0,a94b5b2dd78cdaccfdbddfee4de4d7bae85b7d6d16eec68f3c6afbcacbeafdab,True,2024-10-05 06:42:47,2024-12-21 06:42:47
999,623,ios,15.4,3.10.9,a6968bef79529e0fb601c3e017ae82570f9cbd3e0f55ac4cf1ab25239a41dfa5,True,2024-11-14 21:27:55,2025-04-20 21:27:55
1000,348,android,18.4,7.16.2,3d0aaa98e42d18cd3974db036d8d30df0ad33a4c205eda1dba967e13e74c6da3,True,2025-09-06 12:59:27,2026-02-16 12:59:27
1001,698,ios,14.5,3.9.0,ad4770d1cebce12dd5a5e98c93907c200128c9c2cdcd24ecab0efef30c3a18ab,True,2025-02-09 06:07:21,2025-03-27 06:07:21
1002,115,ios,13.2,3.4.4,e4f79bddbf6b11fda20e2953ccbce5a14bccaeb46c44f6d2c96820eba6bf8e9f,True,2024-09-24 17:13:54,2024-12-02 17:13:54
1003,496,web,18.0,6.11.2,109c664a183e8d0c7aabbaedcddfffb2352ee6fbe091839ac7fdbc23fd3bfae2,True,2024-08-06 23:39:07,2024-08-28 23:39:07
1004,209,android,18.1,3.11.0,6d9dde9e3fad110935dfa96d2e7446aebbcec83b6bdeecacfeadcc1f1dfa0e5b,True,2024-06-07 00:43:40,2024-08-04 00:43:40
1005,461,android,11.3,6.8.7,cecbe1abf199d82e80eaa3aebc9e6f2f3ea4bca6dee20079fe2e1328547ecbd3,True,2025-08-18 05:21:19,2026-02-03 05:21:19
1006,562,ios,15.0,4.6.7,ab0fe7e7caf8a38b40ddf91b5f6f59db93bb3ee12b271ae391eaf21118c24f45,True,2025-12-25 01:33:37,2026-03-14 01:33:37
1007,506,android,18.0,6.13.2,a5eb6d7ba7c6a1703cdfde65a50315dc8aebf34430fdad40acbea3bcf6f3fa4f,True,2024-10-23 10:11:19,2025-01-25 10:11:19
1008,132,android,12.2,4.7.3,fefdf6b2001066bcbd6dcb73e30d6bd33ae8adbcb6fa6d4626a4ebbaaec579bd,True,2025-11-26 01:02:09,2025-12-27 01:02:09
1009,747,android,16.3,3.7.4,dfdfaba8a6ea3dff2d0adf3c3bdf1bcfe3ab95d5cae4f0668f57c0ba86c5befc,True,2024-08-16 23:46:49,2025-01-22 23:46:49
1010,173,android,10.1,7.15.8,095653c1f3744ebbeccb1bf6342dd649a4af99b44f6de9b7e6bee4c9aec7ccae,True,2024-11-17 09:01:55,2025-05-20 09:01:55
1011,390,android,11.2,7.18.7,f95cec9fb2bdadcafeec93a0bec40f97effdc4c8d6fbb4b23540ffbbc739fe11,True,2025-05-15 10:07:27,2025-07-02 10:07:27
1012,524,web,12.0,3.19.3,abebbaa0ed485038bfa26f7c0bfab9cbfa36ca9a78ac4feffe46dab2cee6c7ae,True,2025-02-22 17:02:03,2025-07-16 17:02:03
1013,656,web,18.5,7.4.5,cdafe1cced7f5b5bec039546bcce5dedecdbcfabd1a5bb7cc1cbb57cd5e44ebd,True,2024-11-28 13:02:35,2025-03-16 13:02:35
1014,845,android,18.3,6.3.5,18a7ee5aa0b1aa40afafcf3acac4cd59daf4e6a8e33a9c1c530fdd9ba5de3cab,True,2025-05-19 12:17:42,2025-05-31 12:17:42
1015,673,android,17.0,3.1.0,077cfbbad5693fcb2c3aa6c33f4ff1d32b85f52f0da7fb99fbeec940ffa5dd03,False,2025-06-06 10:12:11,2025-09-05 10:12:11
1016,532,ios,18.2,5.3.8,a9cadeb72ad33ef3445d23b330d084dbaa4eb932f57c5ca59fdda9de25a05cea,True,2025-02-14 10:40:13,2025-03-15 10:40:13
1017,756,android,17.0,3.7.1,a84a9acabedde58efcceb0eed3739d5035bdeb86db6024eb81e88b9dca0fbcb9,True,2024-11-30 22:45:19,2025-01-25 22:45:19
1018,443,ios,14.1,7.3.9,3be34c56beedc65bedd7bf1d6b3640afbb8fdcd1a295ecb943bbc88dafcba9ab,True,2024-08-21 18:41:58,2024-09-24 18:41:58
1019,531,ios,12.1,5.13.4,ddbfa7e816d44f3e17f46cf12ddadb3e0fadb9e1ad37dcbcee2b8ac2a8d57c78,True,2025-04-26 08:25:33,2025-05-25 08:25:33
1020,962,android,11.0,5.13.3,2a1db67d85a4acace7263baeb67b2382ee54e2af1b1dbcbefeeefccffe974cc1,True,2024-07-01 13:59:22,2024-12-31 13:59:22
1021,647,android,11.4,5.13.5,cd69f45eae8fafef322b2119ce8fefaf5b59c3dfa8733bef8cc40ea81b8f5e4b,True,2024-09-04 10:47:43,2024-09-24 10:47:43
1022,692,android,18.1,7.18.3,f7f36f95e4a25e5585bc1cdcfdb63d2d45bc9f8ea29ffe7b4c2c7c4cffd5945c,True,2024-10-23 13:26:13,2025-05-02 13:26:13
1023,247,web,13.5,4.15.0,eb005bdafc27ad9084405e83dac22cd3e75acaaa4ddba8b0e22713ea2a2f79c2,True,2025-10-16 10:18:14,2026-01-01 10:18:14
1024,360,ios,17.2,3.4.2,f8d98886c7ebd39bf0c9f9ee73ff969a7d7ff4fc25ffde1defaeeb07f7ab7c4b,True,2025-10-18 10:57:24,2026-03-13 10:57:24
1025,203,ios,13.5,3.6.4,50be681fc2787d718edcfd61ac6e0e6ff3f14854eff5e763fcd65f4b7aa687f1,True,2025-05-22 17:24:16,2025-12-05 17:24:16
1026,270,android,17.0,7.1.1,d28cccff64b175492a1cd1d7edbf97bdba1ed061ceadcc2a01ee84aad7f98dcf,True,2025-07-14 00:45:30,2026-01-03 00:45:30
1027,891,android,10.2,7.14.3,70f4783ed260e86cabd7da60baea2f82bbfbd0ba99c943bcc8d8b54f8e9c77b1,True,2024-06-02 19:59:17,2024-08-31 19:59:17
1028,633,android,18.2,6.15.8,9cdac1fa5720ca4a07875ec39e159efa09ee0c76f3cff2cf06e9a6c34dbb93dc,True,2024-09-15 00:16:16,2025-01-19 00:16:16
1029,858,android,14.4,4.12.1,bfb0f98e58bdba44f87bcec6cd0af7b2de6faafeff7a3f2cd012f2ffbbf95bc7,True,2025-06-25 03:02:45,2025-12-19 03:02:45
1030,92,android,17.1,3.19.8,c6df68764ada2d62e3bf6be77226deac7f92c8fff5af3efbeec47b55e15bf84d,True,2025-07-16 16:09:05,2025-09-25 16:09:05
1031,697,android,16.5,3.15.2,0e43a51cea1d607afe39c0cb5350caa37c57595b1c32dbd6015ceafcafdedeb5,True,2025-10-31 17:42:32,2026-01-30 17:42:32
1032,359,android,16.2,7.18.8,fa59599337ddef01411f2c8a4dac51d2ef6cba8f7aacdf9af3eada7a4d2ff169,True,2025-12-15 15:59:55,2026-04-10 15:59:55
1033,921,ios,13.3,4.11.2,dbd1e5a9886af6aea0eff0fd6902afafb73ef0df3cdb5deca197e1e692eeabde,True,2024-08-11 21:41:49,2024-09-26 21:41:49
1034,47,web,11.1,7.11.9,de80ebf64cd02ca48bcb19aaaacf7b2bbf74a2189ca4e8700f3d5ed0548df79d,True,2024-12-21 06:44:43,2025-04-22 06:44:43
1035,159,android,14.5,3.0.6,bcf2a8c6ac96a19283ea9ff486fbe73249df045adbfea8ff5f7ebb53abbc6a48,False,2025-10-12 14:34:18,2025-11-14 14:34:18
1036,441,ios,13.4,5.15.8,849edcd31726bdfd5bda6df4b4ce043d1fde0af94c8bd5ccfcbf5f710c2dbdae,True,2024-10-11 12:43:51,2025-03-28 12:43:51
1037,424,web,16.5,6.18.6,abdc0d1c8c3afc8935f93fd2ef9daca27cffafdbabac746cccf1cf44c3ac853a,True,2025-06-18 02:42:48,2025-10-10 02:42:48
1038,381,android,12.2,3.10.1,eff6ad2aa3e68acd151addf7e67abf80138c1f4e0baf5b3d142868babba6753f,True,2024-06-13 04:30:27,2024-08-25 04:30:27
1039,554,web,18.0,6.20.0,dbe221d3b8aebabc211fee723feada1cc6e5a5dffdb7b4676c21cc0a65b297c7,True,2024-06-15 13:20:48,2024-07-01 13:20:48
1040,975,android,11.1,6.9.2,ebeb1cfed0ff7f29c74be4ad5feecc6a8c7cbefd6f84ccea858a95ccc04d170c,True,2025-08-22 02:08:50,2025-12-01 02:08:50
1041,486,web,14.0,3.5.7,affc91ac9e61656c11b508ece81ffa31c29ad4ed13ccf3dcd4f5e1aeb4bfbf14,False,2025-02-01 12:08:50,2025-02-09 12:08:50
1042,329,android,17.4,3.19.9,c425fee8183b9b7df3ae9b8cbf244ce283ec7cfa702baee9ca8ce7cae1392ebd,True,2025-01-14 10:58:30,2025-03-23 10:58:30
1043,104,android,17.2,3.13.0,03f12e57b1491411cc045e7f6b65d95209a69526cfdef1c1bbb7e1b6bec551fd,True,2025-07-25 01:00:22,2025-10-25 01:00:22
1044,717,android,18.2,7.6.7,d31843d459b842d2cb8f1a9be275827d8a4efe467a2c54d4faafdde63dfeee8a,True,2025-03-11 20:59:57,2025-07-12 20:59:57
1045,425,android,10.1,3.18.2,d6ca4a28a05fc3f06feacfa5b3b274aaad389b1feb020c028b2dec1bde81197b,True,2024-05-31 08:04:14,2024-08-31 08:04:14
1046,747,android,10.1,4.12.2,dae7bcd30d4c2235b8befbf1cc6fb9bc41f64efa8c1e96dba1daf7757e9ccbf4,True,2025-06-06 18:07:48,2025-11-14 18:07:48
1047,70,web,18.0,6.0.2,4510ff7ed1c5cdf12af4de1b37fafbdfb286c9e8ab7f9352bfedb9e821ceaf2f,True,2025-05-14 06:49:39,2025-11-25 06:49:39
1048,452,android,16.0,7.19.6,b44c4c47e1cb031feaccdd6a951ce22b9c8140b0c9cf08e8fa1df454a39b3dde,True,2024-08-03 18:26:55,2025-01-18 18:26:55
1049,288,android,18.3,5.6.9,0fac6d28d1dabb0c9c37cd5b6fc0b7f6e81838f97908eede8afc0a62cd696f81,True,2024-06-22 02:52:38,2024-07-10 02:52:38
1050,937,android,14.2,6.5.6,6b41666ee8dddbf302ed5be662e5ed5ec026bdaa0af51fdcce576ec16dfea607,True,2024-08-09 10:54:13,2024-12-16 10:54:13
1051,423,ios,10.1,6.12.4,9c2bfcabc4c6a0f2d878c1fd010f6b1b71fdb9500ef729e64ccdb3255e344ebb,False,2024-06-27 00:42:01,2024-09-24 00:42:01
1052,183,web,18.5,5.6.8,bd161e595577a9a7b56cc064efc5f4ebadacfae698bdb45c2ddbcd7d085876ac,True,2024-05-23 05:28:28,2024-11-20 05:28:28
1053,772,android,10.1,4.15.3,bbe00cdda644cb1426f6ae897f1f12bc0bb5a69f170baf5efa6d07e31313c037,True,2025-08-30 23:12:49,2026-01-25 23:12:49
1054,993,web,13.3,6.2.6,fab40944b2eacb5c0ec1e887f01f02dcd1fa0089dd9ea3efeb0f2d454ad85c0b,True,2024-07-05 21:29:50,2024-11-10 21:29:50
1055,103,web,13.5,6.17.4,d0c78def2a81e591b1a2433d66be38408cc3daed5cf4033de3b3952c3ceae0da,True,2025-11-11 09:01:19,2026-02-01 09:01:19
1056,339,android,10.3,3.19.2,faaac84f37ec995a58ada9291a84cd634e2dc73a73b4ebc94885f872e2e52e82,True,2024-08-07 10:14:44,2025-02-11 10:14:44
1057,987,android,17.5,4.20.7,bb440ab8288791b411efb43bec80e5fbcd2a94e6f8bec4c9de92b5ab59de6dae,False,2025-04-24 12:57:35,2025-07-26 12:57:35
1058,984,web,15.2,5.12.2,4734f13cdc35d60cadbbc314d1fe8ef998bd4faf2defadcd0eafc19dfe61deda,True,2025-07-31 17:12:05,2025-10-18 17:12:05
1059,494,android,15.5,6.16.2,8dfcc766ed3e2f25de02dbd6761fcc6aded1adbecfeaffaf26555dccecfbede4,False,2024-12-22 04:56:10,2025-01-15 04:56:10
1060,341,android,16.3,3.15.3,ca7ac95b9aa5caef86dbc5eccdcac7f5cbf0b9e4cc752daa12b47e96163dff49,True,2025-12-29 15:52:58,2026-04-24 15:52:58
1061,314,android,12.4,3.6.4,ea7ffc137b661ab3cdf916b749860ff5cc4a13567ffcef60ab8c0f8c6c8dda9d,True,2024-06-18 13:03:31,2024-11-28 13:03:31
1062,276,android,15.4,7.11.2,e77d2822c5ea3dbd95dade167dfa5ca5b2f32fa292ceaedd4a6df8b7db45fdf7,True,2025-11-09 19:52:54,2026-01-03 19:52:54
1063,561,ios,11.2,6.9.0,809ef0dc346a9b9f8ce8ba751bb0e0a9e49ab52defea57e30a668c3736f266cf,True,2025-03-31 14:56:23,2025-09-03 14:56:23
1064,395,ios,10.1,7.19.9,b028805c9bbdb8df28b5e59d2287aa1dec8c720d6ebcfbb36bc5ad947cbdaa02,True,2025-09-28 20:30:37,2025-11-24 20:30:37
1065,736,web,12.5,6.13.2,4a8dce0d20e5bf7ec7a4faed94433e7eb999b002becb6e7caf62b7a1b06ccc61,True,2025-01-07 23:22:25,2025-05-25 23:22:25
1066,805,android,18.3,4.5.9,b4f1ac3aefa1a82f94e6c98b057f59b9e4cee2ccd0d9406ac8cfa0d63f47c0b6,True,2025-01-28 15:15:42,2025-07-24 15:15:42
1067,311,android,15.1,6.1.0,cefccae4d1f7dfb51ff2bcada8242cdac2ddeced3415c8c6bfceacee432c7d99,True,2025-12-15 13:01:42,2026-03-19 13:01:42
1068,855,android,11.0,3.20.1,847dd6bf0acfc90ca12d29fd5c078affeb1dd9a2a9bc4c6b9ef5d50f83d4e5e8,True,2025-10-03 21:09:58,2026-04-16 21:09:58
1069,232,android,13.0,6.19.6,dfa551cab0b491b473d4aa12e3a742b0aaeee5bc79f95df30eec7fc8d31ff38f,True,2025-10-25 10:00:54,2025-11-05 10:00:54
1070,246,ios,17.0,4.5.7,dec415f6cab11ac25fc325bbcea5c2f9eddefc1f8226be28f28aa4cbce4e4b9f,True,2025-01-13 02:53:54,2025-04-17 02:53:54
1071,508,android,16.5,5.17.0,66f50a786e37dc70ec300a4e3bc9259d0bdbdab57c041d151dfecad8dab4f1cd,True,2024-06-09 03:50:13,2024-09-02 03:50:13
1072,248,android,15.4,6.1.0,5023e7ef48addefd394a2f31add12d5f3a831a1604cc9de8deeaa42a78417a92,True,2025-06-24 15:55:13,2025-09-03 15:55:13
1073,636,ios,16.5,7.14.2,3a8ade21bfdeeb92abd137ab72222cce73d3b27e52acca9fbeab7b30dbfc49d0,False,2024-11-08 01:17:18,2025-03-19 01:17:18
1074,397,ios,18.3,3.3.3,7eecef2fcdcbaa692d6edee954b432c40125b0a6fcfd2747427e9310fcfdaea7,True,2024-12-23 20:40:48,2025-03-09 20:40:48
1075,938,web,12.2,6.19.5,7fd4879f1ae3af6dbcc7bdb05284fd18c8c6caec1aed8dcc57803c770e1f708d,True,2025-05-26 14:47:03,2025-11-06 14:47:03
1076,528,android,15.2,6.19.4,83da1eb0ebdc4451cd603d0cbf3229a533a4e2de9cb7a5c9f3453fef5d5b4ddb,True,2025-08-23 16:54:02,2026-01-20 16:54:02
1077,616,android,15.5,6.14.8,2f8e0bf5998ffec60ccedf4cfc93a4d89b7c31fc5fa88bddcb2931d1a7f50d0d,True,2025-06-04 11:32:15,2025-09-07 11:32:15
1078,204,android,11.3,5.20.0,e4276fa17bff4dbdd60beff4fe00febfc2dec48c9e7c2df6af2ebd19830ab0c0,True,2025-03-31 10:16:48,2025-06-19 10:16:48
1079,969,android,17.0,5.6.4,1a6fa0078d75ec90b5defd46adb6df34a62859f12eba9b2ce0eddf81cdcc761e,True,2025-04-12 10:49:42,2025-06-02 10:49:42
1080,870,android,15.3,7.11.9,7adef0ba17de86fbadc7b5b2a6cdb9feea15ceda127caab6c64e46534bfbdd60,True,2024-07-14 20:33:51,2024-07-19 20:33:51
1081,51,web,11.1,7.0.4,62be8685e202958511d21381aba9c778da7efd1b0057bc4bdea482aad3ba8364,True,2024-05-16 21:08:23,2024-06-12 21:08:23
1082,404,web,14.5,3.7.0,dfa9a6cbbdab0c9759cdee33a39fbcfa02be76a4bff4faed7fdeab3bc3b176e0,True,2024-10-19 22:13:11,2024-10-22 22:13:11
1083,309,ios,18.0,6.20.2,1bccef85328c1908d876591f72fba484e5ec3b0c90a7468fe5435ea2feaedff1,False,2025-08-03 21:33:55,2025-10-16 21:33:55
1084,627,ios,15.5,5.2.0,ddea3ef3fcb686eafd0faa7dfbdb4f89faa9dfdbb3ebba7fbe3e8fc5df64e1ac,True,2024-11-10 02:00:41,2025-01-19 02:00:41
1085,752,web,18.4,4.13.7,8cb423ed189fa7ef438274c49b9a735efafbd9cfc0996906fb8c7c9a2d0ffcc5,True,2025-10-06 13:14:57,2025-11-13 13:14:57
1086,860,android,18.3,7.17.1,505cba903d3bfe34a30f3cccfc2bae65a0d21a21096b77e6af217d082b6745eb,True,2024-06-01 10:15:20,2024-07-24 10:15:20
1087,567,web,14.3,6.20.5,5c7653a4dba5f18fb95a77812a4edbddbac6d82a9b5cbbb7cc484beeb3a1a3ee,True,2025-10-23 16:55:15,2026-03-03 16:55:15
1088,157,android,11.0,7.4.9,aab5836b649dfcc3e00aa7f0bd2ea07ddfa508ea6e6bfc728edc659e01daf91d,True,2024-07-04 18:34:29,2024-11-20 18:34:29
1089,635,web,11.4,4.14.9,11b0cb2afce392e111df2e398fceaccb3da60c2ad5dfb4aedcb0eb8b14042dff,True,2025-01-07 02:23:42,2025-01-10 02:23:42
1090,975,android,15.1,5.16.8,db4f4aceb1a2badcbe91eaaeaa94a243cf3ec4ea6b9ad3b70aadbced25c4ee68,True,2024-08-19 04:57:41,2024-10-31 04:57:41
1091,814,android,17.0,3.7.1,cbed7fcb6f5fbb41de179e5e8c5ff95bd62be5d329cee3bf97a4ddbfc6ccea81,True,2025-12-12 22:42:18,2026-05-03 22:42:18
1092,844,web,16.2,6.16.8,3de6214f33d0a29f8ef93dfc87adbf3c3df18ecd2ea6ffcfc0da4e59f2dcf32b,False,2025-09-09 22:10:43,2026-01-12 22:10:43
1093,784,web,11.5,4.20.5,bff41aaaf1fa2bfe8fb5f2b5cbc2cee6ce8e0c4f0edff06bedda4bc595ad6ade,True,2025-03-24 16:05:26,2025-06-07 16:05:26
1094,415,ios,17.5,3.12.3,77de9fb5fea37a0e5e146aefcbde0acab0fed225ddd1cc5eaf07f5eeda28d0a9,True,2025-03-17 13:50:51,2025-07-19 13:50:51
1095,824,android,15.2,6.14.6,86fffce4bbc93ca81ff38a9d64ab37dbaf9fb3db25feccb3a7dc4379b1c5aad3,True,2024-11-24 20:59:03,2025-01-01 20:59:03
1096,788,ios,15.1,6.3.8,d0571d4a44ee8bdb1b9bbc957ce41b7d0dcbeddfc6a2b27eaed1c95bebf6b4ea,False,2025-10-11 02:26:34,2026-03-05 02:26:34
1097,619,android,18.1,7.7.3,f8e085ecfa2c431450fdadccabcf84cee2e8eb3f4fc2bbcc3fe42aec751fa2fc,False,2024-12-23 13:51:56,2025-01-02 13:51:56
1098,16,android,18.5,5.6.8,724ab1e7dcaad4c1dec004f408cdabfa2f5cacf8b098f65d440cc98f9cfdd48a,True,2024-10-11 16:08:58,2024-12-03 16:08:58
1099,313,android,13.4,3.13.7,42d0fff1a412b00507dfcdf777fdaa207e62dddcbce5ebdbe2bcb54a3f8b0bc9,True,2024-12-05 13:43:26,2025-03-23 13:43:26
1100,93,web,11.2,4.11.7,c2fbfa9d8069048af5da90f74eb97e6af92e2d914a79a86aee665c5cda7ec195,True,2025-04-23 18:15:04,2025-05-18 18:15:04
1101,511,android,17.5,7.8.7,a7145c2ceaef4f9c8ae195c229fbcd763d9d9baeee7afe6e166a608db2a4fccb,True,2025-01-17 18:31:34,2025-05-08 18:31:34
1102,54,android,10.5,3.9.6,09dcb4809ce4a8ecebd5f000d4dea14474eabcecdbcb232066bbfeb2b64fbab3,True,2025-12-23 07:35:22,2026-06-01 07:35:22
1103,670,web,17.5,4.11.5,f3fbee8434893ae9e881dc1ebccf718e87bdef63f467a44ebbf261a40ad091c8,True,2025-07-17 06:46:30,2025-09-15 06:46:30
1104,811,android,11.1,7.3.1,8d783b8c329c9f7edd6cb85fd1e72dc9bcc16e86fec979fab60e1b7ee370eee4,True,2025-11-07 16:54:23,2026-05-14 16:54:23
1105,508,web,17.2,6.14.7,cfbd74f8fe7fd1e82cdadfcbfac4734a15e5fe6ba3ebdda010b45be2ac4f8674,True,2025-03-06 06:49:45,2025-04-27 06:49:45
1106,694,web,13.1,3.19.0,b9c8fda9e4fae1fe9d5fda3c6ffb9b3ebda5e9e0c9e427923bdcfee75e31cd1e,True,2025-06-28 21:33:36,2025-11-27 21:33:36
1107,109,ios,15.3,5.14.4,3c3fcc5428acacd7de2f69c2abdffeeabcd0072dfa5a88be1dfd81c49f8f8e1c,True,2025-01-24 14:34:24,2025-07-02 14:34:24
1108,749,android,17.2,4.1.7,a7bb391abae3ebcd222e14a3ea7056967f8f1bfc8ab56fd5ea58a6b2ce96f32b,False,2025-10-17 11:58:43,2026-01-04 11:58:43
1109,318,android,17.0,7.15.3,019c93f0b9c20e2ede0e1540bb4ad8972caffaaebb621bb4b94ec3a9d8a62dde,True,2025-02-09 23:10:32,2025-03-20 23:10:32
1110,210,web,18.5,4.14.1,aa2acdee1ee8adccb0ff03daccdfdfe3bdcadfba06f1316023baae89b3ea2c2a,True,2025-08-07 15:27:01,2025-12-02 15:27:01
1111,109,web,10.1,7.15.7,ca8e342c43ef4aabbaccb531a01ff066a263c16a9e0bd5aba333db9c5ac55eee,True,2024-07-28 13:42:05,2025-01-17 13:42:05
1112,336,web,14.0,4.11.0,eddb02ccf1f2a3d5ad00efa7dca7d1e8a614e40ad0eeccbbfeaa2a69d7a8cba5,False,2025-09-11 08:41:20,2026-02-28 08:41:20
1113,967,web,16.0,4.4.5,6b1ecdc9ae85fc0e42b7fdb9ebd0faa34877e28d01ee0fbcd79ee0bdfbb7625b,True,2025-12-27 06:58:01,2026-01-08 06:58:01
1114,100,android,13.0,6.3.3,30facbdee23d4b38cbc68c3c37dc0c8cc0c68d98e1b3dede0cdc27eed43c7aca,True,2025-01-02 18:22:02,2025-01-06 18:22:02
1115,455,web,15.0,4.11.4,0ced997cc9949f52ff9d9edff1dcf8bbfcbc4e71cbcddc5460f1274a6dc2afed,True,2024-11-18 19:38:51,2025-03-21 19:38:51
1116,962,ios,14.3,7.13.4,612baaab235aee4dde064a7b6bf4708fcfa79b51ee44cfeeaea7ea7c7dceeaa6,True,2025-10-03 14:12:05,2025-11-06 14:12:05
1117,601,android,10.1,6.9.8,1c4d683cc252b50bafee7bb8d7bae41e0bd747e0f2e71db934b7dea65aadeadc,True,2025-05-11 05:03:30,2025-08-11 05:03:30
1118,150,android,18.4,6.15.1,cb763bdbdbf6650df888edbfdc66d784aefc5b8ac36bdacbd0aee1df1ded3aee,False,2024-06-08 06:36:23,2024-06-20 06:36:23
1119,828,ios,14.4,3.3.4,dca9f109a9b2e9a92de41f15c9ac9cc50dc87bcffdbd8b6029cb315b9f9caaf4,True,2024-09-20 14:48:18,2025-02-05 14:48:18
1120,564,web,17.0,3.7.6,8fce75f0e7e76b3c20ab90a1c4b38f21195719bfd8fb794f5c58e3a3a9acdbbc,True,2024-12-25 10:42:55,2025-05-02 10:42:55
1121,660,web,11.4,7.11.2,ceebdaa18189811b802a323fbb8f88f6b2ce042eb0e4e60a5a1ebae58ec41014,True,2024-06-29 00:12:54,2024-07-06 00:12:54
1122,946,android,16.0,4.10.3,f0e7818d9421d33aadbffecadce41a3f1ee05db5c587e3ebf367bce9132b3caf,True,2024-12-01 19:32:57,2025-03-07 19:32:57
1123,919,ios,12.2,4.10.4,72bec365d7ef98efd3880acadf8b1a0d4cbafeb6baec5fdd8a0f95ef7dbe4edd,True,2025-03-09 15:11:23,2025-03-16 15:11:23
1124,669,web,13.4,7.14.6,0d4d6bcfad8ca1f9a4ebe0f0e5cbf54c338ef7be8cdde3da4db1dcea479e26dc,True,2025-05-24 16:02:19,2025-11-01 16:02:19
1125,193,android,13.2,7.16.9,e2ad5e893bcded3f9ba2beba3abb1e169ca9b2b3a4bd83adbb10b0a76e373f45,True,2025-11-27 11:52:32,2026-05-31 11:52:32
1126,61,android,16.3,7.17.8,c241f15e8b88fd03fa6facb920a6e8f2e0bbbd451a2cadeecae6cf8b3dfc67aa,False,2024-05-29 19:25:34,2024-10-29 19:25:34
1127,533,android,18.2,3.11.2,22cbc8acbbfbb5ccd5bad3b5e6e8d7d50e6ec1cb4cc6cbeb1be34fedc5a0aaa4,True,2024-12-24 19:16:58,2025-07-04 19:16:58
1128,10,web,11.4,7.2.2,4e79de4dab9bd6bf6536f0e740dce04dfcc40cb2e2d7a8edcbcd5a8ede0de4d3,True,2024-10-22 09:42:12,2024-12-30 09:42:12
1129,768,ios,13.5,6.7.5,d1bea6093de44c8988dbebcb3bc5afb9af0b9076ed7ccbea0b27ecacbc704cad,True,2024-12-27 02:19:47,2025-07-13 02:19:47
1130,395,ios,18.1,5.10.8,2e262e8bccadf2c13dadd0456628ccdbcf999fe2a805fc8b5cd0f2bf3e7adfd0,True,2025-03-03 02:19:02,2025-08-03 02:19:02
1131,55,ios,12.0,7.19.2,a3fbebfa0be5ebb0fc2a772c4a4ef5bc9aee6c9ebbceb9bca4dd2de8adff3ffc,False,2024-11-30 10:00:15,2025-02-05 10:00:15
1132,476,web,11.3,6.0.7,eacd8555cfb429fec4a9a6d92cb04f1e7fea8cf9f97f9a2aa1f8dd852cdfd56b,True,2025-07-31 04:39:22,2025-08-30 04:39:22
1133,600,android,10.4,5.4.4,bf3ac0961fde93f6890d0efebb97a16b9cc8052ff53b9649780dccffcebfc00d,True,2025-09-20 12:58:41,2025-11-23 12:58:41
1134,504,android,15.0,5.9.4,ba5adee7bb6fa4e3e67d9412d7f26471cd66ca688ecdbcfdb7bd0fbe7d00aa71,True,2025-05-02 16:22:31,2025-09-24 16:22:31
1135,949,android,16.4,5.1.9,4d657ebdbc57fc71f0de3f2a879f78ef177d1dc3bcacb6c7bceeedd3732cef16,True,2024-06-19 15:17:12,2024-11-01 15:17:12
1136,635,android,11.1,4.9.0,dde8de5a7f3c758b637cd1ed17abe3dcbb4f99a4ef2eea7abaac6df830cc0eed,True,2024-07-27 10:27:12,2024-09-02 10:27:12
1137,825,ios,13.5,6.6.8,fcf61d6bbaabd1c61b7d4045c2f0e60afb52c37ad76406cc83c998daa3bca3da,True,2024-12-23 18:48:50,2025-07-08 18:48:50
1138,697,ios,12.0,4.10.4,eab0bababdfd503b5aeb44dcb2de6dbbba5ea74ef3b7042c09167c61ecbbd652,False,2025-12-03 11:56:05,2026-02-25 11:56:05
1139,265,android,15.5,6.0.7,ceed0edecda5a5bdd80cbf5af48265bf70e39cea3e5d3defe6919dfb8f689e85,False,2025-05-02 14:25:19,2025-06-10 14:25:19
1140,508,web,15.0,3.20.6,6fbfd9fcb46ffcfe2d93037daeab98dad5a901adeff6ef60c5f90dbce3c55b3f,True,2024-12-10 17:42:03,2025-05-01 17:42:03
1141,622,android,15.5,5.15.5,aedb90ebecd0c21fbec61dccdda6c322b7670a9e68ab04acbd6dfc0cd3ffee81,True,2025-05-11 02:39:44,2025-07-01 02:39:44
1142,110,web,15.1,5.13.4,cea3e7d12d5f0fa0a0b487c5c2891cdda79b9f3dcc8cbf7670d2dcf4d38c14a7,True,2025-03-09 16:06:17,2025-04-21 16:06:17
1143,833,web,13.5,7.12.7,ef9edfdac9a5d808cf0eeb37a0e7e5e8fc3a2851f6ebd1dbedfcc3c2fab1be9b,False,2025-03-22 11:17:20,2025-09-21 11:17:20
1144,487,android,13.2,6.9.3,8a6efbba9ee6e0fbda18dacfee6e465427dcd51e3e4b6a9fea4fa6ce5fd963ea,True,2025-12-29 07:12:28,2026-01-28 07:12:28
1145,393,android,16.0,4.4.9,11ebaf04480681512fa57cedefe87ff3ffebdefdcce7b37e7eeae32bd2ac1f0c,True,2024-10-26 21:41:51,2024-12-07 21:41:51
1146,976,web,11.1,4.17.3,e6c6cf0df3b8cdd0a9bec0cccd20f2a6b4aff4de41055baaae5cae95d8e5d7aa,True,2024-05-29 12:57:31,2024-08-07 12:57:31
1147,851,android,14.5,6.1.4,59b7c91b07bdef3a48ff8dbfad546ce53a03abd3b22fa48ced3bafee94ec428a,True,2025-12-03 12:37:09,2026-03-19 12:37:09
1148,823,android,17.5,5.18.8,5e9f0c40ed6ee8b8a9dfcbbaa77499aa4a04ed65cad03a1ccd891e164dac54e8,False,2024-09-26 00:35:50,2025-03-15 00:35:50
1149,788,ios,18.4,6.7.3,a25ee5bfcef452a3da032eb376fee22d5bdaae143ed56a1c0bc8da8d78e0f0c6,True,2025-09-06 02:59:43,2025-12-13 02:59:43
1150,556,android,16.3,3.12.3,e8d74f1df18fe5bdeebbbcce91b3cbb2db5d4bd0a898d41a71fa6d7b625dc951,True,2024-07-09 02:11:16,2024-10-22 02:11:16
1151,839,android,16.4,4.1.1,1bf0fadc5c338f42067ca9aac164cb7626babe843e8bb2d895a3bc3ff68ad883,True,2024-08-27 00:50:57,2024-09-30 00:50:57
1152,146,ios,17.2,5.4.7,dedaa0aa5d3dc21ffb5c7f34ee737a1add379dcee4ca3dddcb93c82973d6d5f6,True,2025-05-22 16:57:02,2025-06-08 16:57:02
1153,338,android,16.5,5.7.1,ad52c34cfa8eea82672d5d6332a7fec2dedacca8eaac563a2d7debeeb8bd4ff4,True,2025-08-02 03:05:56,2025-12-19 03:05:56
1154,407,ios,12.0,5.7.7,ee980e9857c4918a5abef0cc089c5aad6cbcbc1bcbccbcfc242ec6d85cafcd5a,True,2024-11-26 21:23:16,2025-02-16 21:23:16
1155,938,web,12.5,4.6.9,5611c533a4bafe664ac12f55fbd338ac12f2fdef7a1ce95cea522d7db5146e8c,True,2024-05-16 10:26:55,2024-08-06 10:26:55
1156,110,android,14.5,6.19.8,4bc5896f6f759febb26c6ea0ec2a87b5ee92012d2663e9d6abdf84e027d7847d,True,2025-02-17 16:49:22,2025-05-12 16:49:22
1157,968,web,17.2,4.1.3,dd2fdfb7af67b65feeebcc31ba95e7ed183ad62fea86d93c17f5b66baac16873,True,2024-12-07 05:52:11,2025-01-18 05:52:11
1158,931,ios,11.1,7.13.6,b611a659d05f5befa0b8aad79ce9b9ee8bbe30866088df3bbefccef0dac41dba,True,2025-12-19 14:52:54,2026-03-09 14:52:54
1159,983,android,16.3,6.19.4,da5ccdc67cd30a02f1793625b2cc722cbfab9fb1d6fea046d0cc7c9d8a630e9b,True,2024-09-02 13:12:01,2024-11-17 13:12:01
1160,409,android,15.1,7.13.1,2ccf81f0aeafcda5c4bb443d300b4d91c2a5075c3e8aeb75f00ccd065b7daa9f,True,2025-04-22 21:38:39,2025-10-01 21:38:39
1161,710,android,14.2,7.4.6,dd27895736ef3fbebedc90e09dbd5d9edc1e34159e967c9f3cafcabb56fbe1fb,True,2025-07-15 07:46:27,2025-11-01 07:46:27
1162,380,android,18.3,5.7.8,6a18eb4807d0898bc9b9eee211da8ec9edba633126e581bd5c3f9e6eec83ba6e,True,2024-09-09 01:43:42,2024-12-29 01:43:42
1163,564,web,13.0,3.20.7,ab9b3a79dce766b511daf6eedad5ca12ed09269db273e5ff548a6163cf95b5bb,True,2025-04-03 18:25:39,2025-09-07 18:25:39
1164,838,ios,12.3,3.0.8,69cc9ef5b20dba40baa55db5ebff84e0b511bdcbdf144ecbbe188c0adcc46fe3,True,2025-10-26 12:01:16,2026-04-23 12:01:16
1165,330,android,16.3,4.5.9,cdffdbccb4d1a3a7afacb5ef350f8d10eecbc2bb7c257e187dcb3d5e8ac279c2,False,2025-11-25 07:34:42,2026-04-24 07:34:42
1166,757,android,10.3,3.18.0,36d482b71cc26cae5fc492f8ef0e9d704ddc9c7e33c480dededd41170f1f10df,True,2025-12-06 03:41:35,2026-05-24 03:41:35
1167,642,web,16.5,5.8.8,6ab4dd42b0869afefeccffd3dc9e42adccfca6cfdbc1b649a18c093822f41a78,False,2025-03-08 05:49:10,2025-09-04 05:49:10
1168,570,android,14.4,6.20.7,e70c386b2780c8aa5fae3a5ba2c9db6fcc0b246d310485b40c6cdc60167fe8cf,True,2025-11-26 22:48:18,2026-02-15 22:48:18
1169,443,web,17.0,6.13.6,13b8fd4dd234ffc3040807f1f43da0bdb6ef9af379358ef55705c8495cd9ba8a,True,2024-08-27 07:18:39,2025-02-20 07:18:39
1170,651,ios,14.5,3.1.1,8d2d6011e86fac3d11bfa84cba4ba53611f7ebabbc63c7be44c4affcb2d82bbc,True,2024-10-23 07:59:08,2024-10-25 07:59:08
1171,726,web,15.4,7.10.9,9bb2bce62e3dd47f3aadc09d2535ae61a9f58e3c75fbd98a111ad6bdd4a6b01b,True,2024-12-18 11:32:37,2024-12-30 11:32:37
1172,119,android,10.5,3.18.2,1b5ff6aba42cf4d14b4a7362eca790ace96cfc34ceef1bae6d4b66155a95887a,True,2025-01-28 13:35:26,2025-02-22 13:35:26
1173,643,android,11.4,4.19.5,90dc68ebef8d32af16fd01a332115b95945c240a47a983acb7bdeab3feac10bc,True,2025-11-05 06:31:01,2025-11-22 06:31:01
1174,114,web,15.2,3.6.5,8fc4d1f44c77d8fcdc75e09f71eff75cd44cd9b9a690fac1e7f9fdfd1c2eddf0,True,2024-08-15 16:00:10,2025-02-07 16:00:10
1175,23,android,12.2,3.10.3,e08df4b804bbae843ab8a7ade7619f14ffba16e90a872dc3cb7dfc6e8788b6ee,True,2024-11-11 20:01:51,2024-12-23 20:01:51
1176,390,android,13.1,7.8.1,ca5064dcbfdf0a1122ebde96b7efeb8a365a9f91fc70a43a620561bd807e0ebb,True,2025-01-04 14:22:42,2025-05-05 14:22:42
1177,843,ios,16.5,3.3.6,cad94ce7ce8cee7afddfc534a3df5a6846b12a83ebe7feb7dcbff60e4d64d51b,True,2025-10-06 20:16:46,2026-03-06 20:16:46
1178,424,android,16.4,5.16.5,ec4781fdff60d3a7bea72076ccba4d9acdc57f14f5c2fd2a5a79ccc9c54a63fc,True,2024-05-28 02:32:34,2024-08-21 02:32:34
1179,990,web,18.2,6.5.2,abed6dbb280bb9adad6fad84ba01b0aa30bf1b34c49ee9bf7d8a8b8aa81d7f1a,True,2025-07-25 08:17:50,2026-01-05 08:17:50
1180,332,web,17.3,6.10.0,b99b9c390d38cd60da51dce1fcd2be3a35dabcceb96b06efeeb6daeaada01f02,True,2025-06-28 03:29:41,2025-09-30 03:29:41
1181,302,android,18.4,7.6.9,a877f9ed46ead54aabe6ea759f5b7d9d7f3dd0b8ad98fe9fcf6dfe086a955de4,True,2025-11-13 13:39:07,2025-11-20 13:39:07
1182,645,android,16.1,7.15.1,bda2e9cd3ea0d15bfd7fb7ee2830b6aaba9eec79847d1d5fa4af064efc0a67e6,True,2025-04-12 22:56:44,2025-07-10 22:56:44
1183,456,web,17.4,5.4.7,1ad128fabb0c0547d60def7bceadc8dbbe9da1dbe38c97c729bbf8bbb64eca5d,True,2025-02-07 03:58:00,2025-04-22 03:58:00
1184,191,android,11.2,7.9.6,bcdbbabe58edaa0c0c2fcefbda702a14bc935e51990b85e0ce5eee77accabfa6,True,2024-07-24 17:49:24,2024-08-29 17:49:24
1185,382,web,12.4,4.17.5,f1a8553dcdbcd24c3f6e6c1eea0e2c0db831e0bd3efd0a5d1fd3ee5197bb24d9,True,2025-07-13 01:12:52,2025-08-04 01:12:52
1186,474,android,15.2,5.0.5,251481cd5eb279e9dccc23209afac43b407acdd8ecdadce54126b259feada9ef,True,2025-09-17 09:29:54,2026-04-01 09:29:54
1187,127,web,14.3,4.14.4,90a6ecce08f90dadc020bc7fabcaaacba634fbbcefec994bbfa6fc5e1cd737aa,True,2025-10-11 13:53:31,2026-01-16 13:53:31
1188,121,ios,11.5,5.20.5,6bfca31cbee17ba74f8cebf5df9d2930e399d3bf1bbaed1bfdd1a0dbafddaf13,True,2025-01-04 00:30:16,2025-04-16 00:30:16
1189,223,android,16.5,4.10.9,ba4ada6ae919caa1abbd1ffacbbe614f248fbe1e792a2ecbe638f7a0ef2e7f7d,True,2024-06-03 00:50:37,2024-10-14 00:50:37
1190,729,ios,18.2,3.17.6,3cba3f71f1f25eaa0fdfdbfdd0a61e53f8c6605bcf23a80dc5b6bec37d6db98c,True,2025-04-26 07:24:40,2025-10-26 07:24:40
1191,962,web,17.5,7.6.2,01edcdea34c223e7945245febb5fdc4deb8defd7b438ad5f8b12ead06d5f1fad,True,2025-05-17 06:25:40,2025-10-05 06:25:40
1192,736,web,18.1,4.17.4,5509c8af18b7e41c5c3dd6e92ba0ff8c01adf2cd6162dd1ffcb39ed7bad28a6f,True,2025-02-05 04:08:04,2025-02-19 04:08:04
1193,82,android,14.1,5.2.7,038edf8b5c3bb7b906ddcfffa1bd2e33a36ff9410ce415ec0f939f94ffdaccfb,True,2024-06-12 15:24:51,2024-09-15 15:24:51
1194,880,android,11.2,5.2.5,01cceeaf789bd929fefa4feca3bca4b1a1aa597deda710df5f0cf36c72d32cdb,True,2025-04-24 19:36:04,2025-10-30 19:36:04
1195,29,ios,10.0,4.11.4,a7ce981ec6bd3b7df4ba21b1978de235bd6fda4ec64dfbb6c953a3b6f13cedb8,False,2025-09-27 18:24:18,2026-03-31 18:24:18
1196,9,android,10.4,5.16.4,e713efa077df067fed21fa5e398d4f8bc12eebae2d5dc36e5ac763963cc7f9fa,True,2025-01-05 18:27:09,2025-07-16 18:27:09
1197,430,android,11.2,6.14.8,5a2e9fa18b2a0beaadd644b733a05af1fea8451eceecc9e84519c59535c0ffdd,True,2025-03-21 03:33:00,2025-04-26 03:33:00
1198,272,android,16.2,6.20.0,f4ff1ea741ad5b89bde5f455daf4b72befdb8aa77fed8c2c0482fbc1f05afcdd,True,2025-11-25 12:30:29,2026-03-31 12:30:29
1199,922,ios,11.3,7.0.9,ac0affb5acdffb708c15dc6e27faae7f803ca9ec0562efdee220dcb7bcebcffe,True,2025-12-02 00:18:05,2026-04-17 00:18:05
1200,628,android,16.2,7.15.9,4bfeffe88ccebaae683d7ab867edc5e61d4ebdb72c88dfbaeb0fea93f8e6c696,False,2025-05-18 09:42:45,2025-09-21 09:42:45
