event_id,session_id,event_time,event_type,amount,target_account,is_successful,error_message
1,7affd8bee84a4ac6d9ef06d1ee6a9af6,2025-09-28 11:13:26,pay_utility,165418.11,KZ309237282194500455,True,
2,0c0126ccce0db3d9be0d5ebf48e2afc6,2025-09-24 19:30:08,open_card,,,True,
3,bd727bee6cfa1a85cb4c161b14e8da0a,2025-11-10 18:00:37,login,,,True,
4,6f61a22cd2eba7ce1dfcb9efaf12b754,2025-11-17 07:43:50,change_password,,,True,
5,102997aa52491e6e1330deadb99eaf3f,2025-10-18 08:49:52,change_password,,,True,
6,9a6c7d13e4fdc8d9f0b80bcb1681ff7d,2025-12-23 02:52:35,make_transfer,32742.25,KZ840122745864955734,True,
7,b83c9cd4a5bfef5d6cbc92bae2248a9a,2025-10-16 13:13:16,pay_utility,36521.38,KZ290795436421162660,True,
8,dc09d5e9adc3e3f3af3cccaa5e7b6a9d,2025-11-11 09:07:43,login,,,True,
9,4edee122cfbfb80ecb9fe7062d96b1bd,2025-11-28 10:48:00,open_card,,,True,
10,b62cdbe7d8b9dec71be1eb7aec3c64a1,2025-09-01 04:20:10,open_card,,,True,
11,4e0c8e59bf016abc7d37ce61da87ebaa,2025-12-13 00:35:36,view_balance,,,True,
12,9c63e37cebc0bdaec8adca56ca710d64,2025-12-01 09:41:02,open_card,,,True,
13,e2ade107457fb859f1fca70ddbeabce6,2025-11-16 02:28:58,make_transfer,158593.48,KZ953216769072081517,True,
14,fb4fd52c241b6c40e1fe4c718111daaf,2025-09-10 14:09:56,login,,,True,
15,fa3ded87ff8cc08d56f2f15a0efdee5b,2025-11-20 13:02:29,open_card,,,True,
16,ed04c77e9e7c6a9d9fd6fbb405babbb5,2025-10-15 00:44:39,make_transfer,153158.94,KZ079983124617212235,True,
17,ea8ee2dba463ca548f51afc0bd44414c,2025-12-04 16:29:13,logout,,,True,
18,7d560c9f26f7b9bac8d9dd5ffea2beff,2025-12-16 19:32:58,open_card,,,True,
19,2daac02de72e0fc50c1af7e452c1c364,2025-11-20 01:41:40,make_transfer,177500.95,KZ305016943756827990,True,
20,4f944b115fa34c491fdfbcecc45bd54f,2025-10-01 04:36:25,open_card,,,True,
21,19dc33dac674fc8f333c6ddc290c8fc9,2025-12-25 13:57:31,view_balance,,,True,
22,6c78080ceccbb5afd2eb8aba7e80aa08,2025-09-01 16:14:18,open_card,,,True,
23,2f9d543129dae1b2cecb427adaa8eeff,2025-09-14 06:30:21,logout,,,True,
24,2da23c3cbfc6332b0fba6e8dd395ef8f,2025-11-09 17:39:31,change_password,,,True,
25,189edf2634023f39155adecaa9b5a30e,2025-11-04 01:55:58,change_password,,,True,
26,66a48de2b0faa31245aecddcf0c40fbc,2025-11-27 07:40:42,logout,,,True,
27,3a9cfedfbfca9bbd444d9b30ae8992d5,2025-10-06 09:58:47,view_balance,,,True,
28,adadfa9f04a43686ea9d7ecb6c92866f,2025-10-21 15:37:59,logout,,,True,
29,b1aeb441dad18caeabbceaa195b8e0c4,2025-09-13 18:47:36,make_transfer,133784.17,KZ339084558467192288,True,
30,9c63e37cebc0bdaec8adca56ca710d64,2025-12-01 09:50:39,pay_utility,51249.26,KZ960287628326316965,True,
31,77778ebb81bdef0dd98f1c3e1dbadaf2,2025-09-25 18:35:10,open_card,,,True,
32,791eefa3fc2083c18de0fa5dcf434aa2,2025-11-17 02:08:22,pay_utility,46614.55,KZ233844287996148918,True,
33,2f73afec7fe49d31bce3a8ef7d46bc8f,2025-09-13 08:47:47,make_transfer,151575.05,KZ797100386745800360,True,
34,9feb51bedc4e5bce4ab96dd071b9bdbe,2025-11-22 12:19:21,logout,,,True,
35,bd727bee6cfa1a85cb4c161b14e8da0a,2025-11-10 17:35:38,change_password,,,True,
36,86d0957ebdb37fd989f4ddb7d3fb5afc,2025-12-23 17:36:17,logout,,,True,
37,9d3209a75157606ae1a426dfdbbde677,2025-09-17 17:17:37,change_password,,,True,
38,bf1dfb6f76f24d3a0f141fb6fcad4cb6,2025-09-30 08:52:35,pay_utility,154749.65,KZ200841581422324059,True,
39,2beb2b66c40bfbf213db09daf6e8b9bc,2025-12-25 17:54:38,view_balance,,,True,
40,c3e1e76140f40edee309a868deca5edd,2025-10-17 10:04:23,pay_utility,72047.55,KZ285260120641674656,False,auth_error
41,a1fe0d34e5aab6dbe9d03cb5517a282f,2025-12-25 04:46:48,pay_utility,113515.36,KZ913441301549035636,True,
42,f4443ac924c136a9cdeef109b4c46f4e,2025-11-09 10:17:35,pay_utility,155818.6,KZ100300072286959955,False,auth_error
43,da71358dc8ae088bca7783fbe3a2a4c8,2025-11-21 05:37:16,pay_utility,148897.24,KZ133680297200521687,True,
44,4bedfb8eaf23cd96adb63ef060addfe0,2025-10-29 09:27:02,change_password,,,True,
45,e7a3aeb2eaeaabaccec5a9e4d5dafaba,2025-09-08 19:34:15,change_password,,,True,
46,66a48de2b0faa31245aecddcf0c40fbc,2025-11-27 07:14:03,view_history,,,False,timeout
47,21dadb2b3bda95ffd9ab3d7afebece12,2025-12-16 22:37:14,change_password,,,True,
48,e0c589455eec7c1cd7b0ba12b8fbb9e7,2025-12-01 08:22:40,change_password,,,True,
49,0ff3243aabaa695f1e5addcca29cc443,2025-09-02 22:32:44,pay_utility,53395.76,KZ684019044359858024,True,
50,371d95c2568801fee9bbae843b708cac,2025-12-21 19:26:17,make_transfer,59645.03,KZ185131519855435827,True,
51,77778ebb81bdef0dd98f1c3e1dbadaf2,2025-09-25 18:29:36,login,,,True,
52,7defcc64f56e8ef1fc7adad743be6d2a,2025-11-14 14:12:37,make_transfer,28667.28,KZ130837688321317756,True,
53,cb78fecea28d4e11da1addb0fb4e65cc,2025-11-28 07:49:14,make_transfer,131241.91,KZ241341457038354666,True,
54,cdfb843c9facdae0cbdf96efb421f038,2025-11-30 05:27:29,make_transfer,91437.29,KZ661104889978933466,True,
55,52425b0b8f49f7a7a61cd81fccc2c1ea,2025-11-03 06:19:55,login,,,True,
56,bc68dd99c2f3ad81017aedb96dcceedc,2025-10-04 03:41:02,open_card,,,True,
57,df3acdcdcece6f0b6909e31c68b9d068,2025-12-02 04:46:36,change_password,,,True,
58,abbc20fbb8cad1ec8bb72ae4f3efd5b4,2025-12-22 03:51:21,view_history,,,True,
59,c7fc31ec55ec264bcc1e019a9cced2c6,2025-10-18 16:11:52,view_history,,,True,
60,bdaa0ce0ccdcc1d0127cfcac2f52372b,2025-10-08 01:13:04,open_card,,,True,
61,97b84ead2a3cedd8fbded3bc00dfb3db,2025-11-27 12:32:56,make_transfer,124918.49,KZ011567109529223411,True,
62,b36f21bfa53bf9029fbbfc22ecd306fd,2025-12-04 16:35:58,change_password,,,True,
63,31df7bed3fe12f5fda5c5bcb485128d9,2025-10-29 02:23:23,open_card,,,True,
64,0d6a58fd362d8e8541efdbd7b8acdd5b,2025-10-03 21:50:05,pay_utility,84320.5,KZ528864725846665997,True,
65,3a2ad98611fef3cbdaa09ff1f1ed131c,2025-11-14 14:54:08,view_history,,,True,
66,13eea2554fba89d6e31dd382fcccdba3,2025-10-03 05:53:57,make_transfer,198484.27,KZ999884345181750416,True,
67,b53f548fbe053dfbdd9bccbf08c1c5e0,2025-11-18 10:41:53,change_password,,,True,
68,beed60e2ba0b37a15ef4cc2a6ea3548a,2025-09-14 05:52:08,change_password,,,False,validation_failed
69,05d4ab28da38febcdba7edebbbb0a73f,2025-11-12 20:39:37,change_password,,,True,
70,fa3ded87ff8cc08d56f2f15a0efdee5b,2025-11-20 12:56:18,view_history,,,True,
71,1ee457d68906c3e9e7dba83aa0cbdfb5,2025-10-09 03:08:46,logout,,,True,
72,ca8ef2feaf9e51b62e5c66cce04e43b5,2025-10-21 03:25:19,open_card,,,True,
73,1ea6c0dfac73db3acaf2dfd9cfa13d24,2025-11-28 01:52:38,open_card,,,True,
74,371ac1da364537dbe3f8ae6bfe6c3be4,2025-12-26 19:03:12,logout,,,True,
75,1b3e8ccea5064ecc75ccc80ea5b8b83b,2025-09-09 14:37:03,make_transfer,120805.75,KZ297380136640672532,True,
76,c7661e56aaf56f1e3f68bba3fdef03b6,2025-11-06 08:11:44,open_card,,,True,
77,1edccbaa344f0ac8c11e971a3ab44baf,2025-11-27 08:53:05,change_password,,,True,
78,3fb91bbf63bf1d532bba8ced16bc2e39,2025-10-13 04:58:53,login,,,True,
79,d7aafd4cbdd2dfadbbd488b0c9aa6bfa,2025-09-19 01:13:35,open_card,,,True,
80,2af595deeae55ea6fb5e8af666542249,2025-09-20 23:30:22,view_balance,,,True,
81,4a68cbf1fcc0ec90cf382fa68822b9be,2025-10-29 19:14:41,open_card,,,True,
82,4fbd6ac945965bacd4dcce4db40f351e,2025-12-29 20:14:40,view_history,,,True,
83,5f725c4b8e2595ed3d23050a0938e233,2025-12-19 00:48:51,make_transfer,85511.16,KZ931111048210017421,True,
84,cfff87513a2acb76be92b4fefdc9b851,2025-12-12 05:25:23,logout,,,True,
85,4ce63cf4bfbbf1e8f5e0ae253cccface,2025-09-01 10:19:48,make_transfer,86204.23,KZ383920980415043864,True,
86,bafe543bfd0e9c8b8a9638beaf19a542,2025-09-28 10:45:37,view_history,,,True,
87,09069d5558b049ef86107c889aa793be,2025-09-24 09:45:08,change_password,,,True,
88,d0dc6ddd80628ebccfeef870dfbaa213,2025-10-30 12:04:43,change_password,,,True,
89,1ceafda52ba0c729154cd27158fb6e66,2025-11-16 07:22:30,view_balance,,,True,
90,14ceeabc64ef039ac67cddcdad2b1bad,2025-10-01 09:40:29,view_balance,,,True,
91,8bafdc1eb5e5e002255c5dcfbaa1ddad,2025-12-28 01:24:51,view_history,,,True,
92,e59a4560869fa0f472df98134c4feefe,2025-12-07 04:02:04,make_transfer,37122.88,KZ253469972684426856,True,
93,a017067bb5eabbcb5e06f55d7bc90f22,2025-12-19 02:49:16,logout,,,True,
94,4767cea82acbcfb145addfdf0a188c92,2025-10-18 23:53:43,login,,,True,
95,ed605f1e7fed2a8bcbe61ed0cf602aea,2025-09-25 05:43:24,change_password,,,True,
96,aedc5c8d7381ae50fa9ba7e7bdd1acad,2025-12-27 00:37:55,make_transfer,110095.67,KZ782495975973157525,True,
97,329a58a1e433bbc91bc48cb94d753072,2025-09-27 13:06:51,make_transfer,32814.46,KZ446213328921347940,True,
98,ebdc0cea0058d22c7f6a0e2126599f59,2025-11-28 06:48:17,pay_utility,69828.45,KZ229244979710147434,True,
99,14993fdbcb2c9cd9d0c16821dbe087ee,2025-09-06 13:24:28,pay_utility,97772.68,KZ996400814312881547,True,
100,bf2dea1b0fa07ee33ea592fab6dd5cec,2025-09-24 22:11:38,change_password,,,True,
101,ffd7e7d246cfff0da12d8e81e4049cc0,2025-12-09 02:28:47,make_transfer,49999.16,KZ271054262385400598,True,
102,6d08f6a42e9ef235dbba02be2dacaee2,2025-11-24 14:53:07,login,,,True,
103,b913ea1ff2c9fc5336445c1eb7adbcf5,2025-11-03 16:56:05,login,,,True,
104,3dacdf4b90ab9d0fea62aeacdfd0a064,2025-10-10 16:24:28,pay_utility,28346.23,KZ156444478589958562,True,
105,d131a22292f7fef9ae25ad81357fae4f,2025-10-11 14:33:37,logout,,,True,
106,329a58a1e433bbc91bc48cb94d753072,2025-09-27 13:04:29,login,,,True,
107,0b05c9af37e067670fb76e2151dfad1d,2025-09-25 04:57:50,make_transfer,199512.0,KZ558045501695588174,True,
108,b3abef614eecb98f0adaffcdbdd6adcf,2025-12-01 02:56:35,make_transfer,169246.39,KZ578846992219488829,False,validation_failed
109,56af7d3491202ef82d0cdaea6beebd35,2025-10-12 21:51:19,logout,,,True,
110,fdee7cfe96ccbf3a02033dbe8a778fc8,2025-12-28 11:58:07,open_card,,,True,
111,420d18b618efa6ee0dcc2adacfbb6f8a,2025-12-13 01:12:27,logout,,,True,
112,cffedd4b317fc47cae81bca132dede38,2025-09-02 21:53:03,change_password,,,True,
113,6fdb5d8a6fd9f3c951eed5f60c0bab3d,2025-10-28 15:13:25,view_balance,,,True,
114,d7fc6cbfea3ca2dea34f9ffe72eb85cd,2025-10-10 20:57:01,open_card,,,True,
115,bdd6a88e9ce35bc95e8a917aa1bea81b,2025-12-12 06:47:12,open_card,,,True,
116,c6c5ce8ed688eebbda9cecd8bda748e4,2025-12-28 15:47:13,logout,,,True,
117,a98ac3d0baca3dea7fc1603f0644d2f2,2025-09-23 13:58:15,pay_utility,81727.0,KZ283647986847643992,True,
118,ced8dafbec85bf1f9c3eda26cfd21702,2025-09-25 21:38:35,logout,,,True,
119,bbd3c0d7bea0f503b412828e65fe4aad,2025-12-24 04:00:05,make_transfer,72048.65,KZ918022584585683796,True,
120,3b7bae38c4d98fbd0d45ebd25a9fe2f2,2025-10-30 21:18:30,view_history,,,True,
121,d49d0b55ed182f20afac7adc4cebaf0e,2025-12-07 11:02:12,view_balance,,,True,
122,c46fcc6ebffdaad002357cfdbfec43b4,2025-11-19 13:10:47,change_password,,,True,
123,6e4dd74cabdbedede4bf1c289a30cec1,2025-12-29 21:29:27,logout,,,True,
124,c84b506b40011e40c9e0cc45cc21bba1,2025-12-06 12:31:32,open_card,,,True,
125,9f4f34abe0784c0d7abca0ee7449db3a,2025-10-22 02:19:59,view_history,,,True,
126,c6b786be953afcfcc0bb62adad4decfb,2025-12-19 11:01:16,make_transfer,187955.79,KZ276066489508852794,True,
127,3c3d7aa08b0c34b542bdf238ac196bf8,2025-12-09 19:18:59,make_transfer,113506.56,KZ950057759338582407,True,
128,acc1fcd732c2ded9fcc7885fe15ef9b7,2025-12-08 07:05:59,open_card,,,True,
129,c333b3fae02f9f937c5a9da4004e9429,2025-11-11 22:30:42,login,,,True,
130,b6d90926d78c8d1620b174d37632bae6,2025-09-07 12:48:42,login,,,True,
131,9ed6b2fabe95ecacc11a2892bf9ac559,2025-10-25 23:35:15,logout,,,True,
132,bebf8cb7d0c7dfd0a4a6d1da81d92974,2025-10-15 10:41:58,logout,,,True,
133,bb50c83bc255bd534bfaf3828f12ff58,2025-12-05 13:14:30,open_card,,,True,
134,ed27e3d5a8ae1d356b24da3f2a43c3fd,2025-11-19 11:51:34,logout,,,True,
135,228382fd3ab303b844bfaaf6dc01aadb,2025-11-09 20:27:25,view_balance,,,True,
136,fd373bc6e2b9e4ce36ef558e1a39234e,2025-11-14 11:04:54,logout,,,True,
137,9f0de20f7ce64598fc3fcb35035c55aa,2025-12-02 08:26:12,view_balance,,,True,
138,f8f26f8efd1f2927f0c8cc72eceb9cfe,2025-11-01 23:41:09,open_card,,,True,
139,073d3074df90e9d21c2effeccbc043dc,2025-11-06 22:23:33,change_password,,,True,
140,abb2aec4538dd0f4f5d40eee1e6ac3d1,2025-11-20 05:37:07,pay_utility,181784.67,KZ531014076715166413,True,
141,c7e271ff1c31fa1b6d337ff444b2c9d3,2025-12-22 00:37:27,view_balance,,,True,
142,d19fcb2cfdb57e2eee24dc355d38efbc,2025-09-16 10:26:38,open_card,,,True,
143,efa8cb027317247b16deae1a2ef241f0,2025-11-09 17:34:02,pay_utility,35801.25,KZ638699669859694816,True,
144,965aaef7b20905fabf1abdacaffc0dd9,2025-09-06 10:48:59,logout,,,True,
145,f208cb21d8acbbb0eadbee6c90548df6,2025-12-04 11:57:22,open_card,,,True,
146,cea4f07664c57aaa25aeb3efd26ff3e3,2025-12-14 20:07:17,make_transfer,119124.07,KZ130300493105758743,True,
147,99faeefdb6dfa4dc7dbec41413bd258b,2025-10-19 09:19:09,login,,,True,
148,2bfdbb5f31bcbcfe62ddd3d47fffdeee,2025-11-05 16:02:19,change_password,,,True,
149,54fcef674ad1f1b829785c0b7d1bc27e,2025-09-20 05:40:29,logout,,,True,
150,20514caee4a0b52cd90e8e23bd8bf8bf,2025-09-12 23:18:05,view_balance,,,True,
151,3fa7b879f393a3becc4a38d48fbf89f7,2025-09-18 00:49:21,view_balance,,,True,
152,6d850efd1dcb418dcaf1e7c3dfea0d76,2025-11-24 08:28:40,view_history,,,True,
153,792ca72aaded101bcebaca0135aea2cc,2025-11-03 08:09:12,make_transfer,74792.83,KZ573852697758021500,True,
154,62c00751d92e6eec295dc372cdc25c3f,2025-09-29 05:26:25,logout,,,True,
155,cd71c4d5f8e90bae3d69745bd87df4bc,2025-11-16 21:21:21,open_card,,,True,
156,b36bfcde46f7ebbb53db17aea7defe5a,2025-09-02 14:50:42,view_history,,,True,
157,a560b3135606facc4b89cf2511a7e6f8,2025-11-20 02:24:53,change_password,,,True,
158,43e917aad4118cb44df36ec21aa59b83,2025-11-17 12:17:29,open_card,,,True,
159,8edde03395d4b7bdf1c000adbbedf8c7,2025-10-01 00:54:58,make_transfer,166334.03,KZ675523913663176889,True,
160,320ef592eecd3ec15e1b3b6352ddecfb,2025-09-26 11:46:54,make_transfer,148359.79,KZ592337213839936524,True,
161,c65bdfdf8df8fcbca99b756500bfa2a3,2025-10-19 02:26:29,make_transfer,192775.2,KZ365796471747064551,True,
162,fd8cda159ba48e98e3dc2fdf1cdefe0a,2025-09-18 14:18:03,change_password,,,True,
163,bbdd1b2e7cd6ae1ba9acb603afda3000,2025-09-17 14:19:10,change_password,,,True,
164,b181b27ddde5514faf1ec30e94a6a9a9,2025-10-27 06:45:58,logout,,,True,
165,498cb4e277ab2b7e6fccaddacbd2d7c9,2025-12-17 03:49:23,make_transfer,160640.9,KZ241762837299235386,True,
166,566ad1bb3bec85f4cebef0caddec29da,2025-09-25 22:40:54,login,,,True,
167,b4f48f85b2d8eeed4bdcaaa94281ab93,2025-10-30 21:15:26,logout,,,True,
168,dcd34b4c7e2e6ddebbf97f8a2ff28766,2025-10-15 12:51:00,make_transfer,129917.02,KZ490985245977866236,True,
169,27ea997e7575f57deac1d9fa8cec49ae,2025-09-01 12:21:41,open_card,,,True,
170,7d7ecda3bd8c97fc5e7bafde90be5364,2025-10-16 06:35:36,pay_utility,181399.2,KZ659743335875152816,False,validation_failed
171,cf5b7f39d2d5f69f3c61ddedff6b1bfd,2025-12-02 09:30:31,logout,,,True,
172,efc328fa02b9caa6c7b018d4ff2aa0e6,2025-10-14 21:39:52,logout,,,True,
173,4ad063843e7eab88aef42fa0abbc40ff,2025-10-10 10:11:37,make_transfer,95155.2,KZ571821088507999940,True,
174,a15edd1bbff724b3fb555cdf0ea88aeb,2025-09-02 14:25:12,view_history,,,True,
175,d1f5fb2f3aa17f2f5bbbb859ec6b317c,2025-09-06 23:07:16,make_transfer,16531.93,KZ490315946913387806,True,
176,595a2c8f1d72fe3cba8fbcc464a03873,2025-09-04 15:31:51,make_transfer,140158.38,KZ177053703458223817,True,
177,dfef13f69b1dc8dfc56ec73ac834dfe1,2025-10-26 05:35:18,login,,,True,
178,bbeddd4b1e5160e5afdedf2e0e23f068,2025-11-05 00:42:31,login,,,False,auth_error
179,bea8cb72e58bdbdccfd1966ca2af3762,2025-10-16 14:27:21,make_transfer,97007.32,KZ831105717839032432,True,
180,4f97495ccddf0efa10ffe90e7fb1a84f,2025-09-05 14:41:48,view_history,,,False,timeout
181,fa3bfff8bb74fffb2ca800d6c8f2ca2f,2025-09-04 23:25:03,open_card,,,True,
182,4fccc040359b63a6b72fd502b7abeb0f,2025-12-15 10:16:22,make_transfer,179679.48,KZ544257441145303346,True,
183,3a9ebd71c76d6ac139264ab33d42662c,2025-12-13 21:23:56,view_history,,,True,
184,d4bdfa9854a16ffadb57a53c90facbeb,2025-12-23 01:05:37,pay_utility,199834.02,KZ876186026459930605,True,
185,17e45abbaee0e50a729b7d21de1cddff,2025-12-25 17:58:15,login,,,True,
186,7190a5cbaa20aafa79fddd98699b8c58,2025-10-08 02:56:55,view_balance,,,True,
187,df6e3cfce03fda0bcd9bd95f3da9cae3,2025-12-17 13:27:13,view_history,,,True,
188,cdde0d54714fa22c0745c94835bba2fd,2025-09-22 03:08:24,open_card,,,True,
189,9fc37dd89e09058cdc7fba9f2fee8add,2025-11-04 06:31:28,login,,,True,
190,619ebf5cde123db0b261d22cddfa403b,2025-10-14 21:51:30,change_password,,,True,
191,1c5bf9d6d2adb8cdfdeae8b439ad3cab,2025-12-21 08:40:04,open_card,,,True,
192,f0be4c1edf6dc6ae488aa7cb895ed587,2025-12-09 14:49:54,view_balance,,,True,
193,7831c5cf23f3f6d236822f7332cd4f0a,2025-11-29 05:42:15,view_history,,,True,
194,dd03a39dd8e41c6a5ebc96dbb6cac548,2025-09-18 21:09:13,logout,,,True,
195,c6d75a6d5b0567ccad26fc7ded0aaad0,2025-10-31 18:50:11,view_balance,,,True,
196,f33c0fb880e9cc74bcdbbe1cb4d2d887,2025-11-17 20:37:21,pay_utility,26590.72,KZ625403970837731077,True,
197,e9765bee312c9fcf71af1b0ac8d62596,2025-12-06 15:13:32,make_transfer,59407.91,KZ043563034505938873,True,
198,facdec5bcecdd00ed4fbcadbc58fe8b3,2025-09-08 07:13:51,view_balance,,,True,
199,3b9af4c583bdcfbfbc14ef8b7daf57ca,2025-10-25 12:48:14,pay_utility,30817.46,KZ658111720180552897,True,
200,933b603e6c1ec237d4baf9e8e2e0abbe,2025-09-20 12:49:34,open_card,,,True,
201,ad4a103447dc6efaf5080dcbbb698ebc,2025-10-06 15:45:58,view_balance,,,True,
202,189edf2634023f39155adecaa9b5a30e,2025-11-04 01:37:31,pay_utility,167042.9,KZ733058177151204645,True,
203,67bb144f5ec5690cf3abb06fdaef43fd,2025-12-06 14:18:50,view_balance,,,True,
204,ced8dafbec85bf1f9c3eda26cfd21702,2025-09-25 21:29:11,logout,,,True,
205,a9ffcaf52dddb20ac0876cff688f777a,2025-11-09 03:43:12,login,,,True,
206,03b16e44dfe2c58affb6cac9d771ca05,2025-10-29 03:26:50,pay_utility,53205.53,KZ550193965575404213,True,
207,fa13c86fc6b3aad7ac3b0acec75a0e7d,2025-11-09 02:27:57,pay_utility,59570.32,KZ928351458006365717,True,
208,c9bbb6fe4abfdd0fffd6ba52efc2adfa,2025-11-22 16:20:37,open_card,,,True,
209,efbae6cb1b3c9ca9b0c8542ce9b483fc,2025-11-22 02:44:45,make_transfer,14442.44,KZ375650725568183322,True,
210,2c7a5d85505e21ad2e8f66d601d799fb,2025-12-13 14:42:57,view_balance,,,True,
211,bd89c7d1bcdbe0a55aea3d93b3ef7c6e,2025-10-23 04:22:37,view_balance,,,True,
212,d4be7feefa8f6a9d41969ff5fbbc2bff,2025-11-25 10:02:19,change_password,,,True,
213,d59ab0a0b0ce783b9567f0fc5b0d888e,2025-11-18 17:53:02,view_balance,,,True,
214,c96ffc822c798b4af53a57effcf280c9,2025-09-12 22:14:17,change_password,,,True,
215,47afa7a9bf7ccbefeecdc74faa7bbeb7,2025-10-28 18:14:20,view_history,,,True,
216,6d106d4cb5dee4ddc027c6710ac6da5d,2025-09-17 19:08:45,logout,,,True,
217,d9db2e8ccfc84f2df8f1d82ebdff8b1c,2025-09-19 04:12:08,view_history,,,True,
218,3bbaa5eff8a87ced5cefde58a878b46b,2025-11-04 18:02:36,login,,,True,
219,aae93fdacdf7a5c9034dff33ed3b377c,2025-12-06 13:30:09,make_transfer,169914.98,KZ661302431967632546,True,
220,aad2cc967aab850f9cfdfb3b7d918968,2025-09-25 05:24:27,pay_utility,6287.28,KZ002925281692142537,True,
221,f708ae890fb2f27b4eca2ab7dbfd76bd,2025-09-03 04:54:06,view_history,,,True,
222,5f034ac955f79f77ee602bdca8c0aac8,2025-12-25 22:47:43,view_balance,,,True,
223,662e43fb84071ef4f71abf24aa81a909,2025-09-20 01:19:29,change_password,,,True,
224,6f0f86067af1b6c69361e53fac519013,2025-12-27 04:33:34,pay_utility,170634.14,KZ738507835171178984,True,
225,27acac543dcfecc0c41bfbcaeff89413,2025-11-25 05:21:23,view_balance,,,True,
226,aacdab1caad12df793ebd3aaada2950b,2025-10-04 03:06:17,view_balance,,,True,
227,595a2c8f1d72fe3cba8fbcc464a03873,2025-09-04 15:51:35,make_transfer,83772.85,KZ133138683822102561,True,
228,e2cd2b1b2923eef49d7e1ff26798dedc,2025-12-21 23:01:43,logout,,,True,
229,7e1edbaea89acfb6bce80b8aa7d3a4a0,2025-09-09 15:54:48,open_card,,,True,
230,1cbfc04fb7295bf7f58473c06dfbf6b3,2025-11-18 08:31:55,logout,,,True,
231,c4da02dc26c2939cf2f4e31e67dd7e7a,2025-12-17 20:09:07,open_card,,,True,
232,7e1edbaea89acfb6bce80b8aa7d3a4a0,2025-09-09 15:53:03,make_transfer,99946.94,KZ600338993043869549,True,
233,1a72d4ab0f67b44dc7ba1d9b6828aa7b,2025-11-28 11:44:27,view_balance,,,True,
234,eb11ffbf96dc285c25bb04cefa532d0a,2025-11-22 21:17:53,view_balance,,,True,
235,bf24e8feceaba8cc3ff1c112871b34bc,2025-12-19 18:32:15,pay_utility,113783.98,KZ107851103437035499,True,
236,4e6fd52db73f60cbfffdd4ce03ff68d2,2025-10-23 14:50:37,logout,,,True,
237,30a8be4fc0a4fa19fa9adfc4abaa1f22,2025-11-04 06:36:19,pay_utility,59179.81,KZ038762021732317644,True,
238,e8595ba6e0cdfe81c1bf9fe33fcf52bd,2025-09-20 21:32:25,open_card,,,False,timeout
239,95187e695ca8f89e326abe0b793fc2bb,2025-12-23 01:33:51,pay_utility,175215.34,KZ068375083808663670,True,
240,facad3c5a19fcefd9843f68fcb0df84f,2025-11-30 08:30:48,login,,,True,
241,eeeb2fcb9892e0c3cc5db275ab6dfc0d,2025-11-28 09:35:16,pay_utility,73870.13,KZ882227180514413440,True,
242,85cefc71282d3efd723c4efb867b0a26,2025-09-14 19:48:35,make_transfer,160116.62,KZ413180978905530756,True,
243,36d7aaee5f5bff7b3bcdffffdc528255,2025-09-29 16:35:42,change_password,,,True,
244,bdcd7ea89baebdd3e9ecd2bbfdbfb12c,2025-12-19 10:13:36,logout,,,True,
245,ca713fb6ce5126dafbc1a19bb2fcecc4,2025-11-25 02:21:03,pay_utility,7188.51,KZ997326382400538230,True,
246,8bed7cbf3ede99fffcdca5cfcace95c8,2025-09-20 16:06:15,view_history,,,True,
247,f7fff5d09829abd28edadecc29fadd4c,2025-10-02 08:39:28,logout,,,True,
248,f065bcc09dacfbf5ce0cc464ae816676,2025-12-17 21:11:43,view_balance,,,True,
249,a1fe0d34e5aab6dbe9d03cb5517a282f,2025-12-25 04:27:44,pay_utility,48434.63,KZ252371625471425300,True,
250,dbb53bd2addddfd69efffc48fb8becec,2025-11-22 01:00:27,login,,,True,
251,e8595ba6e0cdfe81c1bf9fe33fcf52bd,2025-09-20 21:23:48,view_history,,,True,
252,3f8c9cfaad0ea57ddcce9f9baeede7ff,2025-09-26 01:31:34,make_transfer,52655.14,KZ595171256459407564,True,
253,d9b8d7beb7abbed9fe48b15dad601db0,2025-10-10 15:00:15,open_card,,,True,
254,3a2b89de1d8d43eec8694debc7c8de5f,2025-10-29 18:57:02,logout,,,True,
255,aaddad366f1b4a09dfffdddd48e8fd0a,2025-10-26 00:23:50,make_transfer,75504.32,KZ799636717464102240,True,
256,07c821da20e8ad30d7a8fbfe7fec62b7,2025-10-04 20:08:45,login,,,True,
257,9ddcbfcedd9bddb2a42ff7d7ba68aee4,2025-11-18 13:57:14,change_password,,,True,
258,70da9cb108d61a8dbddd32f9bf935c90,2025-12-20 09:54:24,make_transfer,9601.7,KZ564305648519832457,True,
259,379cf1b9b281b68a2d325555a1c0e8d3,2025-09-01 19:37:55,change_password,,,False,timeout
260,51be2aba605427a63bce48cb8aa2d2fc,2025-09-26 02:03:46,pay_utility,164044.26,KZ455983730444953104,True,
261,7bdb590bbd0cafc8dee29aad4ac6f91f,2025-09-01 23:14:13,open_card,,,True,
262,089d4344c8c75025a42e39758efbb6d8,2025-12-06 09:08:51,view_history,,,True,
263,2beb2b66c40bfbf213db09daf6e8b9bc,2025-12-25 17:47:28,login,,,True,
264,5cd2402510f618687a5c0b080632b143,2025-11-20 22:40:10,view_balance,,,True,
265,afed50d75a69d70bb50fafd506ed4c0a,2025-12-20 20:10:22,make_transfer,129311.92,KZ276519079463604955,True,
266,1cfa625635e2af893bf0c19bdaecdffd,2025-10-18 16:23:27,login,,,True,
267,636e4f66de8d6ae41bc4e7ae20608db6,2025-12-21 00:36:28,logout,,,True,
268,dda3f585a85ae76acab13da8eb6abebc,2025-09-18 16:45:04,open_card,,,True,
269,9ed930dafd0a65a359f3cbefaba2f4db,2025-11-17 07:48:53,view_balance,,,True,
270,beff6ac6ba9ec40bfe89a3df06d369ca,2025-11-12 03:16:44,pay_utility,101761.2,KZ047368252122779074,True,
271,6d1dbd369930349acb144203bcdc9c31,2025-11-07 22:26:14,logout,,,True,
272,8d57b1ee1e6b8880a02ceed92de09f9b,2025-10-14 20:29:21,make_transfer,8420.35,KZ356602770657385250,True,
273,3c5c4cecf4dc0766f8cdc7efd31daaba,2025-09-22 22:18:34,view_balance,,,False,auth_error
274,e94ecb359476b3ab0d1fcc2dc3c6e54d,2025-10-29 10:51:55,open_card,,,False,validation_failed
275,329a58a1e433bbc91bc48cb94d753072,2025-09-27 12:56:52,change_password,,,True,
276,6d08f6a42e9ef235dbba02be2dacaee2,2025-11-24 14:39:44,pay_utility,126511.87,KZ837965848293617656,True,
277,edabff692a640dbec5add2ec3bdf6e6f,2025-12-02 15:17:13,view_history,,,True,
278,25fa26dd784e4a82b7fc233c57ea6aa4,2025-12-29 09:20:15,change_password,,,True,
279,6eb9d6a03fddea08ff55bc8baebef4bf,2025-10-04 22:46:43,logout,,,True,
280,9a6c7d13e4fdc8d9f0b80bcb1681ff7d,2025-12-23 02:55:26,change_password,,,True,
281,eafbca2b13aac7debf318cf9a73929eb,2025-12-22 12:06:56,open_card,,,True,
282,cd589077dbb68ed43af2f7bea31c3b35,2025-11-18 17:58:33,open_card,,,True,
283,8b6aafb8fe6d0b1dcf919ed36fd5aaf1,2025-12-14 18:43:53,open_card,,,True,
284,4f944b115fa34c491fdfbcecc45bd54f,2025-10-01 04:10:32,login,,,True,
285,3528a4c8ab5b6d44502c03a9ec6dc6d2,2025-11-09 02:03:13,view_balance,,,True,
286,bd5cf899e4200fc2b79ad1fff59d5e76,2025-09-19 11:44:53,login,,,True,
287,ddcc7b4043102be56a18767ad8afae6f,2025-12-05 21:43:20,view_balance,,,True,
288,cdfb843c9facdae0cbdf96efb421f038,2025-11-30 05:41:30,make_transfer,67187.74,KZ011270844437813877,True,
289,b913ea1ff2c9fc5336445c1eb7adbcf5,2025-11-03 16:48:43,logout,,,True,
290,bdaa0ce0ccdcc1d0127cfcac2f52372b,2025-10-08 01:22:47,view_balance,,,True,
291,aedc5c8d7381ae50fa9ba7e7bdd1acad,2025-12-27 00:33:54,change_password,,,False,auth_error
292,920cfcdf4be71df152fd51f7f95f632f,2025-12-11 05:11:56,view_history,,,True,
293,5e79c0fc9fc1e85ce11a7dfe593aa568,2025-11-07 17:05:10,view_balance,,,True,
294,ec21b2e9866660e4b2a62bec2b1fd722,2025-09-07 22:09:29,login,,,True,
295,bf24e8feceaba8cc3ff1c112871b34bc,2025-12-19 18:44:07,pay_utility,171500.49,KZ330496549632275679,True,
296,c6b5c106dc2d07b60c5b0ae380d8bcc3,2025-10-19 21:25:22,login,,,True,
297,bf8ac49fc51aa3202a0d5c0bfbe3fdc0,2025-10-21 12:11:57,logout,,,True,
298,ae41a46fac5ccae00cb99d35cea93a1c,2025-12-07 23:08:04,login,,,True,
299,c84b506b40011e40c9e0cc45cc21bba1,2025-12-06 12:34:25,make_transfer,128314.42,KZ649508567323272362,True,
300,cada8c3c47c0ec3df2cecceed0cfe584,2025-11-10 16:55:24,pay_utility,133360.35,KZ033486371871339202,False,validation_failed
301,e72ffa9a9f33b8fa830d1fc70ee9a31c,2025-09-06 03:45:01,login,,,True,
302,efde4fb280625f62eb0aeffe65ed4d98,2025-09-29 05:23:47,pay_utility,53705.16,KZ745363233101064084,True,
303,eafbca2b13aac7debf318cf9a73929eb,2025-12-22 11:52:43,change_password,,,True,
304,de2d44aa050882ce7f6fdebdfdcc31fe,2025-11-21 05:59:39,make_transfer,66718.74,KZ812254969910191398,True,
305,7d560c9f26f7b9bac8d9dd5ffea2beff,2025-12-16 19:19:37,open_card,,,True,
306,fcc9aab2ae9e6db6cff75d6c8dea7bca,2025-10-15 02:17:55,view_history,,,True,
307,de7eaf91bd07db86fb02abb762b8caa8,2025-12-20 08:06:01,login,,,True,
308,c7ab2590abbf37aef3b21fdeb1482fbc,2025-12-03 13:50:38,login,,,True,
309,5eadcfeecf39bc4767c9ebe800ff301d,2025-09-21 02:07:27,change_password,,,True,
310,7e1ed00caadfe377dcfcd438f7aa9be1,2025-11-02 07:55:36,change_password,,,True,
311,68e779bdb1bfa5ec4d5d65e3cc9dad26,2025-11-08 22:06:14,login,,,True,
312,badee5acfa88bb6f34e87d7ecb1adafa,2025-09-15 08:41:44,pay_utility,13615.29,KZ878213398314049728,True,
313,a0a8eb3f9ecbedf69258accdcb8b8a5c,2025-12-24 10:26:08,logout,,,True,
314,e43e3efcd51afd9b7adbf2b06fbcd10d,2025-10-25 13:33:50,logout,,,True,
315,ad8ca5b7cac84aec3236e38e3cd17d0e,2025-09-06 15:37:31,login,,,True,
316,c7eec697e455ac49abb0ada5993df9dd,2025-11-14 07:51:46,change_password,,,True,
317,c96ffc822c798b4af53a57effcf280c9,2025-09-12 22:17:49,change_password,,,True,
318,a6a9cfae2aa31b910b4bdba6e7f873de,2025-10-24 11:17:56,logout,,,True,
319,ac6f9915a0bffcfe11edec8faca6d259,2025-09-08 21:07:04,make_transfer,90676.31,KZ854022271101984668,True,
320,b521379bbe5d3116c838a93a0ba206e1,2025-11-30 23:02:35,change_password,,,True,
321,4bef7b201119ae6bb8aaea1837c6d074,2025-10-15 11:39:40,make_transfer,83415.97,KZ868075720049762472,True,
322,80eecae5cbac8dd3cff9ff1d801fa6d1,2025-09-09 00:14:42,make_transfer,68080.81,KZ055521830193789541,True,
323,a4bff2cfb9ce1ded91cbc3cab8c7f5a3,2025-11-19 15:10:07,make_transfer,35855.05,KZ287037835821650876,True,
324,0b05c9af37e067670fb76e2151dfad1d,2025-09-25 04:52:07,view_history,,,True,
325,a9acc69e7dfd9b1d3d0bbc6c07c6dd8a,2025-12-24 00:31:10,change_password,,,True,
326,bb5ce0afcfdbf3da27ee70ee82c2106b,2025-10-07 18:32:20,pay_utility,137244.48,KZ253145329413254361,True,
327,ded2a8b7ef65f13356430add78edeabd,2025-11-26 16:48:32,logout,,,True,
328,0bdea3400caea61a8d88eeebdc3af83c,2025-12-19 07:40:57,open_card,,,True,
329,24aa58387d672ab28ef51980f9a5caab,2025-09-18 22:39:34,change_password,,,True,
330,379cf1b9b281b68a2d325555a1c0e8d3,2025-09-01 19:35:34,change_password,,,True,
331,b3bbf31fabfc5dacfcfaeda797dc5ab7,2025-12-19 23:05:30,logout,,,True,
332,e2a0a6afc9a6273c8bc35aaa6cab2fd6,2025-09-26 07:23:41,logout,,,True,
333,a43e4a14dd68eaccb4cdefb27bb9d87f,2025-10-17 06:09:13,make_transfer,95404.86,KZ957603458518123978,True,
334,c5d0be70b62b24f20f4d3f45f76fed0f,2025-12-05 19:32:43,make_transfer,43617.01,KZ792647152048950663,True,
335,fe167ffb44ff5aaec7c3d72967f5b1da,2025-12-17 11:25:42,logout,,,True,
336,c0deabf839c76f09fad75f1ad2ff0eed,2025-12-01 16:27:46,view_history,,,True,
337,7fccaad4a2a605e3058d4dfa43f357cb,2025-10-23 10:36:59,pay_utility,119781.84,KZ044603389280134784,True,
338,5722dbbaffb0c02b0aa7a2a1ab3b3df5,2025-10-20 17:56:42,change_password,,,True,
339,66a48de2b0faa31245aecddcf0c40fbc,2025-11-27 07:35:22,make_transfer,74873.25,KZ514982340199753562,True,
340,ee8f9124e59df07b6d6ebaaaf6ac4f74,2025-10-09 23:12:33,change_password,,,True,
341,9feb51bedc4e5bce4ab96dd071b9bdbe,2025-11-22 12:24:31,change_password,,,True,
342,76cdee45c7315247cfa425b1cb7e75b1,2025-10-31 22:56:01,change_password,,,True,
343,96ff9cef4bc3dc832f89c82e8f1fe84f,2025-09-19 15:07:43,view_history,,,False,validation_failed
344,b3bbf31fabfc5dacfcfaeda797dc5ab7,2025-12-19 23:00:05,open_card,,,True,
345,2af595deeae55ea6fb5e8af666542249,2025-09-20 23:23:59,view_balance,,,False,validation_failed
346,f2d7f008e46619c2db107b97bf6b3f8f,2025-09-05 12:14:17,change_password,,,True,
347,afc9b2e979edb72bed383565f009cdeb,2025-10-21 22:57:51,logout,,,True,
348,bb589a2bb2d8fdebca8ee9b92cb3d020,2025-11-08 14:42:16,change_password,,,True,
349,d7df2beaa4111b7f61ccf0e219a5346a,2025-11-09 10:00:51,open_card,,,True,
350,a7fa05db6676bdf195f1822f7150b5fd,2025-10-03 23:21:37,logout,,,True,
351,1aca3543ced35b87e7c05dfa222cab40,2025-11-14 10:35:39,pay_utility,136182.18,KZ468657047846931971,True,
352,f319dfe5c3ad7bec43faaccc5ee9cf9f,2025-10-18 15:52:53,view_history,,,False,timeout
353,9ab22ce0d68eed6ff10410c3faf7bc88,2025-09-18 14:29:48,view_balance,,,True,
354,02d6d15e323dd83ebc0e1560530da510,2025-09-19 04:01:04,change_password,,,True,
355,60c7a081deb2596e7bed7d5cbb2ec01d,2025-12-23 14:20:41,pay_utility,155711.56,KZ840157074948116357,True,
356,fddbbefd14a31583ec9bc0dbb69ea309,2025-09-28 07:54:15,pay_utility,187919.08,KZ974176591085950712,True,
357,6065cc0b7c87f1da5fc973d159bc2636,2025-11-23 20:28:33,make_transfer,90714.89,KZ012940737776643256,True,
358,011feb7cf1c17f0cb7fb21ec83c8d5fb,2025-10-29 12:07:00,view_balance,,,True,
359,eb11ffbf96dc285c25bb04cefa532d0a,2025-11-22 21:34:19,view_balance,,,True,
360,dca0d38ddde907e5dffb1ebccbbdc2a1,2025-10-24 06:13:08,logout,,,True,
361,afa52062ae4cbf3481fdf8ba358bec0e,2025-11-17 05:32:16,change_password,,,True,
362,fcad7a2dfb74f20d5ffffead802c0b1e,2025-09-08 12:09:36,logout,,,True,
363,131eca81ddab49bd3baa2adaeb8a13e4,2025-12-12 04:36:59,pay_utility,82798.27,KZ078861465650922696,True,
364,1ef1dcae16d4ff2dc5fe5fc03f5af20c,2025-09-17 03:49:54,make_transfer,149130.34,KZ457565431402641173,False,timeout
365,2289c36aecae4bdd0f282741572f87de,2025-09-17 02:10:57,pay_utility,4409.08,KZ045287294156328542,True,
366,c49e4183fdede93e90817e33b54ac87e,2025-09-06 08:18:34,make_transfer,157307.8,KZ541691558818956540,True,
367,a4bff2cfb9ce1ded91cbc3cab8c7f5a3,2025-11-19 15:06:26,login,,,True,
368,e946d987bdfd2d2e89b57dffc25cedfb,2025-10-05 10:30:26,login,,,True,
369,b6d90926d78c8d1620b174d37632bae6,2025-09-07 12:52:42,open_card,,,True,
370,9ccfacf6ada0de1dae917eefd74f658a,2025-11-23 16:46:13,open_card,,,False,auth_error
371,0d0ca2aa2ccadfea93fe61adb995eecd,2025-12-11 13:37:07,logout,,,True,
372,1fb840e23c2aa66bcf98b4dcdf46ca57,2025-10-22 01:29:23,open_card,,,True,
373,ea63922ee8fadfe85cdd43dddd7f9cad,2025-09-22 00:08:55,make_transfer,10172.32,KZ762223710987430760,True,
374,6ffc5adfecfb8b4b7913d442e55ab31b,2025-09-27 11:37:51,change_password,,,True,
375,bf3ff74ce2edffe55fd399c6cb64fd0d,2025-11-07 04:05:07,logout,,,True,
376,ac6f9915a0bffcfe11edec8faca6d259,2025-09-08 21:07:52,pay_utility,144863.02,KZ514952435819185718,True,
377,39bddda03fa5b72be5df9bb6dacbcd8b,2025-09-06 18:12:32,open_card,,,True,
378,f1aba6cb91b0fa4c13e19bcfcacea3a7,2025-10-28 01:54:14,view_balance,,,True,
379,a27f2b9daa0b074585dd1ed18cbb609f,2025-09-29 23:20:51,pay_utility,148405.1,KZ276661572409646349,True,
380,f8cc0dfdfa73385c9ae6e4c4c8e7ef64,2025-10-12 20:19:45,view_balance,,,True,
381,f4bf816ae53a38e0cd68f7957ccfaaec,2025-12-11 11:38:37,change_password,,,True,
382,c6b5c106dc2d07b60c5b0ae380d8bcc3,2025-10-19 21:29:35,open_card,,,True,
383,b62cdbe7d8b9dec71be1eb7aec3c64a1,2025-09-01 04:24:26,view_balance,,,True,
384,553aea8abbe619ab9ec6da2b44409fe6,2025-09-20 02:30:10,pay_utility,73839.12,KZ165011957917606946,True,
385,f3bbcbcbd24aa227d2fb1f29d6ea1055,2025-11-23 22:31:09,view_balance,,,True,
386,31dd5a815efafffff1872af42ace343f,2025-12-16 07:55:54,logout,,,True,
387,3b988e7eebecb41fe6e8dee3e098354a,2025-10-27 03:02:33,view_history,,,True,
388,9658dbcdbe9dd37bb8ddf9c73f2ff28b,2025-09-16 02:00:09,open_card,,,True,
389,c74ef9ab66febdb0e6dddafb2cc2d5c6,2025-12-27 01:50:00,make_transfer,169648.28,KZ842667791868296540,True,
390,0b2ace8d48ab83a9368c5ceae577fe3f,2025-11-27 03:41:29,view_balance,,,True,
391,3ddaa4283caeebe8efb8377d6a1bd9ea,2025-12-27 00:35:03,logout,,,True,
392,ff81d7193eebc9eaa34de7d59d4cfd21,2025-09-22 03:14:22,change_password,,,True,
393,43dd0cfacbf6c1c8c2ececd088e3c0cb,2025-12-30 04:09:12,login,,,True,
394,0e22f5ed05a518fefa92ee570898b648,2025-12-13 04:35:13,view_history,,,True,
395,bb27f871fd13e2bedb5c6d7bcfb9bf7a,2025-12-13 02:51:04,logout,,,True,
396,ed349340acbaca023908a8fe4fcb8658,2025-09-18 06:39:52,change_password,,,True,
397,66411a40ad1ed76e95aa6e8a9862d73c,2025-12-29 17:14:22,change_password,,,True,
398,3abb5bf16ae3d90bddc9e5bebb1fc57e,2025-12-27 20:41:04,view_history,,,True,
399,ef6e93d03ddfaf80735aa338ab2cdabf,2025-12-17 03:56:47,make_transfer,149980.0,KZ611969167140607380,True,
400,0de80c8fbbbfeafbbcffb1a32be4b0d7,2025-10-12 11:46:13,open_card,,,True,
401,d9647bbdb63d50da15da4b9b48bca59e,2025-10-07 07:36:10,view_history,,,True,
402,aa0bb9eef7ee3e9a05cdb6df25d71b4e,2025-12-21 22:37:04,open_card,,,True,
403,7fccaad4a2a605e3058d4dfa43f357cb,2025-10-23 10:26:13,view_history,,,True,
404,88daa9cfcc6adaf6ecbc4e15d0ecc360,2025-11-19 16:43:16,change_password,,,True,
405,ad7bdb7aece4ab952b0b5dad986cfabf,2025-11-20 09:39:12,view_history,,,True,
406,e70febc62eb1ae02c0c542cb21d2e3d4,2025-11-18 08:38:11,make_transfer,48905.29,KZ976219311934058563,True,
407,8edde03395d4b7bdf1c000adbbedf8c7,2025-10-01 01:24:22,logout,,,True,
408,2696cfa78e9d36afbadfaacd3bc84ea1,2025-11-03 01:02:38,open_card,,,True,
409,a1de38c6b4c7ac0f6a2e8321a86a8aea,2025-11-17 21:47:19,pay_utility,101823.14,KZ717204156984883101,False,auth_error
410,96b0db3ee4f5b31dbaa4dcbcec54d852,2025-12-07 04:44:18,pay_utility,78428.86,KZ426066995788721760,False,validation_failed
411,636e4f66de8d6ae41bc4e7ae20608db6,2025-12-21 00:11:18,view_balance,,,True,
412,4e6fbbecdee2d8db256b5e817eea31ed,2025-12-24 07:38:25,open_card,,,True,
413,c6b5c106dc2d07b60c5b0ae380d8bcc3,2025-10-19 21:26:19,pay_utility,176265.0,KZ037225586040534490,True,
414,6f63a1f82d89f909cd865c7704bd2437,2025-12-25 00:45:37,pay_utility,53748.8,KZ141373503032385245,True,
415,f7442368bf6ba4e400f831d3939a0a1b,2025-11-21 07:02:33,login,,,True,
416,ad585fdfecaf4fdfb42e5c30fdfcdfcd,2025-12-12 19:34:09,change_password,,,True,
417,e94ecb359476b3ab0d1fcc2dc3c6e54d,2025-10-29 10:32:59,logout,,,True,
418,725787bce1bcf23a24f4632718eb63fd,2025-11-24 04:54:38,logout,,,True,
419,644c96efe6dba0b5620d9cf97e975fde,2025-10-08 15:46:11,pay_utility,29200.56,KZ041297764804489132,True,
420,c84b506b40011e40c9e0cc45cc21bba1,2025-12-06 12:34:24,logout,,,False,validation_failed
421,fed67be2a05ad33b1c85052f6fa70b8a,2025-10-21 17:30:59,make_transfer,10091.53,KZ893445902126119550,True,
422,befff57b95125c7f4ba1a6e4ff6a1485,2025-10-04 22:33:59,logout,,,True,
423,2f2bb53aefedbc295caa0e8386d29cbb,2025-12-02 18:32:39,logout,,,False,validation_failed
424,ad82cbc904e41a60b8d4dcbda0dd6572,2025-09-06 16:33:29,pay_utility,33820.28,KZ495016136938572631,True,
425,5ebd24bde1eb43f3bedbc2acf7c1c74b,2025-09-19 02:10:08,pay_utility,54556.23,KZ444118151905122081,True,
426,e689ebb6dec82a04ae5bfe436c29db97,2025-12-16 00:18:19,pay_utility,35113.46,KZ444628152811679660,True,
427,181d51e5ea3b2ce88a6e34ca734a4cbf,2025-12-18 22:38:15,view_history,,,True,
428,496110bdadb5f604f5b1eb46ac5b88be,2025-11-13 00:44:51,view_balance,,,True,
429,181d51e5ea3b2ce88a6e34ca734a4cbf,2025-12-18 22:34:59,view_balance,,,True,
430,711a28a65fb2a5f3b527b510bfd0c2ff,2025-12-21 10:30:15,open_card,,,True,
431,dd4ceb02c304be76aada6be6e0bedb27,2025-10-05 02:15:23,view_balance,,,True,
432,fa3ded87ff8cc08d56f2f15a0efdee5b,2025-11-20 13:12:03,login,,,True,
433,f9aca68fc1fb86fe66137228e2ef3f6e,2025-10-17 15:02:45,view_balance,,,True,
434,1adad294da70ee86ac76810f22dbbe35,2025-11-07 09:26:37,view_history,,,True,
435,d9df3f133e6dc64decdd921c02546d5f,2025-11-14 11:45:54,open_card,,,True,
436,f73e27e8fdbb5b4bdf5f738dd01ccf94,2025-10-29 03:48:51,make_transfer,21133.54,KZ311539285877811284,True,
437,bafe543bfd0e9c8b8a9638beaf19a542,2025-09-28 10:32:27,view_balance,,,True,
438,f065bcc09dacfbf5ce0cc464ae816676,2025-12-17 21:22:32,login,,,True,
439,a15edd1bbff724b3fb555cdf0ea88aeb,2025-09-02 14:27:29,logout,,,True,
440,b857ab1e5ac25b408ddcb80f9ae8341f,2025-10-23 17:29:03,pay_utility,103113.3,KZ376589073614760330,True,
441,c6c5ce8ed688eebbda9cecd8bda748e4,2025-12-28 16:06:58,view_history,,,True,
442,93a8b05f0f719d3a7da42971ba94aea4,2025-12-09 06:56:33,view_balance,,,True,
443,a96ec7c3ddc65da89e185d5e3cc06a3a,2025-11-28 13:57:01,make_transfer,108483.17,KZ958067163959488750,True,
444,ebf2f95d5e47ce2ee1cbd12b17093a5a,2025-11-12 19:04:20,pay_utility,94548.0,KZ849003072046268257,True,
445,9ad58f5b6dce9c7d8f2ff1df9d81eed8,2025-11-09 13:52:04,logout,,,True,
446,ee5f6dc3b6f5881fafd76daebd9aee6f,2025-12-30 07:23:37,make_transfer,15572.5,KZ645624194325395036,True,
447,8eadcc60e7fdd4e70b5fe2cd56dec57e,2025-10-10 03:19:22,open_card,,,True,
448,3335ff8ca766a9fff3a5a6dad2cb32ed,2025-10-16 09:52:29,view_history,,,False,validation_failed
449,4ca06bbbde1a38954fb51ceabf19d6d5,2025-12-11 16:31:54,make_transfer,172750.02,KZ621127035303287714,True,
450,ee5f6dc3b6f5881fafd76daebd9aee6f,2025-12-30 07:25:38,open_card,,,True,
451,b60fefba44a62c8fd0eb65c84dac980d,2025-12-10 21:16:07,change_password,,,True,
452,413dba6df947e6caa55e8ecfb78c120c,2025-09-30 16:31:04,pay_utility,8240.43,KZ960243507947815305,True,
453,1b3e8ccea5064ecc75ccc80ea5b8b83b,2025-09-09 14:35:02,change_password,,,True,
454,c7504a6e2aacc0a4601dc7fd90cbb4c2,2025-12-20 06:59:53,view_history,,,True,
455,ada185c30e3c5d26558aa4ebf0f2ae06,2025-09-14 06:44:14,view_balance,,,True,
456,284aa169d3fcadcfc0203b44cf0db5d4,2025-09-16 22:37:23,pay_utility,120273.46,KZ745306599778775671,True,
457,dc4d5ecf6f152aba1a6eff0f6241136b,2025-11-20 07:14:42,pay_utility,94108.45,KZ714088711721645716,True,
458,ed6f7abbb28bf53d3252ad03b1bd1dfb,2025-10-06 00:10:14,make_transfer,32590.38,KZ096997856650698178,True,
459,2a1cdb3ad22bfcfa13bc2b4bcd37c68f,2025-11-07 06:14:52,change_password,,,False,validation_failed
460,0bcfc74acf9e0ccfe1f36633bc5e95cf,2025-09-11 01:58:00,login,,,True,
461,aaaf04be8afbf8e7328a8cec5ba2ebf1,2025-11-05 17:35:09,logout,,,True,
462,65bdfa2dfd97f6ad008a06d8bafd04fa,2025-12-02 15:29:13,view_balance,,,True,
463,7defcc64f56e8ef1fc7adad743be6d2a,2025-11-14 14:17:42,make_transfer,177399.51,KZ366003549443036996,True,
464,60fcf7605a3af4baaaff6ba01c04237c,2025-12-13 21:10:38,login,,,True,
465,29cbefca05bfd28ce43b4c78137cb4ad,2025-11-19 04:56:58,pay_utility,31133.86,KZ703006682768524323,True,
466,6d106d4cb5dee4ddc027c6710ac6da5d,2025-09-17 19:21:41,logout,,,True,
467,e1ed2ed3d6e9af5e8d680e81fe30d12d,2025-11-20 11:49:29,login,,,True,
468,c10c04dafc9f0dd033826e06f4df88ac,2025-12-11 19:08:28,change_password,,,True,
469,a44cc2deef57f6814f8cadf8cabdebbf,2025-12-14 07:28:57,change_password,,,True,
470,9c26e76dbd0b3a2bbeb7f91dfcec156f,2025-09-17 09:42:00,open_card,,,True,
471,a96e1eef6ea99a4bfe7f2e79c4fabae4,2025-10-10 14:55:08,view_history,,,True,
472,3e852cca98ccc5b9f9b66adff7c0fa0e,2025-09-27 08:29:37,make_transfer,28782.6,KZ943832926848304566,True,
473,f7fff5d09829abd28edadecc29fadd4c,2025-10-02 08:29:44,change_password,,,True,
474,e7b5a6fa80abb992a32a7b1cdba998c1,2025-11-20 22:08:25,view_history,,,True,
475,abbd6d76390e476e61685ae8ba95dcdd,2025-09-07 17:08:48,make_transfer,104072.87,KZ034043167676497724,True,
476,0bdea3400caea61a8d88eeebdc3af83c,2025-12-19 07:46:35,view_history,,,True,
477,b0a80b646db31d4b2adebc1fa2e35bec,2025-10-27 06:12:56,logout,,,True,
478,d4afe20a0b189d2f5de0ee3dee74e996,2025-09-27 01:51:47,pay_utility,70028.93,KZ682899468149517986,False,validation_failed
479,d19fcb2cfdb57e2eee24dc355d38efbc,2025-09-16 10:24:30,open_card,,,True,
480,f182d3b15cb0ac86cae25bb16f3bdeae,2025-11-13 08:01:46,pay_utility,162158.53,KZ212970078636724690,False,timeout
481,ff81d7193eebc9eaa34de7d59d4cfd21,2025-09-22 03:13:28,view_history,,,True,
482,fbcd1c7e33f8fcef2c4ccab2a57310c9,2025-11-13 07:29:51,open_card,,,True,
483,bb27f871fd13e2bedb5c6d7bcfb9bf7a,2025-12-13 02:47:17,make_transfer,133918.6,KZ749278819033734592,True,
484,d2ec0b7343218914aef78f53779f67b8,2025-11-26 10:18:02,change_password,,,True,
485,bdeee3b1694bcba6c2afd9801021db0a,2025-09-19 10:14:04,view_balance,,,True,
486,90fa211c8ef46031bddfcbbd38eabb0b,2025-12-23 09:03:02,view_history,,,True,
487,9f3e9a0f5be54a982ffd7fbc1c6d8c9a,2025-12-07 00:36:15,change_password,,,True,
488,ebe36b32f7a9ed3e6cf1322b45beffeb,2025-11-07 18:27:23,pay_utility,163533.25,KZ580780947689041094,True,
489,cfc13175fa7fd33e7c3ea7da53daabac,2025-12-29 00:40:37,logout,,,True,
490,2558eb23f299c2fdba2d064eaddeb1ab,2025-10-21 20:38:24,view_balance,,,True,
491,283af6c77f4482c99fa1fed90abac680,2025-11-13 17:56:40,view_history,,,True,
492,2696cfa78e9d36afbadfaacd3bc84ea1,2025-11-03 00:55:30,pay_utility,176298.41,KZ424034783399508474,True,
493,c82adedd2cfcae98dbe6af16eabbdee7,2025-12-12 17:06:34,make_transfer,101821.97,KZ005267556998364988,True,
494,e3e99bab5ee0de045aedf3dd42cc5bb3,2025-12-05 10:16:56,login,,,True,
495,d35ef0ed2aeeb40bbb4c8e01e908d3bc,2025-12-25 14:19:22,make_transfer,180588.57,KZ906974997631383240,False,timeout
496,e7fcaebbbfb13d3dcf48458e90dcff8b,2025-12-12 23:16:47,pay_utility,51547.79,KZ627661647203962371,True,
497,0dc2caffa4b4f7c66167e0ddc86fa459,2025-12-21 20:11:15,make_transfer,21531.9,KZ089328433235525449,True,
498,4d7c35eaf67b21520307edaf196eb6f7,2025-10-06 11:00:10,login,,,True,
499,4e6fbbecdee2d8db256b5e817eea31ed,2025-12-24 07:36:49,open_card,,,True,
500,4c4d9ec3e3deccaf162a7c39bafaa77c,2025-10-27 21:26:03,view_history,,,True,
501,0dd4a2dac54f7eddc5febd9af6f01e29,2025-09-17 11:29:36,logout,,,True,
502,d5b09fbebcbc45cea7396fad69ed32be,2025-12-14 13:22:55,login,,,True,
503,db91c4d41f4b7e3b5eae4ffeacae5dfc,2025-12-10 23:03:24,login,,,False,auth_error
504,5f9720644a7a9cd8aed35043bda55de7,2025-12-19 12:17:51,change_password,,,False,auth_error
505,7a6a51ebdacea472b801dedacb2bcfef,2025-12-30 00:58:09,view_balance,,,True,
506,3c5c4cecf4dc0766f8cdc7efd31daaba,2025-09-22 22:32:01,pay_utility,93656.05,KZ326375444495927066,True,
507,7dfa90dd9fe17edba3ea7d27dc30aad2,2025-10-12 10:21:59,logout,,,True,
508,e21bc8af32455b4f2c5d7aaebbfb9317,2025-09-17 11:36:46,login,,,True,
509,e6a78e042c9f0ad57b496bfd8f254db5,2025-09-14 20:59:13,view_balance,,,False,validation_failed
510,b05506db5da0b9e2b034d9b95a141823,2025-10-03 17:18:45,pay_utility,52021.93,KZ748212591730804248,True,
511,5a8e3e550d7a2b015bee8caef1dc0537,2025-10-27 17:58:18,make_transfer,67916.67,KZ160594425126672829,True,
512,7ecc645cff8dcd9dd525acfa9241c44c,2025-11-20 14:56:59,open_card,,,True,
513,1f8eaa95b9c5abd7a8a1bffc249caabc,2025-09-01 02:16:15,view_balance,,,True,
514,6bdee64aa2b2c0bd0b65fdb5e35f4eae,2025-12-22 23:10:46,pay_utility,41210.33,KZ066841817934927991,True,
515,1ceafda52ba0c729154cd27158fb6e66,2025-11-16 07:21:46,logout,,,True,
516,ae0dda785eff446ad4bfcc97cacee5d9,2025-11-26 21:45:14,make_transfer,21837.2,KZ277818314413780853,True,
517,ad425555068d64a4f4f9cc4ff5c6554e,2025-10-04 14:05:47,logout,,,True,
518,ca93fbe8d31ccef2183ed25c5591c179,2025-10-23 01:51:41,view_history,,,True,
519,3a9cfedfbfca9bbd444d9b30ae8992d5,2025-10-06 10:02:40,view_balance,,,True,
520,7bbfbc4eb94751ef4eb40dfb9ae7a4a5,2025-11-03 18:08:22,login,,,True,
521,d0c2ebfed36bdb92f1c9a3b77de8b7ee,2025-11-12 00:27:12,pay_utility,40484.31,KZ619596142027256697,True,
522,fd8cda159ba48e98e3dc2fdf1cdefe0a,2025-09-18 14:16:57,view_balance,,,True,
523,efac5b1d42f8a15ca49ded269e37e464,2025-09-26 02:44:56,view_history,,,True,
524,6f4c1ebe886cd6ee83acef49b1352ec0,2025-12-11 05:43:30,view_history,,,True,
525,dafaff24ccbdaa64a126d7a6eeff4bcf,2025-11-13 06:45:06,open_card,,,True,
526,3cf5cee431a33c2e6956caa44e8950fa,2025-11-30 14:14:18,login,,,True,
527,a43e4a14dd68eaccb4cdefb27bb9d87f,2025-10-17 06:15:54,logout,,,True,
528,d202fe6530bc79dfdaf3cddf275ca0f0,2025-11-15 23:07:02,logout,,,True,
529,c37d4ff0465e4ce09ae2f32d3c4d6a66,2025-12-11 17:05:13,make_transfer,191720.65,KZ243960576251658869,True,
530,ff417f51c5d39bec12b05d4d9e6ff2ca,2025-12-06 10:17:07,view_balance,,,True,
531,e7e9bfdf4943cc2ad7ec52c6303a8fe8,2025-09-01 16:57:31,pay_utility,115393.54,KZ149296583199073990,True,
532,feb8b6da3949ad6a8ddd7acbbecee7fc,2025-10-06 18:54:46,logout,,,True,
533,573832ebcaca25e4c6bdfaa5f63dab6e,2025-09-29 05:22:48,view_balance,,,True,
534,bf53d579dddde6e7fab010eae1ccbd17,2025-11-19 09:59:04,make_transfer,2725.41,KZ098527650462358163,True,
535,6dfae2eacf6fa2b1d6241f6a76fb7efe,2025-12-11 00:21:27,view_history,,,True,
536,dbb53bd2addddfd69efffc48fb8becec,2025-11-22 00:39:18,logout,,,True,
537,fb4fd52c241b6c40e1fe4c718111daaf,2025-09-10 14:27:01,view_history,,,True,
538,c8bedb9c7b08cfd2f6bfe4e9f79bacac,2025-11-25 01:34:50,pay_utility,40702.17,KZ760669453636065481,True,
539,6ddda6bfea5567a62898fee5aa654563,2025-09-01 01:44:06,open_card,,,True,
540,436dfd3c3184b8225a6ffee27d8a5feb,2025-11-05 01:50:01,login,,,True,
541,4ef572afae081dcff6ea1ea6fc182ea0,2025-12-11 07:57:10,open_card,,,True,
542,1dea22ffb3bf1a1f6c7ded7fb1bbfd50,2025-12-02 23:51:44,login,,,True,
543,d1fba403ef4bfaad0d1b1922f50ba5dc,2025-09-08 08:36:21,login,,,True,
544,f0acc61b1b57f90e46ccd99ace98d0c5,2025-11-18 07:41:54,open_card,,,True,
545,4a79fdae4a1ddcfdfe2fea82b8cc35e9,2025-09-24 10:18:00,open_card,,,True,
546,6afe05e8e34cfbdb8dead4a9e2f0eb46,2025-10-27 07:16:07,make_transfer,195977.96,KZ306649976087122190,True,
547,2183f1748d38eeedf1af2ddbbac72fad,2025-10-19 00:11:17,open_card,,,True,
548,e62cada9d7ddbceebf6ee6ae4bc2d774,2025-11-27 07:20:02,pay_utility,66965.29,KZ848947511745739220,True,
549,b0c9ddccbb34e8b0aa786b10dbea53c8,2025-11-05 08:52:20,login,,,True,
550,23b9ba10ae5fe6dd7eefdec3f9e372ee,2025-12-23 00:54:27,view_history,,,True,
551,c65bdfdf8df8fcbca99b756500bfa2a3,2025-10-19 02:34:16,open_card,,,True,
552,e4ae66baaf6b626dbfdb22894bcf9ac8,2025-11-15 21:41:59,login,,,True,
553,d7fc6cbfea3ca2dea34f9ffe72eb85cd,2025-10-10 20:41:46,view_history,,,True,
554,dcb76e0291742ccaad7a7ab5afbdca1b,2025-10-25 02:43:26,make_transfer,102318.69,KZ246292561373395382,True,
555,3dbca9eef1f1021d5cf6f43aadaa99d1,2025-10-10 20:34:15,open_card,,,True,
556,e1373310aa186ae273679a5a2bddbac9,2025-11-30 13:24:31,logout,,,False,validation_failed
557,5c00aaaea0b51c04de909b107bfd98fd,2025-10-09 16:26:08,logout,,,True,
558,03aa8be8ea1da6b1e1c4cfc3d3bfd4dd,2025-10-21 13:52:07,logout,,,False,timeout
559,fcf1aaae8aedcf090eec65ccededc7d8,2025-10-27 16:41:16,view_balance,,,True,
560,85213203fa75063acd4a16ebbf3c73db,2025-11-20 13:07:21,view_balance,,,False,timeout
561,ee8f9124e59df07b6d6ebaaaf6ac4f74,2025-10-09 22:57:56,view_history,,,True,
562,ff417f51c5d39bec12b05d4d9e6ff2ca,2025-12-06 10:07:40,open_card,,,True,
563,420d18b618efa6ee0dcc2adacfbb6f8a,2025-12-13 01:00:04,logout,,,True,
564,b0dc9bc1f9e1968e81b99750a61b5d21,2025-09-18 04:01:50,make_transfer,145093.33,KZ690956740665026069,True,
565,e59a4560869fa0f472df98134c4feefe,2025-12-07 04:00:31,view_balance,,,True,
566,fd9f207661b0d2feb6e6edccf4491dd7,2025-09-08 06:35:54,view_balance,,,True,
567,067dafeffdf1afb198f88cae572d01dd,2025-09-13 13:36:03,logout,,,True,
568,01d4accd67bde0309fcdc5a382c71cdd,2025-11-15 08:35:48,logout,,,True,
569,d182ac12e1edb5dac45704b3faefb32b,2025-09-06 14:32:55,view_balance,,,True,
570,4afa3e91afd26bf2fd75e0a2ad2fd8ec,2025-09-28 20:14:11,make_transfer,81267.66,KZ949629731602163427,True,
571,fbb23bbe4f56facb4a5915099cca0d37,2025-10-02 23:39:55,view_balance,,,True,
572,d398b5a08dfdbd98bbf490e9a4e9e45e,2025-10-02 21:30:08,make_transfer,193556.93,KZ367580923087663709,True,
573,dc4bebd1a60b4536571e87ee2c9a11df,2025-12-15 17:51:58,pay_utility,154012.49,KZ275105143176919728,True,
574,9e1affac2efe758cfe8c2cb5cb6d9ec0,2025-09-18 22:16:06,login,,,True,
575,e6d943b2fdf05e6edb83e3d4002e9deb,2025-09-06 03:57:59,login,,,True,
576,a4bff2cfb9ce1ded91cbc3cab8c7f5a3,2025-11-19 15:05:26,view_history,,,True,
577,4767cea82acbcfb145addfdf0a188c92,2025-10-18 23:31:13,view_balance,,,True,
578,dd7aa8fff4ca25e119ae0ea9bbeb6e57,2025-09-23 08:24:26,login,,,True,
579,dcafbbefac4e8a4ba7aaef5d0bb4a4d5,2025-11-07 11:26:03,open_card,,,True,
580,8edde03395d4b7bdf1c000adbbedf8c7,2025-10-01 00:56:00,change_password,,,True,
581,aaaf04be8afbf8e7328a8cec5ba2ebf1,2025-11-05 17:46:13,logout,,,True,
582,8fb3720ea3f5121acf26c05afbad87b6,2025-09-25 05:47:05,open_card,,,True,
583,f0e0e149962cdb656d9e1fb008f1b716,2025-09-21 23:37:41,make_transfer,62800.8,KZ090341352221231259,True,
584,771af2fab8b4eda1888eceedf4b4cdd6,2025-11-04 08:34:01,view_balance,,,True,
585,b7d1e95ecdf8a4d4b2eb5c682af3af3b,2025-10-15 14:56:03,open_card,,,True,
586,de73da697c35c5b7ddc7ccf49fce8bbe,2025-12-27 10:35:46,view_history,,,True,
587,a332abaa446dc8bb6ea0e92ddc879fcd,2025-11-25 17:08:35,open_card,,,True,
588,abb2aec4538dd0f4f5d40eee1e6ac3d1,2025-11-20 05:49:08,logout,,,True,
589,d7aafd4cbdd2dfadbbd488b0c9aa6bfa,2025-09-19 01:19:20,change_password,,,True,
590,a7922e21fd350c3e9d563ebd5fd0981f,2025-11-11 03:23:24,change_password,,,True,
591,117eadcb3044c04097bb2caed6c1dd03,2025-09-04 00:58:37,view_balance,,,True,
592,1beeea7f3ab44abdecaf0ffad6f8f458,2025-10-24 08:46:32,view_balance,,,True,
593,2ecf8371935020fba616af41f46c8ece,2025-09-17 14:10:27,open_card,,,True,
594,87afff68f9b2be05016f298db1b9de6e,2025-10-07 07:39:06,change_password,,,True,
595,df4af6af37efa26c128eed2dff06c27d,2025-10-07 12:52:23,pay_utility,73567.53,KZ795280283182882740,True,
596,4ef572afae081dcff6ea1ea6fc182ea0,2025-12-11 08:20:55,logout,,,True,
597,5edcf0a7cac5ebefdfec28ed76655aba,2025-12-27 03:14:16,open_card,,,True,
598,fadece62e96dfc61be6e661ed19dbfed,2025-09-28 05:23:30,logout,,,True,
599,e3edfdbfb3f3fad4624bdfbefec8b5be,2025-12-21 15:25:36,open_card,,,True,
600,ceebbdcaec7e56195a1190b44dd44d41,2025-10-27 11:11:19,pay_utility,150738.56,KZ815294958295916379,True,
601,ca3de3dcd4aad28b4403ca19ff98be49,2025-10-26 19:06:54,make_transfer,132310.53,KZ489981614111450401,True,
602,aea60eaea5f5f72b892feee031df6580,2025-11-28 01:33:15,pay_utility,124587.64,KZ658937327088446014,True,
603,9acfc539e8dfdcaf2c0fdddeeacdfffd,2025-10-07 13:42:06,pay_utility,40059.88,KZ546851523522107815,True,
604,c47901ca068b11f8f1dfb4ec00accdab,2025-12-27 11:24:40,logout,,,True,
605,b771b607a2db62e1776ede98f1ea2ef0,2025-12-13 01:03:08,change_password,,,True,
606,183b6d7c4ebc704beaba62c2c2234511,2025-11-19 04:00:47,change_password,,,True,
607,ff81d7193eebc9eaa34de7d59d4cfd21,2025-09-22 03:27:08,make_transfer,174065.35,KZ257817277825095798,True,
608,02d6d15e323dd83ebc0e1560530da510,2025-09-19 04:12:12,view_balance,,,True,
609,d62c0c1a4c419bb8921bea3f6ac3a270,2025-10-21 19:42:10,open_card,,,True,
610,ff81d7193eebc9eaa34de7d59d4cfd21,2025-09-22 03:03:03,make_transfer,59211.4,KZ349797914285970058,True,
611,72f35863282a00f25abbeaacbbdaadcb,2025-09-06 07:06:38,pay_utility,125661.31,KZ565555712259631359,True,
612,fe76da9bbcad5ae577aea58224db5ae2,2025-09-18 10:57:36,make_transfer,84605.84,KZ295137008124509173,True,
613,d5ab7bf6aaefbb75efb02b8e2bb35a27,2025-11-22 22:09:05,view_balance,,,True,
614,7bc38f982debd68e5fbcedadc96ea0d0,2025-10-02 10:24:59,login,,,True,
615,fce7889fcacfd7f4ee633a9f3b7f6be6,2025-10-19 10:19:25,change_password,,,True,
616,f2df8cb0715da7a34bb3a31ef60e8ba3,2025-10-03 10:11:09,login,,,True,
617,ffebead627f3a5490b0b995e987e8cbc,2025-09-11 03:21:23,view_balance,,,True,
618,1deda87daeae6aafff229daf0ec429bf,2025-10-30 01:39:18,make_transfer,122251.77,KZ464408113936906350,True,
619,a42e3ee1b56e27b2f760fdeab5cd0d01,2025-12-15 03:56:13,make_transfer,31323.38,KZ373442155564872741,True,
620,a46ab0626c9d5d13adf9bbd5d1db3d6d,2025-11-16 23:56:54,logout,,,True,
621,dd6fc1f70c8c2dbcacbfba5b0c7791db,2025-12-19 19:54:57,logout,,,True,
622,bae737a541da76fdd9afda4b01e35864,2025-12-14 10:23:15,view_balance,,,True,
623,c973e8271cc1ccffaf1e80c1b5ecf338,2025-11-08 11:17:18,pay_utility,41306.39,KZ789586156323275871,True,
624,102997aa52491e6e1330deadb99eaf3f,2025-10-18 08:22:19,login,,,True,
625,4b2096a5cb1eccc7d3aae7aabec53774,2025-12-28 08:17:11,change_password,,,True,
626,d15fefdafcdc17571da1b68bbbe5edee,2025-12-10 06:11:42,pay_utility,34521.38,KZ229297052429596302,True,
627,8d4f255ddaa9ca300bda98abcfdefacd,2025-09-06 11:44:48,logout,,,True,
628,2b24d46c03b5ada4ef55bec0dc55b84e,2025-11-04 00:26:17,view_history,,,True,
629,68905ebf05fe20be9a5e4ce0bf2ac2b0,2025-11-25 01:38:02,login,,,True,
630,6f63a1f82d89f909cd865c7704bd2437,2025-12-25 00:53:34,login,,,True,
631,fed67be2a05ad33b1c85052f6fa70b8a,2025-10-21 17:09:28,login,,,True,
632,fbf4ca9e6abbb6dbe2d46b4c16c9f49d,2025-12-14 23:26:54,view_history,,,True,
633,d6fcda23e0bd16d7dbe6a21fc3bda7aa,2025-12-01 07:03:45,make_transfer,168691.42,KZ591111142587237233,True,
634,0defdb08a1fa3f5ddb56ff7ef7adcae5,2025-09-09 09:39:17,login,,,True,
635,ce6c45c498549ccc941a26448edaa539,2025-12-25 23:32:46,logout,,,True,
636,6eb9d6a03fddea08ff55bc8baebef4bf,2025-10-04 22:53:58,login,,,True,
637,c5e3c323c7703a2a94aebafadb2d3e40,2025-12-20 01:11:50,view_history,,,True,
638,9ccfacf6ada0de1dae917eefd74f658a,2025-11-23 17:02:45,view_history,,,True,
639,4f944b115fa34c491fdfbcecc45bd54f,2025-10-01 04:23:17,login,,,True,
640,f6ccfa8757d923eedca3ec2ef48d77e1,2025-10-06 10:57:36,logout,,,True,
641,eaa13eb3ca2b01dde256a1e451e3ffff,2025-09-04 21:59:11,pay_utility,4524.7,KZ550370144793159611,True,
642,6fadf637ff515662e4dffa93bcfbaceb,2025-11-23 12:25:13,view_history,,,True,
643,d1299eb1f15d5feab24e3c23e760c5d7,2025-10-26 16:35:29,logout,,,True,
644,bf3ff74ce2edffe55fd399c6cb64fd0d,2025-11-07 03:58:20,change_password,,,True,
645,a7b839de6e0a2ffbbdf3d8f28bdc7e01,2025-10-14 17:25:27,change_password,,,True,
646,a8f989d1bd166b82e520f3471651b1ce,2025-11-21 13:48:02,change_password,,,True,
647,d36a13c2dd065577639db7aaae4fdc7f,2025-09-02 04:45:09,logout,,,True,
648,4733d1aaa280a3af06a44e0eb0fa7c07,2025-12-08 03:56:46,open_card,,,True,
649,d692b6d012bfcfa14badfa47f11fbe61,2025-11-23 10:18:43,open_card,,,True,
650,7ac10fa4bdd2a88afac4ef3e8be6d332,2025-10-16 08:30:34,open_card,,,True,
651,45743593b0be36a553a9276baa59bad9,2025-11-28 22:14:23,pay_utility,130818.13,KZ130124993291009064,True,
652,c45ce5e2fdef7ff3dd114deb66ffaccd,2025-11-16 02:36:28,open_card,,,True,
653,c20c972fbef015f120c6aebaeffe6910,2025-11-06 11:36:10,login,,,True,
654,0ebc18ffbbf6ee4ec25c7cbb34c87af9,2025-09-11 04:59:27,login,,,True,
655,8f9bbb26f25abacba8ed4df6dc00c2dc,2025-12-21 06:32:47,pay_utility,10483.6,KZ278008374120184067,True,
656,bfdbcec7d50c64086b6f2fa1d0fd14bd,2025-11-10 01:55:30,make_transfer,44272.13,KZ077285735634341393,True,
657,ad42aaaebbedbea4efffecf85ab945d2,2025-10-29 06:52:02,logout,,,True,
658,7dff7c139dbeb1e28e62f03a5f8d3b90,2025-10-21 10:53:01,make_transfer,21418.95,KZ572719151243799347,True,
659,a6191cbaff6505f09893ecddbff1db14,2025-12-30 15:45:43,change_password,,,True,
660,ffdfb674cbbeffafc8af7bdb8c0fddec,2025-12-06 10:39:46,view_balance,,,True,
661,b36f21bfa53bf9029fbbfc22ecd306fd,2025-12-04 16:37:43,view_history,,,True,
662,7cf62e8a2cf8d38afd048f23e8fb2ac5,2025-11-12 08:59:42,login,,,True,
663,e4c8da1e13984b2d56a45b5d3eeace1f,2025-09-12 03:29:52,view_history,,,True,
664,ecac279ae74ac35bfcf6feff425045b7,2025-12-12 07:32:52,login,,,True,
665,e3ae4d0cfffe76a0d6c8feb7ed6b5a11,2025-09-10 16:53:16,change_password,,,True,
666,e1373310aa186ae273679a5a2bddbac9,2025-11-30 13:34:44,open_card,,,True,
667,d080ab5c2a13da11fe338162158fa5fa,2025-10-15 03:54:59,logout,,,True,
668,ec69cf0ee68c3040d3de0ce9f68bcabd,2025-12-06 13:20:49,view_balance,,,True,
669,df0fdf116d3bffde5718db5fa2aa8ada,2025-10-23 14:44:47,pay_utility,83828.75,KZ988949397537394069,True,
670,ffcbc2e538dfcdb103e9c869f289d8ed,2025-12-08 17:04:53,change_password,,,True,
671,a35a2674b1030fbe53bfeb2cec4dcb35,2025-09-09 00:24:33,view_balance,,,True,
672,1c98bdf6c2b2f7ebeeed92cc6505c16d,2025-11-23 07:29:57,logout,,,True,
673,b102eaddf76442ecbd80b5ec2ebeabdf,2025-12-18 21:05:38,login,,,True,
674,d08590c2a025a3f6ddae8ef4b06a1663,2025-10-07 02:21:59,make_transfer,188369.61,KZ679005050415843978,True,
675,a502bbea1d63aad2bffcc0b96db7aa1e,2025-10-21 05:30:56,open_card,,,True,
676,53eaa4e01c755003bd59fb26a1bbb2ab,2025-11-11 20:55:25,pay_utility,80230.36,KZ658275736296614165,True,
677,d9db2e8ccfc84f2df8f1d82ebdff8b1c,2025-09-19 04:12:23,change_password,,,True,
678,aaaf04be8afbf8e7328a8cec5ba2ebf1,2025-11-05 17:54:23,open_card,,,True,
679,f8dfd190a146ca9a72edfd7a4d43ce3f,2025-09-19 00:36:58,logout,,,True,
680,e08ab85b06b82be0cbaae906c717cea9,2025-09-18 13:55:00,open_card,,,True,
681,f81b55ea10ffca1d9da3e71fb0f5cbe2,2025-10-23 20:40:30,logout,,,True,
682,03b16e44dfe2c58affb6cac9d771ca05,2025-10-29 03:25:59,view_balance,,,True,
683,59dfc99a3a1d116acebbf69ab42d7b48,2025-10-01 21:22:59,view_history,,,True,
684,caec50e1ed8cac288ead40ef5aeaa6db,2025-12-28 18:31:26,view_balance,,,True,
685,14701ededd9aa18abddd2f0f6accab63,2025-09-20 13:31:12,login,,,True,
686,31df7bed3fe12f5fda5c5bcb485128d9,2025-10-29 01:57:58,make_transfer,34136.6,KZ360656367116305357,True,
687,aad2cc967aab850f9cfdfb3b7d918968,2025-09-25 05:04:59,logout,,,True,
688,43d84df80cc1825e56abc263da2c1f71,2025-10-18 16:37:33,pay_utility,135635.06,KZ335752470997582074,True,
689,87afff68f9b2be05016f298db1b9de6e,2025-10-07 07:46:13,change_password,,,True,
690,089d4344c8c75025a42e39758efbb6d8,2025-12-06 09:09:58,open_card,,,True,
691,aaf5a88206ca3baab4dedfe42ec35ccb,2025-10-31 04:01:13,view_balance,,,True,
692,ad7bdb7aece4ab952b0b5dad986cfabf,2025-11-20 10:01:10,login,,,True,
693,4dfbfb0ac7a0f054f3cf6ccd6fecedec,2025-11-18 02:57:29,logout,,,True,
694,db91c4d41f4b7e3b5eae4ffeacae5dfc,2025-12-10 23:05:56,view_balance,,,True,
695,a86cadaae3f6f9bcf88dadac2f4ad4da,2025-11-11 03:33:58,make_transfer,56879.95,KZ506283055926980811,True,
696,3b4fe3d4ec57cdae34fd5ddbda28ff5a,2025-11-07 22:36:48,view_balance,,,True,
697,217a4f8e09496cad77f4b2bbd77df8ab,2025-10-15 02:14:12,change_password,,,True,
698,1f8eaa95b9c5abd7a8a1bffc249caabc,2025-09-01 02:31:45,view_balance,,,True,
699,fdedaf86a8f0e3cd4bf2e3ebfdac3202,2025-10-14 05:37:21,pay_utility,178183.66,KZ812111247119302092,True,
700,b8abf1eba14ae353e3fbc249ef1acfd0,2025-12-07 08:30:02,view_balance,,,True,
701,cd71c4d5f8e90bae3d69745bd87df4bc,2025-11-16 21:29:11,make_transfer,50034.52,KZ300700297380094923,True,
702,8fb3720ea3f5121acf26c05afbad87b6,2025-09-25 06:00:16,view_history,,,True,
703,2cc3ec32ac2eccfeaddfad9cbf0aa61b,2025-09-13 23:02:09,change_password,,,True,
704,dbcb0ce5b44bb7deaee4ffa7acdceefe,2025-10-02 22:45:24,view_history,,,True,
705,96b0db3ee4f5b31dbaa4dcbcec54d852,2025-12-07 05:02:20,change_password,,,True,
706,9e2cdd6ac4727237e0f6caf2bad3cb4d,2025-10-03 00:18:52,view_balance,,,True,
707,dafb4ec40c3fe2d0410b0fafebfdb175,2025-12-25 23:23:16,view_balance,,,True,
708,c5d0be70b62b24f20f4d3f45f76fed0f,2025-12-05 19:18:16,open_card,,,True,
709,b716aa9430b13f89f5d4e231fb6ebda9,2025-11-11 08:07:27,change_password,,,True,
710,0b414efedffcfed6fda9c450e836d131,2025-12-22 22:33:43,open_card,,,True,
711,fdcaded3fabf867703ac21ff2fb2e9cd,2025-12-12 15:26:38,change_password,,,True,
712,9ed930dafd0a65a359f3cbefaba2f4db,2025-11-17 07:58:06,login,,,True,
713,c16e1df3edc28d409dce3a14bef85558,2025-09-20 14:22:22,change_password,,,True,
714,6f63a1f82d89f909cd865c7704bd2437,2025-12-25 00:56:13,login,,,True,
715,3ba1c4be5004de6255a89ea641910ac2,2025-09-28 23:30:53,logout,,,True,
716,d080ab5c2a13da11fe338162158fa5fa,2025-10-15 03:52:46,change_password,,,True,
717,1dab5fe87efda9207c741b2660fd00f0,2025-12-19 19:36:10,pay_utility,82537.52,KZ941974763089433436,True,
718,131eca81ddab49bd3baa2adaeb8a13e4,2025-12-12 04:28:32,login,,,True,
719,fd8cda159ba48e98e3dc2fdf1cdefe0a,2025-09-18 14:31:58,change_password,,,True,
720,4439c790cbdbbb8de4dfbf03894df456,2025-10-17 13:52:40,make_transfer,46901.01,KZ199024178223942768,True,
721,01c2fe5a26483efe5c2fbdd41e58bd5c,2025-09-13 19:24:34,change_password,,,True,
722,9ab22ce0d68eed6ff10410c3faf7bc88,2025-09-18 14:09:09,login,,,True,
723,2161777e7ffdc664da9a079a328c2dc3,2025-11-28 12:14:35,login,,,True,
724,b9afef7c82fc561a73bf95901cc01856,2025-09-05 17:47:11,pay_utility,33268.24,KZ472450670959070017,True,
725,6113b0fd25d2aeb2a7af1dceebeadf6c,2025-09-23 11:19:27,change_password,,,True,
726,bebf8cb7d0c7dfd0a4a6d1da81d92974,2025-10-15 10:58:24,make_transfer,6124.48,KZ660592576497897260,True,
727,33b6c74ffba3dedbc2edbaaa5e48282f,2025-10-29 07:47:33,open_card,,,True,
728,ad49e4bef30c39eca5fbb62837bcce68,2025-12-01 10:32:26,login,,,True,
729,e5b8ebabe2edb53f01bc4fb7edd7e6f2,2025-12-06 01:43:48,logout,,,True,
730,4b01d0fc6bf8cea9a3eb0dc9db192c71,2025-11-26 10:03:08,pay_utility,181740.81,KZ884616423416623395,True,
731,31df7bed3fe12f5fda5c5bcb485128d9,2025-10-29 02:10:28,view_history,,,True,
732,ce1edcd3f5bab4e8517c978bbc1e3fdc,2025-12-13 08:03:55,login,,,True,
733,ab5026ecbfd4eba09f6cfcbdec44fede,2025-09-08 03:57:46,make_transfer,118622.05,KZ478917428745831646,True,
734,f6000ba35f242bfcd50a84e12875cc80,2025-10-16 14:41:16,view_balance,,,True,
735,00fad70ad1bf4ef8c80e1b61f1c0c73b,2025-11-07 03:03:14,change_password,,,True,
736,ee9e82e468eeab3e3d7b0aae418e3a91,2025-10-21 10:36:27,view_history,,,True,
737,c0ffae90e6cbcaeee4ec1a0e47ad460a,2025-11-21 19:12:31,logout,,,True,
738,efb02bdff9cafe1cef841f2cedc1b2e9,2025-09-22 08:56:54,view_history,,,True,
739,d81da7ad3f3e01b29cbb74cde6d54cb3,2025-12-14 01:19:41,login,,,True,
740,1b3e8ccea5064ecc75ccc80ea5b8b83b,2025-09-09 14:25:54,pay_utility,67905.25,KZ749350876123412228,True,
741,b7c7ed3aabac6c2421e0c8f0b7647910,2025-10-17 23:35:27,logout,,,True,
742,24aa58387d672ab28ef51980f9a5caab,2025-09-18 22:46:15,logout,,,True,
743,f5164fc60b053bbc3df7a4eac2b18841,2025-11-23 02:33:12,view_history,,,True,
744,3defad5e4acfeabcd01e767ebd7fa3ef,2025-09-29 01:06:40,login,,,True,
745,fedeaed2e9aeff29fdda6aa1aeda929d,2025-10-23 03:46:05,change_password,,,True,
746,5ae7b388ed9ccf1675cabacc0ad2bf47,2025-12-05 11:42:51,pay_utility,47771.14,KZ665219174412067645,True,
747,d4bdfa9854a16ffadb57a53c90facbeb,2025-12-23 01:11:05,open_card,,,True,
748,bf5be0cb8e8dcb1234fdb88ff1db7db9,2025-11-25 04:54:55,view_history,,,True,
749,d18af6df06befdddaadbd3fdccacc812,2025-11-18 09:58:19,view_balance,,,True,
750,cdd7e794c3d83f3b06cb4d62b2c7100c,2025-12-27 15:38:25,view_balance,,,True,
751,c151beb3d3c54df25b042482b4b4e58f,2025-12-02 07:11:12,make_transfer,119751.26,KZ406044289062566915,True,
752,640f7499fdbd67ecfafc33dd7a1c20ce,2025-09-05 14:10:41,make_transfer,194177.65,KZ059862334886164698,True,
753,2f1adf678dc99fdedacdd358a10a8a76,2025-11-10 00:11:50,open_card,,,True,
754,da6af16e1ceadd43aa81957af66bc4a9,2025-12-21 18:05:41,make_transfer,190661.01,KZ661408995614568498,True,
755,b7719a1bbbc2bf59ede7fec25be5d815,2025-12-09 03:45:23,make_transfer,151600.32,KZ444195516481007037,True,
756,ec60f8b1565fd0c151faaf472fedbe2a,2025-12-18 21:58:38,change_password,,,True,
757,b1bfccd6abac3b9cb9de117c3feebddf,2025-09-19 19:06:22,view_balance,,,True,
758,3335ff8ca766a9fff3a5a6dad2cb32ed,2025-10-16 09:47:10,open_card,,,True,
759,bc2eac4bec9fad6e34ccff186ee93f83,2025-09-06 03:21:59,make_transfer,172681.86,KZ000549303968487147,True,
760,7da36b9db9aec1454dedffbc5ebaa92d,2025-11-23 15:54:45,view_balance,,,True,
761,14701ededd9aa18abddd2f0f6accab63,2025-09-20 13:50:03,open_card,,,True,
762,089d4344c8c75025a42e39758efbb6d8,2025-12-06 08:46:58,make_transfer,103244.88,KZ509564602472849848,True,
763,df9bd4fc84c7af9cf0ee61e97def4ba5,2025-09-12 05:05:13,make_transfer,60549.28,KZ492727900333473164,True,
764,39a2904cee9dffd2ef745bb6e1be1c7f,2025-10-07 20:07:49,change_password,,,True,
765,d0d9c81ff4f03da8a2b1a5849c8d3dcd,2025-11-09 15:51:37,pay_utility,98362.26,KZ925921014579047810,False,validation_failed
766,c2456c7cdcce56bcd831bdd94657a959,2025-09-12 23:22:38,change_password,,,True,
767,0c8ded0abddfb154ecc0e52ef21cc61e,2025-12-30 23:54:07,make_transfer,152434.57,KZ102292686176032801,True,
768,d7aafd4cbdd2dfadbbd488b0c9aa6bfa,2025-09-19 01:12:02,change_password,,,True,
769,bf8ac49fc51aa3202a0d5c0bfbe3fdc0,2025-10-21 12:13:09,view_balance,,,True,
770,3527e3ede34aca2a27634a48660bffb8,2025-10-30 13:55:22,view_balance,,,True,
771,ad4a103447dc6efaf5080dcbbb698ebc,2025-10-06 15:40:16,login,,,True,
772,cea4f07664c57aaa25aeb3efd26ff3e3,2025-12-14 20:22:09,make_transfer,45692.63,KZ034848145043349321,True,
773,ffca2bb170cf5e333debe8a0c2317ad5,2025-10-23 23:22:20,make_transfer,147175.51,KZ844622038123989814,False,timeout
774,ebcd4da928567da56b14bdac12da6e27,2025-11-08 09:18:53,login,,,True,
775,dab33e0f0a851dd23aada93af4c0ee7a,2025-10-07 11:34:32,view_history,,,True,
776,a8f989d1bd166b82e520f3471651b1ce,2025-11-21 14:02:55,view_balance,,,True,
777,a9cb6adebba58ea1c8f4a8bf174c1ca9,2025-12-29 15:12:33,view_history,,,True,
778,1c5da86fb04f1547a25a0ba07e609c35,2025-12-16 08:02:12,logout,,,False,validation_failed
779,dc98bebc8a6f96fee6f9cb74bdacb90d,2025-11-23 11:57:51,view_balance,,,True,
780,bc68dd99c2f3ad81017aedb96dcceedc,2025-10-04 03:56:10,make_transfer,82124.01,KZ133041326658948163,True,
781,5a1deead4570cd26cf4efe8e4ccb1e92,2025-11-19 09:20:52,login,,,True,
782,bbcaa720a1a13779a2d4a1ef8ecd16dc,2025-11-13 02:19:18,open_card,,,True,
783,9f3e9a0f5be54a982ffd7fbc1c6d8c9a,2025-12-07 00:35:24,view_balance,,,True,
784,c5aa05fcadbbb40dc3bf5d2b9fce1167,2025-09-06 20:28:21,view_balance,,,True,
785,fdbc8be3cec25d8b475a7d203fd684cb,2025-11-30 18:55:37,view_history,,,True,
786,facdec5bcecdd00ed4fbcadbc58fe8b3,2025-09-08 07:29:20,open_card,,,True,
787,6bbbda2381319e4b3879bab92963e8f0,2025-11-08 02:46:10,pay_utility,166922.67,KZ533309447347158164,True,
788,bc32f5dd88cf4c4e0d4ec6f7b25d321b,2025-11-29 01:42:07,change_password,,,True,
789,da86b8decbd13ad57af0dd3bb3b03acc,2025-09-10 14:03:44,open_card,,,True,
790,3c0a6ccfccdaaada097182fe95f56bbb,2025-10-25 03:51:40,view_history,,,True,
791,379cf1b9b281b68a2d325555a1c0e8d3,2025-09-01 19:24:51,view_history,,,True,
792,eafbca2b13aac7debf318cf9a73929eb,2025-12-22 12:07:10,pay_utility,172425.91,KZ366807834634290755,True,
793,0efb4b9fee52cbcb8ef5cc46c78266bf,2025-10-11 20:43:11,view_balance,,,True,
794,94c2b5bbd1d50cc2207f4bf4becbcdbc,2025-10-24 15:34:15,make_transfer,124884.01,KZ190543659926709221,True,
795,a3ac000fdfd00940a36332eac5f3faf3,2025-09-15 22:34:46,view_history,,,True,
796,27f09ec3af5988db34e3bfacbda70cb4,2025-11-14 22:44:28,open_card,,,True,
797,e5bd8e3ff9a44c6f97dd4e1b110ae8fd,2025-12-23 09:43:21,view_balance,,,True,
798,a31faafe2c1cc6d2d969f6c7fe9eed0f,2025-11-19 08:37:39,open_card,,,True,
799,cf59abc3ffe694cabfa1fddeacdada00,2025-11-29 19:04:08,change_password,,,True,
800,2d7ee99fedc87416c072b91c68f8adbc,2025-09-12 17:43:14,open_card,,,True,
801,7dff7c139dbeb1e28e62f03a5f8d3b90,2025-10-21 11:12:21,make_transfer,82778.55,KZ285096430084001626,True,
802,0bbb7b41f3e2ccc668ca1a04d22bc03a,2025-10-14 13:35:08,change_password,,,True,
803,a6a9cfae2aa31b910b4bdba6e7f873de,2025-10-24 10:59:08,view_balance,,,True,
804,ed605f1e7fed2a8bcbe61ed0cf602aea,2025-09-25 05:42:47,open_card,,,True,
805,b8abf1eba14ae353e3fbc249ef1acfd0,2025-12-07 08:36:34,pay_utility,135899.71,KZ141427642864220672,True,
806,b716aa9430b13f89f5d4e231fb6ebda9,2025-11-11 08:01:21,logout,,,True,
807,9b7cddedb2fad8eaf509f72c62e9678d,2025-09-06 06:41:20,logout,,,True,
808,b0a80b646db31d4b2adebc1fa2e35bec,2025-10-27 06:13:57,pay_utility,136080.86,KZ749819474900706823,True,
809,6065cc0b7c87f1da5fc973d159bc2636,2025-11-23 20:25:42,view_history,,,True,
810,f61fe7fbccb055ec2cfc7dbdcee1b47b,2025-10-03 07:22:13,open_card,,,True,
811,f7eafec8526d61ef55db5f6cebfd2a8a,2025-10-02 21:35:23,view_balance,,,True,
812,3cffdd7e9baa65ffa707faed583bde8a,2025-11-20 01:13:15,view_balance,,,True,
813,fc4b5aeb0cd054bd59cbddfaedaaa37a,2025-10-26 05:10:45,view_balance,,,True,
814,9ddcbfcedd9bddb2a42ff7d7ba68aee4,2025-11-18 13:49:33,login,,,True,
815,eb11ffbf96dc285c25bb04cefa532d0a,2025-11-22 21:40:18,make_transfer,97134.28,KZ896262078671397211,True,
816,ed349340acbaca023908a8fe4fcb8658,2025-09-18 06:30:30,view_history,,,True,
817,b44c7dbafc7aafddc4e8ce9fba0bbeb5,2025-09-16 18:25:23,make_transfer,81744.6,KZ239254531054615134,True,
818,dc830ee9cf83fafc8dbdba1f358fdd86,2025-11-28 10:12:03,open_card,,,True,
819,1beeea7f3ab44abdecaf0ffad6f8f458,2025-10-24 08:45:27,view_balance,,,True,
820,c2a49ddd377ee2be4efcbbe68c2cd1e5,2025-11-12 17:43:40,logout,,,True,
821,320ef592eecd3ec15e1b3b6352ddecfb,2025-09-26 11:58:35,change_password,,,True,
822,e3c57dbb8b9ecd3e436be3d9bacd7af6,2025-11-05 13:43:41,logout,,,False,timeout
823,2afd6b4f57cde07c6a4d73afee9b8dae,2025-10-29 12:54:10,change_password,,,False,validation_failed
824,a8a5bda4e3ee2e77aec7b5dc1e7aeecb,2025-09-02 19:41:38,pay_utility,137482.22,KZ690824083412016153,True,
825,7190a5cbaa20aafa79fddd98699b8c58,2025-10-08 02:36:10,make_transfer,145928.42,KZ354226744899633559,True,
826,4f61c6a2ed6abea1818f5dd5ac8cde1f,2025-10-29 05:35:30,make_transfer,26072.78,KZ814186903069322516,True,
827,ee5f6dc3b6f5881fafd76daebd9aee6f,2025-12-30 07:05:44,login,,,True,
828,034afa2bace00eaedf652c1aaf477d04,2025-10-22 15:43:16,login,,,True,
829,933118d5c5daf81d0a8a2d5a89e3cd88,2025-10-16 21:51:34,logout,,,True,
830,6ceb127edf31565354ab61b3bbda0cdd,2025-12-15 11:51:13,pay_utility,75828.5,KZ790742275082898540,True,
831,fcd073df97d44aaaebbe9b11ead11ada,2025-11-18 03:18:51,change_password,,,True,
832,a8cbf9b4a868bf8de4ff0a10ebbf18ad,2025-12-18 20:09:32,pay_utility,99246.34,KZ500475976598652469,True,
833,bf5be0cb8e8dcb1234fdb88ff1db7db9,2025-11-25 04:50:46,pay_utility,57401.43,KZ398183506541346333,False,validation_failed
834,64d005bfcc23af3f0ed3fbe394aa4ea3,2025-12-04 11:00:35,change_password,,,True,
835,e06effcda8ae7f2710a831e48f9fd4fd,2025-09-13 03:49:17,logout,,,True,
836,4d7aec1b8ff7904a7ceb3c637d412cce,2025-11-16 16:21:20,view_history,,,True,
837,9f3e9a0f5be54a982ffd7fbc1c6d8c9a,2025-12-07 00:13:43,login,,,True,
838,efe759ba075748dcbc73ff4bcd01215f,2025-11-18 23:07:49,login,,,True,
839,a66a6793b6dbc5322f57302fdde92fbf,2025-11-21 16:48:07,pay_utility,48594.54,KZ300735270278714816,True,
840,bf7bfeabacb4b8731be0fc5a1a7abc28,2025-11-26 20:27:35,view_balance,,,True,
841,3f10d64bbacd6e8ceffd8f0b1b60f6dc,2025-09-20 21:53:57,make_transfer,180107.88,KZ117045974880717037,True,
842,5d42a804d8d3ebb6f13fb54aeab71c8a,2025-09-26 03:02:59,logout,,,True,
843,1d47f4ff1e3beb006c3b37bfbea52e6f,2025-10-17 03:07:50,login,,,False,auth_error
844,2c7a5d85505e21ad2e8f66d601d799fb,2025-12-13 15:04:13,change_password,,,True,
845,0b36a4a19c4319f2bcb011147dc3bdab,2025-11-03 08:30:40,view_history,,,True,
846,c20c972fbef015f120c6aebaeffe6910,2025-11-06 11:51:14,login,,,True,
847,bb589a2bb2d8fdebca8ee9b92cb3d020,2025-11-08 14:44:04,open_card,,,True,
848,becb95f5cec66e146a90b16f29a6fa3f,2025-12-20 12:16:30,view_balance,,,True,
849,5de3ecaade7fe0e73d3c8baa1be4e4ad,2025-10-02 09:26:31,make_transfer,1012.97,KZ727524477267415052,True,
850,4439c790cbdbbb8de4dfbf03894df456,2025-10-17 13:42:46,open_card,,,True,
851,eb6ebd96bfad9be8fed49758250cb60d,2025-11-21 16:59:58,logout,,,True,
852,22c1c075a918ec840d3d1a37a41ac6a7,2025-12-17 15:30:16,make_transfer,41927.07,KZ249337325311806037,False,timeout
853,faf0cb84bfcfb4a6abf2aa69defa27ae,2025-12-12 14:11:50,view_balance,,,True,
854,cdafaae6c35e6aed94302d1bedcc4db5,2025-09-01 23:41:53,make_transfer,8908.83,KZ961502387763113708,True,
855,9c26e76dbd0b3a2bbeb7f91dfcec156f,2025-09-17 09:49:53,logout,,,True,
856,eedada8a6c2ad4be2acd885e96bfdd7d,2025-11-27 17:49:55,make_transfer,199075.71,KZ927795693786753288,True,
857,aecdb5c5b91ddcbcf6cfed95cb7ffca5,2025-10-13 10:22:26,change_password,,,False,timeout
858,a3eb568dbd2b5ebb0f4fcd1841abfb65,2025-09-08 20:08:10,view_history,,,True,
859,0b414efedffcfed6fda9c450e836d131,2025-12-22 22:24:02,change_password,,,True,
860,2367e3a2aedf40c9caf71682ef74d743,2025-12-18 07:54:59,logout,,,True,
861,322c4d9865fce9ee4fc568be3ede7325,2025-12-30 06:50:11,change_password,,,True,
862,ad42aaaebbedbea4efffecf85ab945d2,2025-10-29 06:54:50,open_card,,,True,
863,e2e8ded6fe5ca88ee7c3dcad684f7b8a,2025-11-29 17:46:13,make_transfer,147591.89,KZ063374873875866797,True,
864,e21bc8af32455b4f2c5d7aaebbfb9317,2025-09-17 11:33:49,change_password,,,True,
865,efe759ba075748dcbc73ff4bcd01215f,2025-11-18 22:56:37,change_password,,,True,
866,2af595deeae55ea6fb5e8af666542249,2025-09-20 23:23:24,login,,,True,
867,bedd580edb9883342fe6accaa90a97d6,2025-12-09 07:25:39,logout,,,False,validation_failed
868,45743593b0be36a553a9276baa59bad9,2025-11-28 22:17:58,logout,,,True,
869,ec69cf0ee68c3040d3de0ce9f68bcabd,2025-12-06 13:07:40,make_transfer,117508.63,KZ984940992199894037,True,
870,fce7889fcacfd7f4ee633a9f3b7f6be6,2025-10-19 10:37:45,logout,,,True,
871,83fadcbcf72152a76f568c541d0a2301,2025-10-03 00:40:44,change_password,,,True,
872,f307e7edd9b8ca1d46fcfc30c1789984,2025-12-20 06:20:47,login,,,True,
873,b0bfb506334bdb6d5ea018a1bfc0eab7,2025-12-25 03:15:54,change_password,,,True,
874,d2fc7abdefe776bf4cc9ffe57a49d10f,2025-12-13 04:18:19,pay_utility,127414.15,KZ377458092106966065,True,
875,df0fdf116d3bffde5718db5fa2aa8ada,2025-10-23 14:44:35,make_transfer,26678.37,KZ967610292801060119,True,
876,a0225c7efe37da60ee3fd06f5c402fb0,2025-09-02 01:55:27,logout,,,True,
877,ed2acfe28edb28dfe4fbce6db3b3cb02,2025-11-27 07:35:55,pay_utility,119694.06,KZ971771974859674607,True,
878,5add80c2c50bb2cbffda3460a95a54e1,2025-11-04 08:56:00,view_balance,,,False,auth_error
879,0e6fd6db7d2be3d2aafc20aed38095de,2025-10-07 03:52:11,login,,,True,
880,fed67be2a05ad33b1c85052f6fa70b8a,2025-10-21 17:15:07,view_history,,,False,timeout
881,dde8ec3cc3916e809fce396fc45dc5b3,2025-12-25 05:57:07,logout,,,True,
882,d0c2ebfed36bdb92f1c9a3b77de8b7ee,2025-11-12 00:06:59,view_balance,,,True,
883,5d9f44d7ac96b3c04cba4f4f3fc1def8,2025-11-23 15:42:21,make_transfer,63951.36,KZ264913473646700845,True,
884,e510e0feabbec6d6d4fbc6339e2cd4db,2025-12-05 10:09:41,logout,,,True,
885,aebc4a6e79db23a722c08699115e9eec,2025-12-05 21:41:55,view_history,,,True,
886,fbbd3d1babe896c5bd7c2d2ebfd980b6,2025-10-19 08:29:54,view_history,,,True,
887,fe76da9bbcad5ae577aea58224db5ae2,2025-09-18 11:00:06,pay_utility,102394.6,KZ850601813573184465,True,
888,9e8a583c8bf8dd3b65ccfb5cfbd19e25,2025-10-18 12:31:27,logout,,,False,timeout
889,0b93a511bfd269a27b50c20ce954799c,2025-11-06 07:16:17,login,,,False,timeout
890,17dc1cad27c68b0fa9beeb94d9acfbda,2025-09-17 15:51:31,view_balance,,,True,
891,8a4bb8df8fbad72bee298bf1fdffb3f6,2025-09-27 22:28:00,view_history,,,True,
892,e3e9a5c68d35ad63bbb7ffffb1bd0f32,2025-09-07 18:19:27,open_card,,,True,
893,f20fc591bb2fbd2fc35ebeafa0acddcd,2025-11-16 14:30:34,logout,,,True,
894,db435bd4dff420fd53bafeeff9b29a7b,2025-10-13 05:56:18,open_card,,,True,
895,f52bdd42ebaa56da3f38beed1d74aac7,2025-12-19 12:25:08,logout,,,True,
896,d5bc0bdde6a303ac802cc1b9834b21ac,2025-10-09 03:14:57,open_card,,,True,
897,87eea902bad8e05abda0421431a315fb,2025-11-12 01:57:39,logout,,,True,
898,498cb4e277ab2b7e6fccaddacbd2d7c9,2025-12-17 03:25:22,pay_utility,2929.94,KZ379145685534947841,True,
899,0c4d8af044b7f1c56285fbdcfb5f711a,2025-12-21 01:11:09,view_history,,,True,
900,7a6a51ebdacea472b801dedacb2bcfef,2025-12-30 01:04:08,login,,,True,
901,cb29ec1eff3c4eb97adb6b1bcf61ec70,2025-11-14 10:31:27,view_balance,,,True,
902,edabff692a640dbec5add2ec3bdf6e6f,2025-12-02 15:24:57,logout,,,True,
903,a2e4b322ecea25f5987bb66089dbe0d4,2025-09-05 22:49:34,make_transfer,176710.73,KZ433909302743184119,True,
904,0dc2caffa4b4f7c66167e0ddc86fa459,2025-12-21 19:57:07,change_password,,,True,
905,3b988e7eebecb41fe6e8dee3e098354a,2025-10-27 03:24:29,logout,,,False,timeout
906,3470648bffadeed492ba6a4012e3a81b,2025-09-14 00:22:22,change_password,,,True,
907,b13bd4ecfaa5bfefcbb0d8d9ddcdae4d,2025-11-15 05:00:53,pay_utility,158649.65,KZ326194573259977701,True,
908,a4ecc8b1af0a27e6ede5b7d1fc9c1d3c,2025-12-28 17:07:39,view_history,,,True,
909,30b7f6e155cb0b9ae2ca2a6f85546a97,2025-11-14 11:12:44,pay_utility,45983.42,KZ802847100393850688,True,
910,db6a01cff2f0bd887d6bf4ce66afbf6b,2025-12-02 22:24:57,view_balance,,,True,
911,725787bce1bcf23a24f4632718eb63fd,2025-11-24 04:30:21,pay_utility,48018.85,KZ804720654514621635,True,
912,bebf8cb7d0c7dfd0a4a6d1da81d92974,2025-10-15 10:58:33,view_balance,,,True,
913,1fb840e23c2aa66bcf98b4dcdf46ca57,2025-10-22 01:29:02,logout,,,True,
914,f91ec7ef40b40e2e8ae6a1aab8aadea2,2025-10-17 00:26:53,open_card,,,True,
915,9dcfe9ff9bbdbeebeea6a14dc1b47279,2025-10-20 12:33:57,logout,,,True,
916,f8cc0dfdfa73385c9ae6e4c4c8e7ef64,2025-10-12 20:25:35,pay_utility,142943.35,KZ763835693597528532,True,
917,a4bff2cfb9ce1ded91cbc3cab8c7f5a3,2025-11-19 15:22:48,logout,,,True,
918,3a7b71f44ad09fa72a449bd07ff028fe,2025-12-17 23:53:18,view_balance,,,True,
919,b60419f0effad7ea6f2e335befeacfee,2025-12-19 12:15:58,make_transfer,187344.04,KZ983139695076119632,True,
920,f5fc9a37e7e0dcca07afccf3cab1cf9f,2025-11-13 13:03:49,make_transfer,121225.84,KZ669759800449970439,True,
921,eceb9b9e2fbceefa431f561a49df6549,2025-10-27 00:54:36,pay_utility,75114.43,KZ953854239193910116,True,
922,032b0f76ecb464bbfd027a02ccf56a8f,2025-12-19 07:46:53,view_balance,,,True,
923,4dbd39adeb3d9b06464578c82074d3a1,2025-09-25 01:56:37,make_transfer,176064.7,KZ753009383553556711,True,
924,fa7fe53e627b3a99dd6a415100c2dec9,2025-12-16 20:48:06,open_card,,,True,
925,fdee7cfe96ccbf3a02033dbe8a778fc8,2025-12-28 12:08:39,make_transfer,93144.43,KZ855956398288920626,True,
926,aeb65259aab100efcebe14cda4debdd0,2025-09-17 23:00:01,view_balance,,,True,
927,a6c35a87e4a4dc7bb3d822ee56fadf40,2025-11-14 21:24:14,change_password,,,True,
928,acdf77c3a75faeeddafbebdb8d2ff8fb,2025-09-16 14:07:08,view_history,,,True,
929,bb589a2bb2d8fdebca8ee9b92cb3d020,2025-11-08 14:42:53,view_balance,,,True,
930,4cb7c816bbb76beb5efa2fb65fbef5ae,2025-10-31 04:13:35,change_password,,,True,
931,e150e1990b25fecda58fceece428f4a5,2025-11-06 11:17:36,pay_utility,127462.55,KZ050020657704647316,True,
932,a6c35a87e4a4dc7bb3d822ee56fadf40,2025-11-14 21:30:38,view_history,,,True,
933,9ddadb66e9be38d2da2a6d19d2abe4e8,2025-09-06 10:19:20,open_card,,,True,
934,a6c9a262b999c9db78dcdff5efa4833c,2025-11-04 11:50:30,logout,,,True,
935,92ae7d4ebcbd1e4497f9cc153901f28d,2025-09-26 19:10:24,login,,,True,
936,f0ea4bcad96facfe20dc9f05e4e2ceb5,2025-09-04 14:27:15,change_password,,,True,
937,8a672bd7fae404bef36d0146797bdd63,2025-12-02 19:48:50,login,,,True,
938,1fc8e1487ece352c3db32b0a0de33d64,2025-09-11 11:15:33,login,,,True,
939,effacf4fc4a7b53f31bd871fb32fdadc,2025-09-10 10:34:46,pay_utility,166844.49,KZ935412759111417617,True,
940,ca4c3ea9aac8ead8697e2acdf7f86a2b,2025-11-15 09:28:27,logout,,,True,
941,5add80c2c50bb2cbffda3460a95a54e1,2025-11-04 08:52:49,make_transfer,82923.03,KZ144746636518514828,True,
942,bbcacebec3984a418ce5020cefe5d32f,2025-11-08 15:12:53,change_password,,,True,
943,72e930cfb1e3e129fefddf0c26a16b36,2025-10-12 23:23:56,view_history,,,True,
944,d2fc7abdefe776bf4cc9ffe57a49d10f,2025-12-13 04:30:32,login,,,True,
945,c0deabf839c76f09fad75f1ad2ff0eed,2025-12-01 16:22:45,login,,,True,
946,bb44fdebec97be85f5acd7cbcdf5ace8,2025-10-07 23:56:06,view_balance,,,True,
947,4bbc6bfb9bdb4bff4dcbc0eaea7da1a5,2025-09-16 08:23:57,view_balance,,,True,
948,cdb1a1d44ec050ccada99bc4588bdae8,2025-10-26 22:09:03,login,,,True,
949,2beb2b66c40bfbf213db09daf6e8b9bc,2025-12-25 17:46:18,login,,,True,
950,a6baf4cf8b1ea2ebdf2fe19dff535e19,2025-12-24 00:32:50,make_transfer,19179.84,KZ045325737462868175,True,
951,332afbbd136d7728372b11ec5406a700,2025-11-24 03:12:32,change_password,,,True,
952,150b5a5f743f3e9dfe36b37e6e308c4b,2025-12-30 08:32:29,view_balance,,,True,
953,7d9e8dbbffca3d68059dbcf9bed0ed5d,2025-09-09 01:35:22,pay_utility,161232.03,KZ403859217719713920,True,
954,cbbe0a1f55d227a0e61e60e91af0efd1,2025-09-23 06:15:24,view_balance,,,True,
955,eb6ebd96bfad9be8fed49758250cb60d,2025-11-21 16:49:57,login,,,True,
956,aeaeabf0c7a41066adacdbdaddaedef9,2025-12-27 17:51:44,make_transfer,198688.56,KZ930534262296496525,True,
957,8d5bbda74d6a99efdf59e3d2b71cffba,2025-09-22 08:28:14,view_balance,,,True,
958,d7da87b65ff0562bfef8d94fa56c84bd,2025-09-28 01:16:48,view_balance,,,True,
959,f0d3d077261fbfd4deadeecc6dcc34a1,2025-10-21 00:10:52,logout,,,True,
960,da911808b9ae0374bc00ed7fede9edd5,2025-11-10 21:15:18,login,,,True,
961,e86b4e96a8c84685bc8fd93fef712224,2025-09-21 02:22:02,login,,,True,
962,dd03a39dd8e41c6a5ebc96dbb6cac548,2025-09-18 21:07:25,logout,,,True,
963,db435bd4dff420fd53bafeeff9b29a7b,2025-10-13 06:16:04,make_transfer,198095.39,KZ917915479795733582,True,
964,f4ab591fd8fced3f93f8e3ff9aefc3ce,2025-10-26 06:31:36,pay_utility,134311.35,KZ488402476313984181,True,
965,aee5a0af2dbcf7f3dbc2cb7d7d77ae4e,2025-10-18 10:15:33,open_card,,,True,
966,fcad7a2dfb74f20d5ffffead802c0b1e,2025-09-08 11:50:14,view_balance,,,True,
967,fcad7a2dfb74f20d5ffffead802c0b1e,2025-09-08 11:52:17,pay_utility,185557.33,KZ995066219054066064,True,
968,90f9ede76cec28b65484f77d1b1a047d,2025-11-06 21:21:12,view_balance,,,True,
969,eaefe2b97a7e2fefdcbb6a3a893bdad3,2025-10-01 22:01:21,pay_utility,119719.47,KZ271542117839848544,True,
970,b45bf04eeab0687b14e54ddaac3dd4dc,2025-09-22 10:54:12,pay_utility,59857.53,KZ262541161474800476,True,
971,ad49e4bef30c39eca5fbb62837bcce68,2025-12-01 10:23:37,logout,,,True,
972,f708ae890fb2f27b4eca2ab7dbfd76bd,2025-09-03 04:48:50,pay_utility,154870.08,KZ136020760319264036,False,validation_failed
973,ce8ddb7d5eed828c5a3d7a5aacdddfa1,2025-09-08 19:55:47,logout,,,True,
974,e6d943b2fdf05e6edb83e3d4002e9deb,2025-09-06 04:25:17,open_card,,,True,
975,ff393a14c98e6c986ddaea89e0b0cdab,2025-09-29 23:23:05,view_history,,,True,
976,7d560c9f26f7b9bac8d9dd5ffea2beff,2025-12-16 19:11:39,change_password,,,True,
977,23b9ba10ae5fe6dd7eefdec3f9e372ee,2025-12-23 00:54:47,make_transfer,43192.32,KZ950232656725170455,True,
978,ffca2bb170cf5e333debe8a0c2317ad5,2025-10-23 23:38:17,open_card,,,True,
979,dee62e5a746307fa0fecce8669f63a8c,2025-09-30 08:12:05,open_card,,,False,auth_error
980,ebf1cbbf4d72b0a3fd9e2b3351b6f3a2,2025-12-19 19:56:00,view_history,,,True,
981,dbb8eeaee4bff62cefbd84691bbd9cb1,2025-10-08 20:12:21,change_password,,,True,
982,bebf8cb7d0c7dfd0a4a6d1da81d92974,2025-10-15 10:47:15,view_balance,,,True,
983,de7eaf91bd07db86fb02abb762b8caa8,2025-12-20 08:17:00,view_history,,,True,
984,9f3e9a0f5be54a982ffd7fbc1c6d8c9a,2025-12-07 00:39:02,open_card,,,True,
985,bef8bd163affdeee736a5fad9139842e,2025-09-15 10:11:50,change_password,,,True,
986,aeb65259aab100efcebe14cda4debdd0,2025-09-17 22:53:31,open_card,,,True,
987,03aa8be8ea1da6b1e1c4cfc3d3bfd4dd,2025-10-21 14:12:01,view_history,,,True,
988,9d07d73bfe22cfab51a5df2df67c6eb4,2025-10-21 14:30:16,view_history,,,True,
989,c0a1ee1b1bd651b3dff7cbae6ce958db,2025-11-28 17:37:50,open_card,,,True,
990,cdafaae6c35e6aed94302d1bedcc4db5,2025-09-01 23:39:52,logout,,,True,
991,30a8be4fc0a4fa19fa9adfc4abaa1f22,2025-11-04 06:55:06,logout,,,True,
992,c4c925ea56ffda22ad53dbdecae9b9e1,2025-12-27 05:39:25,view_balance,,,True,
993,8c439a3baa0fde777ee2e1fd67f30ad9,2025-11-08 00:28:46,change_password,,,True,
994,edbc42f3a60c19aca9f582d2bfb2123e,2025-11-10 17:06:53,login,,,True,
995,ed6f7abbb28bf53d3252ad03b1bd1dfb,2025-10-06 00:28:39,change_password,,,True,
996,53eaa4e01c755003bd59fb26a1bbb2ab,2025-11-11 20:53:47,logout,,,True,
997,8f9bbb26f25abacba8ed4df6dc00c2dc,2025-12-21 06:28:11,login,,,True,
998,aafdcbaeac0dfe5adcf9f7ca6e6b3eea,2025-12-02 07:57:40,open_card,,,True,
999,19dc33dac674fc8f333c6ddc290c8fc9,2025-12-25 14:04:29,make_transfer,22453.32,KZ227195192476168428,True,
1000,aa0bb9eef7ee3e9a05cdb6df25d71b4e,2025-12-21 22:24:18,open_card,,,True,
1001,adae09eeb0fe8f5d93d1cec9febf15e3,2025-09-17 08:46:28,logout,,,True,
1002,23b9ba10ae5fe6dd7eefdec3f9e372ee,2025-12-23 01:10:37,make_transfer,29586.5,KZ409427438303900431,True,
1003,7dbaaba0397dc77c0435c65b257c4ffb,2025-09-19 00:20:37,change_password,,,True,
1004,85f1ad10ceeec2c5312f83ca052d9d58,2025-12-05 18:57:41,view_history,,,True,
1005,6e4dd74cabdbedede4bf1c289a30cec1,2025-12-29 21:30:43,make_transfer,38839.42,KZ283106153268356015,True,
1006,cdfb843c9facdae0cbdf96efb421f038,2025-11-30 05:44:38,view_balance,,,True,
1007,b7c7ed3aabac6c2421e0c8f0b7647910,2025-10-17 23:30:34,open_card,,,True,
1008,eaa13eb3ca2b01dde256a1e451e3ffff,2025-09-04 21:44:00,logout,,,True,
1009,3d1132ab7be80a4d2c6f757263fef02f,2025-11-23 19:02:15,login,,,True,
1010,f7f2dab5ccfee6b78dc4dada47c32cdf,2025-09-09 14:06:49,change_password,,,True,
1011,21ccde0bd4bbbd178b9ed6b954efad9f,2025-10-22 03:46:41,open_card,,,True,
1012,c7f6cbcada31de18f42ccf2e643659d1,2025-09-22 18:08:27,logout,,,True,
1013,9c330d7c4e8daefe9ea33f5e037c52b6,2025-10-20 21:20:16,logout,,,True,
1014,f8f26f8efd1f2927f0c8cc72eceb9cfe,2025-11-01 23:47:12,open_card,,,False,auth_error
1015,ed3e1561fab94aa4e5efdb57dfabbfa1,2025-10-22 09:18:47,logout,,,True,
1016,d2ef62b1542ebeade213c78329221762,2025-09-27 02:03:01,login,,,True,
1017,4f944b115fa34c491fdfbcecc45bd54f,2025-10-01 04:21:07,change_password,,,True,
1018,60fcf7605a3af4baaaff6ba01c04237c,2025-12-13 21:09:53,login,,,True,
1019,c22d3f8a17d37f1da8357ea19d587688,2025-11-14 09:44:20,logout,,,True,
1020,e4c8da1e13984b2d56a45b5d3eeace1f,2025-09-12 03:24:10,pay_utility,185365.99,KZ048063911420336441,True,
1021,310d989fca2bfbaea43dd7ecc822e5b6,2025-12-22 00:42:56,view_balance,,,True,
1022,8cd93ddb97ab79ef9b62be7cf64f9231,2025-09-28 14:05:30,change_password,,,True,
1023,fa4eed6d5eead61e15bb1c34c90ccfb9,2025-09-14 15:56:52,open_card,,,True,
1024,5fe0fcb7c5ea3cd5d0f6f3fefec3502b,2025-11-15 04:04:42,view_balance,,,True,
1025,8ac842cb3d16d2aee2fbecb3ad34ad6c,2025-10-21 14:52:38,view_history,,,True,
1026,c45ce5e2fdef7ff3dd114deb66ffaccd,2025-11-16 02:20:16,logout,,,True,
1027,b0ddafcaddb18eefc357db865d21b257,2025-10-14 06:00:11,view_history,,,True,
1028,b36bfcde46f7ebbb53db17aea7defe5a,2025-09-02 14:55:48,login,,,True,
1029,d182ac12e1edb5dac45704b3faefb32b,2025-09-06 14:12:24,login,,,True,
1030,2f73afec7fe49d31bce3a8ef7d46bc8f,2025-09-13 08:41:27,pay_utility,44974.92,KZ946578876812811153,True,
1031,bf8ac49fc51aa3202a0d5c0bfbe3fdc0,2025-10-21 12:21:25,make_transfer,152883.12,KZ001741041748491357,True,
1032,8aa482bfead76a8df3eecfeec9d3a201,2025-10-22 04:33:51,logout,,,True,
1033,effacf4fc4a7b53f31bd871fb32fdadc,2025-09-10 11:00:37,change_password,,,True,
1034,34f3cc4b3bf4bc5c4d48ef0cf5a1ff34,2025-12-18 20:00:14,view_history,,,True,
1035,bb52b720aa7283c2975c0bdaa86553e0,2025-10-28 05:50:34,logout,,,True,
1036,c5d584e6abb7f7ddc11a9275bdface9a,2025-11-03 14:51:32,make_transfer,10114.85,KZ295770996953743136,True,
1037,0de80c8fbbbfeafbbcffb1a32be4b0d7,2025-10-12 11:59:02,view_balance,,,True,
1038,f5f8abf8f3d5b7dda3cabab0ff70e3d8,2025-10-28 07:56:03,change_password,,,True,
1039,3fb91bbf63bf1d532bba8ced16bc2e39,2025-10-13 05:00:35,logout,,,True,
1040,f9b1ad8b9a7fe7c4a5aebe5e0b855c36,2025-10-25 12:51:01,pay_utility,115168.92,KZ072879242266283792,True,
1041,971a3d2dcc9184cfdcae944487dfcf02,2025-12-27 10:52:20,change_password,,,True,
1042,fb5fc6a5d484a10ae367fb8321eaaf35,2025-12-13 11:38:37,open_card,,,True,
1043,60fcf7605a3af4baaaff6ba01c04237c,2025-12-13 21:21:47,pay_utility,142468.11,KZ129574015106107888,True,
1044,a1de38c6b4c7ac0f6a2e8321a86a8aea,2025-11-17 21:47:59,login,,,True,
1045,dfef13f69b1dc8dfc56ec73ac834dfe1,2025-10-26 05:24:41,open_card,,,True,
1046,b6826f6b9bd3f4d6adf25ced6ddd4c68,2025-11-02 18:27:46,open_card,,,True,
1047,f180aa8bef8ecebf7c0ecf04be37fbe2,2025-11-16 13:05:06,change_password,,,True,
1048,d7df2beaa4111b7f61ccf0e219a5346a,2025-11-09 09:46:10,view_balance,,,True,
1049,0b414efedffcfed6fda9c450e836d131,2025-12-22 22:20:42,open_card,,,True,
1050,c2c4e217e5a3fdeb44d4fc75436bf2c1,2025-12-04 04:00:31,view_history,,,True,
1051,e59a4560869fa0f472df98134c4feefe,2025-12-07 04:04:15,open_card,,,True,
1052,a502bbea1d63aad2bffcc0b96db7aa1e,2025-10-21 05:19:28,view_balance,,,True,
1053,bccd1db399dced5a7c22a9aa0b46667f,2025-09-13 12:11:44,pay_utility,68452.37,KZ928165663308319186,True,
1054,baa4ecfa417bbc28eb30f27efda96ed7,2025-12-07 00:29:59,open_card,,,True,
1055,bf24e8feceaba8cc3ff1c112871b34bc,2025-12-19 18:42:26,view_history,,,True,
1056,aa0b4fbdefacc28509eebb4ededdaf24,2025-10-11 23:47:24,login,,,True,
1057,a31ff2273fad25ad72fddc6000f1fcd3,2025-11-09 02:02:45,login,,,True,
1058,f37aaafbe68bee944f698e992030eeb5,2025-12-23 09:07:02,view_history,,,True,
1059,31dd5a815efafffff1872af42ace343f,2025-12-16 08:14:29,pay_utility,178236.46,KZ169745234031196385,True,
1060,6d08f6a42e9ef235dbba02be2dacaee2,2025-11-24 14:55:15,view_history,,,True,
1061,a66a6793b6dbc5322f57302fdde92fbf,2025-11-21 16:35:02,login,,,True,
1062,7e1edbaea89acfb6bce80b8aa7d3a4a0,2025-09-09 15:33:02,open_card,,,True,
1063,e5b35d9fcabdeb758adbe86e771dc6f0,2025-11-22 20:46:56,view_history,,,True,
1064,ec9b331887d4bd4a5fb58ac5b8da5fb2,2025-09-03 05:43:40,make_transfer,77815.49,KZ076505637295340569,True,
1065,acf871b1816acd9560ddea0dcdfdba1d,2025-09-09 15:42:25,make_transfer,156991.82,KZ872211332157320290,True,
1066,46b0553cf6da8d3db24ad3e7784dbea4,2025-11-26 13:08:16,view_balance,,,True,
1067,bb589a2bb2d8fdebca8ee9b92cb3d020,2025-11-08 14:51:55,view_balance,,,True,
1068,3b9af4c583bdcfbfbc14ef8b7daf57ca,2025-10-25 13:02:26,make_transfer,162903.96,KZ777448891043811380,True,
1069,bfa29fe4eedecfbc9b902edceeee8c3a,2025-11-09 00:36:59,pay_utility,26988.69,KZ378563420063100257,True,
1070,1e684b3118526543a6ddfaf602d3eea0,2025-10-10 21:32:23,make_transfer,128646.78,KZ043404958273729273,True,
1071,0e0c678ca9ab4ca675404ad9e6d43c8e,2025-11-04 06:33:13,open_card,,,True,
1072,df00adec76b64335acdef0fddbabacdf,2025-12-03 07:58:54,login,,,True,
1073,a7fa05db6676bdf195f1822f7150b5fd,2025-10-03 23:08:45,open_card,,,True,
1074,6d106d4cb5dee4ddc027c6710ac6da5d,2025-09-17 19:01:20,view_history,,,True,
1075,dd4ceb02c304be76aada6be6e0bedb27,2025-10-05 02:03:23,view_history,,,True,
1076,306e59069b773c0cf8ed8347f5fdf2c6,2025-10-22 10:30:45,view_balance,,,True,
1077,dd58c336cdcd694b1a38b0aeaf4adecc,2025-12-14 01:47:16,open_card,,,True,
1078,2d2de5c0d2548d7cf72d0bada4edb0f4,2025-11-18 11:05:08,logout,,,True,
1079,e3e9a5c68d35ad63bbb7ffffb1bd0f32,2025-09-07 18:25:37,view_balance,,,True,
1080,332afbbd136d7728372b11ec5406a700,2025-11-24 03:06:49,view_balance,,,True,
1081,21dadb2b3bda95ffd9ab3d7afebece12,2025-12-16 22:21:18,make_transfer,127019.67,KZ473043776912730820,True,
1082,df3acdcdcece6f0b6909e31c68b9d068,2025-12-02 04:42:11,login,,,True,
1083,dafaff24ccbdaa64a126d7a6eeff4bcf,2025-11-13 06:29:04,logout,,,True,
1084,035cccee2f2cbaaddda43019cdee131a,2025-12-11 20:06:57,make_transfer,114044.64,KZ626793659527410673,True,
1085,eaaf9dfbaaab0ad6ed1aebbb04ac8b85,2025-12-21 11:00:55,logout,,,True,
1086,7d9e8dbbffca3d68059dbcf9bed0ed5d,2025-09-09 01:48:35,view_history,,,True,
1087,85b1b2e3999be61b4fc28ce55a23cfcd,2025-10-10 21:12:10,view_balance,,,True,
1088,adf6f28162cc3b1386cee596baf5194b,2025-09-18 05:10:30,open_card,,,True,
1089,defe41b3c5faa440b350c58ae4aefecc,2025-10-02 04:25:49,view_balance,,,True,
1090,2ec9f2418f4be405aaaceabbe97ae4bb,2025-12-27 09:49:57,make_transfer,16211.78,KZ502032720593510491,True,
1091,adcd296cfba7e2efbad55eb61b2187ba,2025-10-10 01:07:31,change_password,,,True,
1092,0ed8da68b6408fb3e5a1de7e5b16e0ee,2025-10-29 08:19:53,view_balance,,,True,
1093,bf7bfeabacb4b8731be0fc5a1a7abc28,2025-11-26 20:45:05,pay_utility,131502.28,KZ020492796146520668,True,
1094,dec8ca5024185a2f5c97bbba15c3357f,2025-10-19 10:00:00,open_card,,,True,
1095,b2eadccfec1fcddd92c0efbafae0d2f4,2025-11-16 05:36:31,change_password,,,True,
1096,abfbcf99db4baf66882afd61a7a8d3d7,2025-11-12 14:22:08,make_transfer,128968.23,KZ665093017926663019,True,
1097,212ca6aa3b343bab8ca1ceb3d9701c6d,2025-12-02 10:58:40,pay_utility,111150.05,KZ258094906780042063,True,
1098,0ac01cefabc6cc5c5bacf1fe2a0c96c7,2025-12-01 21:06:08,view_balance,,,True,
1099,7ab2a1dcc7fd27c105e7ff6a9c9e1bfc,2025-11-08 10:11:19,view_balance,,,True,
1100,b1aeb441dad18caeabbceaa195b8e0c4,2025-09-13 19:05:16,view_balance,,,True,
1101,3e0eb8f48f5dadaab6dfad9d4c755c6c,2025-09-03 16:03:02,view_balance,,,True,
1102,cd71c4d5f8e90bae3d69745bd87df4bc,2025-11-16 21:39:53,view_history,,,True,
1103,cc5b3bb5de6de65bd4d8c32c8e7d2881,2025-10-22 22:47:10,change_password,,,True,
1104,f91ec7ef40b40e2e8ae6a1aab8aadea2,2025-10-17 00:14:39,pay_utility,64766.89,KZ163899393499302053,True,
1105,f8f9cadeb9decbb2f74c409c6dba2ea9,2025-10-22 15:37:45,view_balance,,,True,
1106,4fc3a63e0a0ffb3cfe0a0dbfce5bfe15,2025-12-30 15:25:01,login,,,True,
1107,e24d4efcb3ce83df78b0b2ad2e96dd47,2025-10-30 15:29:22,open_card,,,True,
1108,21dadb2b3bda95ffd9ab3d7afebece12,2025-12-16 22:30:11,change_password,,,True,
1109,bef8bd163affdeee736a5fad9139842e,2025-09-15 09:57:20,make_transfer,175532.25,KZ760919199793877565,True,
1110,8deb3cb485bf6a0fed8d19dfec30ead5,2025-12-29 20:52:58,change_password,,,True,
1111,0bcfc74acf9e0ccfe1f36633bc5e95cf,2025-09-11 01:34:54,view_balance,,,True,
1112,25fa26dd784e4a82b7fc233c57ea6aa4,2025-12-29 09:08:20,logout,,,True,
1113,adadfa9f04a43686ea9d7ecb6c92866f,2025-10-21 15:19:32,pay_utility,162771.71,KZ349488505673805865,True,
1114,30e32c4fe9867c4dbc3fcfdcf74b8ff2,2025-09-02 01:55:09,view_balance,,,False,validation_failed
1115,ce0aa0ef2e8211f2405bee36a443c19a,2025-11-02 01:19:28,change_password,,,False,timeout
1116,ababdf0cfdb3b443caae6ac2b7ba187b,2025-10-11 05:44:18,pay_utility,97840.5,KZ665212526192532334,True,
1117,df83cd3e3b0717eceabdf86e9fb944ce,2025-12-24 00:33:14,logout,,,True,
1118,c979edb5ac5acbf4fbbd6af8486c212d,2025-10-17 10:01:52,view_balance,,,True,
1119,9e8a583c8bf8dd3b65ccfb5cfbd19e25,2025-10-18 12:17:34,view_balance,,,True,
1120,f81b55ea10ffca1d9da3e71fb0f5cbe2,2025-10-23 20:33:46,view_balance,,,True,
1121,fe167ffb44ff5aaec7c3d72967f5b1da,2025-12-17 11:35:38,pay_utility,58664.9,KZ694869436615850075,True,
1122,a6baf4cf8b1ea2ebdf2fe19dff535e19,2025-12-24 00:48:05,open_card,,,True,
1123,d4be7feefa8f6a9d41969ff5fbbc2bff,2025-11-25 09:52:48,login,,,True,
1124,6fcef9f739ed09605f9da7b1b1bf56a7,2025-10-14 16:39:02,view_history,,,True,
1125,8d6022cd0fe6afaadfdc406fcab2abf4,2025-10-11 22:09:42,make_transfer,24868.78,KZ376969228178289456,True,
1126,af57471cde7e6aec1bf5bebba7ec6afe,2025-11-22 16:20:15,open_card,,,True,
1127,f5164fc60b053bbc3df7a4eac2b18841,2025-11-23 02:53:31,open_card,,,True,
1128,e5b8ebabe2edb53f01bc4fb7edd7e6f2,2025-12-06 01:57:31,change_password,,,True,
1129,6d1b660ea83dbe8d4db86b3bcf6d6027,2025-12-18 22:19:23,view_history,,,True,
1130,8eadcc60e7fdd4e70b5fe2cd56dec57e,2025-10-10 03:09:26,view_history,,,True,
1131,d62c0c1a4c419bb8921bea3f6ac3a270,2025-10-21 19:59:06,view_history,,,True,
1132,ada8beedbefbb5ebfbfce0d87bbeb2ff,2025-11-30 04:43:27,pay_utility,126358.41,KZ156107388308997028,True,
1133,7205ac6bfb7bf78f6708ef4eebc61aef,2025-10-05 13:14:55,view_history,,,True,
1134,77778ebb81bdef0dd98f1c3e1dbadaf2,2025-09-25 18:46:50,open_card,,,True,
1135,fe76da9bbcad5ae577aea58224db5ae2,2025-09-18 11:02:39,view_balance,,,True,
1136,c972a192a4ebd7ffe4dabfe4bc29781c,2025-12-28 23:03:11,open_card,,,True,
1137,f89cc69e3bddca3dc9e1a26b7ff1a0bd,2025-11-13 22:19:06,make_transfer,143452.51,KZ398168535399320012,True,
1138,28d27aaf6b7d66288dfdcc4353bc2d4d,2025-09-02 18:13:25,login,,,True,
1139,c6ca1ece853f4ac8aad5c2acaad9bea1,2025-09-02 03:18:58,open_card,,,True,
1140,8d6022cd0fe6afaadfdc406fcab2abf4,2025-10-11 21:55:54,view_balance,,,True,
1141,b7c9fa4f90bdc1ec6ddfda9cedbbf104,2025-10-31 03:51:21,open_card,,,False,auth_error
1142,afd6ee2a103ab1dac09dae18fdace8ff,2025-10-18 07:22:42,view_balance,,,True,
1143,27fa09480ab38226ce5e0bb3b6ced9e2,2025-12-26 23:13:53,view_history,,,True,
1144,e6a78e042c9f0ad57b496bfd8f254db5,2025-09-14 20:34:05,logout,,,True,
1145,a44cc2deef57f6814f8cadf8cabdebbf,2025-12-14 07:44:39,change_password,,,True,
1146,9663cadfa7f9c4fecd86390c2aff5f6a,2025-12-06 08:28:34,make_transfer,165409.32,KZ309555713469919597,True,
1147,de7eaf91bd07db86fb02abb762b8caa8,2025-12-20 08:01:01,view_balance,,,True,
1148,ca4c3ea9aac8ead8697e2acdf7f86a2b,2025-11-15 09:50:28,open_card,,,True,
1149,59f2bd04d84a984edc8cececea38f9a5,2025-11-14 05:47:16,login,,,True,
1150,efa2a1e5afdf1ceea7d9d9f840efbd8f,2025-10-19 23:46:08,view_history,,,True,
1151,a66a6793b6dbc5322f57302fdde92fbf,2025-11-21 16:41:57,pay_utility,43848.49,KZ412807838611040414,True,
1152,9b7cddedb2fad8eaf509f72c62e9678d,2025-09-06 06:23:00,pay_utility,85237.37,KZ708304844255559123,True,
1153,da911808b9ae0374bc00ed7fede9edd5,2025-11-10 21:26:48,view_balance,,,True,
1154,cc24278aaf9ab58185e2ceaeeccdd0b7,2025-11-28 00:16:18,login,,,True,
1155,c10c04dafc9f0dd033826e06f4df88ac,2025-12-11 19:17:35,view_history,,,True,
1156,01d4accd67bde0309fcdc5a382c71cdd,2025-11-15 08:30:00,open_card,,,True,
1157,310d989fca2bfbaea43dd7ecc822e5b6,2025-12-22 00:31:56,view_balance,,,True,
1158,3d3ad2a58af9ded89ce996b73351fd04,2025-11-02 23:57:06,pay_utility,111651.02,KZ060232763602634433,True,
1159,ae0dda785eff446ad4bfcc97cacee5d9,2025-11-26 21:51:18,open_card,,,True,
1160,a66a6793b6dbc5322f57302fdde92fbf,2025-11-21 16:44:47,view_history,,,True,
1161,d7aafd4cbdd2dfadbbd488b0c9aa6bfa,2025-09-19 01:14:40,logout,,,True,
1162,e0c589455eec7c1cd7b0ba12b8fbb9e7,2025-12-01 08:40:18,change_password,,,True,
1163,af3501bb2b9d35be9bb673d9790f9f26,2025-09-16 20:01:21,make_transfer,15522.98,KZ646122626267440107,False,validation_failed
1164,c4b2dfe5ba41a083a0d6ed3cc9ba451a,2025-09-08 13:17:55,pay_utility,127575.58,KZ950871448035190225,True,
1165,a6a9cfae2aa31b910b4bdba6e7f873de,2025-10-24 11:05:10,open_card,,,True,
1166,683a2deeab27a6e402ac21910cde5cd1,2025-12-12 03:06:00,login,,,True,
1167,d3f8196525819dbbf5edba9deeaa267f,2025-10-21 00:06:29,pay_utility,130776.86,KZ228374019617072139,True,
1168,54fcef674ad1f1b829785c0b7d1bc27e,2025-09-20 05:52:56,pay_utility,192345.63,KZ146716216347585228,True,
1169,cdafaae6c35e6aed94302d1bedcc4db5,2025-09-01 23:31:41,logout,,,True,
1170,9e0dada93caa4d5d5b57a6ccecd4760b,2025-11-03 16:27:02,change_password,,,True,
1171,45743593b0be36a553a9276baa59bad9,2025-11-28 22:00:15,pay_utility,28934.63,KZ578207084602146256,True,
1172,e6f8cef53bfdd3e4974bbb8f7d8f1110,2025-10-22 03:06:28,open_card,,,True,
1173,c68c4b0dbcca8b82a5e68faf20b665c7,2025-09-15 21:35:31,change_password,,,True,
1174,a4ecc8b1af0a27e6ede5b7d1fc9c1d3c,2025-12-28 17:21:04,view_balance,,,True,
1175,ebdccebf8cbbc8c93cbfb83f9cd2aede,2025-09-05 07:10:55,make_transfer,183011.19,KZ952235585357498068,True,
1176,f9a6841be354f52edae5d5c49d50e90b,2025-11-14 18:08:31,view_balance,,,True,
1177,cce95dbcddeea73dfb67fdea33db83c4,2025-11-25 01:35:46,view_balance,,,True,
1178,6d106d4cb5dee4ddc027c6710ac6da5d,2025-09-17 19:17:13,open_card,,,True,
1179,6ffc5adfecfb8b4b7913d442e55ab31b,2025-09-27 11:27:53,change_password,,,True,
1180,17e45abbaee0e50a729b7d21de1cddff,2025-12-25 17:36:14,view_balance,,,True,
1181,5ca949206befbb315a1cc453008dcc95,2025-09-10 13:53:37,login,,,True,
1182,b7ddad29ede017ccd4f6ef0c476e6ddd,2025-09-25 13:46:53,open_card,,,True,
1183,1d47f4ff1e3beb006c3b37bfbea52e6f,2025-10-17 02:46:57,login,,,True,
1184,b1aeb441dad18caeabbceaa195b8e0c4,2025-09-13 18:52:55,view_history,,,True,
1185,4e6fbbecdee2d8db256b5e817eea31ed,2025-12-24 07:41:50,pay_utility,183267.14,KZ917562157030641976,True,
1186,a2de7fb6c2dfaa9eb53e4affe1bdaca8,2025-11-10 09:49:18,make_transfer,79464.11,KZ761289230994892683,True,
1187,f941d5655cda12b889aabeac3f9e75b2,2025-11-26 00:38:14,view_history,,,True,
1188,18fe3a16b2b45b6cb78792f129b2da2f,2025-11-22 23:57:34,change_password,,,True,
1189,bb50c83bc255bd534bfaf3828f12ff58,2025-12-05 13:27:33,pay_utility,99110.18,KZ377391953517734080,True,
1190,caabfffeb8bf370e5cfdd4ef5230fa40,2025-09-29 03:01:07,view_history,,,True,
1191,ffd7e7d246cfff0da12d8e81e4049cc0,2025-12-09 02:22:54,view_history,,,True,
1192,ad425555068d64a4f4f9cc4ff5c6554e,2025-10-04 14:10:40,pay_utility,86898.8,KZ052134526906766751,True,
1193,ce6ffcbe0b9ddf0ce49cdb316f9ab992,2025-12-26 09:25:25,pay_utility,126129.96,KZ435753605835381369,False,validation_failed
1194,20514caee4a0b52cd90e8e23bd8bf8bf,2025-09-12 22:58:31,view_history,,,True,
1195,43ebc7d9f1caa80fcf1fa4a71f7f40ec,2025-11-06 17:15:03,logout,,,True,
1196,766fae502508fd52b03fafe3ad00a5a5,2025-12-23 18:14:53,login,,,True,
1197,bae4ca8efecf14b7d99be53bd26dad8c,2025-10-26 01:13:58,view_balance,,,True,
1198,7d54efa4e6dc2c0eb0bdd9b24e3e6dd8,2025-09-25 08:55:59,open_card,,,True,
1199,5722dbbaffb0c02b0aa7a2a1ab3b3df5,2025-10-20 17:54:14,change_password,,,True,
1200,92ae7d4ebcbd1e4497f9cc153901f28d,2025-09-26 19:10:17,change_password,,,True,
1201,3f8c9cfaad0ea57ddcce9f9baeede7ff,2025-09-26 01:24:13,view_balance,,,True,
1202,d9b8d7beb7abbed9fe48b15dad601db0,2025-10-10 14:42:27,make_transfer,17900.49,KZ329867640386357800,True,
1203,3c4d2c07ae63b5b79fdf3cab98b0c059,2025-11-28 21:05:45,open_card,,,True,
1204,30fa61d146be1a31e97c46eba8f01c6c,2025-11-04 08:54:21,pay_utility,106417.57,KZ971770653350374689,True,
1205,effd5d6dee25c513b54591dbe37af883,2025-12-13 17:46:16,login,,,True,
1206,0ebc18ffbbf6ee4ec25c7cbb34c87af9,2025-09-11 04:51:14,view_balance,,,True,
1207,9ab8bcfb9b97f73bf653a0deadb5a651,2025-10-02 02:10:48,view_balance,,,True,
1208,f319dfe5c3ad7bec43faaccc5ee9cf9f,2025-10-18 16:04:53,open_card,,,True,
1209,a9ffcaf52dddb20ac0876cff688f777a,2025-11-09 03:31:09,make_transfer,197262.06,KZ991279209188502783,True,
1210,f5164fc60b053bbc3df7a4eac2b18841,2025-11-23 02:32:04,pay_utility,173489.25,KZ931604509268266520,True,
1211,f8e4eab0bcc64a4ecbac56dbd225bdb3,2025-12-28 16:32:48,view_balance,,,True,
1212,ed5a88e93d85db87f1d6d6d625aaef5b,2025-11-05 23:43:58,pay_utility,57965.24,KZ051724304890167574,True,
1213,9f7485f76eedd0696fe57cbb01bfeee7,2025-11-20 15:29:31,login,,,True,
1214,a1a67abffbeec6be9cdb3e6b4e7b1cbe,2025-10-18 00:25:48,open_card,,,True,
1215,e19bbcac04eef1d725cddb37f06d2e98,2025-11-15 10:55:44,pay_utility,106525.55,KZ064138614606816909,True,
1216,8fb3720ea3f5121acf26c05afbad87b6,2025-09-25 06:03:26,logout,,,False,validation_failed
1217,c93de1d4bbaaab3b7d070e6e1f53dbfe,2025-10-24 14:20:04,view_history,,,True,
1218,a3eb568dbd2b5ebb0f4fcd1841abfb65,2025-09-08 20:30:54,change_password,,,True,
1219,cf7a1db06ddd2a91fc3aacc208194fbb,2025-10-10 23:47:52,logout,,,True,
1220,fce7889fcacfd7f4ee633a9f3b7f6be6,2025-10-19 10:37:52,make_transfer,109548.88,KZ737752339597948714,True,
1221,94c2b5bbd1d50cc2207f4bf4becbcdbc,2025-10-24 15:25:10,pay_utility,33113.51,KZ754560150314342678,True,
1222,b857ab1e5ac25b408ddcb80f9ae8341f,2025-10-23 17:16:23,view_history,,,True,
1223,fdedaf86a8f0e3cd4bf2e3ebfdac3202,2025-10-14 05:15:07,view_history,,,True,
1224,2fa021d48bd6c6e0edd09dd17e58ebd9,2025-09-20 21:36:47,logout,,,True,
1225,a6c35a87e4a4dc7bb3d822ee56fadf40,2025-11-14 21:26:19,pay_utility,74075.92,KZ061386634769251330,True,
1226,bbcacebec3984a418ce5020cefe5d32f,2025-11-08 15:05:53,open_card,,,True,
1227,4a79fdae4a1ddcfdfe2fea82b8cc35e9,2025-09-24 09:57:15,open_card,,,True,
1228,bbdd1b2e7cd6ae1ba9acb603afda3000,2025-09-17 14:24:23,view_balance,,,True,
1229,1d78c72e399c3d5b6f436a7b3e3577e8,2025-10-09 00:57:29,open_card,,,True,
1230,c7fc31ec55ec264bcc1e019a9cced2c6,2025-10-18 16:26:59,change_password,,,True,
1231,1c98bdf6c2b2f7ebeeed92cc6505c16d,2025-11-23 07:11:19,logout,,,True,
1232,dde76792debdf3f29f8ec7a081353feb,2025-11-09 06:40:12,change_password,,,True,
1233,b2f6d24eca3ec2a8ccf65bb808c21a39,2025-12-12 02:30:42,pay_utility,156152.89,KZ865411782336987525,True,
1234,fe2edc81aab8ee9ecaac8d3afee93fab,2025-11-13 13:23:07,login,,,True,
1235,df83cd3e3b0717eceabdf86e9fb944ce,2025-12-24 00:21:48,logout,,,False,timeout
1236,c6b2d1663e40e3f537902fcfdafd762b,2025-12-27 21:31:13,view_balance,,,True,
1237,05d4ab28da38febcdba7edebbbb0a73f,2025-11-12 20:43:39,make_transfer,13219.28,KZ389999439405794153,True,
1238,320ef592eecd3ec15e1b3b6352ddecfb,2025-09-26 11:48:52,view_history,,,True,
1239,c3bebdf9e6c0e35a4cfb3fe79ed5c1b2,2025-09-24 07:33:40,login,,,True,
1240,beb2fdf276dbb7eb77cf528deb6a9cbd,2025-11-23 00:14:41,make_transfer,53870.12,KZ308846542790545477,True,
1241,defe41b3c5faa440b350c58ae4aefecc,2025-10-02 04:20:37,change_password,,,True,
1242,58734f4f7cfdf26fddcdf8f9d0b3f1c8,2025-11-13 18:36:58,logout,,,True,
1243,0b9b20da07df5a1e34fd92aebeffb477,2025-09-18 16:12:31,login,,,True,
1244,d07c733ffe3309ac243b11fd4df631df,2025-09-04 13:56:35,open_card,,,False,timeout
1245,c7fc31ec55ec264bcc1e019a9cced2c6,2025-10-18 16:16:51,login,,,True,
1246,dc5cdac1c2e88e5cc8f4b2bef309ecce,2025-12-22 18:05:46,view_history,,,True,
1247,42f80c3dd6be897bccb0ab8d9d017ddc,2025-11-14 03:11:31,view_balance,,,True,
1248,ebf1cbbf4d72b0a3fd9e2b3351b6f3a2,2025-12-19 19:38:18,logout,,,True,
1249,84a912e4fbd77ab7fcb1a23114b17ab6,2025-11-12 07:50:41,change_password,,,True,
1250,f303aa5fb19bf7d2fcacab3da39690a3,2025-12-10 05:14:01,view_balance,,,True,
1251,cbda2aa465f01b2fc85aba5cea13c2d0,2025-10-30 08:33:18,change_password,,,True,
1252,b1aeb441dad18caeabbceaa195b8e0c4,2025-09-13 19:04:25,view_balance,,,True,
1253,d7fc6cbfea3ca2dea34f9ffe72eb85cd,2025-10-10 20:51:02,view_balance,,,True,
1254,b0ffb8fb755ef488f295a844f5a0b0bf,2025-09-22 21:58:23,pay_utility,134582.35,KZ551844651314357404,False,validation_failed
1255,0ec4c0b989f9001836f61e97eda1729a,2025-10-25 09:56:12,open_card,,,True,
1256,defe41b3c5faa440b350c58ae4aefecc,2025-10-02 04:19:10,open_card,,,True,
1257,e72ffa9a9f33b8fa830d1fc70ee9a31c,2025-09-06 03:51:25,open_card,,,True,
1258,bfef18abee99ea69bb1b17cd5ec12b96,2025-12-27 17:14:07,login,,,True,
1259,b6dce1aa1bb7a9c88ec2a2ecfcfdd6e4,2025-12-20 06:41:09,view_balance,,,True,
1260,4a3b28418359cbedfca5ab1ed7f3d02b,2025-09-11 17:32:43,change_password,,,True,
1261,cfee4abc036ebd704ccd0727b8a2b3c2,2025-10-05 23:04:17,view_balance,,,True,
1262,d0dc6ddd80628ebccfeef870dfbaa213,2025-10-30 12:12:31,change_password,,,True,
1263,2f9d543129dae1b2cecb427adaa8eeff,2025-09-14 06:46:55,logout,,,True,
1264,ecac279ae74ac35bfcf6feff425045b7,2025-12-12 07:24:59,view_history,,,True,
1265,d375ac5cee583d2c6f2e5c5dfe163cc8,2025-10-30 03:54:43,make_transfer,189834.81,KZ441297255471308607,True,
1266,b0a80b646db31d4b2adebc1fa2e35bec,2025-10-27 06:19:15,pay_utility,147001.09,KZ057842673100047844,True,
1267,6f63a1f82d89f909cd865c7704bd2437,2025-12-25 00:40:34,pay_utility,150217.23,KZ972223709661766192,True,
1268,a46ab0626c9d5d13adf9bbd5d1db3d6d,2025-11-16 23:49:19,change_password,,,True,
1269,9ca37e3635e4ddc5ec8ddcebf1d184ec,2025-12-26 18:12:32,login,,,True,
1270,fc98e38c3beada19e6bf07ac61318fed,2025-11-20 19:02:45,open_card,,,True,
1271,ffce69b5adbff59e0eb1c7e31bfc6bac,2025-12-25 07:57:42,logout,,,True,
1272,6ca8e836fda9acd8d06500e0edceabeb,2025-12-30 05:14:58,view_balance,,,True,
1273,a5cc11d32f76adef4beffeddf9ce87d8,2025-11-20 15:08:23,view_history,,,True,
1274,1a72d4ab0f67b44dc7ba1d9b6828aa7b,2025-11-28 11:45:50,pay_utility,80242.42,KZ247634016789048585,True,
1275,71dfba87cb23f38b36a0ccbc4eefdfde,2025-09-24 13:49:06,pay_utility,101056.68,KZ214234259381802950,True,
1276,dc4d5ecf6f152aba1a6eff0f6241136b,2025-11-20 07:05:01,login,,,True,
1277,2a1cdb3ad22bfcfa13bc2b4bcd37c68f,2025-11-07 06:11:01,logout,,,True,
1278,d5da1ec2cebd9e85adeffdaf9ad6070b,2025-09-16 21:45:45,pay_utility,18091.18,KZ066752996713351705,True,
1279,e72ffa9a9f33b8fa830d1fc70ee9a31c,2025-09-06 03:34:47,change_password,,,True,
1280,2daac02de72e0fc50c1af7e452c1c364,2025-11-20 01:53:07,open_card,,,True,
1281,b6826f6b9bd3f4d6adf25ced6ddd4c68,2025-11-02 18:32:22,login,,,True,
1282,a9acc69e7dfd9b1d3d0bbc6c07c6dd8a,2025-12-24 00:31:12,make_transfer,163901.92,KZ351580685977790512,True,
1283,f4bf816ae53a38e0cd68f7957ccfaaec,2025-12-11 11:11:31,make_transfer,95433.87,KZ452319526406563407,True,
1284,19e46647eaedcaf3534e71515e5b2265,2025-10-17 20:12:55,login,,,True,
1285,dd386974fce7ad5b9b5e1e5cbc25e93b,2025-11-12 05:45:44,pay_utility,114552.35,KZ448310321891188852,True,
1286,db58efe9bb9446bd6ca4edafb09ad993,2025-11-23 17:20:54,change_password,,,True,
1287,56dcb7394949f5a07ef7b221f6e28fb4,2025-09-24 07:54:44,change_password,,,True,
1288,85a7fbdf5573d579203fd341a1c57db1,2025-10-26 22:30:35,login,,,True,
1289,eebe79511569af0a7f4df4e273b3cab7,2025-10-14 12:27:22,change_password,,,True,
1290,dde76792debdf3f29f8ec7a081353feb,2025-11-09 06:31:38,view_balance,,,True,
1291,1eb75542ffa2dc9dc0a6bd72eacffd7f,2025-11-24 07:46:55,make_transfer,85569.9,KZ487571657283080153,True,
1292,ccc4e34f482b6da9d23b3fee26bd6bae,2025-10-03 16:42:43,view_balance,,,True,
1293,fbab25efdaeeffb7ed5a178af4ec5bdb,2025-09-18 15:04:23,logout,,,True,
1294,d36cfcfeaec8f7bd48e0ba34aa9fa0cc,2025-10-12 18:55:49,open_card,,,False,auth_error
1295,ba15acfdc36a4c5e49cdf9faa6bddd65,2025-10-12 09:23:27,pay_utility,103456.6,KZ043985373919317111,True,
1296,877c47ab09bdfddbdff764229fdd7edf,2025-09-01 18:15:43,view_history,,,True,
1297,ed5a88e93d85db87f1d6d6d625aaef5b,2025-11-05 23:34:43,pay_utility,93839.81,KZ695576832967641791,True,
1298,e2ade107457fb859f1fca70ddbeabce6,2025-11-16 02:20:34,logout,,,True,
1299,b1bfccd6abac3b9cb9de117c3feebddf,2025-09-19 19:26:02,view_history,,,True,
1300,30fa61d146be1a31e97c46eba8f01c6c,2025-11-04 08:42:46,change_password,,,True,
1301,73a3c86ef365d0750d3cd7789f52d4db,2025-10-21 02:00:39,open_card,,,True,
1302,79ac2ecc802cad1e4cd2cb00c770eebc,2025-12-07 19:31:10,change_password,,,True,
1303,d1f5fb2f3aa17f2f5bbbb859ec6b317c,2025-09-06 23:03:47,change_password,,,True,
1304,b2e2aa3a4bfd7d6edd7a3f6ec4d81fbe,2025-12-21 12:18:53,change_password,,,True,
1305,fa3ded87ff8cc08d56f2f15a0efdee5b,2025-11-20 13:05:45,login,,,True,
1306,413dba6df947e6caa55e8ecfb78c120c,2025-09-30 16:37:25,open_card,,,True,
1307,aaf29bbf9f1bb1daf1dc3c845aacebc2,2025-11-30 06:38:57,open_card,,,True,
1308,f8bea7f621d5dfd2a8f6fa3c2ac82cba,2025-10-10 10:05:10,change_password,,,True,
1309,d375ac5cee583d2c6f2e5c5dfe163cc8,2025-10-30 04:12:44,pay_utility,1280.08,KZ569644064972228513,True,
1310,aca504ae3faeb3b1acce8d5d6430c71b,2025-09-16 04:13:42,pay_utility,75564.12,KZ158859075401072777,True,
1311,96d155f8c7e8fbc50b84bb216653c3b9,2025-10-16 05:20:23,make_transfer,118156.05,KZ595265634615765052,True,
1312,c9f1b88f94b1b9e800f56d9ace9cb131,2025-10-09 12:25:19,logout,,,True,
1313,6acdbbbcd32fcfe04ad1efb8fea0d84d,2025-12-22 11:01:01,open_card,,,True,
1314,e21bc8af32455b4f2c5d7aaebbfb9317,2025-09-17 11:46:52,login,,,True,
1315,ad42aaaebbedbea4efffecf85ab945d2,2025-10-29 06:49:18,open_card,,,True,
1316,4bedfb8eaf23cd96adb63ef060addfe0,2025-10-29 09:13:21,change_password,,,True,
1317,5c8cb66c8d107ecdb279c37f7bcfd33a,2025-12-13 00:18:31,view_history,,,True,
1318,2c7a5d85505e21ad2e8f66d601d799fb,2025-12-13 15:01:48,open_card,,,True,
1319,bb200cd84daab700ae0601d22ff021ed,2025-12-21 15:57:17,logout,,,True,
1320,a7922e21fd350c3e9d563ebd5fd0981f,2025-11-11 03:22:28,login,,,True,
1321,c37d4ff0465e4ce09ae2f32d3c4d6a66,2025-12-11 16:55:26,view_balance,,,True,
1322,bafe543bfd0e9c8b8a9638beaf19a542,2025-09-28 10:45:07,view_balance,,,True,
1323,cdffcdabadb67204ddd7f5deb8d40dec,2025-12-18 09:18:08,change_password,,,True,
1324,18520e30af58abc1a2ac293ed2c46a10,2025-09-28 19:38:54,open_card,,,True,
1325,3c4d2c07ae63b5b79fdf3cab98b0c059,2025-11-28 21:18:19,view_history,,,True,
1326,2f82c5b6f60ffcbbd2d5bfacea7c4b7b,2025-10-16 19:57:12,view_history,,,True,
1327,a3ecceedc6ca03af6cdfb4c8b0951cbb,2025-10-24 19:08:02,pay_utility,95709.46,KZ963688069473089736,True,
1328,73ea356e4e4badaefa935fac5a5838fa,2025-10-27 22:04:29,view_history,,,True,
1329,a1efeae52bc04f5824da41c8de23058d,2025-09-11 13:36:30,change_password,,,True,
1330,df6e3cfce03fda0bcd9bd95f3da9cae3,2025-12-17 13:28:58,logout,,,True,
1331,6c78080ceccbb5afd2eb8aba7e80aa08,2025-09-01 16:31:41,pay_utility,81174.83,KZ450539412201098683,False,timeout
1332,2e7b9a6d028d9697d4a8084bcebe3b7b,2025-09-05 10:40:58,pay_utility,8248.56,KZ757987545794993237,True,
1333,1cf2d163f43aed4f3ad4b8246ac33da0,2025-09-21 17:06:50,view_history,,,True,
1334,fcb5a1affa0f20eaf4ecc226f307ddea,2025-11-04 21:51:57,make_transfer,109430.73,KZ419650789120677899,True,
1335,ae41e7d958facab612d29cad04c99afd,2025-12-29 18:21:30,change_password,,,False,validation_failed
1336,bf8f72a4ff66a6feaac20ffac6d1cabc,2025-09-12 19:49:27,view_history,,,True,
1337,0de80c8fbbbfeafbbcffb1a32be4b0d7,2025-10-12 12:04:09,make_transfer,3648.28,KZ022805929721226086,True,
1338,dc7a104fef8aab0b0ccd546fedbd8dd0,2025-10-12 17:19:38,open_card,,,True,
1339,aef5b319c7db4e1bdf6549ed53c4eeeb,2025-11-25 21:18:09,login,,,True,
1340,7412a63db12d30ddde05efeb585bacd4,2025-12-01 13:49:37,logout,,,True,
1341,ccba03b1b1fe034b66dfca0bf4bacfeb,2025-09-21 19:15:47,open_card,,,True,
1342,aebc4a6e79db23a722c08699115e9eec,2025-12-05 21:40:06,view_balance,,,True,
1343,cadebcdbc178faeabcea96a6a4aecd1d,2025-12-08 22:42:52,make_transfer,52969.58,KZ441742291006977575,True,
1344,beaa94d60fa475cd6ee43ebbc3b9a3ab,2025-09-18 00:54:52,open_card,,,True,
1345,85213203fa75063acd4a16ebbf3c73db,2025-11-20 12:50:23,view_history,,,True,
1346,553aea8abbe619ab9ec6da2b44409fe6,2025-09-20 02:26:59,logout,,,True,
1347,7df6cdabfca70a912d7ba76d382d0885,2025-11-07 11:09:48,logout,,,True,
1348,cfc015fdd9cb8fc40a6edaedec28e649,2025-11-23 17:44:18,open_card,,,True,
1349,ec21b2e9866660e4b2a62bec2b1fd722,2025-09-07 22:04:29,change_password,,,True,
1350,d7bb2cfe5ab3a19dfa3bb27d9075d4fb,2025-11-12 20:05:50,open_card,,,True,
1351,2da23c3cbfc6332b0fba6e8dd395ef8f,2025-11-09 17:30:32,login,,,True,
1352,4fc23eff9a612f7a0c3d440c4a601424,2025-12-05 19:51:35,change_password,,,True,
1353,dd0bc970d0b867dabf4ce0dfe789afad,2025-09-25 04:57:41,view_history,,,True,
1354,02c695abebad016dfc62a93fe25cfaf9,2025-12-11 18:15:28,login,,,False,auth_error
1355,bf8f72a4ff66a6feaac20ffac6d1cabc,2025-09-12 20:11:01,pay_utility,190953.61,KZ754994175895497204,True,
1356,ca5eb056924a4d89eff02438fabeeeee,2025-10-06 12:27:55,login,,,True,
1357,aad2cc967aab850f9cfdfb3b7d918968,2025-09-25 05:16:32,pay_utility,144202.66,KZ962134730209669599,True,
1358,ae1be48847daacc681f7d5dfb43d0eec,2025-12-16 05:00:50,login,,,True,
1359,15dbab5ec125e9eeaa508e8ef2470f9f,2025-10-09 08:11:51,pay_utility,130862.56,KZ291546489492356008,True,
1360,ae1be48847daacc681f7d5dfb43d0eec,2025-12-16 05:13:27,change_password,,,True,
1361,1eaaaa3ef227722aa4beeaeb3582c7ea,2025-09-08 02:34:22,view_balance,,,True,
1362,ad585fdfecaf4fdfb42e5c30fdfcdfcd,2025-12-12 19:38:59,logout,,,True,
1363,7bdb590bbd0cafc8dee29aad4ac6f91f,2025-09-01 23:30:00,view_balance,,,True,
1364,d790868b677f313f77f4e8acf85f89e9,2025-12-17 09:42:11,login,,,True,
1365,81abd6fcb0da79e286a4b5b329a1ebce,2025-10-19 13:53:35,login,,,True,
1366,e6cec2eb605e178f8ff0711ea851e33e,2025-09-05 06:04:30,view_balance,,,True,
1367,b6dce1aa1bb7a9c88ec2a2ecfcfdd6e4,2025-12-20 06:25:04,open_card,,,True,
1368,3b49d8b55a0c8c797ec094f80d7cabae,2025-12-20 11:32:17,make_transfer,189145.32,KZ302034614677081051,True,
1369,718bbf251f21df8bdb81a54233c8be4b,2025-09-13 20:45:17,view_balance,,,True,
1370,dbdadba5bbea81087c0cd03afc1ea69a,2025-09-27 18:12:25,login,,,True,
1371,d1f5fb2f3aa17f2f5bbbb859ec6b317c,2025-09-06 23:10:44,open_card,,,True,
1372,f74c6ff0dd1c7a5e9cab2e65d61ab879,2025-10-20 12:45:12,view_balance,,,True,
1373,5524ac2acd52cb23b2d0acb5d4bdddcc,2025-12-30 09:07:59,make_transfer,87621.87,KZ512073536270587036,True,
1374,dcabf0bb0a2ad7abb6cc0c35d8aa1b53,2025-12-21 08:44:20,view_history,,,True,
1375,8faeb35c66b52ba80bb7bfcc6bd3e945,2025-12-15 07:40:11,pay_utility,69341.25,KZ531071301838619675,True,
1376,9658dbcdbe9dd37bb8ddf9c73f2ff28b,2025-09-16 02:14:32,login,,,True,
1377,6c8cb8d756cdb3adc0adfbc7501e38e0,2025-12-05 03:32:17,logout,,,True,
1378,76cdee45c7315247cfa425b1cb7e75b1,2025-10-31 22:55:13,pay_utility,5321.51,KZ712396509264360495,True,
1379,3528a4c8ab5b6d44502c03a9ec6dc6d2,2025-11-09 02:09:52,login,,,True,
1380,87eea902bad8e05abda0421431a315fb,2025-11-12 02:08:09,login,,,True,
1381,bdfd1cfeb8c7f4c07aac76e25efe8afc,2025-11-17 01:35:27,view_history,,,True,
1382,cc5ed902eb38fec23dddebbefe8b0afd,2025-12-06 12:35:56,pay_utility,84552.99,KZ783854289775804760,True,
1383,5edcf0a7cac5ebefdfec28ed76655aba,2025-12-27 03:20:22,view_balance,,,True,
1384,8deb3cb485bf6a0fed8d19dfec30ead5,2025-12-29 20:41:08,make_transfer,175040.59,KZ175987731185747265,True,
1385,ffc493411c2a76bcd90243fbcb6ecb7f,2025-10-03 15:04:16,make_transfer,30492.4,KZ346380895358347785,True,
1386,5722dbbaffb0c02b0aa7a2a1ab3b3df5,2025-10-20 18:11:09,view_history,,,True,
1387,d2bb08bac26aaf21bfaaa9aedb17f5ff,2025-09-03 20:43:39,open_card,,,True,
1388,a3ac000fdfd00940a36332eac5f3faf3,2025-09-15 22:56:09,pay_utility,76485.97,KZ022928301617858085,True,
1389,de3ba4f5bdb02b8dbfd28ac91061782e,2025-09-20 18:58:20,change_password,,,True,
1390,6d08f6a42e9ef235dbba02be2dacaee2,2025-11-24 14:38:17,pay_utility,47469.09,KZ810780723248053492,True,
1391,aace1eafadd1e4eff767a232dccf9232,2025-09-21 05:28:27,change_password,,,True,
1392,5f725c4b8e2595ed3d23050a0938e233,2025-12-19 00:53:28,open_card,,,True,
1393,e2a0a6afc9a6273c8bc35aaa6cab2fd6,2025-09-26 07:32:04,pay_utility,24514.98,KZ237372427054169228,True,
1394,e1373310aa186ae273679a5a2bddbac9,2025-11-30 13:24:42,make_transfer,94420.49,KZ877362551100451325,True,
1395,dd7aa8fff4ca25e119ae0ea9bbeb6e57,2025-09-23 08:21:40,login,,,True,
1396,3cf5cee431a33c2e6956caa44e8950fa,2025-11-30 14:03:23,pay_utility,109572.54,KZ651244183251986691,True,
1397,09cfc6205cdf15ae0b2fdb5af76cf909,2025-10-20 20:52:27,view_history,,,False,timeout
1398,a43e4a14dd68eaccb4cdefb27bb9d87f,2025-10-17 06:21:28,open_card,,,True,
1399,f36a505fce5debf180fcfb07df67eacd,2025-11-17 16:02:12,make_transfer,55911.12,KZ251448437301781713,True,
1400,b0eef60b6ce0bf65280a43a26fbcac9f,2025-11-15 22:13:37,view_history,,,True,
1401,dee5a9abf0cafcf7b4f12bafedaa3ad8,2025-11-28 03:17:56,view_balance,,,True,
1402,81abd6fcb0da79e286a4b5b329a1ebce,2025-10-19 13:53:03,view_history,,,True,
1403,e3e99bab5ee0de045aedf3dd42cc5bb3,2025-12-05 10:25:04,change_password,,,True,
1404,f9aca68fc1fb86fe66137228e2ef3f6e,2025-10-17 14:47:01,view_balance,,,True,
1405,f4443ac924c136a9cdeef109b4c46f4e,2025-11-09 10:37:16,change_password,,,True,
1406,87afff68f9b2be05016f298db1b9de6e,2025-10-07 08:00:56,change_password,,,True,
1407,c92bddcfddc77cfcd3cce05ba9f2441c,2025-09-22 16:17:09,view_balance,,,True,
1408,de73da697c35c5b7ddc7ccf49fce8bbe,2025-12-27 10:25:26,make_transfer,160824.97,KZ326340655738838439,True,
1409,a25bf06b110bb12cfaff18eaa175ecf4,2025-12-13 20:35:38,open_card,,,True,
1410,2558eb23f299c2fdba2d064eaddeb1ab,2025-10-21 20:51:17,login,,,True,
1411,18df08f436bcade6a8a3ebfb4f96b8fa,2025-10-31 17:27:24,open_card,,,True,
1412,ea8ee2dba463ca548f51afc0bd44414c,2025-12-04 16:26:43,logout,,,True,
1413,8a672bd7fae404bef36d0146797bdd63,2025-12-02 19:47:58,open_card,,,True,
1414,f708ae890fb2f27b4eca2ab7dbfd76bd,2025-09-03 05:02:22,change_password,,,True,
1415,f81b55ea10ffca1d9da3e71fb0f5cbe2,2025-10-23 20:34:09,change_password,,,True,
1416,da911808b9ae0374bc00ed7fede9edd5,2025-11-10 21:23:20,make_transfer,169767.25,KZ088693928890073550,True,
1417,fb4fd52c241b6c40e1fe4c718111daaf,2025-09-10 14:00:33,make_transfer,62369.89,KZ355285760727187376,True,
1418,ebacff291c689a721c7abde4880eb819,2025-10-29 10:00:29,pay_utility,121895.3,KZ739266420783275580,True,
1419,db56ede17e15b021b66ea8fcd3c0f4fd,2025-10-21 15:02:54,logout,,,True,
1420,2f6ecb2b1e4dde29a2de6144e04cb9ed,2025-11-12 04:47:02,view_history,,,True,
1421,8337ca294b53cde11fdfe2dca103b1ec,2025-12-27 10:45:35,pay_utility,27576.56,KZ014796426572243692,True,
1422,ff4e1d53b5ece5a2aeebda4ad2a53e2d,2025-10-16 11:20:46,login,,,True,
1423,1dab5fe87efda9207c741b2660fd00f0,2025-12-19 19:28:09,login,,,True,
1424,8b6aafb8fe6d0b1dcf919ed36fd5aaf1,2025-12-14 18:42:59,pay_utility,70046.73,KZ395370504774795820,False,timeout
1425,c20c972fbef015f120c6aebaeffe6910,2025-11-06 11:51:09,view_balance,,,True,
1426,32edc6525b2d94defae37ac7d0c39367,2025-09-02 15:00:31,logout,,,True,
1427,d1299eb1f15d5feab24e3c23e760c5d7,2025-10-26 16:42:35,logout,,,True,
1428,eb5246fbf4abc1dacbbc79f5eedf6bff,2025-12-21 05:46:29,open_card,,,True,
1429,f3a334d5e02493a8ec76ce9ff3cdf0cf,2025-11-10 16:30:08,view_balance,,,True,
1430,ccc4e34f482b6da9d23b3fee26bd6bae,2025-10-03 16:33:44,open_card,,,True,
1431,e6f8cef53bfdd3e4974bbb8f7d8f1110,2025-10-22 03:09:40,view_history,,,True,
1432,ffebead627f3a5490b0b995e987e8cbc,2025-09-11 03:28:46,open_card,,,True,
1433,6cd26fe022eeafbdfbfb3cd7b70fde0e,2025-11-27 01:39:15,pay_utility,179309.64,KZ277467267206592750,True,
1434,b0ffb8fb755ef488f295a844f5a0b0bf,2025-09-22 21:51:08,open_card,,,True,
1435,ddfdbcd8650efbd69cfef8de6492b401,2025-11-07 14:14:40,change_password,,,True,
1436,3fa7b879f393a3becc4a38d48fbf89f7,2025-09-18 00:59:23,make_transfer,189623.29,KZ544603603044509294,True,
1437,b716aa9430b13f89f5d4e231fb6ebda9,2025-11-11 08:13:17,pay_utility,130414.31,KZ316534744626968242,True,
1438,ad0f8bd241002e6f4dcf3d9720ebd32e,2025-11-24 11:58:59,view_history,,,False,auth_error
1439,eeebef5e0bfd1b9fccffa774acba3bc8,2025-11-16 01:06:25,view_history,,,True,
1440,efb02bdff9cafe1cef841f2cedc1b2e9,2025-09-22 08:58:10,logout,,,True,
1441,a5a98bc403df9aa6ff6f0d0dc006edaf,2025-11-18 10:46:53,view_balance,,,True,
1442,f0acc61b1b57f90e46ccd99ace98d0c5,2025-11-18 07:46:11,make_transfer,155019.61,KZ824614217992848331,True,
1443,6d27c1fd3e0053f559ecb5fe868b76c2,2025-09-27 06:19:57,open_card,,,True,
1444,ab7fe4582a152dbdcefea0c0316c41b8,2025-09-03 05:35:50,make_transfer,136515.97,KZ789927819595333696,True,
1445,f5f9d0b1aeafaca89bbaf2bfbaf9fa2d,2025-10-01 07:12:31,logout,,,True,
1446,ab9dc1bdfac8a9c5ffd590af04effd94,2025-11-20 02:46:59,open_card,,,True,
1447,1a9ed133c23467dee30f400ad84ab7ef,2025-11-11 05:09:49,login,,,True,
1448,efdee47af3ce9cacdb005fb4b2e0cc0a,2025-10-16 04:50:11,view_history,,,True,
1449,1fdbaa89bbfbea46dd4fb13af7c4cfa6,2025-11-26 07:26:39,login,,,True,
1450,dde76792debdf3f29f8ec7a081353feb,2025-11-09 06:32:38,make_transfer,69712.78,KZ033372825856747258,True,
1451,1aec6ff1fff1ebfce21bf5c297dc8a4e,2025-12-30 12:57:53,view_history,,,False,validation_failed
1452,f0acc61b1b57f90e46ccd99ace98d0c5,2025-11-18 07:33:46,change_password,,,True,
1453,1ecfa7acdca0cfc27ed6b9f94ebff1c9,2025-10-30 09:17:03,logout,,,True,
1454,c86e44cea78d6da3be8540ffc77d1f3b,2025-10-06 18:34:00,logout,,,True,
1455,3335ff8ca766a9fff3a5a6dad2cb32ed,2025-10-16 09:51:09,open_card,,,True,
1456,fbbd3d1babe896c5bd7c2d2ebfd980b6,2025-10-19 08:46:19,change_password,,,True,
1457,dde76792debdf3f29f8ec7a081353feb,2025-11-09 06:36:00,view_balance,,,True,
1458,bfdc3e8dfceff50f9c3bd8fe35a4dc71,2025-12-01 01:35:14,login,,,True,
1459,c45ce5e2fdef7ff3dd114deb66ffaccd,2025-11-16 02:23:40,change_password,,,True,
1460,f7297f5fb5ecfffead6ea96c71259cfa,2025-09-23 04:46:39,login,,,True,
1461,7190a5cbaa20aafa79fddd98699b8c58,2025-10-08 02:54:28,make_transfer,180617.97,KZ007085273652054025,True,
1462,6f57687bcf29faead1ddefdcea8f1737,2025-12-28 03:11:19,pay_utility,79726.55,KZ069379236593546987,True,
1463,f6000ba35f242bfcd50a84e12875cc80,2025-10-16 14:18:40,open_card,,,True,
1464,a5cc11d32f76adef4beffeddf9ce87d8,2025-11-20 15:16:50,change_password,,,True,
1465,02012bbadbaea1c0dac47e58dcaabff6,2025-12-29 20:30:27,change_password,,,True,
1466,e3f4f08f4befaa2dae39bd22ff0659bb,2025-11-20 23:15:28,change_password,,,True,
1467,dca0d38ddde907e5dffb1ebccbbdc2a1,2025-10-24 06:31:28,logout,,,True,
1468,7affd8bee84a4ac6d9ef06d1ee6a9af6,2025-09-28 10:51:48,make_transfer,41313.56,KZ318584810060820628,True,
1469,fdcaded3fabf867703ac21ff2fb2e9cd,2025-12-12 15:22:16,login,,,True,
1470,b913ea1ff2c9fc5336445c1eb7adbcf5,2025-11-03 16:50:48,change_password,,,True,
1471,aaedd43475fc27ea2e2199d0808b4aaa,2025-10-28 12:26:15,open_card,,,True,
1472,fbc2f1dd0fdc85cbcdfe6533d16ed926,2025-11-26 20:45:23,login,,,True,
1473,ad4a103447dc6efaf5080dcbbb698ebc,2025-10-06 15:39:52,view_history,,,True,
1474,8ce0afaf3712f5d4bd3df21ce65cc317,2025-12-14 22:08:41,pay_utility,139048.82,KZ186226182918615048,True,
1475,fbbd3d1babe896c5bd7c2d2ebfd980b6,2025-10-19 08:25:52,open_card,,,True,
1476,71f3ade7ffec8faefdb53a8fdfc52f83,2025-11-03 13:43:16,open_card,,,True,
1477,4dd8a2b1732caaaf7d17b700ef7c3eb1,2025-10-28 10:21:30,view_history,,,True,
1478,fbbee4bd603aa87afedcdcd9e8651f91,2025-12-29 19:57:05,logout,,,True,
1479,9f2c50b3d1bbb9ee0f3abcad03bdd0a6,2025-11-30 18:47:00,logout,,,True,
1480,bbd3c0d7bea0f503b412828e65fe4aad,2025-12-24 03:56:41,view_balance,,,True,
1481,cda3edbecffac8ecbcbe75dededfdd61,2025-09-30 19:00:30,logout,,,True,
1482,2a1cdb3ad22bfcfa13bc2b4bcd37c68f,2025-11-07 06:13:41,view_balance,,,True,
1483,d9e5c0509f3ded5af6856db8ca7b97bf,2025-09-17 05:42:07,pay_utility,141083.85,KZ463966611914508460,True,
1484,fae4a4ba5ec7daa5acd57fd468c73d9a,2025-09-09 22:23:52,change_password,,,True,
1485,a33fdfd3e48200eb8970f7c5cebfe139,2025-10-01 13:43:02,login,,,True,
1486,30fb173d2bbfffbae0d73cc0ee11fa3e,2025-11-12 21:22:36,pay_utility,44250.51,KZ751198447578997104,True,
1487,cb29ec1eff3c4eb97adb6b1bcf61ec70,2025-11-14 10:28:31,open_card,,,False,validation_failed
1488,76cdee45c7315247cfa425b1cb7e75b1,2025-10-31 22:37:06,login,,,True,
1489,89ab5fc3bebeb613d47d4e67cdbaf0f2,2025-09-15 09:57:54,pay_utility,43491.17,KZ862614574469596745,True,
1490,ebe55c12a3bc140f9bdaf9df65b094e2,2025-12-13 17:09:10,pay_utility,82499.78,KZ339285258649238514,True,
1491,aba372b02757c9ec5bd2bba80ecaafca,2025-12-29 07:45:33,logout,,,True,
1492,7b11b69dcffb4da1cdb1eddcbea6bcc3,2025-10-16 20:16:17,pay_utility,71728.4,KZ189975282737125150,True,
1493,371d95c2568801fee9bbae843b708cac,2025-12-21 19:27:50,logout,,,True,
1494,3f1aa47b5efe4dabaafae6e8eef1aed1,2025-11-27 21:34:56,logout,,,True,
1495,4fc23eff9a612f7a0c3d440c4a601424,2025-12-05 20:09:43,view_balance,,,True,
1496,f1aba6cb91b0fa4c13e19bcfcacea3a7,2025-10-28 01:56:56,pay_utility,71987.32,KZ000070537627854211,True,
1497,f52bdd42ebaa56da3f38beed1d74aac7,2025-12-19 12:30:51,login,,,True,
1498,8ce0afaf3712f5d4bd3df21ce65cc317,2025-12-14 22:33:04,logout,,,True,
1499,d2ef62b1542ebeade213c78329221762,2025-09-27 02:07:45,change_password,,,True,
1500,c7f6cbcada31de18f42ccf2e643659d1,2025-09-22 18:26:20,view_history,,,True,
1501,e1373310aa186ae273679a5a2bddbac9,2025-11-30 13:47:40,open_card,,,True,
1502,d253afdfbc0134b4ec8ddfea6ef3451a,2025-09-23 07:03:00,view_history,,,True,
1503,c6e288bb65c7d738f3db1febc5a3dbf7,2025-10-01 19:51:49,view_balance,,,True,
1504,bafe543bfd0e9c8b8a9638beaf19a542,2025-09-28 11:00:58,pay_utility,181729.76,KZ769062082976608692,True,
1505,71f3ade7ffec8faefdb53a8fdfc52f83,2025-11-03 13:48:50,logout,,,True,
1506,c838dc2cababf0153cfab47b92f777be,2025-12-11 11:48:33,change_password,,,True,
1507,369869ea507aebf9dfb4abce1b9ce9ac,2025-09-13 18:44:16,view_balance,,,True,
1508,b6dcecc1aade453bf4bdac1a9eafc60e,2025-12-25 02:53:16,pay_utility,84267.79,KZ119213351827418278,True,
1509,161338b9832bba886296e7ba6b803f82,2025-09-06 09:21:03,logout,,,True,
1510,e27df2a4dff06e9b7e677bdedb44645f,2025-09-19 13:18:30,view_history,,,True,
1511,382bf5dcbed74a32ca2dbb451aea3abc,2025-11-07 18:31:06,open_card,,,True,
1512,2394f85d27a22b9ffacb35c8fad8fbe4,2025-12-30 02:12:06,view_balance,,,True,
1513,4c06f2cde8ced00dcb6d2bc03bd5dec9,2025-10-27 07:37:35,login,,,True,
1514,cadebcdbc178faeabcea96a6a4aecd1d,2025-12-08 22:31:09,view_balance,,,True,
1515,6f4c1ebe886cd6ee83acef49b1352ec0,2025-12-11 05:49:32,view_balance,,,True,
1516,6d106d4cb5dee4ddc027c6710ac6da5d,2025-09-17 19:15:51,open_card,,,True,
1517,2db4c4d2ebca101e8ee4cfa96ff54b5d,2025-09-26 09:33:13,open_card,,,True,
1518,bbb99de2a63dfc13ccae7d70ceddcacf,2025-12-13 16:31:40,logout,,,True,
1519,32edc6525b2d94defae37ac7d0c39367,2025-09-02 14:55:57,view_history,,,True,
1520,ddfdbcd8650efbd69cfef8de6492b401,2025-11-07 14:16:24,pay_utility,6977.0,KZ774540411939357161,True,
1521,dfdee73d7a6ecc80f92a42f66eae8eb1,2025-09-17 10:27:39,login,,,True,
1522,0e6fd6db7d2be3d2aafc20aed38095de,2025-10-07 04:02:59,view_history,,,False,timeout
1523,fcf1aaae8aedcf090eec65ccededc7d8,2025-10-27 16:44:17,view_history,,,True,
1524,19e46647eaedcaf3534e71515e5b2265,2025-10-17 20:05:12,login,,,True,
1525,f0acc61b1b57f90e46ccd99ace98d0c5,2025-11-18 07:39:38,view_history,,,True,
1526,5f9ddd05efc649be7b95587845f4aee6,2025-12-12 00:52:49,change_password,,,True,
1527,f5f9d0b1aeafaca89bbaf2bfbaf9fa2d,2025-10-01 07:34:12,view_history,,,True,
1528,01bb232aabd8f3deba35e023ed0c7650,2025-11-14 06:47:41,view_balance,,,True,
1529,3bb3adeda021accacfbdf1d0f215b1ce,2025-12-11 15:04:09,view_balance,,,True,
1530,034afa2bace00eaedf652c1aaf477d04,2025-10-22 15:51:47,logout,,,True,
1531,c37d4ff0465e4ce09ae2f32d3c4d6a66,2025-12-11 17:06:55,open_card,,,True,
1532,d7fc6cbfea3ca2dea34f9ffe72eb85cd,2025-10-10 20:58:29,open_card,,,True,
1533,fe2edc81aab8ee9ecaac8d3afee93fab,2025-11-13 13:19:46,pay_utility,33855.61,KZ709793330933753565,True,
1534,d790868b677f313f77f4e8acf85f89e9,2025-12-17 09:29:22,pay_utility,191902.65,KZ912193585709839343,True,
1535,9d60efe8e4d7283bfb8e23a8542d3b2e,2025-11-02 07:34:52,view_balance,,,False,validation_failed
1536,ebe36b32f7a9ed3e6cf1322b45beffeb,2025-11-07 18:41:00,login,,,False,validation_failed
1537,6cce9dc4868b522f4f089feaeecf84ef,2025-12-30 01:50:21,open_card,,,True,
1538,f5ffc2ad922c12ffbc5e3deadacfe665,2025-12-18 15:05:45,pay_utility,154098.58,KZ606602163229494309,True,
1539,ecce1d4eff19e4c1284c21af71cb7aef,2025-11-11 08:46:10,view_balance,,,True,
1540,662e43fb84071ef4f71abf24aa81a909,2025-09-20 01:12:47,view_balance,,,True,
1541,adae09eeb0fe8f5d93d1cec9febf15e3,2025-09-17 09:01:14,open_card,,,True,
1542,073d3074df90e9d21c2effeccbc043dc,2025-11-06 22:36:23,view_history,,,False,timeout
1543,102997aa52491e6e1330deadb99eaf3f,2025-10-18 08:51:00,view_history,,,True,
1544,09069d5558b049ef86107c889aa793be,2025-09-24 09:47:01,open_card,,,True,
1545,beff6ac6ba9ec40bfe89a3df06d369ca,2025-11-12 03:35:07,logout,,,True,
1546,2fa4b1c9d2deddfdc77a76d1afea6dc2,2025-11-30 19:40:22,make_transfer,55011.99,KZ015972609277990013,True,
1547,eb1fead2eea8b7cb6a7485cfff5efe4f,2025-12-25 01:38:21,logout,,,True,
1548,bae737a541da76fdd9afda4b01e35864,2025-12-14 10:08:26,login,,,True,
1549,6d106d4cb5dee4ddc027c6710ac6da5d,2025-09-17 19:05:01,make_transfer,197065.02,KZ914259793178444938,True,
1550,fbdc396fe41853f62114a4aa3e007d7e,2025-09-02 02:03:05,view_balance,,,False,validation_failed
1551,f2aba04f0cee84fcadac6872a707c626,2025-10-14 05:52:52,login,,,True,
1552,8eadcc60e7fdd4e70b5fe2cd56dec57e,2025-10-10 03:01:26,pay_utility,154028.85,KZ926441449014019916,True,
1553,714bfbc61fa9bbabaaed6241cd786179,2025-12-22 22:32:43,view_balance,,,True,
1554,bbbe622b71312c57cecb44220effbf0b,2025-12-20 07:19:48,view_history,,,True,
1555,5edcf0a7cac5ebefdfec28ed76655aba,2025-12-27 03:17:40,make_transfer,17226.12,KZ916373207125583285,True,
1556,f2df8cb0715da7a34bb3a31ef60e8ba3,2025-10-03 10:03:40,pay_utility,85854.61,KZ032671951524189643,True,
1557,ebe55c12a3bc140f9bdaf9df65b094e2,2025-12-13 17:12:48,view_balance,,,True,
1558,09d0dbb43fd50164acc9ffb2def7bb6e,2025-10-06 19:29:57,view_balance,,,True,
1559,c6ca1ece853f4ac8aad5c2acaad9bea1,2025-09-02 03:18:42,view_balance,,,True,
1560,eeeb2fcb9892e0c3cc5db275ab6dfc0d,2025-11-28 09:19:00,open_card,,,True,
1561,bc16ddc9a7dddafabc29ed8ebacfb0bc,2025-11-09 13:32:20,view_balance,,,True,
1562,bb5bc59fcbe4fe9bed61db826585d15e,2025-11-17 02:57:03,view_history,,,True,
1563,7dbf5e6fd4bdfd145f50d3db8bad6ffd,2025-10-22 10:59:34,open_card,,,True,
1564,f5ffc2ad922c12ffbc5e3deadacfe665,2025-12-18 15:11:55,pay_utility,115389.93,KZ563461724525264603,True,
1565,77c0b3c54f60c2866dd19c4ee61ff81e,2025-10-25 20:09:03,open_card,,,True,
1566,52a701f3dede7f95cee9fdd8eac7ef3d,2025-09-21 08:47:23,change_password,,,True,
1567,85213203fa75063acd4a16ebbf3c73db,2025-11-20 13:01:34,pay_utility,113625.62,KZ446194171028126093,False,validation_failed
1568,1eb75542ffa2dc9dc0a6bd72eacffd7f,2025-11-24 08:05:25,view_history,,,True,
1569,3ae5950f4e74deaf778b6e3d4ee21dc6,2025-09-03 16:51:33,login,,,True,
1570,bc45e34acfcefa4b2f4bea84e85a6ad0,2025-09-16 14:36:13,change_password,,,True,
1571,b27e3d74492adb8e285d08cda1ed581d,2025-09-01 13:58:01,pay_utility,51667.84,KZ324724050452209046,True,
1572,bafe543bfd0e9c8b8a9638beaf19a542,2025-09-28 10:55:49,logout,,,True,
1573,f73e27e8fdbb5b4bdf5f738dd01ccf94,2025-10-29 03:42:03,login,,,True,
1574,d4dfd72b1c291d4907630d5bd0edc8d3,2025-10-07 20:59:04,make_transfer,60374.22,KZ225938312958451393,True,
1575,b0ffb8fb755ef488f295a844f5a0b0bf,2025-09-22 21:57:42,make_transfer,21666.55,KZ790013991936835390,True,
1576,ffd128db4afbd761cd7cdbe2fa9ee8bf,2025-09-27 11:53:31,make_transfer,2465.07,KZ436249126352365362,True,
1577,bc2eac4bec9fad6e34ccff186ee93f83,2025-09-06 03:16:46,pay_utility,171206.19,KZ376430161088040072,True,
1578,adadfa9f04a43686ea9d7ecb6c92866f,2025-10-21 15:39:44,change_password,,,True,
1579,4fc23eff9a612f7a0c3d440c4a601424,2025-12-05 19:59:45,pay_utility,7969.47,KZ442329259316334237,False,timeout
1580,9f0de20f7ce64598fc3fcb35035c55aa,2025-12-02 08:47:28,make_transfer,166846.31,KZ375312089514776033,True,
1581,ffebead627f3a5490b0b995e987e8cbc,2025-09-11 03:24:52,open_card,,,False,validation_failed
1582,89ab5fc3bebeb613d47d4e67cdbaf0f2,2025-09-15 10:01:13,login,,,False,timeout
1583,c72a1e5ddc7cfeaca0fafbca8171f259,2025-10-12 01:51:20,view_history,,,True,
1584,1ea6c0dfac73db3acaf2dfd9cfa13d24,2025-11-28 01:53:08,logout,,,True,
1585,6fcef9f739ed09605f9da7b1b1bf56a7,2025-10-14 16:30:18,view_history,,,True,
1586,eef87bfa6bd69f0ba1eeebd9abe6df9b,2025-11-05 03:06:06,change_password,,,True,
1587,ca93fbe8d31ccef2183ed25c5591c179,2025-10-23 01:47:59,change_password,,,True,
1588,ce1edcd3f5bab4e8517c978bbc1e3fdc,2025-12-13 08:04:56,change_password,,,False,validation_failed
1589,cea4f07664c57aaa25aeb3efd26ff3e3,2025-12-14 20:11:16,open_card,,,True,
1590,0c4d8af044b7f1c56285fbdcfb5f711a,2025-12-21 01:17:12,logout,,,True,
1591,0bdea3400caea61a8d88eeebdc3af83c,2025-12-19 07:43:26,logout,,,True,
1592,aaf5a88206ca3baab4dedfe42ec35ccb,2025-10-31 03:44:46,open_card,,,True,
1593,d36cfcfeaec8f7bd48e0ba34aa9fa0cc,2025-10-12 18:51:20,pay_utility,26663.22,KZ968234114556308185,True,
1594,fbcd1c7e33f8fcef2c4ccab2a57310c9,2025-11-13 07:08:52,make_transfer,166577.09,KZ825910152958910898,True,
1595,0ec4c0b989f9001836f61e97eda1729a,2025-10-25 09:54:19,change_password,,,True,
1596,33d69b9df2df82582b169cf4ddbb83a0,2025-10-11 23:34:23,view_history,,,True,
1597,f8633d1c3aacbd4ebde8e65d9543a31a,2025-12-15 10:16:54,logout,,,True,
1598,1892dfc73a837e837fbb2d38fab8fd71,2025-10-15 14:36:36,view_balance,,,True,
1599,ae1be48847daacc681f7d5dfb43d0eec,2025-12-16 04:54:46,view_history,,,True,
1600,d790868b677f313f77f4e8acf85f89e9,2025-12-17 09:32:55,login,,,True,
1601,15dbab5ec125e9eeaa508e8ef2470f9f,2025-10-09 08:16:22,view_history,,,True,
1602,baacf3da1d3aaebca3aa6bfcc73ce2c8,2025-09-14 07:30:54,view_history,,,True,
1603,abbd6d76390e476e61685ae8ba95dcdd,2025-09-07 16:52:43,pay_utility,186566.51,KZ090859425391701024,False,auth_error
1604,bebd06cec44cc2ff62c577eb3cf0f3bf,2025-09-03 11:47:43,logout,,,True,
1605,66411a40ad1ed76e95aa6e8a9862d73c,2025-12-29 17:27:14,open_card,,,True,
1606,d2abf58e929c8eb303cd3ccb09b623ec,2025-12-26 01:44:05,change_password,,,True,
1607,66a48de2b0faa31245aecddcf0c40fbc,2025-11-27 07:34:50,open_card,,,True,
1608,a7922e21fd350c3e9d563ebd5fd0981f,2025-11-11 03:45:20,view_balance,,,True,
1609,4a68cbf1fcc0ec90cf382fa68822b9be,2025-10-29 19:22:53,change_password,,,True,
1610,0e0c678ca9ab4ca675404ad9e6d43c8e,2025-11-04 06:18:29,view_history,,,True,
1611,a4bcd626834a3d0e55cb29bcc9b32dab,2025-09-18 01:16:20,logout,,,True,
1612,bbbe622b71312c57cecb44220effbf0b,2025-12-20 07:27:56,logout,,,True,
1613,cc24278aaf9ab58185e2ceaeeccdd0b7,2025-11-28 00:08:45,logout,,,True,
1614,baa4ecfa417bbc28eb30f27efda96ed7,2025-12-07 00:29:05,pay_utility,183933.36,KZ239112225709275403,True,
1615,dafaff24ccbdaa64a126d7a6eeff4bcf,2025-11-13 06:38:51,login,,,False,auth_error
1616,fe26edeaeefeeea4bce6dad342dfd6a2,2025-10-28 15:23:46,view_history,,,True,
1617,61e92cf9b32a662ad7d4da8308b2f5e1,2025-12-29 10:55:33,pay_utility,54141.8,KZ190390104712371355,True,
1618,17e45abbaee0e50a729b7d21de1cddff,2025-12-25 17:53:20,open_card,,,True,
1619,ed605f1e7fed2a8bcbe61ed0cf602aea,2025-09-25 05:32:38,open_card,,,True,
1620,1aeef26d8ebbfb3ebf6acccffaaec02a,2025-09-02 11:20:04,view_history,,,True,
1621,cc7beccdbb9fe84b45bbf1fb5bed3aea,2025-10-02 09:28:41,view_history,,,True,
1622,4eebf79dbd1b504e6297f5b7a13ac351,2025-09-03 11:19:29,login,,,False,auth_error
1623,e5673c533be992de1b342cbbeba5e64f,2025-12-23 12:55:41,login,,,True,
1624,8f9bbb26f25abacba8ed4df6dc00c2dc,2025-12-21 06:34:21,change_password,,,True,
1625,b0dc9bc1f9e1968e81b99750a61b5d21,2025-09-18 03:57:02,view_history,,,True,
1626,acdf77c3a75faeeddafbebdb8d2ff8fb,2025-09-16 14:08:38,open_card,,,True,
1627,beaa94d60fa475cd6ee43ebbc3b9a3ab,2025-09-18 01:01:59,view_balance,,,True,
1628,d692b6d012bfcfa14badfa47f11fbe61,2025-11-23 10:29:31,login,,,True,
1629,fedeaed2e9aeff29fdda6aa1aeda929d,2025-10-23 03:39:21,pay_utility,41816.46,KZ169980932135690100,True,
1630,ada185c30e3c5d26558aa4ebf0f2ae06,2025-09-14 06:45:39,login,,,True,
1631,a7f176c4eb34c4c0baad9d488325f6dd,2025-12-17 03:18:14,view_balance,,,True,
1632,77c0b3c54f60c2866dd19c4ee61ff81e,2025-10-25 20:21:06,view_history,,,True,
1633,3a2b89de1d8d43eec8694debc7c8de5f,2025-10-29 18:34:30,open_card,,,True,
1634,b8abf1eba14ae353e3fbc249ef1acfd0,2025-12-07 08:26:53,make_transfer,158878.89,KZ894795097461962814,True,
1635,cff79dd2f545b5b2d5d9be460b6deccc,2025-10-22 05:36:57,open_card,,,True,
1636,f9b1833f4520b23e3a6c6cf167a15bc7,2025-12-26 22:04:51,make_transfer,24386.17,KZ388062137339514003,True,
1637,c6f5c2e2ab086cad7cc55ab7b1ebeff0,2025-10-18 05:25:11,view_balance,,,False,validation_failed
1638,2db4c4d2ebca101e8ee4cfa96ff54b5d,2025-09-26 09:41:13,view_balance,,,True,
1639,18a70ec16b8b5aae8e87bccb245bb502,2025-10-09 16:23:03,logout,,,True,
1640,aa0b4fbdefacc28509eebb4ededdaf24,2025-10-12 00:11:31,view_balance,,,True,
1641,7cf62e8a2cf8d38afd048f23e8fb2ac5,2025-11-12 09:05:23,logout,,,False,timeout
1642,f9a6841be354f52edae5d5c49d50e90b,2025-11-14 18:18:45,open_card,,,True,
1643,bea8cb72e58bdbdccfd1966ca2af3762,2025-10-16 14:21:51,change_password,,,True,
1644,16b5eebf677db9e94bfe37155db24eca,2025-10-30 13:24:17,make_transfer,90936.23,KZ927779453331692273,True,
1645,c93915fe8bacfa8e5dc5a7b7dae647f5,2025-12-18 00:27:48,view_balance,,,True,
1646,ccbdb4179bccd7aadf652ccfeb73ebb9,2025-11-12 21:58:17,make_transfer,139912.01,KZ743984541046981574,True,
1647,97a3b89aea61fbcf7ff073161fbf33f6,2025-12-18 04:58:11,pay_utility,72666.62,KZ550106247132501479,True,
1648,1ceafda52ba0c729154cd27158fb6e66,2025-11-16 07:19:37,view_history,,,True,
1649,c6e288bb65c7d738f3db1febc5a3dbf7,2025-10-01 19:39:10,logout,,,True,
1650,b4946e752fba7c0bff6e45c82ceb4ee2,2025-12-24 01:02:32,pay_utility,139532.13,KZ604900795911370942,True,
1651,3ba1c4be5004de6255a89ea641910ac2,2025-09-28 23:27:12,change_password,,,True,
1652,b62cdbe7d8b9dec71be1eb7aec3c64a1,2025-09-01 04:42:03,change_password,,,True,
1653,7aec2c8f823debd8e0c84a325785cadf,2025-11-05 08:50:41,pay_utility,107941.54,KZ548225449260963193,True,
1654,fd373bc6e2b9e4ce36ef558e1a39234e,2025-11-14 11:29:23,logout,,,True,
1655,7fde3cbdb9f3c6cb6dd8033ab65b6eff,2025-11-08 10:41:37,logout,,,True,
1656,2f6ecb2b1e4dde29a2de6144e04cb9ed,2025-11-12 04:45:11,change_password,,,True,
1657,933b603e6c1ec237d4baf9e8e2e0abbe,2025-09-20 12:36:46,view_history,,,True,
1658,3c3d7aa08b0c34b542bdf238ac196bf8,2025-12-09 19:32:09,pay_utility,89162.63,KZ344124188190313664,True,
1659,3defad5e4acfeabcd01e767ebd7fa3ef,2025-09-29 01:15:45,view_balance,,,True,
1660,03dba1fa81fc2cf7186caac11c2bd412,2025-11-13 01:57:20,logout,,,True,
1661,e24d4efcb3ce83df78b0b2ad2e96dd47,2025-10-30 15:20:51,view_balance,,,True,
1662,f6ccfa8757d923eedca3ec2ef48d77e1,2025-10-06 10:56:11,open_card,,,False,timeout
1663,ee413fdba04fd32afbecdc8c2bbfdd58,2025-11-17 13:36:51,view_history,,,True,
1664,eda304feecaccbd3ce924febfebd2fc2,2025-10-05 06:51:00,view_history,,,True,
1665,f0c4252eb062f61f27c11ea21775b969,2025-09-04 03:02:38,pay_utility,107432.09,KZ539521488995220294,True,
1666,bf5be0cb8e8dcb1234fdb88ff1db7db9,2025-11-25 04:44:19,logout,,,True,
1667,9e1affac2efe758cfe8c2cb5cb6d9ec0,2025-09-18 22:15:20,logout,,,True,
1668,0dd4a2dac54f7eddc5febd9af6f01e29,2025-09-17 11:40:35,login,,,True,
1669,1bbb2bcd5ef58efbba1ddf7dc71ff2e5,2025-11-23 11:59:45,open_card,,,True,
1670,b1bfccd6abac3b9cb9de117c3feebddf,2025-09-19 19:33:49,open_card,,,True,
1671,c6c5ce8ed688eebbda9cecd8bda748e4,2025-12-28 15:58:41,login,,,False,validation_failed
1672,f74c6ff0dd1c7a5e9cab2e65d61ab879,2025-10-20 12:33:22,open_card,,,True,
1673,33b21e22eb3bcae796da33e9fde7acb8,2025-11-10 22:40:20,change_password,,,False,validation_failed
1674,cdbc9d7f2cdfdabdea9b96eb3a17f44b,2025-10-25 03:18:12,login,,,True,
1675,4d7aec1b8ff7904a7ceb3c637d412cce,2025-11-16 16:25:34,logout,,,True,
1676,ae28af1c370a1c74b0dac3b355fd6cb4,2025-11-26 05:08:37,pay_utility,185796.82,KZ012624599563633357,True,
1677,e0b1b766834d6f459c6cc7eee9be9af0,2025-11-12 07:56:16,make_transfer,46500.78,KZ276476143827205412,True,
1678,d07c733ffe3309ac243b11fd4df631df,2025-09-04 13:50:23,logout,,,True,
1679,c47901ca068b11f8f1dfb4ec00accdab,2025-12-27 11:32:17,view_history,,,True,
1680,4efeef8ee0dc2be80c6a4e2c89aceda3,2025-12-11 06:29:46,login,,,True,
1681,ceebbdcaec7e56195a1190b44dd44d41,2025-10-27 10:44:55,change_password,,,True,
1682,2f6ecb2b1e4dde29a2de6144e04cb9ed,2025-11-12 04:43:42,open_card,,,True,
1683,d9a4f4d7688b2aee17b18f4ba783f133,2025-10-07 05:04:58,pay_utility,40671.33,KZ876679729371838899,True,
1684,f81b55ea10ffca1d9da3e71fb0f5cbe2,2025-10-23 20:53:47,login,,,True,
1685,d08590c2a025a3f6ddae8ef4b06a1663,2025-10-07 02:32:43,logout,,,True,
1686,c46fcc6ebffdaad002357cfdbfec43b4,2025-11-19 13:20:40,login,,,True,
1687,cff79dd2f545b5b2d5d9be460b6deccc,2025-10-22 05:42:30,logout,,,True,
1688,dda3f585a85ae76acab13da8eb6abebc,2025-09-18 16:58:31,make_transfer,41770.41,KZ078080035438490584,True,
1689,3ae5950f4e74deaf778b6e3d4ee21dc6,2025-09-03 16:40:19,view_balance,,,True,
1690,a017067bb5eabbcb5e06f55d7bc90f22,2025-12-19 02:43:55,view_balance,,,True,
1691,e3e9d293515ff47ff40ac470d92c36fb,2025-09-06 00:06:56,view_history,,,True,
1692,7831c5cf23f3f6d236822f7332cd4f0a,2025-11-29 06:09:28,view_history,,,False,validation_failed
1693,fe26edeaeefeeea4bce6dad342dfd6a2,2025-10-28 15:05:34,login,,,True,
1694,409f15c7def5fcb2bdbb8d000fc7edb9,2025-12-20 05:49:53,view_history,,,True,
1695,ed553e97d0fe22f0667b5b81c2bcd6ed,2025-12-30 23:51:02,view_history,,,True,
1696,7d9e8dbbffca3d68059dbcf9bed0ed5d,2025-09-09 01:45:22,change_password,,,True,
1697,d81da7ad3f3e01b29cbb74cde6d54cb3,2025-12-14 01:36:51,view_history,,,True,
1698,d08590c2a025a3f6ddae8ef4b06a1663,2025-10-07 02:26:11,login,,,False,validation_failed
1699,d7337f9cc5ecbc9807c0caecf6a6d6ed,2025-11-07 11:18:11,login,,,True,
1700,219c12bf2e9bfbbafccbd9c4831bf0fb,2025-11-09 03:16:19,view_history,,,True,
1701,5bbff6a733a0fbf2ad7cd85adc77db52,2025-12-02 16:46:08,make_transfer,146092.53,KZ676487034677628632,True,
1702,cd5cd1cbedaa7d35b6db5da3fa3dd2fd,2025-11-21 05:18:36,login,,,True,
1703,8470eea6f2501f55cc34fef2d4cedce3,2025-10-07 13:56:53,open_card,,,True,
1704,2ecfb119cd7b67ccd71cf3988c7c25fa,2025-09-05 18:58:54,view_balance,,,True,
1705,8faeb35c66b52ba80bb7bfcc6bd3e945,2025-12-15 07:49:08,view_balance,,,True,
1706,1a9ed133c23467dee30f400ad84ab7ef,2025-11-11 04:51:31,make_transfer,42590.53,KZ432403364350600124,True,
1707,9585befedc9e7bfddf9e1b1d2482c997,2025-10-02 17:20:25,make_transfer,48748.03,KZ970421559636444156,True,
1708,bc7ec60ad828ae2e2edfbea2cbab713f,2025-10-23 21:30:35,login,,,True,
1709,b7c7ed3aabac6c2421e0c8f0b7647910,2025-10-17 23:23:45,pay_utility,1781.69,KZ642785848656965974,True,
1710,d9c8cac1d2d6e4ff5d802c7d50d91cfa,2025-11-08 14:15:24,change_password,,,True,
1711,83a17e8c4c72b4547c73f59c66ded9cc,2025-09-18 10:15:33,logout,,,True,
1712,85a7fbdf5573d579203fd341a1c57db1,2025-10-26 22:36:27,login,,,True,
1713,96b0db3ee4f5b31dbaa4dcbcec54d852,2025-12-07 05:01:13,view_history,,,True,
1714,b8abf1eba14ae353e3fbc249ef1acfd0,2025-12-07 08:11:20,make_transfer,113478.26,KZ127428854462240749,True,
1715,d11bceefedf5effa5ed872be0fce37cb,2025-10-01 18:49:52,view_balance,,,True,
1716,08463e30e2ec5af068dd00e16a49452e,2025-11-21 04:19:07,open_card,,,True,
1717,df00adec76b64335acdef0fddbabacdf,2025-12-03 07:34:53,pay_utility,74012.78,KZ256209417505360636,True,
1718,0cbce7e5ab7c9aa5af6a0c73bbf0c26d,2025-09-20 10:32:22,login,,,True,
1719,ae77af241dbddad355ce8c3adbef6aec,2025-12-08 23:02:10,view_history,,,True,
1720,405a5fe8da71df5848d5ba561eadb98a,2025-11-14 12:19:31,open_card,,,True,
1721,aaf5a88206ca3baab4dedfe42ec35ccb,2025-10-31 03:49:02,pay_utility,107323.61,KZ977394865081731804,True,
1722,bc16ddc9a7dddafabc29ed8ebacfb0bc,2025-11-09 13:11:14,pay_utility,125337.19,KZ146968846387462162,True,
1723,ac6f9915a0bffcfe11edec8faca6d259,2025-09-08 21:11:47,logout,,,True,
1724,ca8ef2feaf9e51b62e5c66cce04e43b5,2025-10-21 03:12:24,logout,,,True,
1725,c84b506b40011e40c9e0cc45cc21bba1,2025-12-06 12:31:49,logout,,,True,
1726,a8cbf9b4a868bf8de4ff0a10ebbf18ad,2025-12-18 20:04:38,view_balance,,,True,
1727,fbcd1c7e33f8fcef2c4ccab2a57310c9,2025-11-13 07:20:10,logout,,,True,
1728,a17eceec2f2b047ee4aea958e4d7dcbb,2025-11-12 14:22:10,logout,,,True,
1729,c838dc2cababf0153cfab47b92f777be,2025-12-11 11:55:06,view_balance,,,True,
1730,02d6d15e323dd83ebc0e1560530da510,2025-09-19 04:30:05,open_card,,,True,
1731,86d0957ebdb37fd989f4ddb7d3fb5afc,2025-12-23 17:49:07,login,,,True,
1732,2ec9f2418f4be405aaaceabbe97ae4bb,2025-12-27 09:41:40,logout,,,True,
1733,30ee8db25b53a220f9a8fdcff8b406bc,2025-10-16 16:55:33,change_password,,,True,
1734,db2ee6beea64caa72aeda7ed2c4de5da,2025-11-18 22:56:56,open_card,,,False,auth_error
1735,e3e99bab5ee0de045aedf3dd42cc5bb3,2025-12-05 10:33:26,view_history,,,True,
1736,8aa482bfead76a8df3eecfeec9d3a201,2025-10-22 04:43:29,change_password,,,True,
1737,67bb144f5ec5690cf3abb06fdaef43fd,2025-12-06 14:07:44,change_password,,,True,
1738,5797de6a92c6c94a8480ace4feecf70d,2025-10-07 03:29:54,view_balance,,,True,
1739,5ccc7db1114dbb814ada407e86a9e372,2025-11-16 15:07:32,open_card,,,True,
1740,b8abf1eba14ae353e3fbc249ef1acfd0,2025-12-07 08:37:17,login,,,True,
1741,d790868b677f313f77f4e8acf85f89e9,2025-12-17 09:41:09,change_password,,,True,
1742,dfdee73d7a6ecc80f92a42f66eae8eb1,2025-09-17 10:26:46,make_transfer,142900.37,KZ906904159102679851,True,
1743,4d7c35eaf67b21520307edaf196eb6f7,2025-10-06 10:41:43,view_history,,,True,
1744,706060de91ecf6b2ef7cafdbbae5d9d0,2025-09-07 13:10:06,change_password,,,True,
1745,ad61dacd7c56b05caaeaeea46cdb5cfd,2025-11-26 17:07:10,pay_utility,12358.28,KZ497007979500086990,True,
1746,d5ff7323c4889bffb94b316deec338b4,2025-10-25 22:29:22,logout,,,True,
1747,3335ff8ca766a9fff3a5a6dad2cb32ed,2025-10-16 09:55:49,logout,,,True,
1748,aad05e6bd60a910fb14eda1b8b6ecd57,2025-12-14 10:17:46,view_history,,,True,
1749,1906fd067d5eff29ecc6f69e6c2a5da5,2025-11-11 02:28:48,open_card,,,True,
1750,a35a2674b1030fbe53bfeb2cec4dcb35,2025-09-09 00:11:15,view_balance,,,True,
1751,c5d584e6abb7f7ddc11a9275bdface9a,2025-11-03 14:52:05,open_card,,,True,
1752,e29b0fedbd2e71653f8edea7f452cc0d,2025-09-29 07:52:32,view_balance,,,True,
1753,6065cc0b7c87f1da5fc973d159bc2636,2025-11-23 20:27:38,pay_utility,91798.05,KZ569128069816361112,True,
1754,e477f397dddd6d9b4bba5e05abe9a943,2025-12-17 07:49:34,change_password,,,True,
1755,101bb143eca0cbc2327c3d96b5b9c813,2025-09-11 21:52:27,make_transfer,120261.36,KZ857741854422069197,True,
1756,dba9c7a920abbba37af3cf5bffbacdc5,2025-10-18 02:04:51,login,,,True,
1757,ba55e3f0bbf8b2ff77ecafa22eec26ae,2025-09-04 11:25:53,pay_utility,199839.45,KZ696965121623398543,True,
1758,03aa8be8ea1da6b1e1c4cfc3d3bfd4dd,2025-10-21 14:12:46,pay_utility,150648.67,KZ946244601693635979,True,
1759,da71358dc8ae088bca7783fbe3a2a4c8,2025-11-21 05:36:02,view_history,,,True,
1760,8a9035166a1036705a7c17dc342d5d52,2025-10-24 11:06:45,view_history,,,True,
1761,2bfdbb5f31bcbcfe62ddd3d47fffdeee,2025-11-05 16:03:02,logout,,,True,
1762,ce6c45c498549ccc941a26448edaa539,2025-12-25 23:12:19,login,,,True,
1763,0c0126ccce0db3d9be0d5ebf48e2afc6,2025-09-24 19:46:20,make_transfer,74496.64,KZ347818013459157280,False,auth_error
1764,e19b3ce6bbad6c0e02c9fa7fbf7434ce,2025-10-16 19:46:59,logout,,,True,
1765,cdb1a1d44ec050ccada99bc4588bdae8,2025-10-26 22:01:25,logout,,,False,timeout
1766,8c379a7bada0902fa4a87b1ba974ccd3,2025-11-08 16:51:15,pay_utility,99590.95,KZ631960009519117679,True,
1767,3d3ad2a58af9ded89ce996b73351fd04,2025-11-02 23:52:40,login,,,True,
1768,eaf7cee9d9268e91bb61aedbfe8a9ea0,2025-10-09 14:20:12,change_password,,,True,
1769,4e6fd52db73f60cbfffdd4ce03ff68d2,2025-10-23 14:58:41,make_transfer,168557.61,KZ268118526197474777,True,
1770,e9765bee312c9fcf71af1b0ac8d62596,2025-12-06 14:58:56,view_history,,,True,
1771,a15edd1bbff724b3fb555cdf0ea88aeb,2025-09-02 14:26:07,view_history,,,True,
1772,0b414efedffcfed6fda9c450e836d131,2025-12-22 22:30:35,logout,,,True,
1773,0bce92a940d5ba2ab4b312585df0adea,2025-12-18 12:03:12,open_card,,,True,
1774,f63f3a4dbcc2bfa47afd96622de38ddb,2025-11-01 18:33:42,login,,,True,
1775,ba0ff4eb0aadb0ce3ccbea8b526bd6af,2025-09-20 07:04:14,open_card,,,True,
1776,c6b2d1663e40e3f537902fcfdafd762b,2025-12-27 21:04:22,view_balance,,,True,
1777,2a52caed0d327e12ea4ed4d7c183d007,2025-12-10 22:05:46,view_history,,,True,
1778,ee8f9124e59df07b6d6ebaaaf6ac4f74,2025-10-09 23:04:48,view_history,,,True,
1779,96b0db3ee4f5b31dbaa4dcbcec54d852,2025-12-07 05:03:25,view_balance,,,True,
1780,cffedd4b317fc47cae81bca132dede38,2025-09-02 21:46:29,view_balance,,,True,
1781,efa00fb970eefbdecaa4eceea21bcc2a,2025-10-08 13:48:45,view_balance,,,True,
1782,ab4e1efbdf2ccdb4de8e28c7d9e79e5b,2025-10-09 20:04:45,change_password,,,True,
1783,ebe36b32f7a9ed3e6cf1322b45beffeb,2025-11-07 18:15:07,logout,,,True,
1784,00d24ed59abce7303ee483fcd5dcdac7,2025-10-06 10:33:32,view_balance,,,True,
1785,dcc45bbeb75a27e7a515276aadfd9d96,2025-09-18 15:21:26,logout,,,True,
1786,bc32f5dd88cf4c4e0d4ec6f7b25d321b,2025-11-29 01:37:10,logout,,,False,auth_error
1787,df0fdf116d3bffde5718db5fa2aa8ada,2025-10-23 14:35:42,change_password,,,True,
1788,c6bda1daffb7fdffc66cf605134bdccf,2025-10-28 15:39:17,logout,,,True,
1789,cb325c59ec57adccf632cd1e6be2a643,2025-12-29 00:14:58,make_transfer,45604.33,KZ073262687771481872,True,
1790,22c1c075a918ec840d3d1a37a41ac6a7,2025-12-17 15:32:17,view_balance,,,True,
1791,c7e271ff1c31fa1b6d337ff444b2c9d3,2025-12-22 01:00:26,logout,,,True,
1792,ffdfb674cbbeffafc8af7bdb8c0fddec,2025-12-06 10:28:36,make_transfer,128160.61,KZ072934039138166728,True,
1793,3335ff8ca766a9fff3a5a6dad2cb32ed,2025-10-16 09:34:09,logout,,,True,
1794,f3bbcbcbd24aa227d2fb1f29d6ea1055,2025-11-23 22:15:34,change_password,,,True,
1795,f8f26f8efd1f2927f0c8cc72eceb9cfe,2025-11-01 23:53:43,view_history,,,True,
1796,04ca0db1cd2badddf6f5fcce8fd3ca5f,2025-12-04 15:23:45,make_transfer,78109.4,KZ912128959996076742,True,
1797,0f4d9e8bf17d4314b894c76b3b3c7de2,2025-10-22 22:49:49,open_card,,,True,
1798,5eadcfeecf39bc4767c9ebe800ff301d,2025-09-21 02:08:59,change_password,,,True,
1799,a0a8eb3f9ecbedf69258accdcb8b8a5c,2025-12-24 10:38:43,open_card,,,True,
1800,d71c37eb7fa3c4a8cabeda19ab2dcda3,2025-10-08 16:12:21,login,,,True,
1801,fdee7cfe96ccbf3a02033dbe8a778fc8,2025-12-28 12:00:43,view_balance,,,True,
1802,cf5005c832beebeeeabf6b6a60cad4cd,2025-10-17 17:43:33,open_card,,,True,
1803,a9bbeb70b2d3bbbfa39bc9bc3fd197a1,2025-11-05 03:46:02,make_transfer,130771.46,KZ499011180614168406,True,
1804,4acafc086e569df7090ea3836d0a46fa,2025-11-07 19:25:02,pay_utility,77522.91,KZ678576391552198067,True,
1805,81abd6fcb0da79e286a4b5b329a1ebce,2025-10-19 13:28:16,view_history,,,True,
1806,6187033d174fa2c73e501dedfcaaf32e,2025-09-09 04:31:39,open_card,,,True,
1807,7df6cdabfca70a912d7ba76d382d0885,2025-11-07 11:05:48,make_transfer,69330.92,KZ843339041958783623,True,
1808,7983fdc5d4acb0cc6cebbd2be4ad7ba9,2025-09-27 13:36:11,login,,,True,
1809,32edc6525b2d94defae37ac7d0c39367,2025-09-02 14:44:47,make_transfer,94709.1,KZ744262036723641396,True,
1810,ebcd4da928567da56b14bdac12da6e27,2025-11-08 09:25:05,login,,,True,
1811,9ccfacf6ada0de1dae917eefd74f658a,2025-11-23 16:57:29,open_card,,,True,
1812,87eea902bad8e05abda0421431a315fb,2025-11-12 01:53:40,view_history,,,True,
1813,636e4f66de8d6ae41bc4e7ae20608db6,2025-12-21 00:24:54,change_password,,,True,
1814,eafbca2b13aac7debf318cf9a73929eb,2025-12-22 12:07:48,logout,,,False,timeout
1815,a3fbc6d2efed5cbd2b4b020f0934bdcd,2025-10-05 02:09:48,change_password,,,True,
1816,a8f989d1bd166b82e520f3471651b1ce,2025-11-21 13:41:38,view_balance,,,False,validation_failed
1817,bb50c83bc255bd534bfaf3828f12ff58,2025-12-05 13:08:56,login,,,True,
1818,f6ccfa8757d923eedca3ec2ef48d77e1,2025-10-06 11:15:35,pay_utility,1137.88,KZ834500949523455877,True,
1819,d202fe6530bc79dfdaf3cddf275ca0f0,2025-11-15 23:26:57,change_password,,,True,
1820,2d6ecfb57881014ed1d876fab833c4be,2025-12-14 17:04:27,open_card,,,True,
1821,fea307fbfeebca3c9bfbd13ceccafe7b,2025-09-08 12:34:30,login,,,True,
1822,e0c589455eec7c1cd7b0ba12b8fbb9e7,2025-12-01 08:34:41,logout,,,True,
1823,a1a67abffbeec6be9cdb3e6b4e7b1cbe,2025-10-18 00:31:17,view_history,,,True,
1824,e946d987bdfd2d2e89b57dffc25cedfb,2025-10-05 10:21:24,open_card,,,True,
1825,791eefa3fc2083c18de0fa5dcf434aa2,2025-11-17 01:53:13,open_card,,,True,
1826,c74fe175dd1d7acfa923a6cdacbe2b30,2025-09-04 19:13:12,open_card,,,True,
1827,ad42aaaebbedbea4efffecf85ab945d2,2025-10-29 06:40:24,open_card,,,True,
1828,a9cb6adebba58ea1c8f4a8bf174c1ca9,2025-12-29 15:15:20,login,,,False,timeout
1829,54fcef674ad1f1b829785c0b7d1bc27e,2025-09-20 05:56:23,pay_utility,35573.83,KZ597977369167670120,True,
1830,36e1e2a76948ca6c150fe35ceb4d1f6f,2025-11-06 05:24:11,open_card,,,True,
1831,fe167ffb44ff5aaec7c3d72967f5b1da,2025-12-17 11:44:08,change_password,,,True,
1832,af9b0d8cfcdf422aea9cd38efe2dca5d,2025-11-13 03:17:10,make_transfer,140203.47,KZ233405555749786800,True,
1833,3470648bffadeed492ba6a4012e3a81b,2025-09-14 00:44:45,change_password,,,False,timeout
1834,bafe543bfd0e9c8b8a9638beaf19a542,2025-09-28 10:50:03,view_history,,,True,
1835,bf5be0cb8e8dcb1234fdb88ff1db7db9,2025-11-25 04:46:34,logout,,,True,
1836,6cef0a82a57bd6cbba8cedc84d6eaa8c,2025-09-18 16:42:53,view_history,,,True,
1837,ebe55c12a3bc140f9bdaf9df65b094e2,2025-12-13 17:23:29,open_card,,,False,validation_failed
1838,4e0c8e59bf016abc7d37ce61da87ebaa,2025-12-13 00:24:46,make_transfer,141588.47,KZ221221234066475701,True,
1839,27b9346c35ad3cf3bba1f95c151c2a8d,2025-10-11 06:31:30,view_history,,,True,
1840,53eaa4e01c755003bd59fb26a1bbb2ab,2025-11-11 20:47:01,view_history,,,True,
1841,ee1a6980c7abef1bf5c5e1fafda5fe34,2025-12-03 08:43:58,view_balance,,,True,
1842,cd589077dbb68ed43af2f7bea31c3b35,2025-11-18 17:58:29,open_card,,,True,
1843,ebcd4bdc408abd61fcef2ad09eab6642,2025-10-20 23:55:05,view_balance,,,True,
1844,a15edd1bbff724b3fb555cdf0ea88aeb,2025-09-02 14:20:49,pay_utility,30713.76,KZ039613835435102463,True,
1845,ed1dab48ccf612fbe31defe61b5f2912,2025-11-17 06:10:58,pay_utility,66029.53,KZ360757478778776592,True,
1846,bf65ddf6f5df19bc0bc18e5c9b9fa366,2025-12-22 19:11:10,change_password,,,True,
1847,beefcfcd7d693cfce652a73ec6291795,2025-10-10 18:55:25,view_history,,,True,
1848,2defc36fe8409aed47cdbaeece8eece3,2025-11-28 07:31:00,login,,,True,
1849,ee413fdba04fd32afbecdc8c2bbfdd58,2025-11-17 13:26:00,view_balance,,,True,
1850,e510e0feabbec6d6d4fbc6339e2cd4db,2025-12-05 09:58:06,change_password,,,True,
1851,14c2cf8aca2f90d1d95bf999ddd5ec71,2025-09-15 10:48:23,make_transfer,117697.2,KZ877999097498800257,True,
1852,c97dfe777b18dc1fbc3ebca374332e8f,2025-12-03 19:52:26,pay_utility,168658.43,KZ907091243929229614,True,
1853,992dc748bf9a1e83f0b974a7fac3b6f4,2025-12-23 23:22:32,pay_utility,169767.54,KZ436107159793710156,True,
1854,bf8f72a4ff66a6feaac20ffac6d1cabc,2025-09-12 20:01:59,make_transfer,75223.96,KZ829307497079006642,True,
1855,bfdbcec7d50c64086b6f2fa1d0fd14bd,2025-11-10 01:52:01,logout,,,True,
1856,eceb9b9e2fbceefa431f561a49df6549,2025-10-27 00:38:55,make_transfer,48491.09,KZ993777727273971955,True,
1857,d36a13c2dd065577639db7aaae4fdc7f,2025-09-02 04:51:26,logout,,,True,
1858,ed986593c6cb882aec8d7eb09ff711ff,2025-10-25 05:32:18,pay_utility,11396.66,KZ328779065165684137,True,
1859,965aaef7b20905fabf1abdacaffc0dd9,2025-09-06 11:07:08,login,,,True,
1860,c92bddcfddc77cfcd3cce05ba9f2441c,2025-09-22 16:23:52,login,,,True,
1861,f33c0fb880e9cc74bcdbbe1cb4d2d887,2025-11-17 20:27:42,change_password,,,True,
1862,320ef592eecd3ec15e1b3b6352ddecfb,2025-09-26 11:51:00,login,,,True,
1863,4fcca9f6bde5ffefb6590d71fda0602c,2025-11-01 07:58:52,pay_utility,83838.46,KZ380326333273963455,True,
1864,bb0d1fb76bf9cfc14b65a515a5a99698,2025-12-26 09:11:38,logout,,,True,
1865,c86e44cea78d6da3be8540ffc77d1f3b,2025-10-06 18:42:26,logout,,,True,
1866,fd3a9f7ecf5fccf666cbbaeb78e66abf,2025-11-13 17:57:45,pay_utility,11794.93,KZ269766374612141833,True,
1867,e0d86e1cfff3d80b8e18cebc3f02c141,2025-12-24 13:20:27,view_balance,,,True,
1868,fd9f207661b0d2feb6e6edccf4491dd7,2025-09-08 06:20:27,change_password,,,True,
1869,e6fafc5b56606cbfccac22d2d05cf785,2025-09-30 18:13:33,make_transfer,171211.6,KZ651654257536869767,True,
1870,40ba94d3e6b7fdddb5ee9afd9fa304bd,2025-09-23 18:58:52,pay_utility,86518.18,KZ240715042220477889,True,
1871,d4be7feefa8f6a9d41969ff5fbbc2bff,2025-11-25 10:21:33,view_history,,,True,
1872,c0a1ee1b1bd651b3dff7cbae6ce958db,2025-11-28 17:52:34,view_balance,,,True,
1873,1deda87daeae6aafff229daf0ec429bf,2025-10-30 01:34:31,make_transfer,181328.97,KZ455146094068224220,True,
1874,85b1b2e3999be61b4fc28ce55a23cfcd,2025-10-10 20:55:36,view_history,,,True,
1875,ccba03b1b1fe034b66dfca0bf4bacfeb,2025-09-21 19:13:39,change_password,,,True,
1876,51be2aba605427a63bce48cb8aa2d2fc,2025-09-26 01:48:44,open_card,,,True,
1877,96ff9cef4bc3dc832f89c82e8f1fe84f,2025-09-19 14:46:05,change_password,,,True,
1878,ebcd4bdc408abd61fcef2ad09eab6642,2025-10-20 23:37:45,view_balance,,,True,
1879,9ed930dafd0a65a359f3cbefaba2f4db,2025-11-17 07:57:16,logout,,,True,
1880,a1de38c6b4c7ac0f6a2e8321a86a8aea,2025-11-17 22:04:19,view_balance,,,True,
1881,71f3ade7ffec8faefdb53a8fdfc52f83,2025-11-03 13:38:42,change_password,,,True,
1882,6ca8e836fda9acd8d06500e0edceabeb,2025-12-30 05:16:10,pay_utility,23267.73,KZ010923699356826866,True,
1883,90fa211c8ef46031bddfcbbd38eabb0b,2025-12-23 09:13:10,change_password,,,True,
1884,7dbb7cf5aac4c36d86abdbbcabd3709b,2025-09-14 01:05:52,logout,,,False,validation_failed
1885,62c00751d92e6eec295dc372cdc25c3f,2025-09-29 05:29:59,logout,,,True,
1886,83fadcbcf72152a76f568c541d0a2301,2025-10-03 00:37:42,change_password,,,True,
1887,d7a0dbdd7d5025d68d0ed94fc1966ceb,2025-12-01 09:27:57,view_history,,,True,
1888,fbc2f1dd0fdc85cbcdfe6533d16ed926,2025-11-26 20:32:31,change_password,,,True,
1889,cc5b3bb5de6de65bd4d8c32c8e7d2881,2025-10-22 22:50:37,view_balance,,,True,
1890,f5fc9a37e7e0dcca07afccf3cab1cf9f,2025-11-13 12:58:43,logout,,,True,
1891,943b3e1ddebbdbad9aeb587c3eacf6ed,2025-10-17 03:27:57,view_balance,,,True,
1892,4733d1aaa280a3af06a44e0eb0fa7c07,2025-12-08 04:05:03,view_history,,,True,
1893,14bdc2dfcaeaa7738cf29df0d42c87ec,2025-11-19 19:11:08,open_card,,,True,
1894,8bafdc1eb5e5e002255c5dcfbaa1ddad,2025-12-28 01:12:50,logout,,,True,
1895,aaedd43475fc27ea2e2199d0808b4aaa,2025-10-28 12:33:50,view_balance,,,True,
1896,7cf62e8a2cf8d38afd048f23e8fb2ac5,2025-11-12 09:09:51,login,,,False,auth_error
1897,5ae6e7e4b9eddaa7a1a5ddab9e5ef9e7,2025-11-01 23:11:52,open_card,,,True,
1898,9fecc7d3c8c8cb932e2fcaad0a7372b3,2025-10-01 09:35:12,change_password,,,True,
1899,aabd4be3f7bdef1afb4e16432b8daaf7,2025-09-27 10:33:37,login,,,True,
1900,b1aeb441dad18caeabbceaa195b8e0c4,2025-09-13 18:44:28,logout,,,True,
1901,d1f5fb2f3aa17f2f5bbbb859ec6b317c,2025-09-06 23:15:05,pay_utility,77723.34,KZ320935984498228317,True,
1902,1cfa625635e2af893bf0c19bdaecdffd,2025-10-18 16:23:57,view_balance,,,True,
1903,9ddadb66e9be38d2da2a6d19d2abe4e8,2025-09-06 10:37:40,login,,,False,timeout
1904,6ffc5adfecfb8b4b7913d442e55ab31b,2025-09-27 11:33:14,change_password,,,True,
1905,db496d950fe1f1baa7f500db211e5c2b,2025-09-13 21:10:18,view_history,,,True,
1906,cdb1a1d44ec050ccada99bc4588bdae8,2025-10-26 22:17:46,view_balance,,,True,
1907,4bb5ca0b36df4750e33a8eea84af45ce,2025-12-22 22:47:24,change_password,,,True,
1908,96ff9cef4bc3dc832f89c82e8f1fe84f,2025-09-19 15:04:04,open_card,,,True,
1909,d4bdfa9854a16ffadb57a53c90facbeb,2025-12-23 01:05:06,view_balance,,,True,
1910,6fcef9f739ed09605f9da7b1b1bf56a7,2025-10-14 16:43:31,pay_utility,73784.01,KZ357701489284204336,True,
1911,cc5ed902eb38fec23dddebbefe8b0afd,2025-12-06 12:33:21,view_history,,,True,
1912,b1bfccd6abac3b9cb9de117c3feebddf,2025-09-19 19:31:28,view_balance,,,True,
1913,d2bb08bac26aaf21bfaaa9aedb17f5ff,2025-09-03 20:59:11,change_password,,,True,
1914,5f725c4b8e2595ed3d23050a0938e233,2025-12-19 00:32:15,pay_utility,72096.08,KZ722888918437276798,True,
1915,3bbaa5eff8a87ced5cefde58a878b46b,2025-11-04 17:56:07,open_card,,,True,
1916,e2e8ded6fe5ca88ee7c3dcad684f7b8a,2025-11-29 17:35:45,change_password,,,True,
1917,0d9da79c8c003d0ba8b3abf43ad1b777,2025-10-12 03:10:55,logout,,,True,
1918,db58efe9bb9446bd6ca4edafb09ad993,2025-11-23 17:38:40,pay_utility,119591.76,KZ293439842857779773,True,
1919,c20c972fbef015f120c6aebaeffe6910,2025-11-06 11:35:23,view_balance,,,True,
1920,e70a4f73b69ad77d359a5fe0f794bc9f,2025-11-05 19:51:55,view_history,,,True,
1921,dad9c03a121e4caac2df5a24a7e2abbd,2025-12-29 10:28:00,change_password,,,True,
1922,84d90decc0b293eafcd31d70efbf3d74,2025-10-11 14:48:05,change_password,,,True,
1923,0cbce7e5ab7c9aa5af6a0c73bbf0c26d,2025-09-20 10:36:14,open_card,,,True,
1924,bcedb28e5a00b9dd27caad9ecececfaf,2025-11-20 15:39:51,pay_utility,52725.08,KZ935901671532334573,True,
1925,cab4e70b4a4dc2bc82ce2bb0a778ac8f,2025-12-12 01:36:52,logout,,,True,
1926,cffedd4b317fc47cae81bca132dede38,2025-09-02 21:59:31,make_transfer,199787.1,KZ313244834145872085,True,
1927,9234d8412efcec5e1f96ed62ea491dfd,2025-10-16 01:39:08,login,,,True,
1928,1fdbaa89bbfbea46dd4fb13af7c4cfa6,2025-11-26 07:35:04,logout,,,True,
1929,06fb8ff4d131bbef3ec3c59d2db50a39,2025-09-26 07:48:22,pay_utility,120930.33,KZ153530618693964922,True,
1930,f9a66eec2ca6f212dc9adcabafe8ba48,2025-10-07 13:26:55,login,,,True,
1931,8b47320053bbb4c6caba82ccdfada5cd,2025-12-21 07:30:00,view_balance,,,True,
1932,c49e4183fdede93e90817e33b54ac87e,2025-09-06 08:10:01,make_transfer,14414.46,KZ216569794968558925,True,
1933,7dff7c139dbeb1e28e62f03a5f8d3b90,2025-10-21 10:46:05,view_balance,,,True,
1934,8bafdc1eb5e5e002255c5dcfbaa1ddad,2025-12-28 01:14:03,view_balance,,,True,
1935,b5a52ab9cebbf2befaf7f0c849cbcabd,2025-10-08 11:25:54,make_transfer,23372.64,KZ394476176726213296,False,timeout
1936,ed349340acbaca023908a8fe4fcb8658,2025-09-18 06:33:11,view_balance,,,True,
1937,a560b3135606facc4b89cf2511a7e6f8,2025-11-20 02:38:15,login,,,True,
1938,85cefc71282d3efd723c4efb867b0a26,2025-09-14 19:46:57,view_history,,,True,
1939,89ab5fc3bebeb613d47d4e67cdbaf0f2,2025-09-15 10:13:41,change_password,,,True,
1940,b36bfcde46f7ebbb53db17aea7defe5a,2025-09-02 14:57:31,pay_utility,36847.07,KZ182111377145383876,True,
1941,f6ccfa8757d923eedca3ec2ef48d77e1,2025-10-06 10:57:12,pay_utility,126456.58,KZ699705801742148760,True,
1942,cb325c59ec57adccf632cd1e6be2a643,2025-12-29 00:31:52,open_card,,,True,
1943,87eea902bad8e05abda0421431a315fb,2025-11-12 02:12:26,pay_utility,55458.09,KZ041228483792532591,True,
1944,f30fcbc0943087a7b6d20fd4e52cfdf7,2025-11-02 08:20:38,open_card,,,True,
1945,4bfc73a24cee8cccdd7a2ee7bc689fe6,2025-12-30 16:54:30,make_transfer,167675.03,KZ506267679139992016,True,
1946,bb5ce0afcfdbf3da27ee70ee82c2106b,2025-10-07 18:22:11,login,,,True,
1947,eb11ffbf96dc285c25bb04cefa532d0a,2025-11-22 21:37:38,login,,,True,
1948,01d4accd67bde0309fcdc5a382c71cdd,2025-11-15 08:43:28,pay_utility,7633.78,KZ970750676646853021,True,
1949,a39ee71b2d470ce94c934a13d585f8fe,2025-10-18 21:56:35,pay_utility,129766.0,KZ513037082099052834,True,
1950,1fdbaa89bbfbea46dd4fb13af7c4cfa6,2025-11-26 07:45:05,login,,,True,
1951,62f140554e0ea4fd82dbdb37fceeb1ff,2025-12-25 07:46:06,logout,,,True,
1952,ba32d204d079da763acbbbffe2ace776,2025-09-06 11:38:26,view_balance,,,True,
1953,854af2a3e3fc26a87ef13878bdb256ef,2025-11-29 19:39:12,view_history,,,True,
1954,e6fb2a6c533ebbed980f6fe11ec2dfc1,2025-11-21 23:56:02,open_card,,,True,
1955,dec8ca5024185a2f5c97bbba15c3357f,2025-10-19 10:00:04,make_transfer,186636.35,KZ133982341799927599,True,
1956,228382fd3ab303b844bfaaf6dc01aadb,2025-11-09 20:43:39,login,,,True,
1957,2fa021d48bd6c6e0edd09dd17e58ebd9,2025-09-20 21:34:45,open_card,,,True,
1958,5bc906fab6494749abe71c0b7fb6eb33,2025-11-20 03:29:28,view_balance,,,True,
1959,0a38fd4dbb870b1ced5ab9a07fd793f9,2025-11-06 20:30:46,view_history,,,True,
1960,3528a4c8ab5b6d44502c03a9ec6dc6d2,2025-11-09 01:47:41,logout,,,True,
1961,6cacb90cacf1cabfee1b5f1afde422aa,2025-11-17 05:54:32,open_card,,,True,
1962,ef37d5cb0c2dbac5be543600b8ba58ef,2025-10-26 04:42:48,change_password,,,True,
1963,d202fe6530bc79dfdaf3cddf275ca0f0,2025-11-15 23:16:39,login,,,True,
1964,6b811aeaeadd68e22e2a159d6f8fa5a4,2025-10-29 07:43:43,login,,,True,
1965,ad425555068d64a4f4f9cc4ff5c6554e,2025-10-04 13:57:14,make_transfer,28942.78,KZ901210473955771368,True,
1966,4fc23eff9a612f7a0c3d440c4a601424,2025-12-05 20:09:23,view_balance,,,True,
1967,8ac842cb3d16d2aee2fbecb3ad34ad6c,2025-10-21 14:53:23,make_transfer,44441.79,KZ836708815085661227,True,
1968,e29b0fedbd2e71653f8edea7f452cc0d,2025-09-29 07:51:15,open_card,,,True,
1969,dca4dacfdf1b6c63952b6efd83ec9aac,2025-09-20 13:47:03,logout,,,True,
1970,a96e1eef6ea99a4bfe7f2e79c4fabae4,2025-10-10 15:07:08,logout,,,True,
1971,f5ffc2ad922c12ffbc5e3deadacfe665,2025-12-18 15:00:24,change_password,,,True,
1972,2b24d46c03b5ada4ef55bec0dc55b84e,2025-11-04 00:13:56,view_history,,,True,
1973,3b49d8b55a0c8c797ec094f80d7cabae,2025-12-20 11:31:08,change_password,,,True,
1974,0ff0e4b2af7ab12c5e2cfca12af76a60,2025-10-11 09:04:04,open_card,,,True,
1975,6d4c9ba4bcbdfe4e07e2f18e6ec4f9c4,2025-11-28 16:04:08,view_history,,,True,
1976,ad585fdfecaf4fdfb42e5c30fdfcdfcd,2025-12-12 19:29:46,make_transfer,193566.81,KZ780265023102129430,True,
1977,2db4c4d2ebca101e8ee4cfa96ff54b5d,2025-09-26 09:33:29,make_transfer,74146.08,KZ693699439812881272,True,
1978,6c3255b74eaffaf8ca8f3bb02acff9ee,2025-11-17 01:36:20,view_history,,,True,
1979,a0225c7efe37da60ee3fd06f5c402fb0,2025-09-02 01:44:31,pay_utility,84399.11,KZ996334010105437113,True,
1980,b0feb4d9ceeb2eaac1acc5f6e3f7199a,2025-11-11 06:53:06,login,,,True,
1981,4bcaa5caabcfcd9b7a84ec38faeb0e1d,2025-09-26 11:34:59,logout,,,True,
1982,d81ec23deda67bbe9fdf8c9b61b68cab,2025-11-27 03:52:24,pay_utility,28074.08,KZ297294195776641978,True,
1983,2eebcec40ba67fa7f43ea5e20a80a565,2025-10-14 19:34:52,open_card,,,True,
1984,debabdd890e3471123fbe4a25cfaf140,2025-09-10 04:42:10,login,,,True,
1985,f18cf2ff8f88086bcb9be1fe1cadc8f8,2025-10-30 07:17:24,pay_utility,60871.6,KZ016431988963560647,True,
1986,aacdab1caad12df793ebd3aaada2950b,2025-10-04 03:19:10,open_card,,,True,
1987,6c3255b74eaffaf8ca8f3bb02acff9ee,2025-11-17 01:23:07,pay_utility,30434.48,KZ547654557211317908,True,
1988,ffcbed6afc5da4797cf4ae24bdb5ade5,2025-10-05 18:14:34,login,,,True,
1989,f5f8abf8f3d5b7dda3cabab0ff70e3d8,2025-10-28 08:13:36,view_history,,,True,
1990,ecac279ae74ac35bfcf6feff425045b7,2025-12-12 07:32:42,view_balance,,,True,
1991,e78a33c8f4d8f2bc738f8ffe468a1ec6,2025-10-19 01:19:33,change_password,,,False,timeout
1992,d81ec23deda67bbe9fdf8c9b61b68cab,2025-11-27 04:04:35,make_transfer,75884.22,KZ568787384451238759,True,
1993,aaedd43475fc27ea2e2199d0808b4aaa,2025-10-28 12:40:22,change_password,,,True,
1994,4e6fbbecdee2d8db256b5e817eea31ed,2025-12-24 07:25:43,make_transfer,27769.26,KZ334336599922473632,True,
1995,8fe4ceeea4bc1b92c83f3c2770ceb2cb,2025-11-05 06:34:36,login,,,False,timeout
1996,c74fe175dd1d7acfa923a6cdacbe2b30,2025-09-04 19:23:41,view_history,,,True,
1997,3fb91bbf63bf1d532bba8ced16bc2e39,2025-10-13 05:11:57,view_history,,,True,
1998,457f7bdc0e58b081dbc6eafc2a51baec,2025-11-24 21:05:38,view_history,,,True,
1999,be73d0b565fa116b4afa09fb74c226ca,2025-10-14 13:30:38,open_card,,,True,
2000,d1fba403ef4bfaad0d1b1922f50ba5dc,2025-09-08 08:44:50,view_history,,,True,
2001,5e79c0fc9fc1e85ce11a7dfe593aa568,2025-11-07 16:54:42,open_card,,,True,
2002,bbbe622b71312c57cecb44220effbf0b,2025-12-20 07:07:32,login,,,True,
2003,433a615bed8a46e08aecc63ac004abb7,2025-10-19 18:03:38,pay_utility,139348.87,KZ336822994686897344,True,
2004,69c3b986f84f7d2bafa5b1c6d158a6d3,2025-09-28 22:30:55,pay_utility,96417.83,KZ011234014654789921,True,
2005,4b7a7c59827fc71cb36fabbef91fb8a2,2025-09-21 22:51:16,view_balance,,,True,
2006,c56d14aaba94dac9cbf7d5bf7f75bcaf,2025-09-29 18:03:38,login,,,True,
2007,1ceafda52ba0c729154cd27158fb6e66,2025-11-16 07:19:50,view_balance,,,True,
2008,ec9ef6b91bc107a3ede4c65834d277b6,2025-11-24 23:26:48,change_password,,,True,
2009,4fbd6ac945965bacd4dcce4db40f351e,2025-12-29 20:09:21,change_password,,,True,
2010,1c516e7d754fc156d1c1e2ce50bb493f,2025-11-08 10:25:54,open_card,,,True,
2011,24c533d01acde769f5a73f0eb40ef8ba,2025-12-22 15:22:20,view_history,,,True,
2012,a31ff2273fad25ad72fddc6000f1fcd3,2025-11-09 01:51:32,change_password,,,True,
2013,da86b8decbd13ad57af0dd3bb3b03acc,2025-09-10 14:19:14,pay_utility,92914.09,KZ603463042553473528,True,
2014,ff417f51c5d39bec12b05d4d9e6ff2ca,2025-12-06 09:48:37,logout,,,True,
2015,7267fffe959e5e1d4174efd59acfc5aa,2025-10-05 02:30:31,view_history,,,True,
2016,fa3bfff8bb74fffb2ca800d6c8f2ca2f,2025-09-04 23:52:26,make_transfer,167392.14,KZ927501103771838209,True,
2017,1906fd067d5eff29ecc6f69e6c2a5da5,2025-11-11 02:32:08,login,,,True,
2018,ff53dda5ebdfe4dbbafa8df4c39b55fc,2025-09-19 16:35:09,view_balance,,,True,
2019,ae77af241dbddad355ce8c3adbef6aec,2025-12-08 22:56:57,change_password,,,True,
2020,bed833b004ddfbf4c09bee55b2556e83,2025-12-20 18:53:33,logout,,,True,
2021,6dff25fd73b1fda7cf04bc3cadcbd3ed,2025-09-10 07:15:34,logout,,,True,
2022,4f107d6db70fe1a6f349ede5bf2bc6d6,2025-10-04 19:19:23,login,,,True,
2023,fdf3b31aa9f2ae5fffe90350885a9e92,2025-12-17 11:17:11,pay_utility,188907.91,KZ419412881788919911,True,
2024,c5d584e6abb7f7ddc11a9275bdface9a,2025-11-03 14:53:35,logout,,,True,
2025,bbeddd4b1e5160e5afdedf2e0e23f068,2025-11-05 01:00:59,view_balance,,,True,
2026,83fadcbcf72152a76f568c541d0a2301,2025-10-03 00:26:24,view_balance,,,True,
2027,2ad128e51a9edb9ec45ab2f3fe26b804,2025-12-18 01:25:01,login,,,True,
2028,02c695abebad016dfc62a93fe25cfaf9,2025-12-11 18:01:45,logout,,,True,
2029,3ba1c4be5004de6255a89ea641910ac2,2025-09-28 23:32:42,make_transfer,63508.5,KZ192377504588148339,True,
2030,a49181c5e5e1129c6fd5fa0aae9a1c9b,2025-09-16 20:52:42,pay_utility,15800.46,KZ794003111875930296,True,
2031,320aca4bfcc6a9cfe93b14574ace649b,2025-12-22 14:14:58,login,,,False,auth_error
2032,adadfa9f04a43686ea9d7ecb6c92866f,2025-10-21 15:27:32,logout,,,True,
2033,85213203fa75063acd4a16ebbf3c73db,2025-11-20 12:52:48,view_history,,,True,
2034,86d0957ebdb37fd989f4ddb7d3fb5afc,2025-12-23 17:50:32,pay_utility,70778.81,KZ151356558811350662,True,
2035,b1aeb441dad18caeabbceaa195b8e0c4,2025-09-13 19:06:12,view_balance,,,True,
2036,a43e4a14dd68eaccb4cdefb27bb9d87f,2025-10-17 06:11:00,login,,,True,
2037,814b8f86afc23c71da0ea78c8f0a6cac,2025-10-04 04:45:30,view_balance,,,True,
2038,3ba1c4be5004de6255a89ea641910ac2,2025-09-28 23:26:45,login,,,True,
2039,f7f28adca0a1acfc2bcade445b6bb8a7,2025-10-13 09:10:02,pay_utility,158905.31,KZ435320462033215986,True,
2040,aad2cc967aab850f9cfdfb3b7d918968,2025-09-25 05:10:19,open_card,,,True,
2041,af8e8afabc98e5f8f3d73a1ba6fdf6b0,2025-11-07 17:32:20,login,,,True,
2042,bc4fa989dfbdecbe8dd9bc5a5fc7a57d,2025-12-06 08:44:26,login,,,True,
2043,02012bbadbaea1c0dac47e58dcaabff6,2025-12-29 20:16:03,logout,,,True,
2044,6d1b660ea83dbe8d4db86b3bcf6d6027,2025-12-18 22:32:07,make_transfer,169981.5,KZ332830982916431646,True,
2045,06fb8ff4d131bbef3ec3c59d2db50a39,2025-09-26 08:06:59,login,,,True,
2046,df3acdcdcece6f0b6909e31c68b9d068,2025-12-02 04:48:07,login,,,True,
2047,4bb5ca0b36df4750e33a8eea84af45ce,2025-12-22 22:34:31,view_history,,,True,
2048,db496d950fe1f1baa7f500db211e5c2b,2025-09-13 21:17:19,pay_utility,120297.38,KZ695444938611271465,True,
2049,60bdbfa097ef6f01468f64863f9e9cfe,2025-12-17 00:22:42,view_history,,,True,
2050,5ebd24bde1eb43f3bedbc2acf7c1c74b,2025-09-19 01:58:20,logout,,,False,validation_failed
2051,e7fcaebbbfb13d3dcf48458e90dcff8b,2025-12-12 23:25:25,view_history,,,True,
2052,2beb2b66c40bfbf213db09daf6e8b9bc,2025-12-25 17:47:39,pay_utility,80329.47,KZ615740446267906941,True,
2053,7bc38f982debd68e5fbcedadc96ea0d0,2025-10-02 10:11:04,view_history,,,True,
2054,229ed3c31fba01c6e4be26a1c7b7ae34,2025-11-24 18:55:21,open_card,,,True,
2055,aaefda926042476abdb39c5f5b2ce97f,2025-12-06 02:27:10,login,,,True,
2056,3d3ad2a58af9ded89ce996b73351fd04,2025-11-02 23:58:05,logout,,,True,
2057,21d75e8db7f062c79aae27bd6c209da0,2025-10-16 14:48:53,open_card,,,True,
2058,dd7aa8fff4ca25e119ae0ea9bbeb6e57,2025-09-23 08:04:53,view_balance,,,True,
2059,ae1be48847daacc681f7d5dfb43d0eec,2025-12-16 04:50:49,change_password,,,True,
2060,bbd3c0d7bea0f503b412828e65fe4aad,2025-12-24 03:55:29,view_balance,,,True,
2061,01f9cf5bfe3c4a3bf44d500caef0ad80,2025-11-21 17:30:42,pay_utility,156396.26,KZ700455597555477578,True,
2062,afa52062ae4cbf3481fdf8ba358bec0e,2025-11-17 05:23:54,open_card,,,True,
2063,4fcca9f6bde5ffefb6590d71fda0602c,2025-11-01 08:01:30,view_balance,,,True,
2064,cca9f8df32f47f98fafd28de30aebf6c,2025-10-20 01:56:06,logout,,,True,
2065,4b01d0fc6bf8cea9a3eb0dc9db192c71,2025-11-26 09:50:43,pay_utility,197969.49,KZ429019154117101317,True,
2066,de2d44aa050882ce7f6fdebdfdcc31fe,2025-11-21 05:54:53,view_balance,,,True,
2067,33b21e22eb3bcae796da33e9fde7acb8,2025-11-10 22:22:55,view_history,,,True,
2068,bd538bf65e29ec200d434885c1bfa184,2025-10-23 23:43:14,change_password,,,True,
2069,acbcfbdf94b4e97eaa9ca2aadafdaee7,2025-10-08 08:36:06,login,,,True,
2070,aaddad366f1b4a09dfffdddd48e8fd0a,2025-10-26 00:03:55,logout,,,True,
2071,ded3cbee9e2a8f5ca8a0b8fd0ff62bee,2025-11-16 11:56:50,pay_utility,148301.73,KZ582470499868983469,True,
2072,4efeef8ee0dc2be80c6a4e2c89aceda3,2025-12-11 06:20:28,change_password,,,True,
2073,cc5b3bb5de6de65bd4d8c32c8e7d2881,2025-10-22 23:09:36,login,,,True,
2074,02012bbadbaea1c0dac47e58dcaabff6,2025-12-29 20:16:42,pay_utility,120448.08,KZ577624610382248767,True,
2075,f91ec7ef40b40e2e8ae6a1aab8aadea2,2025-10-17 00:14:23,open_card,,,True,
2076,27fa09480ab38226ce5e0bb3b6ced9e2,2025-12-26 22:59:16,view_balance,,,True,
2077,41ebea0bedfc1ec34375fef8b72ada38,2025-12-12 11:53:29,make_transfer,41341.61,KZ707256181894894405,True,
2078,bfced2cd8fbbe87f4ddfdf0aedfeaacd,2025-12-01 06:21:30,open_card,,,True,
2079,6cef0a82a57bd6cbba8cedc84d6eaa8c,2025-09-18 16:38:23,view_history,,,True,
2080,bc03a311055c5f059ed18ebfebdc1ede,2025-10-21 14:13:42,make_transfer,104280.96,KZ166613835477027632,True,
2081,dc5305abf6c2cca3fd65ed11e5cc2c79,2025-11-18 23:59:32,view_history,,,False,validation_failed
2082,0fcf1a9ebb1dfce4aa7652cfedb0bd5d,2025-11-07 11:23:16,change_password,,,True,
2083,40ba94d3e6b7fdddb5ee9afd9fa304bd,2025-09-23 18:46:09,view_history,,,True,
2084,920cfcdf4be71df152fd51f7f95f632f,2025-12-11 05:19:13,change_password,,,True,
2085,af5616e71b98896afa36f8dfd3508b5f,2025-11-20 00:03:26,pay_utility,167415.81,KZ108309656874123824,False,timeout
2086,adadfa9f04a43686ea9d7ecb6c92866f,2025-10-21 15:16:59,logout,,,True,
2087,e24d4efcb3ce83df78b0b2ad2e96dd47,2025-10-30 15:10:17,view_balance,,,True,
2088,23a8ca2a02c285ad8bdbeffa86f8e70e,2025-09-27 22:25:21,view_history,,,True,
2089,c1fbe9358cb2b9dab716ffaeefced7ba,2025-10-18 20:09:16,pay_utility,154372.6,KZ376718366488743093,True,
2090,636e4f66de8d6ae41bc4e7ae20608db6,2025-12-21 00:18:40,login,,,True,
2091,feb8b6da3949ad6a8ddd7acbbecee7fc,2025-10-06 18:34:14,view_history,,,True,
2092,efdee47af3ce9cacdb005fb4b2e0cc0a,2025-10-16 05:03:02,logout,,,True,
2093,3bfac0efae6598e08c1e4e2d8391e130,2025-10-11 14:29:02,logout,,,True,
2094,3abb5bf16ae3d90bddc9e5bebb1fc57e,2025-12-27 20:38:47,change_password,,,True,
2095,ffca2bb170cf5e333debe8a0c2317ad5,2025-10-23 23:44:33,login,,,True,
2096,4b01d0fc6bf8cea9a3eb0dc9db192c71,2025-11-26 10:08:35,change_password,,,True,
2097,bb50c83bc255bd534bfaf3828f12ff58,2025-12-05 12:59:47,view_history,,,True,
2098,56f313baa1b3000eb0dc290dbb812dbb,2025-12-05 15:50:20,login,,,True,
2099,fbb814fb9b4a9641bb8cfd91d4aaeab5,2025-12-12 18:14:45,change_password,,,True,
2100,acbba887890e4c126d823bac0444997c,2025-12-13 23:34:37,pay_utility,7113.23,KZ867058630505838413,True,
2101,1906fd067d5eff29ecc6f69e6c2a5da5,2025-11-11 02:26:21,open_card,,,True,
2102,210b26d5a1acf8befce942da1d8e734a,2025-10-04 17:17:57,login,,,True,
2103,0a38fd4dbb870b1ced5ab9a07fd793f9,2025-11-06 20:49:19,pay_utility,166358.58,KZ588234560266666227,True,
2104,bb5bc59fcbe4fe9bed61db826585d15e,2025-11-17 02:43:53,make_transfer,111778.45,KZ563859031617725353,True,
2105,bfdcc9168db90ad14018cefd1aacd1ad,2025-10-13 10:33:57,change_password,,,False,validation_failed
2106,d2fcdadd97f5d080050c46a957af6c4f,2025-12-08 12:32:33,view_history,,,True,
2107,d7337f9cc5ecbc9807c0caecf6a6d6ed,2025-11-07 11:22:17,change_password,,,True,
2108,b51bc8fe8b11a25a24dbe3ecc5cff18f,2025-11-30 14:58:37,open_card,,,True,
2109,01f9cf5bfe3c4a3bf44d500caef0ad80,2025-11-21 17:30:54,open_card,,,True,
2110,fd373bc6e2b9e4ce36ef558e1a39234e,2025-11-14 11:15:05,open_card,,,True,
2111,4288b4f45f52fe84cabb797935fd1f00,2025-12-29 12:29:14,view_balance,,,True,
2112,d692b6d012bfcfa14badfa47f11fbe61,2025-11-23 10:20:03,view_balance,,,True,
2113,d375ac5cee583d2c6f2e5c5dfe163cc8,2025-10-30 04:17:03,make_transfer,77423.12,KZ060683357734101269,True,
2114,c6b786be953afcfcc0bb62adad4decfb,2025-12-19 10:55:12,pay_utility,84922.92,KZ212117564949304961,True,
2115,c4c925ea56ffda22ad53dbdecae9b9e1,2025-12-27 06:01:34,login,,,True,
2116,4fc3a63e0a0ffb3cfe0a0dbfce5bfe15,2025-12-30 15:40:25,open_card,,,True,
2117,c973e8271cc1ccffaf1e80c1b5ecf338,2025-11-08 11:11:24,view_history,,,True,
2118,5797de6a92c6c94a8480ace4feecf70d,2025-10-07 03:22:07,change_password,,,True,
2119,7d54efa4e6dc2c0eb0bdd9b24e3e6dd8,2025-09-25 09:07:30,make_transfer,92638.7,KZ697510130506985966,True,
2120,d4dfd72b1c291d4907630d5bd0edc8d3,2025-10-07 21:02:51,logout,,,True,
2121,6cfaeadee7ba98a482fca99e827f2aea,2025-09-01 21:27:27,open_card,,,True,
2122,aa0bb9eef7ee3e9a05cdb6df25d71b4e,2025-12-21 22:42:11,view_history,,,True,
2123,fa3bfff8bb74fffb2ca800d6c8f2ca2f,2025-09-04 23:53:58,logout,,,True,
2124,4b01d0fc6bf8cea9a3eb0dc9db192c71,2025-11-26 10:02:35,logout,,,True,
2125,abbc20fbb8cad1ec8bb72ae4f3efd5b4,2025-12-22 04:11:57,open_card,,,True,
2126,fdcaded3fabf867703ac21ff2fb2e9cd,2025-12-12 15:22:02,view_history,,,True,
2127,bf24e8feceaba8cc3ff1c112871b34bc,2025-12-19 18:33:52,view_history,,,True,
2128,bcedb28e5a00b9dd27caad9ecececfaf,2025-11-20 15:55:48,make_transfer,155842.38,KZ999049539790742162,True,
2129,3e4fb3daf57933da84cdec42cbacc607,2025-09-04 03:07:21,login,,,True,
2130,facad3c5a19fcefd9843f68fcb0df84f,2025-11-30 08:31:53,pay_utility,118970.37,KZ017704599793493812,True,
2131,20211b7789873f4da47479c84a01e35d,2025-09-12 20:15:17,change_password,,,False,auth_error
2132,defe41b3c5faa440b350c58ae4aefecc,2025-10-02 04:29:48,change_password,,,True,
2133,a9bbeb70b2d3bbbfa39bc9bc3fd197a1,2025-11-05 03:38:43,open_card,,,True,
2134,baf7e8fcdb1caf422017ece03ce67e67,2025-10-07 04:37:47,logout,,,True,
2135,f8bea7f621d5dfd2a8f6fa3c2ac82cba,2025-10-10 10:25:25,view_balance,,,True,
2136,f0acc61b1b57f90e46ccd99ace98d0c5,2025-11-18 07:42:23,open_card,,,True,
2137,fe26edeaeefeeea4bce6dad342dfd6a2,2025-10-28 15:08:59,make_transfer,197936.17,KZ541384499107880870,True,
2138,b11b2c1f9dbdb8fcdfed0bd7939725cd,2025-11-21 00:24:24,login,,,True,
2139,1edccbaa344f0ac8c11e971a3ab44baf,2025-11-27 08:50:21,logout,,,True,
2140,b46bed0eccc829b9f09a073eb6d1773e,2025-09-07 12:57:20,change_password,,,True,
2141,0c8ded0abddfb154ecc0e52ef21cc61e,2025-12-30 23:48:53,make_transfer,141125.17,KZ589650899872552242,True,
2142,3abb5bf16ae3d90bddc9e5bebb1fc57e,2025-12-27 20:29:42,open_card,,,True,
2143,eeebef5e0bfd1b9fccffa774acba3bc8,2025-11-16 01:08:55,change_password,,,True,
2144,c56d14aaba94dac9cbf7d5bf7f75bcaf,2025-09-29 18:17:00,open_card,,,True,
2145,e124dbd121ce0cf9ceefc05b0cafd8ed,2025-11-06 13:58:23,login,,,True,
2146,bef8bd52b09dcbce36cafa3f3df77a8a,2025-11-20 05:58:53,view_history,,,True,
2147,ebcd4da928567da56b14bdac12da6e27,2025-11-08 09:24:04,change_password,,,True,
2148,ed3e1561fab94aa4e5efdb57dfabbfa1,2025-10-22 09:36:45,login,,,True,
2149,a4bff2cfb9ce1ded91cbc3cab8c7f5a3,2025-11-19 15:20:19,pay_utility,38827.64,KZ505812525040607978,True,
2150,fe7ffaab1da37bcc2b94b02f2af2bb2b,2025-10-02 17:14:53,make_transfer,107736.95,KZ521352245518690773,False,timeout
2151,a263bbef3bad4b4eafc6ba4c3efa0608,2025-12-03 03:42:35,open_card,,,True,
2152,6ffc5adfecfb8b4b7913d442e55ab31b,2025-09-27 11:43:31,pay_utility,170229.53,KZ984423257581203098,True,
2153,f7b3db1ad23b7e062a8ee7bedc4fd313,2025-12-07 12:00:27,login,,,True,
2154,f63f3a4dbcc2bfa47afd96622de38ddb,2025-11-01 18:22:19,pay_utility,43344.28,KZ451079619944905094,True,
2155,4e15f9faca0adcfede5d81e3cdb1ad5f,2025-10-04 00:45:46,view_history,,,True,
2156,4767cea82acbcfb145addfdf0a188c92,2025-10-18 23:45:58,change_password,,,True,
2157,2d2de5c0d2548d7cf72d0bada4edb0f4,2025-11-18 10:55:54,make_transfer,150760.94,KZ060865774426442160,True,
2158,fb4fd52c241b6c40e1fe4c718111daaf,2025-09-10 14:09:45,change_password,,,True,
2159,fedeaed2e9aeff29fdda6aa1aeda929d,2025-10-23 03:32:54,make_transfer,188092.32,KZ536849748704811582,True,
2160,db91c4d41f4b7e3b5eae4ffeacae5dfc,2025-12-10 23:21:54,view_balance,,,True,
2161,329a58a1e433bbc91bc48cb94d753072,2025-09-27 13:01:43,logout,,,True,
2162,ee413fdba04fd32afbecdc8c2bbfdd58,2025-11-17 13:34:31,view_balance,,,True,
2163,bea8cb72e58bdbdccfd1966ca2af3762,2025-10-16 14:25:42,logout,,,True,
2164,e6f8cef53bfdd3e4974bbb8f7d8f1110,2025-10-22 02:56:04,pay_utility,3630.74,KZ200553475629788771,True,
2165,abbce4fb67e9be9d3edcb1e0fa237b77,2025-10-22 22:40:06,change_password,,,True,
2166,18fe3a16b2b45b6cb78792f129b2da2f,2025-11-23 00:12:32,view_balance,,,True,
2167,7d4be535d696d2bbd18eb2aeea5c2ac3,2025-12-02 11:21:45,login,,,False,validation_failed
2168,d1fba403ef4bfaad0d1b1922f50ba5dc,2025-09-08 08:47:52,logout,,,True,
2169,da71358dc8ae088bca7783fbe3a2a4c8,2025-11-21 05:53:45,pay_utility,131561.3,KZ541477389963261094,True,
2170,f3df9cba3a4a8e343dcebc012d9c3f6a,2025-11-15 15:41:13,change_password,,,True,
2171,f81b55ea10ffca1d9da3e71fb0f5cbe2,2025-10-23 21:00:21,view_history,,,True,
2172,3d3ad2a58af9ded89ce996b73351fd04,2025-11-03 00:00:44,pay_utility,100911.83,KZ285516588364209338,True,
2173,8d4f255ddaa9ca300bda98abcfdefacd,2025-09-06 11:32:21,pay_utility,116524.25,KZ046363516960609735,True,
2174,add95fd6cacb5e2c09aabc7dbdd260ac,2025-10-03 03:40:34,view_balance,,,False,validation_failed
2175,95fcbdafe90e1a0eebe4bf61cc1efe3e,2025-12-26 01:07:43,pay_utility,149130.13,KZ569390674929245063,True,
2176,fe167ffb44ff5aaec7c3d72967f5b1da,2025-12-17 11:47:10,make_transfer,127441.34,KZ959963170780881668,True,
2177,ada8beedbefbb5ebfbfce0d87bbeb2ff,2025-11-30 04:28:47,open_card,,,True,
2178,bbd5cfebeedba618fd1c201fb2aadd17,2025-10-27 23:45:27,view_history,,,True,
2179,4fbd6ac945965bacd4dcce4db40f351e,2025-12-29 20:16:26,change_password,,,True,
2180,d3ae533e1ccb17ad9bb26e83ba53cf65,2025-10-13 18:20:03,view_history,,,True,
2181,ffaee3dce6d3f147d4bb39bb95d39c4f,2025-12-24 00:53:07,make_transfer,188045.59,KZ990195470828035371,True,
2182,a44cc2deef57f6814f8cadf8cabdebbf,2025-12-14 07:43:32,make_transfer,156575.59,KZ884655282363983108,True,
2183,db56ede17e15b021b66ea8fcd3c0f4fd,2025-10-21 14:49:33,change_password,,,True,
2184,efb02bdff9cafe1cef841f2cedc1b2e9,2025-09-22 08:52:49,view_balance,,,True,
2185,fbb814fb9b4a9641bb8cfd91d4aaeab5,2025-12-12 17:59:02,view_balance,,,True,
2186,cdffcdabadb67204ddd7f5deb8d40dec,2025-12-18 09:16:20,view_history,,,True,
2187,2fa96e68ceb81f25ef8feede6564c1fd,2025-11-10 22:03:34,make_transfer,35246.91,KZ604487618025685939,True,
2188,59f2bd04d84a984edc8cececea38f9a5,2025-11-14 05:41:41,pay_utility,42037.58,KZ755114138838470785,True,
2189,a9cb6adebba58ea1c8f4a8bf174c1ca9,2025-12-29 15:12:24,view_balance,,,True,
2190,dedb82eafcfcab28feb6fabdca11eebe,2025-11-24 08:56:44,open_card,,,True,
2191,f74c6ff0dd1c7a5e9cab2e65d61ab879,2025-10-20 12:32:04,login,,,True,
2192,c6b2d1663e40e3f537902fcfdafd762b,2025-12-27 21:26:45,login,,,True,
2193,2db4c4d2ebca101e8ee4cfa96ff54b5d,2025-09-26 09:19:28,view_history,,,True,
2194,0e0c678ca9ab4ca675404ad9e6d43c8e,2025-11-04 06:27:24,make_transfer,95230.61,KZ464483284044853435,True,
2195,ce6ffcbe0b9ddf0ce49cdb316f9ab992,2025-12-26 09:46:14,login,,,True,
2196,aeaeabf0c7a41066adacdbdaddaedef9,2025-12-27 17:27:46,login,,,True,
2197,effacf4fc4a7b53f31bd871fb32fdadc,2025-09-10 10:37:45,view_balance,,,True,
2198,aafde78d8f351aeb2d9bdb18a56ae842,2025-10-03 23:21:40,view_history,,,True,
2199,d7aafd4cbdd2dfadbbd488b0c9aa6bfa,2025-09-19 01:22:25,view_history,,,True,
2200,dad9c03a121e4caac2df5a24a7e2abbd,2025-12-29 10:22:42,login,,,True,
2201,d0d9c81ff4f03da8a2b1a5849c8d3dcd,2025-11-09 15:42:10,change_password,,,True,
2202,5524ac2acd52cb23b2d0acb5d4bdddcc,2025-12-30 09:06:38,view_history,,,True,
2203,cc24278aaf9ab58185e2ceaeeccdd0b7,2025-11-28 00:24:58,login,,,True,
2204,d7337f9cc5ecbc9807c0caecf6a6d6ed,2025-11-07 11:08:24,view_history,,,True,
2205,0b36a4a19c4319f2bcb011147dc3bdab,2025-11-03 08:25:52,logout,,,True,
2206,0e7e6d30ea5fbfda1dec8b624416d1af,2025-12-06 01:08:30,login,,,True,
2207,c37d4ff0465e4ce09ae2f32d3c4d6a66,2025-12-11 17:16:38,logout,,,True,
2208,84d90decc0b293eafcd31d70efbf3d74,2025-10-11 14:26:12,view_balance,,,True,
2209,6e7d74fe9acf3db7e824fb7ae5e1fbc9,2025-10-30 02:43:15,login,,,True,
2210,8c439a3baa0fde777ee2e1fd67f30ad9,2025-11-08 00:14:51,view_history,,,True,
2211,cea4f07664c57aaa25aeb3efd26ff3e3,2025-12-14 20:09:45,login,,,True,
2212,1906fd067d5eff29ecc6f69e6c2a5da5,2025-11-11 02:48:17,change_password,,,True,
2213,22c1c075a918ec840d3d1a37a41ac6a7,2025-12-17 15:35:46,view_balance,,,True,
2214,70da9cb108d61a8dbddd32f9bf935c90,2025-12-20 09:45:04,login,,,True,
2215,3f8c9cfaad0ea57ddcce9f9baeede7ff,2025-09-26 01:23:58,change_password,,,True,
2216,2394f85d27a22b9ffacb35c8fad8fbe4,2025-12-30 02:09:59,login,,,True,
2217,ceb531e0dc83cfc6e1cfcd87b3c5f02d,2025-09-10 18:59:21,pay_utility,54711.55,KZ091847300809231218,True,
2218,ca93fbe8d31ccef2183ed25c5591c179,2025-10-23 01:43:19,pay_utility,22446.93,KZ135596096927936057,False,auth_error
2219,d08590c2a025a3f6ddae8ef4b06a1663,2025-10-07 02:13:56,logout,,,True,
2220,84f1bacda3bfbc6eddef7baad9330e25,2025-11-21 09:30:39,logout,,,True,
2221,bfdcc9168db90ad14018cefd1aacd1ad,2025-10-13 10:35:33,make_transfer,12890.19,KZ160381558398403084,True,
2222,83a17e8c4c72b4547c73f59c66ded9cc,2025-09-18 10:13:20,view_balance,,,True,
2223,bfa29fe4eedecfbc9b902edceeee8c3a,2025-11-09 00:40:03,login,,,True,
2224,11d834c8bdd4c772d345c6af8d8d5e5e,2025-11-13 09:03:41,pay_utility,20496.38,KZ591274019113137663,True,
2225,9ad58f5b6dce9c7d8f2ff1df9d81eed8,2025-11-09 13:52:24,view_balance,,,True,
2226,8f9bb1847dfca28c5211c9948adec940,2025-11-19 13:15:28,login,,,True,
2227,dc98bebc8a6f96fee6f9cb74bdacb90d,2025-11-23 11:53:07,logout,,,True,
2228,f91ec7ef40b40e2e8ae6a1aab8aadea2,2025-10-17 00:20:08,login,,,True,
2229,9b80fabc51be3d3bead184e318676dae,2025-09-15 06:21:48,make_transfer,142821.34,KZ184246793590604458,True,
2230,8d4f255ddaa9ca300bda98abcfdefacd,2025-09-06 11:39:02,make_transfer,19542.85,KZ337710676010479515,True,
2231,09069d5558b049ef86107c889aa793be,2025-09-24 09:42:17,pay_utility,29707.76,KZ004084715757734796,True,
2232,3ba1c4be5004de6255a89ea641910ac2,2025-09-28 23:36:09,login,,,True,
2233,36bcf77cfcecdc2bf2e2827de71ee36e,2025-10-16 04:34:57,open_card,,,True,
2234,f3bbcbcbd24aa227d2fb1f29d6ea1055,2025-11-23 22:04:06,change_password,,,True,
2235,c8bedb9c7b08cfd2f6bfe4e9f79bacac,2025-11-25 01:20:58,pay_utility,127007.85,KZ495544955458383250,True,
2236,ae28af1c370a1c74b0dac3b355fd6cb4,2025-11-26 04:56:40,login,,,False,validation_failed
2237,83fadcbcf72152a76f568c541d0a2301,2025-10-03 00:44:30,view_balance,,,True,
2238,bcba9a7e09f484acd8bfff2ec1cbb292,2025-10-18 06:56:02,login,,,True,
2239,6c78080ceccbb5afd2eb8aba7e80aa08,2025-09-01 16:31:50,pay_utility,182474.33,KZ040652339992661174,True,
2240,ee8f9124e59df07b6d6ebaaaf6ac4f74,2025-10-09 22:56:28,view_balance,,,True,
2241,fbf4ca9e6abbb6dbe2d46b4c16c9f49d,2025-12-14 23:38:45,view_balance,,,True,
2242,6d850efd1dcb418dcaf1e7c3dfea0d76,2025-11-24 08:18:05,change_password,,,True,
2243,eebe79511569af0a7f4df4e273b3cab7,2025-10-14 12:40:04,view_history,,,True,
2244,bae4ca8efecf14b7d99be53bd26dad8c,2025-10-26 01:05:53,logout,,,True,
2245,ca4c3ea9aac8ead8697e2acdf7f86a2b,2025-11-15 09:28:33,change_password,,,True,
2246,ebacff291c689a721c7abde4880eb819,2025-10-29 09:56:08,logout,,,True,
2247,b890dd7670abc1e3b4cc4aacd0678f93,2025-12-19 04:50:47,logout,,,True,
2248,d81ec23deda67bbe9fdf8c9b61b68cab,2025-11-27 04:06:14,login,,,True,
2249,e0b1b766834d6f459c6cc7eee9be9af0,2025-11-12 07:53:21,make_transfer,53557.56,KZ127092855288845235,True,
2250,329e7616dd4aec5da0a9fcdf3c4ee1f6,2025-09-03 02:02:37,view_history,,,True,
2251,abe724b5a7adf0af0decdef1f21a979e,2025-11-27 18:00:51,change_password,,,True,
2252,8b13c00a6a8d3ced3784d20c1ac64f7e,2025-12-14 19:17:56,change_password,,,True,
2253,4adc35b6d0d3dbe0a1559ffefd7dcaef,2025-12-25 00:07:10,view_history,,,True,
2254,96b0db3ee4f5b31dbaa4dcbcec54d852,2025-12-07 05:01:39,make_transfer,85816.77,KZ193471628830867217,True,
2255,788cffbbcacc0a7e9ce00d9c2dcfe1ad,2025-12-16 18:54:10,view_history,,,True,
2256,6ba1dafc31eeca3e015eebe0eaba0d05,2025-11-12 06:13:44,change_password,,,True,
2257,28d27aaf6b7d66288dfdcc4353bc2d4d,2025-09-02 18:07:47,make_transfer,33409.4,KZ047171904971870183,True,
2258,ed04c77e9e7c6a9d9fd6fbb405babbb5,2025-10-15 00:26:15,view_history,,,True,
2259,effd5d6dee25c513b54591dbe37af883,2025-12-13 17:53:53,make_transfer,189459.43,KZ113555708165602532,True,
2260,1ea6c0dfac73db3acaf2dfd9cfa13d24,2025-11-28 01:56:44,open_card,,,True,
2261,cc7beccdbb9fe84b45bbf1fb5bed3aea,2025-10-02 09:24:13,pay_utility,117592.38,KZ159071164948631188,True,
2262,6fcef9f739ed09605f9da7b1b1bf56a7,2025-10-14 16:35:09,change_password,,,True,
2263,c40debc5f47c3adcacbd5ba60dbf9daf,2025-09-10 07:43:13,view_history,,,True,
2264,fae4a4ba5ec7daa5acd57fd468c73d9a,2025-09-09 22:29:10,logout,,,True,
2265,6fdb5d8a6fd9f3c951eed5f60c0bab3d,2025-10-28 15:30:09,view_balance,,,True,
2266,bdcd7ea89baebdd3e9ecd2bbfdbfb12c,2025-12-19 09:59:05,logout,,,True,
2267,f8f6e9fabdc2ca42d2654a6cb1201e51,2025-12-20 22:42:25,pay_utility,75325.58,KZ412560225997020358,True,
2268,1aec6ff1fff1ebfce21bf5c297dc8a4e,2025-12-30 12:56:02,pay_utility,9757.29,KZ594834911201186381,True,
2269,b2f6d24eca3ec2a8ccf65bb808c21a39,2025-12-12 02:54:59,open_card,,,True,
2270,a6f8fa8fded32db0afae5e966c11e0c4,2025-09-28 01:26:54,login,,,True,
2271,2558eb23f299c2fdba2d064eaddeb1ab,2025-10-21 20:38:17,pay_utility,87270.81,KZ361409065482939016,True,
2272,c82adedd2cfcae98dbe6af16eabbdee7,2025-12-12 16:48:29,logout,,,True,
2273,a3eff00e5ee957b9e1e1a3d74634facf,2025-10-07 16:02:51,open_card,,,True,
2274,befe73ed7cab50facbfc5a3e0039c7e4,2025-10-05 14:39:34,view_balance,,,True,
2275,9acfc539e8dfdcaf2c0fdddeeacdfffd,2025-10-07 14:02:30,login,,,True,
2276,fbab25efdaeeffb7ed5a178af4ec5bdb,2025-09-18 15:15:01,view_balance,,,True,
2277,16d706dfe8b46a6c8cadff46da2c2aa5,2025-12-12 03:29:41,open_card,,,True,
2278,e148fba6ecb20010770dfe4fe822cef7,2025-12-14 07:58:17,login,,,True,
2279,e9bfdd9dfaafd407faa0d2c5d562bd60,2025-12-14 23:08:37,view_balance,,,True,
2280,f6ccfa8757d923eedca3ec2ef48d77e1,2025-10-06 11:12:31,view_balance,,,True,
2281,cc7beccdbb9fe84b45bbf1fb5bed3aea,2025-10-02 09:19:43,open_card,,,True,
2282,5bbff6a733a0fbf2ad7cd85adc77db52,2025-12-02 16:49:15,change_password,,,True,
2283,6be3a2fb1238058de7670d1f7dd32cef,2025-10-08 10:34:26,make_transfer,94525.7,KZ490035289823138835,True,
2284,8fb3720ea3f5121acf26c05afbad87b6,2025-09-25 05:51:14,open_card,,,True,
2285,a86cadaae3f6f9bcf88dadac2f4ad4da,2025-11-11 03:45:05,make_transfer,174941.68,KZ474579783888960096,True,
2286,a3fb9ee2f1df8760ec94bfff8f6ffd54,2025-11-19 20:52:01,open_card,,,True,
2287,e3ae4d0cfffe76a0d6c8feb7ed6b5a11,2025-09-10 16:41:00,view_balance,,,True,
2288,ddebabb2e403dec82a9fab6e596ecfde,2025-10-03 04:52:49,make_transfer,75618.8,KZ136073334587667214,True,
2289,85f1ad10ceeec2c5312f83ca052d9d58,2025-12-05 19:22:22,change_password,,,False,auth_error
2290,eb11ffbf96dc285c25bb04cefa532d0a,2025-11-22 21:42:11,login,,,True,
2291,d3f8196525819dbbf5edba9deeaa267f,2025-10-21 00:15:16,view_balance,,,True,
2292,fea9f5a8ad419312fbedac5edfe866b7,2025-10-23 09:15:01,login,,,True,
2293,7defcc64f56e8ef1fc7adad743be6d2a,2025-11-14 14:23:46,view_balance,,,True,
2294,bbeddd4b1e5160e5afdedf2e0e23f068,2025-11-05 01:04:58,login,,,True,
2295,a3fb9ee2f1df8760ec94bfff8f6ffd54,2025-11-19 20:47:16,open_card,,,True,
2296,4bfc73a24cee8cccdd7a2ee7bc689fe6,2025-12-30 16:41:13,pay_utility,90983.72,KZ646147639945904630,True,
2297,e6fb2a6c533ebbed980f6fe11ec2dfc1,2025-11-21 23:48:35,pay_utility,185919.77,KZ126347951402831952,True,
2298,e4118cba9bf8c793dba5aeb5cd779c06,2025-09-30 01:16:56,logout,,,True,
2299,e3a4c4c3e57ea92c89bf51cfe0e66cdb,2025-10-29 02:31:04,open_card,,,True,
2300,da03beb5ffb2bfe7d03df4cfe3d18e3e,2025-10-10 21:13:20,logout,,,True,
2301,f82cda1dbbbaa85fcef3bd042daf714f,2025-12-15 18:53:59,change_password,,,True,
2302,dd4ceb02c304be76aada6be6e0bedb27,2025-10-05 02:14:45,logout,,,True,
2303,ee9e82e468eeab3e3d7b0aae418e3a91,2025-10-21 10:27:13,make_transfer,184599.19,KZ892442140819537156,True,
2304,80eecae5cbac8dd3cff9ff1d801fa6d1,2025-09-09 00:21:04,make_transfer,105716.34,KZ960765580141525819,True,
2305,0d0ca2aa2ccadfea93fe61adb995eecd,2025-12-11 13:24:05,view_history,,,True,
2306,c9e0b85c1df7e6ab7b2c3e0f3fe665ce,2025-09-21 03:04:20,login,,,True,
2307,4a79fdae4a1ddcfdfe2fea82b8cc35e9,2025-09-24 09:55:30,view_balance,,,True,
2308,fe76a47ec83fe23b5b2ed8d9fef5d5f3,2025-09-17 08:39:03,view_history,,,True,
2309,dde8ec3cc3916e809fce396fc45dc5b3,2025-12-25 05:50:18,logout,,,True,
2310,a79caa1db2cd383e5bc7dcaac9edafcd,2025-11-26 17:04:57,change_password,,,True,
2311,32edc6525b2d94defae37ac7d0c39367,2025-09-02 15:01:10,view_history,,,True,
2312,814b8f86afc23c71da0ea78c8f0a6cac,2025-10-04 04:43:35,logout,,,True,
2313,0d6a58fd362d8e8541efdbd7b8acdd5b,2025-10-03 21:30:46,pay_utility,102523.09,KZ772131241663714289,True,
2314,e19b3ce6bbad6c0e02c9fa7fbf7434ce,2025-10-16 19:53:25,change_password,,,True,
2315,e0b1b766834d6f459c6cc7eee9be9af0,2025-11-12 08:12:48,view_history,,,True,
2316,dfef13f69b1dc8dfc56ec73ac834dfe1,2025-10-26 05:45:39,login,,,True,
2317,771af2fab8b4eda1888eceedf4b4cdd6,2025-11-04 08:52:03,pay_utility,59315.0,KZ014273476382103547,True,
2318,eaf7cee9d9268e91bb61aedbfe8a9ea0,2025-10-09 14:12:58,view_balance,,,True,
2319,dde8ec3cc3916e809fce396fc45dc5b3,2025-12-25 06:01:13,logout,,,True,
2320,d2bb08bac26aaf21bfaaa9aedb17f5ff,2025-09-03 20:58:09,logout,,,True,
2321,2f9d543129dae1b2cecb427adaa8eeff,2025-09-14 06:28:34,login,,,True,
2322,a04dc86bb3e1dccb19eedffa4bd9219b,2025-12-15 10:00:58,view_history,,,True,
2323,f3df9cba3a4a8e343dcebc012d9c3f6a,2025-11-15 15:41:56,pay_utility,121429.44,KZ538218625233216181,True,
2324,be73d0b565fa116b4afa09fb74c226ca,2025-10-14 13:29:17,change_password,,,True,
2325,a220a1a67ece711c54e74edaa1f68b0d,2025-10-23 07:20:49,pay_utility,17702.61,KZ932386372756232316,True,
2326,8edde03395d4b7bdf1c000adbbedf8c7,2025-10-01 00:58:55,logout,,,True,
2327,61e92cf9b32a662ad7d4da8308b2f5e1,2025-12-29 11:00:13,login,,,True,
2328,92ae7d4ebcbd1e4497f9cc153901f28d,2025-09-26 19:00:39,login,,,True,
2329,d1f5fb2f3aa17f2f5bbbb859ec6b317c,2025-09-06 23:12:18,view_balance,,,True,
2330,db435bd4dff420fd53bafeeff9b29a7b,2025-10-13 06:12:04,view_balance,,,True,
2331,2161777e7ffdc664da9a079a328c2dc3,2025-11-28 12:22:04,logout,,,True,
2332,d69d0c3ef3ce22fcf2dc3d4bde293b81,2025-10-10 12:52:47,change_password,,,True,
2333,b13bd4ecfaa5bfefcbb0d8d9ddcdae4d,2025-11-15 05:05:02,pay_utility,45579.8,KZ827653748424885039,True,
2334,496110bdadb5f604f5b1eb46ac5b88be,2025-11-13 00:40:15,open_card,,,True,
2335,c8697aaa69cade55f7f0a8e8fb6a1a51,2025-09-02 10:50:43,logout,,,True,
2336,b6dcecc1aade453bf4bdac1a9eafc60e,2025-12-25 02:47:13,view_balance,,,True,
2337,28d27aaf6b7d66288dfdcc4353bc2d4d,2025-09-02 18:19:14,change_password,,,True,
2338,14701ededd9aa18abddd2f0f6accab63,2025-09-20 13:27:12,login,,,True,
2339,c16bdfb0f19def48ce426bbced501aff,2025-12-10 21:52:36,make_transfer,43558.49,KZ356364251064936082,True,
2340,e0d86e1cfff3d80b8e18cebc3f02c141,2025-12-24 13:24:45,change_password,,,True,
2341,3a2b89de1d8d43eec8694debc7c8de5f,2025-10-29 18:52:33,change_password,,,True,
2342,a3fb9ee2f1df8760ec94bfff8f6ffd54,2025-11-19 20:32:31,logout,,,True,
2343,991c94757cec1717196f1dcaee6445f9,2025-12-30 09:31:44,change_password,,,True,
2344,e6f8cef53bfdd3e4974bbb8f7d8f1110,2025-10-22 03:19:24,login,,,True,
2345,8fb3720ea3f5121acf26c05afbad87b6,2025-09-25 06:15:35,pay_utility,138869.55,KZ804127545791594571,True,
2346,4afa3e91afd26bf2fd75e0a2ad2fd8ec,2025-09-28 20:02:09,view_history,,,True,
2347,a810be43baa60cf72d79ce35fe105be0,2025-12-12 04:35:33,make_transfer,30808.26,KZ998993919455246548,True,
2348,01c2fe5a26483efe5c2fbdd41e58bd5c,2025-09-13 19:25:51,logout,,,True,
2349,f91ec7ef40b40e2e8ae6a1aab8aadea2,2025-10-17 00:31:18,open_card,,,True,
2350,fbf4ca9e6abbb6dbe2d46b4c16c9f49d,2025-12-14 23:32:27,view_history,,,True,
2351,7d4be535d696d2bbd18eb2aeea5c2ac3,2025-12-02 11:50:02,logout,,,True,
2352,fec45a1ffcb1ffb5865febc47f6f6b0e,2025-10-17 21:49:51,view_balance,,,True,
2353,dc09d5e9adc3e3f3af3cccaa5e7b6a9d,2025-11-11 09:00:23,view_balance,,,True,
2354,c151beb3d3c54df25b042482b4b4e58f,2025-12-02 07:28:33,logout,,,True,
2355,52425b0b8f49f7a7a61cd81fccc2c1ea,2025-11-03 06:05:30,logout,,,True,
2356,8cb075d06e6cabed47dc1eadd994503c,2025-10-25 03:54:13,make_transfer,29104.59,KZ501283700925791294,False,auth_error
2357,da911808b9ae0374bc00ed7fede9edd5,2025-11-10 21:13:45,make_transfer,151321.43,KZ215969853420976117,True,
2358,d1fba403ef4bfaad0d1b1922f50ba5dc,2025-09-08 08:35:06,make_transfer,123134.15,KZ418958858613144970,True,
2359,c22d3f8a17d37f1da8357ea19d587688,2025-11-14 09:36:24,view_balance,,,True,
2360,edabff692a640dbec5add2ec3bdf6e6f,2025-12-02 15:32:44,login,,,True,
2361,db91c4d41f4b7e3b5eae4ffeacae5dfc,2025-12-10 23:06:33,change_password,,,True,
2362,4ef572afae081dcff6ea1ea6fc182ea0,2025-12-11 07:53:46,view_balance,,,True,
2363,afc9b2e979edb72bed383565f009cdeb,2025-10-21 23:14:44,change_password,,,True,
2364,3f1aa47b5efe4dabaafae6e8eef1aed1,2025-11-27 21:43:04,logout,,,True,
2365,fd373bc6e2b9e4ce36ef558e1a39234e,2025-11-14 11:31:03,logout,,,True,
2366,89ab5fc3bebeb613d47d4e67cdbaf0f2,2025-09-15 09:47:46,logout,,,True,
2367,70da9cb108d61a8dbddd32f9bf935c90,2025-12-20 10:09:30,make_transfer,23776.21,KZ632262538817546427,True,
2368,e9765bee312c9fcf71af1b0ac8d62596,2025-12-06 15:05:08,view_balance,,,True,
2369,47afa7a9bf7ccbefeecdc74faa7bbeb7,2025-10-28 18:11:18,pay_utility,90078.13,KZ463976642264601744,True,
2370,c6d75a6d5b0567ccad26fc7ded0aaad0,2025-10-31 18:54:14,login,,,True,
2371,e19b3ce6bbad6c0e02c9fa7fbf7434ce,2025-10-16 20:13:13,change_password,,,False,validation_failed
2372,a560b3135606facc4b89cf2511a7e6f8,2025-11-20 02:31:21,login,,,False,validation_failed
2373,fe167ffb44ff5aaec7c3d72967f5b1da,2025-12-17 11:27:58,pay_utility,55155.65,KZ996167204158200758,True,
2374,5eadcfeecf39bc4767c9ebe800ff301d,2025-09-21 01:45:15,change_password,,,True,
2375,7bc38f982debd68e5fbcedadc96ea0d0,2025-10-02 10:35:23,logout,,,True,
2376,f174c3bf8f2a7adc9e0221cd1bc85bc1,2025-12-17 16:14:58,make_transfer,179984.57,KZ324526700788608329,True,
2377,bfa29fe4eedecfbc9b902edceeee8c3a,2025-11-09 00:46:57,logout,,,True,
2378,eafbca2b13aac7debf318cf9a73929eb,2025-12-22 11:47:06,login,,,True,
2379,23a8ca2a02c285ad8bdbeffa86f8e70e,2025-09-27 22:16:14,change_password,,,True,
2380,117eadcb3044c04097bb2caed6c1dd03,2025-09-04 00:56:32,change_password,,,True,
2381,4b2096a5cb1eccc7d3aae7aabec53774,2025-12-28 07:57:07,view_balance,,,True,
2382,5f034ac955f79f77ee602bdca8c0aac8,2025-12-25 22:51:14,view_balance,,,True,
2383,becb95f5cec66e146a90b16f29a6fa3f,2025-12-20 12:15:46,view_balance,,,True,
2384,c8697aaa69cade55f7f0a8e8fb6a1a51,2025-09-02 10:46:02,logout,,,True,
2385,efe759ba075748dcbc73ff4bcd01215f,2025-11-18 22:45:37,open_card,,,True,
2386,85a7fbdf5573d579203fd341a1c57db1,2025-10-26 22:17:23,login,,,True,
2387,3a7b71f44ad09fa72a449bd07ff028fe,2025-12-18 00:09:43,make_transfer,122172.32,KZ559325249678285925,True,
2388,e0548c67a0f6fc0dcddcdc7bfcaa0c20,2025-09-13 06:13:45,logout,,,True,
2389,d08590c2a025a3f6ddae8ef4b06a1663,2025-10-07 02:21:48,view_balance,,,True,
2390,fedeb0ae59e5b2ff9f0abe00c4e6122c,2025-09-12 00:43:15,pay_utility,68365.83,KZ011537957666201982,True,
2391,00fad70ad1bf4ef8c80e1b61f1c0c73b,2025-11-07 03:10:55,logout,,,True,
2392,afed50d75a69d70bb50fafd506ed4c0a,2025-12-20 20:04:34,change_password,,,False,timeout
2393,acbcfbdf94b4e97eaa9ca2aadafdaee7,2025-10-08 08:41:08,login,,,True,
2394,f7df1124737a4dc44b468e29bae1e333,2025-11-16 22:56:00,make_transfer,12398.21,KZ069626499275681607,True,
2395,a39ee71b2d470ce94c934a13d585f8fe,2025-10-18 22:09:35,change_password,,,True,
2396,35d413dcdb3c536b7af91a2fffd1e1ca,2025-09-20 00:56:09,pay_utility,38508.37,KZ536235892691702754,True,
2397,a4ecc8b1af0a27e6ede5b7d1fc9c1d3c,2025-12-28 17:17:52,make_transfer,100852.67,KZ160735537334883427,True,
2398,ef6e93d03ddfaf80735aa338ab2cdabf,2025-12-17 04:21:06,login,,,True,
2399,7bdb590bbd0cafc8dee29aad4ac6f91f,2025-09-01 23:25:51,make_transfer,80063.98,KZ609510623122577897,True,
2400,a39ee71b2d470ce94c934a13d585f8fe,2025-10-18 22:13:35,logout,,,True,
2401,dcafbbefac4e8a4ba7aaef5d0bb4a4d5,2025-11-07 11:20:07,change_password,,,True,
2402,bbd5cfebeedba618fd1c201fb2aadd17,2025-10-27 23:55:39,login,,,True,
2403,ff81d7193eebc9eaa34de7d59d4cfd21,2025-09-22 03:12:02,view_history,,,True,
2404,7fccaad4a2a605e3058d4dfa43f357cb,2025-10-23 10:09:04,view_history,,,True,
2405,ad42aaaebbedbea4efffecf85ab945d2,2025-10-29 06:49:52,pay_utility,130775.66,KZ918127508776057368,True,
2406,892dba3ccc8aff58d1adb0fbda75c927,2025-12-13 03:39:59,make_transfer,42743.83,KZ227866573249890316,True,
2407,fa7fe53e627b3a99dd6a415100c2dec9,2025-12-16 20:52:27,make_transfer,182143.82,KZ031489463810756718,True,
2408,77c0b3c54f60c2866dd19c4ee61ff81e,2025-10-25 20:12:06,login,,,True,
2409,e3e99bab5ee0de045aedf3dd42cc5bb3,2025-12-05 10:21:26,view_history,,,True,
2410,210b26d5a1acf8befce942da1d8e734a,2025-10-04 17:07:44,make_transfer,183462.79,KZ507543752378753577,True,
2411,b7d1e95ecdf8a4d4b2eb5c682af3af3b,2025-10-15 14:57:57,change_password,,,True,
2412,788cffbbcacc0a7e9ce00d9c2dcfe1ad,2025-12-16 18:57:59,make_transfer,166455.82,KZ954704808543333509,True,
2413,09cffe5cf7f01ecb0e1144f21eecec57,2025-12-07 06:56:02,open_card,,,True,
2414,bc03a311055c5f059ed18ebfebdc1ede,2025-10-21 14:34:59,view_history,,,True,
2415,d2ef62b1542ebeade213c78329221762,2025-09-27 01:52:33,login,,,True,
2416,e9765bee312c9fcf71af1b0ac8d62596,2025-12-06 15:11:34,view_history,,,True,
2417,abfdfdd9ffa7278710cefae24ae0a437,2025-10-08 14:53:07,logout,,,True,
2418,6acdcbe74baff35caa7be3ae78ccdcff,2025-12-18 20:05:14,pay_utility,167316.64,KZ436830836361508366,True,
2419,1b44c8d0e514de1cb8f64a964edfa95d,2025-10-07 15:10:07,view_balance,,,True,
2420,f0d3d077261fbfd4deadeecc6dcc34a1,2025-10-21 00:30:44,open_card,,,True,
2421,1aeef26d8ebbfb3ebf6acccffaaec02a,2025-09-02 11:17:43,pay_utility,47345.7,KZ425783229951617007,False,timeout
2422,ab6eb2ea8dad2b2caffd478f2fd2ffbf,2025-09-16 04:04:55,open_card,,,True,
2423,ababdf0cfdb3b443caae6ac2b7ba187b,2025-10-11 05:42:28,view_history,,,True,
2424,f4e2f55dbc0ecdfd47e1cb7bfc6d3245,2025-12-23 16:45:38,view_history,,,True,
2425,45bd4e999f250cba9c4bacd1d4682bc9,2025-12-16 20:46:01,view_history,,,True,
2426,239add3dccdab30bfbe2f8dfc92659bc,2025-10-16 22:29:53,view_history,,,True,
2427,f0e33d9acd6e99fa619b29b5ea2eddfa,2025-09-23 02:22:09,login,,,True,
2428,6065cc0b7c87f1da5fc973d159bc2636,2025-11-23 20:42:49,view_balance,,,True,
2429,1c516e7d754fc156d1c1e2ce50bb493f,2025-11-08 10:19:58,change_password,,,True,
2430,cce52dc24e2cdf8efd4c67ec7b1eedd2,2025-09-15 16:24:31,open_card,,,True,
2431,adf6f28162cc3b1386cee596baf5194b,2025-09-18 05:06:30,open_card,,,True,
2432,c47901ca068b11f8f1dfb4ec00accdab,2025-12-27 11:11:28,login,,,True,
2433,fe76da9bbcad5ae577aea58224db5ae2,2025-09-18 10:50:05,login,,,True,
2434,47afa7a9bf7ccbefeecdc74faa7bbeb7,2025-10-28 18:33:00,logout,,,False,auth_error
2435,fc2df389d9fcb76bbddf3accd6f3a737,2025-09-11 02:50:01,view_balance,,,True,
2436,6a891ace2c2a69c16f81150196ae4ffd,2025-09-17 13:00:57,view_balance,,,True,
2437,dda3f585a85ae76acab13da8eb6abebc,2025-09-18 16:52:52,pay_utility,4798.45,KZ487355791163469832,True,
2438,35d413dcdb3c536b7af91a2fffd1e1ca,2025-09-20 01:02:14,logout,,,True,
2439,dbdadba5bbea81087c0cd03afc1ea69a,2025-09-27 18:28:33,logout,,,True,
2440,ede2a30445c9cc29dba328a661635cf5,2025-12-08 04:56:08,make_transfer,50758.49,KZ300022649989798373,True,
2441,6be3a2fb1238058de7670d1f7dd32cef,2025-10-08 10:56:34,login,,,True,
2442,283af6c77f4482c99fa1fed90abac680,2025-11-13 17:47:30,logout,,,True,
2443,b771b607a2db62e1776ede98f1ea2ef0,2025-12-13 01:06:04,open_card,,,True,
2444,cfff87513a2acb76be92b4fefdc9b851,2025-12-12 05:44:54,view_history,,,True,
2445,0de80c8fbbbfeafbbcffb1a32be4b0d7,2025-10-12 11:50:29,login,,,True,
2446,a408ffd77ee6e85ed702e8141aeaa208,2025-11-14 06:30:57,view_history,,,True,
2447,d4fdacc490d05a3c96be5aef9d03d357,2025-11-17 01:17:52,change_password,,,True,
2448,8a9db512caf079ca6a4aced6974a52d5,2025-11-09 15:41:38,pay_utility,89634.85,KZ454131279523912612,True,
2449,c1fbe9358cb2b9dab716ffaeefced7ba,2025-10-18 20:18:44,make_transfer,113887.23,KZ404975379033109042,True,
2450,a0a8eb3f9ecbedf69258accdcb8b8a5c,2025-12-24 10:53:29,pay_utility,71393.51,KZ142147247054164054,True,
2451,ffcbed6afc5da4797cf4ae24bdb5ade5,2025-10-05 18:24:18,pay_utility,106622.66,KZ316171334480951167,True,
2452,f8f6e9fabdc2ca42d2654a6cb1201e51,2025-12-20 22:36:22,login,,,True,
2453,d7836ebc9b195ecab4b64b9be933e452,2025-09-18 02:40:38,make_transfer,38596.22,KZ975972239885175398,True,
2454,320aca4bfcc6a9cfe93b14574ace649b,2025-12-22 14:12:45,view_history,,,True,
2455,ba9bbfbaa52f0fca4b7fbe920b5f42fa,2025-11-23 12:54:29,make_transfer,3722.82,KZ548704596436606959,False,timeout
2456,5a4bffd49113be7102cc2a835543ceda,2025-09-23 12:33:17,view_balance,,,True,
2457,aef0b30a5eccd3fb01dbe9e0e62e15e4,2025-11-10 02:57:32,pay_utility,38630.55,KZ067192347520150936,True,
2458,6dfae2eacf6fa2b1d6241f6a76fb7efe,2025-12-11 00:21:19,open_card,,,False,timeout
2459,1ffa3c840e49daf12715ccfb03ecebb1,2025-09-04 16:00:44,logout,,,True,
2460,7267fffe959e5e1d4174efd59acfc5aa,2025-10-05 02:24:41,make_transfer,29044.08,KZ438226641814460521,True,
2461,dca4dacfdf1b6c63952b6efd83ec9aac,2025-09-20 13:38:00,open_card,,,True,
2462,bb0ffe005dbb058af7c7bc8aad9f9b42,2025-11-26 12:32:44,pay_utility,179625.85,KZ304299147827144674,True,
2463,e24d4efcb3ce83df78b0b2ad2e96dd47,2025-10-30 15:17:19,view_history,,,True,
2464,85cefc71282d3efd723c4efb867b0a26,2025-09-14 20:00:15,change_password,,,True,
2465,f6ccfa8757d923eedca3ec2ef48d77e1,2025-10-06 10:54:35,view_balance,,,True,
2466,c3bebdf9e6c0e35a4cfb3fe79ed5c1b2,2025-09-24 07:32:14,pay_utility,74014.73,KZ145045467520681642,True,
2467,71539afe198ed5ab1ceb8d55badd8e6a,2025-11-09 07:24:02,view_history,,,True,
2468,bb0d1fb76bf9cfc14b65a515a5a99698,2025-12-26 09:12:24,view_history,,,True,
2469,a31faafe2c1cc6d2d969f6c7fe9eed0f,2025-11-19 09:03:46,logout,,,True,
2470,b7ddad29ede017ccd4f6ef0c476e6ddd,2025-09-25 13:45:40,logout,,,True,
2471,9e1affac2efe758cfe8c2cb5cb6d9ec0,2025-09-18 22:14:26,view_history,,,True,
2472,2d6ecfb57881014ed1d876fab833c4be,2025-12-14 17:01:34,open_card,,,True,
2473,7d54efa4e6dc2c0eb0bdd9b24e3e6dd8,2025-09-25 09:00:44,view_balance,,,True,
2474,c97fff0eaa0e1ba7dfdae1b12c7b7d35,2025-09-24 04:29:06,make_transfer,60556.37,KZ425088361946360872,True,
2475,3defad5e4acfeabcd01e767ebd7fa3ef,2025-09-29 01:27:22,logout,,,True,
2476,369869ea507aebf9dfb4abce1b9ce9ac,2025-09-13 18:33:59,change_password,,,True,
2477,f7df1124737a4dc44b468e29bae1e333,2025-11-16 22:50:57,view_balance,,,True,
2478,6d1b660ea83dbe8d4db86b3bcf6d6027,2025-12-18 22:42:56,login,,,True,
2479,eaa13eb3ca2b01dde256a1e451e3ffff,2025-09-04 21:36:40,change_password,,,True,
2480,1eaaaa3ef227722aa4beeaeb3582c7ea,2025-09-08 02:30:11,make_transfer,173143.59,KZ045485099092329396,True,
2481,adadfa9f04a43686ea9d7ecb6c92866f,2025-10-21 15:36:18,view_history,,,True,
2482,3ddaa4283caeebe8efb8377d6a1bd9ea,2025-12-27 00:13:31,view_history,,,False,validation_failed
2483,4b7a7c59827fc71cb36fabbef91fb8a2,2025-09-21 22:49:12,view_history,,,True,
2484,ff4e1d53b5ece5a2aeebda4ad2a53e2d,2025-10-16 11:17:27,login,,,True,
2485,0b414efedffcfed6fda9c450e836d131,2025-12-22 22:29:18,view_balance,,,True,
2486,b890dd7670abc1e3b4cc4aacd0678f93,2025-12-19 04:50:00,make_transfer,59376.1,KZ746447647989763880,True,
2487,d2fc7abdefe776bf4cc9ffe57a49d10f,2025-12-13 04:12:11,view_balance,,,False,validation_failed
2488,d9c8cac1d2d6e4ff5d802c7d50d91cfa,2025-11-08 14:35:13,pay_utility,195261.05,KZ344663774100337605,True,
2489,a9acc69e7dfd9b1d3d0bbc6c07c6dd8a,2025-12-24 00:20:37,logout,,,True,
2490,6f4c1ebe886cd6ee83acef49b1352ec0,2025-12-11 05:31:24,pay_utility,20701.53,KZ205145292024732193,True,
2491,933118d5c5daf81d0a8a2d5a89e3cd88,2025-10-16 21:31:40,open_card,,,True,
2492,aedc5c8d7381ae50fa9ba7e7bdd1acad,2025-12-27 00:36:37,view_history,,,True,
2493,bab1916d9ca40b34aba0189e135fbedc,2025-11-22 19:39:11,view_history,,,True,
2494,c4da02dc26c2939cf2f4e31e67dd7e7a,2025-12-17 20:15:21,login,,,True,
2495,ee8f9124e59df07b6d6ebaaaf6ac4f74,2025-10-09 22:51:18,make_transfer,113687.35,KZ746037355121132693,True,
2496,bc2eac4bec9fad6e34ccff186ee93f83,2025-09-06 02:59:39,view_balance,,,True,
2497,bfdbcec7d50c64086b6f2fa1d0fd14bd,2025-11-10 01:44:43,make_transfer,185190.93,KZ281759920771542070,True,
2498,b36f21bfa53bf9029fbbfc22ecd306fd,2025-12-04 16:14:05,logout,,,True,
2499,bd538bf65e29ec200d434885c1bfa184,2025-10-23 23:44:54,open_card,,,True,
2500,ada8beedbefbb5ebfbfce0d87bbeb2ff,2025-11-30 04:33:38,login,,,True,
2501,5b1ae3f011e4b3a640ce0537512c4d58,2025-11-08 09:43:34,view_balance,,,True,
2502,2b24d46c03b5ada4ef55bec0dc55b84e,2025-11-04 00:16:52,make_transfer,178367.58,KZ066179473769747277,True,
2503,117eadcb3044c04097bb2caed6c1dd03,2025-09-04 01:03:05,pay_utility,44841.14,KZ504969308844596675,True,
2504,5797de6a92c6c94a8480ace4feecf70d,2025-10-07 03:17:10,logout,,,True,
2505,df0fdf116d3bffde5718db5fa2aa8ada,2025-10-23 14:33:22,change_password,,,True,
2506,dce1b99d9530bb9576f1e4831abadcaa,2025-10-04 05:49:39,logout,,,True,
2507,85aa7e015ff0e28cfc02676f4c4aa6ee,2025-12-27 06:06:21,view_history,,,True,
2508,85cefc71282d3efd723c4efb867b0a26,2025-09-14 19:39:03,pay_utility,60433.81,KZ450032018024495538,True,
2509,dd0bc970d0b867dabf4ce0dfe789afad,2025-09-25 04:34:08,pay_utility,124428.74,KZ742526837039235304,True,
2510,1ffa3c840e49daf12715ccfb03ecebb1,2025-09-04 15:56:38,change_password,,,True,
2511,9fe16deff10d87049cdc3dbc1256ca69,2025-12-16 16:18:33,logout,,,True,
2512,9ed6b2fabe95ecacc11a2892bf9ac559,2025-10-25 23:33:10,pay_utility,74497.67,KZ772999631707669003,True,
2513,4e5700e1ffcc303e607a2121f9f97dae,2025-11-03 03:55:11,view_balance,,,True,
2514,31dd5a815efafffff1872af42ace343f,2025-12-16 08:11:03,pay_utility,16466.92,KZ405269347107825626,True,
2515,19e46647eaedcaf3534e71515e5b2265,2025-10-17 19:58:14,login,,,True,
2516,cbbe0a1f55d227a0e61e60e91af0efd1,2025-09-23 06:04:02,open_card,,,True,
2517,527241ceea7d9a4dc0a0fe8448d37010,2025-09-27 04:00:32,login,,,True,
2518,d62c0c1a4c419bb8921bea3f6ac3a270,2025-10-21 19:54:41,open_card,,,True,
2519,d790868b677f313f77f4e8acf85f89e9,2025-12-17 09:41:58,login,,,True,
2520,6d1dbd369930349acb144203bcdc9c31,2025-11-07 22:12:03,open_card,,,True,
2521,8a9035166a1036705a7c17dc342d5d52,2025-10-24 11:24:46,make_transfer,105884.27,KZ483786346179836436,True,
2522,3abb5bf16ae3d90bddc9e5bebb1fc57e,2025-12-27 20:43:16,pay_utility,37362.34,KZ466714032980898443,True,
2523,9ddcbfcedd9bddb2a42ff7d7ba68aee4,2025-11-18 13:50:24,view_balance,,,True,
2524,a33fdfd3e48200eb8970f7c5cebfe139,2025-10-01 14:00:07,login,,,True,
2525,ffd7e7d246cfff0da12d8e81e4049cc0,2025-12-09 02:05:30,view_history,,,True,
2526,bdaa0ce0ccdcc1d0127cfcac2f52372b,2025-10-08 01:22:18,make_transfer,104553.75,KZ487778163344434953,True,
2527,27acac543dcfecc0c41bfbcaeff89413,2025-11-25 05:28:17,change_password,,,True,
2528,cadebcdbc178faeabcea96a6a4aecd1d,2025-12-08 22:16:04,login,,,True,
2529,496110bdadb5f604f5b1eb46ac5b88be,2025-11-13 00:31:01,open_card,,,True,
2530,6d1b660ea83dbe8d4db86b3bcf6d6027,2025-12-18 22:40:59,view_history,,,True,
2531,814b8f86afc23c71da0ea78c8f0a6cac,2025-10-04 04:28:15,pay_utility,117221.39,KZ667015541753034594,True,
2532,44becfd36cd23b7b21b7b1f20fff5f5f,2025-11-04 09:31:54,make_transfer,137371.59,KZ528079207041765112,False,timeout
2533,217a4f8e09496cad77f4b2bbd77df8ab,2025-10-15 02:14:23,pay_utility,188689.49,KZ657753626333774990,True,
2534,df00adec76b64335acdef0fddbabacdf,2025-12-03 07:45:32,change_password,,,True,
2535,cffaddd99b2f90e899746cad6fb94a68,2025-11-28 20:13:48,logout,,,True,
2536,cce95dbcddeea73dfb67fdea33db83c4,2025-11-25 01:15:36,make_transfer,134363.44,KZ135130977184714762,True,
2537,a96e1eef6ea99a4bfe7f2e79c4fabae4,2025-10-10 15:06:14,view_balance,,,True,
2538,28f4aab8aca1cfa05d7788df96fda51e,2025-11-12 13:13:01,pay_utility,134338.84,KZ354958720477281205,True,
2539,3d886d92cd3ea9aaaaecdce85aed37db,2025-11-27 08:09:34,change_password,,,True,
2540,cadebcdbc178faeabcea96a6a4aecd1d,2025-12-08 22:18:22,pay_utility,64324.24,KZ056143205160811094,True,
2541,4c4d9ec3e3deccaf162a7c39bafaa77c,2025-10-27 21:08:58,view_balance,,,True,
2542,a06edb2e0cdcee64efadabb1a13dae7e,2025-09-09 20:35:54,make_transfer,78923.12,KZ713563374589643322,True,
2543,a22bf8cc5a0db166247eccd1a7ceda42,2025-09-01 07:03:25,view_history,,,True,
2544,f1f52287691b4f5c2edf3a7a1055f98e,2025-12-30 07:47:29,logout,,,True,
2545,f0e33d9acd6e99fa619b29b5ea2eddfa,2025-09-23 02:18:41,make_transfer,43887.99,KZ656041836347036184,True,
2546,fab9e1d40aca45a0e1bf8aff233b411e,2025-12-18 01:54:00,change_password,,,True,
2547,56e8be012df8546bbc02e4d14345c61e,2025-12-11 02:53:15,change_password,,,True,
2548,d8e4ea853cca04ec3abc9bae68bb600c,2025-09-08 02:18:13,view_balance,,,True,
2549,d19fcb2cfdb57e2eee24dc355d38efbc,2025-09-16 10:05:41,make_transfer,177677.55,KZ539643056046432623,True,
2550,70da9cb108d61a8dbddd32f9bf935c90,2025-12-20 09:56:40,logout,,,True,
2551,6e3ecba855197838575c1a6ded8a2bdb,2025-09-19 08:08:47,change_password,,,True,
2552,77778ebb81bdef0dd98f1c3e1dbadaf2,2025-09-25 18:38:55,logout,,,True,
2553,ac6f9915a0bffcfe11edec8faca6d259,2025-09-08 21:20:49,logout,,,False,auth_error
2554,f7c9adf6defa964a7ffe18becff7ebaa,2025-12-01 19:28:53,pay_utility,199073.33,KZ923913095129626220,True,
2555,067dafeffdf1afb198f88cae572d01dd,2025-09-13 13:44:34,view_balance,,,True,
2556,97ff8bed2eb9b38bbcb561d815055939,2025-10-16 18:34:57,view_balance,,,True,
2557,f991bbc1be82142e30c8dfaec0069420,2025-12-05 00:24:57,pay_utility,157385.14,KZ956957507541069050,True,
2558,a43eb191fadd50c5dacfcc0ba386b7be,2025-12-02 16:30:07,login,,,True,
2559,7d54efa4e6dc2c0eb0bdd9b24e3e6dd8,2025-09-25 09:10:34,view_balance,,,True,
2560,abbd6d76390e476e61685ae8ba95dcdd,2025-09-07 17:00:04,view_balance,,,True,
2561,791eefa3fc2083c18de0fa5dcf434aa2,2025-11-17 02:16:25,view_balance,,,True,
2562,566ad1bb3bec85f4cebef0caddec29da,2025-09-25 22:44:53,view_balance,,,False,auth_error
2563,d1299eb1f15d5feab24e3c23e760c5d7,2025-10-26 16:37:36,view_balance,,,True,
2564,2cc3ec32ac2eccfeaddfad9cbf0aa61b,2025-09-13 22:53:26,make_transfer,172665.43,KZ984108717978888540,True,
2565,b2eadccfec1fcddd92c0efbafae0d2f4,2025-11-16 05:40:00,login,,,True,
2566,1b71651f55bfab8ac92d8fe8db9a7db1,2025-09-12 10:03:07,view_history,,,True,
2567,da2d40d9f7753bbdd2589ebe271eabcf,2025-10-14 09:03:53,view_balance,,,True,
2568,a2de7fb6c2dfaa9eb53e4affe1bdaca8,2025-11-10 09:37:10,login,,,True,
2569,aaaf04be8afbf8e7328a8cec5ba2ebf1,2025-11-05 17:48:58,pay_utility,171839.46,KZ114157844815738499,True,
2570,e4f4516ca5abecddf8e4172e79cfe77b,2025-12-07 22:36:01,make_transfer,41268.78,KZ282962345473608191,True,
2571,4c06f2cde8ced00dcb6d2bc03bd5dec9,2025-10-27 07:23:30,pay_utility,35286.4,KZ978144081856304150,True,
2572,8470eea6f2501f55cc34fef2d4cedce3,2025-10-07 13:51:06,make_transfer,114438.82,KZ248615915314882871,True,
2573,c82adedd2cfcae98dbe6af16eabbdee7,2025-12-12 17:02:05,view_history,,,True,
2574,8d57b1ee1e6b8880a02ceed92de09f9b,2025-10-14 20:41:53,login,,,True,
2575,24c533d01acde769f5a73f0eb40ef8ba,2025-12-22 15:09:26,login,,,True,
2576,3bc862fcf501ccd109a2e388c00f34f8,2025-09-02 00:15:02,pay_utility,15920.9,KZ878738816573135231,True,
2577,3e616678ae2db30e2603d8c6521f0ffd,2025-11-15 19:12:40,view_history,,,True,
2578,bf2dea1b0fa07ee33ea592fab6dd5cec,2025-09-24 22:03:37,login,,,True,
2579,36db71f7d6ea1e1e90da982f3d15d87e,2025-11-14 01:30:35,pay_utility,75256.81,KZ855022641137407174,True,
2580,f708ae890fb2f27b4eca2ab7dbfd76bd,2025-09-03 04:42:19,change_password,,,True,
2581,3a9ebd71c76d6ac139264ab33d42662c,2025-12-13 21:39:39,pay_utility,99143.64,KZ861665170680666877,True,
2582,f2df8cb0715da7a34bb3a31ef60e8ba3,2025-10-03 09:55:00,login,,,True,
2583,6afc4bfd49c4ca5ee3aa8a4edc5b749d,2025-12-07 17:43:32,view_history,,,True,
2584,14c2cf8aca2f90d1d95bf999ddd5ec71,2025-09-15 10:30:36,view_balance,,,True,
2585,6ddda6bfea5567a62898fee5aa654563,2025-09-01 01:41:06,login,,,True,
2586,fadece62e96dfc61be6e661ed19dbfed,2025-09-28 05:49:27,open_card,,,True,
2587,6bdee64aa2b2c0bd0b65fdb5e35f4eae,2025-12-22 23:27:05,open_card,,,True,
2588,18a70ec16b8b5aae8e87bccb245bb502,2025-10-09 16:15:27,make_transfer,6708.99,KZ726953634643150054,True,
2589,85aa7e015ff0e28cfc02676f4c4aa6ee,2025-12-27 06:07:50,make_transfer,59593.58,KZ696068663715122383,True,
2590,1b5d857de0feaf6f4a13f3aaf1f5baff,2025-09-11 06:13:44,make_transfer,29411.91,KZ878023592894444454,True,
2591,4e15f9faca0adcfede5d81e3cdb1ad5f,2025-10-04 00:55:15,make_transfer,13564.8,KZ727714788810135843,True,
2592,8c439a3baa0fde777ee2e1fd67f30ad9,2025-11-08 00:16:59,login,,,True,
2593,ad3121c2cabb89b0e5573cfd277fd5ad,2025-11-07 13:50:59,make_transfer,69182.0,KZ236332307344533999,True,
2594,1fb19e79f4eb2d7abe8e82d38c0e03db,2025-10-27 18:03:57,view_history,,,True,
2595,766fae502508fd52b03fafe3ad00a5a5,2025-12-23 18:02:04,change_password,,,True,
2596,6c020e3b28f86efabbf7bbfccaaf6a1a,2025-11-01 02:00:13,make_transfer,66626.83,KZ924906115838870589,True,
2597,f353fbe7f2836cb9ccb1716b7762cfc6,2025-11-07 04:28:56,change_password,,,True,
2598,e1804a41d1f34fd1bcc4a922f2d2ac8a,2025-10-05 06:49:14,view_balance,,,True,
2599,ae41a46fac5ccae00cb99d35cea93a1c,2025-12-07 23:11:25,make_transfer,90249.9,KZ465884811904833305,True,
2600,9de9fd0fed1d6cdbbdfccaf1c082bcb5,2025-10-16 02:58:43,pay_utility,65669.34,KZ149336834160697338,True,
2601,93a8b05f0f719d3a7da42971ba94aea4,2025-12-09 06:49:08,login,,,True,
2602,cf314bab54a4bec5addb44f21dd3fef9,2025-09-23 10:24:47,open_card,,,True,
2603,2fa021d48bd6c6e0edd09dd17e58ebd9,2025-09-20 21:47:36,view_history,,,True,
2604,764f58e3f2f3ecff482a1561da2da845,2025-09-19 06:40:12,view_history,,,True,
2605,f30fcbc0943087a7b6d20fd4e52cfdf7,2025-11-02 08:22:04,login,,,True,
2606,e04f28c54bc34c6f8713bbdcc5af0a25,2025-12-21 12:12:54,open_card,,,True,
2607,9ddadb66e9be38d2da2a6d19d2abe4e8,2025-09-06 10:18:15,open_card,,,True,
2608,3ae5950f4e74deaf778b6e3d4ee21dc6,2025-09-03 17:04:03,pay_utility,140619.74,KZ518862831436295441,True,
2609,ebe36b32f7a9ed3e6cf1322b45beffeb,2025-11-07 18:21:06,view_history,,,True,
2610,0e6fd6db7d2be3d2aafc20aed38095de,2025-10-07 03:55:58,change_password,,,True,
2611,9fc37dd89e09058cdc7fba9f2fee8add,2025-11-04 06:13:02,make_transfer,111141.53,KZ714673556069420240,True,
2612,dfef13f69b1dc8dfc56ec73ac834dfe1,2025-10-26 05:30:48,pay_utility,78554.15,KZ136158386610849379,True,
2613,dee5a9abf0cafcf7b4f12bafedaa3ad8,2025-11-28 03:07:53,login,,,True,
2614,b181b27ddde5514faf1ec30e94a6a9a9,2025-10-27 07:02:10,pay_utility,18909.06,KZ572233067482615022,True,
2615,edabff692a640dbec5add2ec3bdf6e6f,2025-12-02 15:24:58,view_balance,,,True,
2616,d1f5fb2f3aa17f2f5bbbb859ec6b317c,2025-09-06 23:27:50,logout,,,True,
2617,cab4e70b4a4dc2bc82ce2bb0a778ac8f,2025-12-12 01:51:12,logout,,,True,
2618,c972a192a4ebd7ffe4dabfe4bc29781c,2025-12-28 23:13:26,view_balance,,,True,
2619,43e917aad4118cb44df36ec21aa59b83,2025-11-17 12:09:58,change_password,,,True,
2620,e5b8ebabe2edb53f01bc4fb7edd7e6f2,2025-12-06 01:51:32,view_balance,,,True,
2621,ad7bdb7aece4ab952b0b5dad986cfabf,2025-11-20 09:56:29,pay_utility,191941.02,KZ065540498912012859,True,
2622,a7701ba9dc5ca42feb2f646d84f431ba,2025-09-26 05:12:00,open_card,,,True,
2623,b9feefa5fcd9b83ad1cfcbffe1c5a4b1,2025-11-13 16:58:48,view_history,,,True,
2624,03b16e44dfe2c58affb6cac9d771ca05,2025-10-29 03:21:55,login,,,True,
2625,2f73afec7fe49d31bce3a8ef7d46bc8f,2025-09-13 08:59:12,view_balance,,,True,
2626,c56d14aaba94dac9cbf7d5bf7f75bcaf,2025-09-29 18:01:04,pay_utility,111287.38,KZ394071954301131488,True,
2627,d2ec0b7343218914aef78f53779f67b8,2025-11-26 09:58:57,view_history,,,True,
2628,6e4dd74cabdbedede4bf1c289a30cec1,2025-12-29 21:03:47,pay_utility,101876.06,KZ022854311508339145,True,
2629,f7f28adca0a1acfc2bcade445b6bb8a7,2025-10-13 09:10:34,logout,,,True,
2630,ca5eb056924a4d89eff02438fabeeeee,2025-10-06 12:38:59,open_card,,,True,
2631,b7ddad29ede017ccd4f6ef0c476e6ddd,2025-09-25 13:50:30,login,,,True,
2632,943b3e1ddebbdbad9aeb587c3eacf6ed,2025-10-17 03:16:14,view_history,,,True,
2633,ccc4e34f482b6da9d23b3fee26bd6bae,2025-10-03 16:41:12,logout,,,True,
2634,b0c9ddccbb34e8b0aa786b10dbea53c8,2025-11-05 08:51:57,view_history,,,False,validation_failed
2635,fcaee6dc91ddcea69a4bab7a80fcbf0d,2025-11-27 06:58:37,pay_utility,186520.32,KZ069232316090805701,True,
2636,e124dbd121ce0cf9ceefc05b0cafd8ed,2025-11-06 13:48:56,open_card,,,True,
2637,c6b5c106dc2d07b60c5b0ae380d8bcc3,2025-10-19 21:36:38,make_transfer,87418.22,KZ574133543778848355,True,
2638,fae4a4ba5ec7daa5acd57fd468c73d9a,2025-09-09 22:29:28,login,,,True,
2639,cfd6af0b2494d569524e2dacb3922db5,2025-09-06 17:04:46,logout,,,True,
2640,fbb23bbe4f56facb4a5915099cca0d37,2025-10-02 23:35:25,view_balance,,,True,
2641,abe724b5a7adf0af0decdef1f21a979e,2025-11-27 18:08:58,view_history,,,False,auth_error
2642,09069d5558b049ef86107c889aa793be,2025-09-24 09:28:21,make_transfer,116262.06,KZ801866463735007905,True,
2643,498cb4e277ab2b7e6fccaddacbd2d7c9,2025-12-17 03:40:50,open_card,,,True,
2644,2d75a89f9cedab71ef8b0f801dac530d,2025-12-26 19:00:34,pay_utility,27501.31,KZ805635090607445256,True,
2645,ceb531e0dc83cfc6e1cfcd87b3c5f02d,2025-09-10 18:42:34,login,,,True,
2646,ceb531e0dc83cfc6e1cfcd87b3c5f02d,2025-09-10 18:46:41,login,,,True,
2647,b0358db80cd392bf603caddeccfea56c,2025-12-10 18:21:34,logout,,,True,
2648,4ca06bbbde1a38954fb51ceabf19d6d5,2025-12-11 16:29:33,view_balance,,,True,
2649,dd4ceb02c304be76aada6be6e0bedb27,2025-10-05 02:01:47,view_balance,,,True,
2650,73ea356e4e4badaefa935fac5a5838fa,2025-10-27 21:56:54,open_card,,,True,
2651,4d7c35eaf67b21520307edaf196eb6f7,2025-10-06 11:00:32,make_transfer,54651.27,KZ099242868805041475,True,
2652,2a4d1d75fbfcbeddeb5d9fc301ba0315,2025-10-31 14:47:30,view_balance,,,True,
2653,abfdfdd9ffa7278710cefae24ae0a437,2025-10-08 15:15:33,pay_utility,32954.59,KZ289574598924241917,True,
2654,d9df3f133e6dc64decdd921c02546d5f,2025-11-14 11:45:51,view_balance,,,True,
2655,85f1ad10ceeec2c5312f83ca052d9d58,2025-12-05 19:26:47,open_card,,,True,
2656,bd538bf65e29ec200d434885c1bfa184,2025-10-23 23:48:57,view_balance,,,True,
2657,bc7ec60ad828ae2e2edfbea2cbab713f,2025-10-23 21:26:03,change_password,,,True,
2658,c973e8271cc1ccffaf1e80c1b5ecf338,2025-11-08 11:22:25,pay_utility,70025.65,KZ503664430156233774,True,
2659,f2aba04f0cee84fcadac6872a707c626,2025-10-14 05:43:38,change_password,,,True,
2660,b7ddad29ede017ccd4f6ef0c476e6ddd,2025-09-25 13:49:32,view_balance,,,True,
2661,1b3e8ccea5064ecc75ccc80ea5b8b83b,2025-09-09 14:24:06,view_balance,,,True,
2662,7dbaaba0397dc77c0435c65b257c4ffb,2025-09-19 00:34:36,view_balance,,,True,
2663,6e6ce74c3e872f4a506d9eb9a32abe24,2025-11-23 21:20:51,open_card,,,True,
2664,25fa26dd784e4a82b7fc233c57ea6aa4,2025-12-29 09:23:57,make_transfer,116592.36,KZ278931383835752634,False,timeout
2665,c7e7d3ef700fb87ea5fadcc5ef02ffca,2025-11-03 09:08:25,open_card,,,True,
2666,dc5cdac1c2e88e5cc8f4b2bef309ecce,2025-12-22 18:23:29,login,,,True,
2667,72e930cfb1e3e129fefddf0c26a16b36,2025-10-12 23:21:21,open_card,,,True,
2668,1d78c72e399c3d5b6f436a7b3e3577e8,2025-10-09 00:57:05,login,,,True,
2669,f37aaafbe68bee944f698e992030eeb5,2025-12-23 08:56:44,logout,,,True,
2670,50c80ac5c5e596708daac3ff5be41bd3,2025-11-21 13:30:01,make_transfer,98664.69,KZ853334556084664918,True,
2671,369869ea507aebf9dfb4abce1b9ce9ac,2025-09-13 18:43:10,view_balance,,,True,
2672,e150e1990b25fecda58fceece428f4a5,2025-11-06 11:00:05,view_balance,,,True,
2673,88a1dc4fa35d00827bff5b3fd1dbda0b,2025-11-28 01:36:49,change_password,,,True,
2674,c6b2d1663e40e3f537902fcfdafd762b,2025-12-27 21:26:11,pay_utility,199323.71,KZ469805385086900159,True,
2675,c4db5b9584dc672cb31d21dfe074dbda,2025-10-28 21:37:52,view_history,,,True,
2676,04ca0db1cd2badddf6f5fcce8fd3ca5f,2025-12-04 15:23:50,change_password,,,True,
2677,dc7a104fef8aab0b0ccd546fedbd8dd0,2025-10-12 17:23:52,logout,,,True,
2678,fd8cda159ba48e98e3dc2fdf1cdefe0a,2025-09-18 14:28:09,login,,,True,
2679,bb50c83bc255bd534bfaf3828f12ff58,2025-12-05 13:24:26,logout,,,True,
2680,ebe55c12a3bc140f9bdaf9df65b094e2,2025-12-13 17:37:09,view_balance,,,True,
2681,aabd4be3f7bdef1afb4e16432b8daaf7,2025-09-27 10:33:48,open_card,,,True,
2682,da71358dc8ae088bca7783fbe3a2a4c8,2025-11-21 05:48:57,make_transfer,38973.24,KZ607577099137554868,True,
2683,bae4ca8efecf14b7d99be53bd26dad8c,2025-10-26 01:34:07,login,,,True,
2684,6acdcbe74baff35caa7be3ae78ccdcff,2025-12-18 20:21:22,make_transfer,129670.74,KZ453005190787758148,True,
2685,beaf5f3dd9efd6e3bfbbaa3bac6fde5b,2025-10-29 02:00:30,view_balance,,,True,
2686,bb200cd84daab700ae0601d22ff021ed,2025-12-21 15:47:21,view_balance,,,True,
2687,2ccccacedb8ea0fca503a68e7541c3bb,2025-12-13 21:36:49,login,,,True,
2688,db6a01cff2f0bd887d6bf4ce66afbf6b,2025-12-02 22:31:41,open_card,,,True,
2689,66a48de2b0faa31245aecddcf0c40fbc,2025-11-27 07:17:04,login,,,True,
2690,bd727bee6cfa1a85cb4c161b14e8da0a,2025-11-10 17:49:10,logout,,,True,
2691,f0d3d077261fbfd4deadeecc6dcc34a1,2025-10-21 00:10:52,open_card,,,True,
2692,c6b786be953afcfcc0bb62adad4decfb,2025-12-19 10:55:09,logout,,,True,
2693,0e22f5ed05a518fefa92ee570898b648,2025-12-13 04:46:33,logout,,,True,
2694,b102eaddf76442ecbd80b5ec2ebeabdf,2025-12-18 21:07:58,open_card,,,True,
2695,a8cbf9b4a868bf8de4ff0a10ebbf18ad,2025-12-18 20:03:37,view_balance,,,True,
2696,d35ef0ed2aeeb40bbb4c8e01e908d3bc,2025-12-25 14:44:24,logout,,,True,
2697,bd48d5d0fa11dae51f5ee7bda2be72ca,2025-11-18 15:07:30,view_balance,,,True,
2698,e1ed2ed3d6e9af5e8d680e81fe30d12d,2025-11-20 12:01:18,logout,,,True,
2699,01c2fe5a26483efe5c2fbdd41e58bd5c,2025-09-13 19:18:03,view_balance,,,True,
2700,afa52062ae4cbf3481fdf8ba358bec0e,2025-11-17 05:18:15,change_password,,,True,
2701,4ada94dba0a0eb2bacbf680ccbf9ff9d,2025-11-23 21:56:03,open_card,,,True,
2702,d447fbfeed2fda333fcc42bc4c5a14e4,2025-10-23 09:41:23,pay_utility,136582.69,KZ009983258883946247,True,
2703,cee2dfd4a2a7d9d368dff66b42d0afdb,2025-09-26 04:10:58,change_password,,,False,auth_error
2704,beefcfcd7d693cfce652a73ec6291795,2025-10-10 18:56:30,login,,,True,
2705,01f9cf5bfe3c4a3bf44d500caef0ad80,2025-11-21 17:37:51,pay_utility,94375.26,KZ019608734216938311,True,
2706,c40debc5f47c3adcacbd5ba60dbf9daf,2025-09-10 07:28:22,view_balance,,,True,
2707,1cabf7ffcdff6cc0eb35aa12fabcbbf4,2025-10-27 08:25:05,change_password,,,True,
2708,eaf7cee9d9268e91bb61aedbfe8a9ea0,2025-10-09 14:25:28,change_password,,,True,
2709,9acfc539e8dfdcaf2c0fdddeeacdfffd,2025-10-07 13:52:43,pay_utility,45026.86,KZ912632750269278263,True,
2710,eadf199f85f81f4fde3a46f14cc3ae2c,2025-10-14 11:35:53,view_history,,,True,
2711,a91feae43359c5820ef4fd9abb7e16d5,2025-10-07 02:51:55,login,,,True,
2712,b0f2adeef68cd6ffab3d3424dbdce3f4,2025-12-03 09:46:43,logout,,,True,
2713,150b5a5f743f3e9dfe36b37e6e308c4b,2025-12-30 08:53:02,view_history,,,True,
2714,ebe9c2bfe6a1c19ed3779ddaf40f280f,2025-10-18 13:17:25,open_card,,,True,
2715,4fcca9f6bde5ffefb6590d71fda0602c,2025-11-01 07:56:09,view_balance,,,True,
2716,c20c972fbef015f120c6aebaeffe6910,2025-11-06 11:37:23,login,,,True,
2717,acbba887890e4c126d823bac0444997c,2025-12-13 23:28:13,view_balance,,,True,
2718,b2f6d24eca3ec2a8ccf65bb808c21a39,2025-12-12 02:41:26,make_transfer,132163.09,KZ363198547538012221,True,
2719,72e930cfb1e3e129fefddf0c26a16b36,2025-10-12 23:33:50,change_password,,,True,
2720,9c330d7c4e8daefe9ea33f5e037c52b6,2025-10-20 21:25:04,view_history,,,True,
2721,7dbb7cf5aac4c36d86abdbbcabd3709b,2025-09-14 01:18:30,change_password,,,True,
2722,bbe29e1ef00b17fc517fbfcc6da0b66e,2025-12-27 16:51:29,login,,,True,
2723,4c4d9ec3e3deccaf162a7c39bafaa77c,2025-10-27 21:30:39,change_password,,,True,
2724,b6f5226ffec368ecabe761850bc9fef6,2025-10-06 00:35:34,login,,,True,
2725,d2fcdadd97f5d080050c46a957af6c4f,2025-12-08 12:51:47,make_transfer,169738.11,KZ124735192460667708,True,
2726,a3ecceedc6ca03af6cdfb4c8b0951cbb,2025-10-24 19:22:44,login,,,True,
2727,1e684b3118526543a6ddfaf602d3eea0,2025-10-10 21:38:32,pay_utility,173732.25,KZ984816374202592685,True,
2728,1fb840e23c2aa66bcf98b4dcdf46ca57,2025-10-22 01:21:18,view_balance,,,True,
2729,433a615bed8a46e08aecc63ac004abb7,2025-10-19 18:04:45,view_balance,,,True,
2730,c40debc5f47c3adcacbd5ba60dbf9daf,2025-09-10 07:19:41,make_transfer,169396.44,KZ763218944257793692,True,
2731,067dafeffdf1afb198f88cae572d01dd,2025-09-13 13:54:59,login,,,True,
2732,bfef18abee99ea69bb1b17cd5ec12b96,2025-12-27 17:13:22,make_transfer,106441.12,KZ965068564129790711,True,
2733,3f1aa47b5efe4dabaafae6e8eef1aed1,2025-11-27 21:27:05,pay_utility,112405.22,KZ061833446664207366,True,
2734,dca4dacfdf1b6c63952b6efd83ec9aac,2025-09-20 13:53:31,change_password,,,True,
2735,c40debc5f47c3adcacbd5ba60dbf9daf,2025-09-10 07:22:04,make_transfer,59996.77,KZ031441602845727739,True,
2736,a5cc11d32f76adef4beffeddf9ce87d8,2025-11-20 15:22:03,pay_utility,128667.27,KZ066011692989771681,True,
2737,88b7785833c1300d7dcae09a6ba1717d,2025-11-15 05:18:34,open_card,,,True,
2738,c4c925ea56ffda22ad53dbdecae9b9e1,2025-12-27 05:47:28,pay_utility,9018.87,KZ471645559111278953,True,
2739,e5f79def24dcb6a87a9fcb3e1ea4ccbe,2025-11-28 09:27:22,view_balance,,,True,
2740,ded2a8b7ef65f13356430add78edeabd,2025-11-26 16:27:27,login,,,True,
2741,7205ac6bfb7bf78f6708ef4eebc61aef,2025-10-05 12:59:51,pay_utility,31403.86,KZ998255422123345258,True,
2742,c2c4e217e5a3fdeb44d4fc75436bf2c1,2025-12-04 04:17:41,make_transfer,66287.63,KZ326204528498950832,True,
2743,b05506db5da0b9e2b034d9b95a141823,2025-10-03 17:30:19,pay_utility,90729.22,KZ624386019052800996,True,
2744,3470648bffadeed492ba6a4012e3a81b,2025-09-14 00:32:51,view_history,,,True,
2745,d4bdfa9854a16ffadb57a53c90facbeb,2025-12-23 00:44:00,login,,,True,
2746,0ccdf0c6bbe5b123cb3cb535172c62ca,2025-09-18 04:44:31,view_balance,,,True,
2747,e24d4efcb3ce83df78b0b2ad2e96dd47,2025-10-30 15:22:17,change_password,,,True,
2748,553aea8abbe619ab9ec6da2b44409fe6,2025-09-20 02:29:44,view_history,,,True,
2749,e0ccc5d47c580adaf96fe0465a0b0bc2,2025-10-11 05:53:09,view_balance,,,True,
2750,1aec6ff1fff1ebfce21bf5c297dc8a4e,2025-12-30 13:09:09,open_card,,,True,
2751,dba9c7a920abbba37af3cf5bffbacdc5,2025-10-18 02:12:42,view_balance,,,False,validation_failed
2752,abbd6d76390e476e61685ae8ba95dcdd,2025-09-07 16:52:30,open_card,,,True,
2753,2ccccacedb8ea0fca503a68e7541c3bb,2025-12-13 21:34:28,make_transfer,19445.44,KZ961609744711758914,True,
2754,774fb2b7e2781fcdc6b7deb3ebb1bfa5,2025-10-17 21:11:10,open_card,,,True,
2755,d2fc7abdefe776bf4cc9ffe57a49d10f,2025-12-13 04:14:29,login,,,True,
2756,6d1b660ea83dbe8d4db86b3bcf6d6027,2025-12-18 22:29:43,change_password,,,True,
2757,4ca06bbbde1a38954fb51ceabf19d6d5,2025-12-11 16:25:53,make_transfer,32161.62,KZ706597636770279993,True,
2758,7bbfbc4eb94751ef4eb40dfb9ae7a4a5,2025-11-03 17:59:54,login,,,True,
2759,fdff0dfacba2a0e8652c4c9fdfb40fd9,2025-11-15 05:49:36,view_history,,,True,
2760,2ffe52bfa9102a6cc0cb07dc5e0b7fbf,2025-11-07 09:58:38,open_card,,,True,
2761,a4ecc8b1af0a27e6ede5b7d1fc9c1d3c,2025-12-28 17:25:03,change_password,,,True,
2762,cadebcdbc178faeabcea96a6a4aecd1d,2025-12-08 22:41:17,change_password,,,True,
2763,a43eb191fadd50c5dacfcc0ba386b7be,2025-12-02 16:07:15,open_card,,,True,
2764,aafb8df7df1f74e9f6de307dd667bd00,2025-10-12 03:29:09,make_transfer,107206.01,KZ034177400830815861,True,
2765,bfa29fe4eedecfbc9b902edceeee8c3a,2025-11-09 00:43:32,change_password,,,True,
2766,2a1cdb3ad22bfcfa13bc2b4bcd37c68f,2025-11-07 06:09:17,logout,,,True,
2767,5ccc7db1114dbb814ada407e86a9e372,2025-11-16 14:58:16,login,,,True,
2768,cdbc9d7f2cdfdabdea9b96eb3a17f44b,2025-10-25 03:31:27,make_transfer,22021.55,KZ522683749014183388,True,
2769,e36c63bb23e3bd5b12ab5bd4eadf75d7,2025-09-06 11:56:09,change_password,,,True,
2770,ed553e97d0fe22f0667b5b81c2bcd6ed,2025-12-30 23:34:18,pay_utility,153705.3,KZ252061036148425380,True,
2771,339bbaee12e0d2bffd2ac396f94b07fb,2025-12-30 19:15:34,view_balance,,,True,
2772,b7ddad29ede017ccd4f6ef0c476e6ddd,2025-09-25 13:44:34,change_password,,,True,
2773,21ccde0bd4bbbd178b9ed6b954efad9f,2025-10-22 03:48:57,view_balance,,,True,
2774,7efe8ab66b0a2eed98dde6feeebda4af,2025-11-10 22:59:37,logout,,,True,
2775,9663cadfa7f9c4fecd86390c2aff5f6a,2025-12-06 08:44:14,make_transfer,135151.39,KZ624790367810106807,True,
2776,fed2caafac1eceb29019a8a9b4edbbca,2025-09-28 23:25:47,view_history,,,True,
2777,644c96efe6dba0b5620d9cf97e975fde,2025-10-08 15:47:41,view_history,,,True,
2778,b05506db5da0b9e2b034d9b95a141823,2025-10-03 17:37:36,change_password,,,True,
2779,25fa26dd784e4a82b7fc233c57ea6aa4,2025-12-29 09:26:27,open_card,,,True,
2780,b0bfb506334bdb6d5ea018a1bfc0eab7,2025-12-25 03:43:24,pay_utility,160660.45,KZ408597240678211996,True,
2781,b913ea1ff2c9fc5336445c1eb7adbcf5,2025-11-03 16:52:34,login,,,True,
2782,fbba5cec2d69a2e09fdc190b041c2e3a,2025-11-14 18:08:24,view_balance,,,True,
2783,a7701ba9dc5ca42feb2f646d84f431ba,2025-09-26 05:24:41,make_transfer,83750.92,KZ622507926459268800,True,
2784,b1bcb5fbbb7e50311b56f8dfdc6bbefe,2025-11-18 15:49:52,pay_utility,13998.13,KZ757804845361697711,True,
2785,210b26d5a1acf8befce942da1d8e734a,2025-10-04 17:24:35,logout,,,True,
2786,ab3a42de6a7eceae6ebdd0a18b7b7afe,2025-10-12 18:43:38,open_card,,,True,
2787,c4db5b9584dc672cb31d21dfe074dbda,2025-10-28 21:46:58,change_password,,,True,
2788,f20fc591bb2fbd2fc35ebeafa0acddcd,2025-11-16 14:34:03,logout,,,True,
2789,2ffc94e2ad86158fac4ffdb3eeb25dd2,2025-10-03 14:35:03,open_card,,,True,
2790,e19b3ce6bbad6c0e02c9fa7fbf7434ce,2025-10-16 20:10:45,view_history,,,True,
2791,bebf8cb7d0c7dfd0a4a6d1da81d92974,2025-10-15 10:48:22,view_balance,,,True,
2792,df83cd3e3b0717eceabdf86e9fb944ce,2025-12-24 00:30:43,pay_utility,191064.18,KZ440316206721183993,True,
2793,ddebabb2e403dec82a9fab6e596ecfde,2025-10-03 04:53:12,view_balance,,,True,
2794,e5b8ebabe2edb53f01bc4fb7edd7e6f2,2025-12-06 01:40:39,change_password,,,False,timeout
2795,ccd1bc4fcf60cacbd96a883ceded2be7,2025-11-04 14:54:51,pay_utility,124393.23,KZ973561892135758900,True,
2796,7ec4aeeebb674e6243ccb8bc1ea30a9b,2025-10-18 05:22:45,view_history,,,True,
2797,dec8ca5024185a2f5c97bbba15c3357f,2025-10-19 10:17:20,login,,,True,
2798,fa3bfff8bb74fffb2ca800d6c8f2ca2f,2025-09-04 23:32:52,open_card,,,True,
2799,e21bc8af32455b4f2c5d7aaebbfb9317,2025-09-17 11:50:12,logout,,,True,
2800,6187033d174fa2c73e501dedfcaaf32e,2025-09-09 04:41:17,login,,,False,timeout
2801,b1bfccd6abac3b9cb9de117c3feebddf,2025-09-19 19:34:09,logout,,,True,
2802,a22bf8cc5a0db166247eccd1a7ceda42,2025-09-01 07:03:48,pay_utility,148365.85,KZ944358997505787600,True,
2803,513cdddee95ffca47145ff93cb88bcdb,2025-11-27 18:47:08,view_history,,,True,
2804,fb4fd52c241b6c40e1fe4c718111daaf,2025-09-10 14:20:21,view_history,,,True,
2805,ebe36b32f7a9ed3e6cf1322b45beffeb,2025-11-07 18:19:32,change_password,,,True,
2806,5f034ac955f79f77ee602bdca8c0aac8,2025-12-25 22:37:45,view_balance,,,True,
2807,e3edfdbfb3f3fad4624bdfbefec8b5be,2025-12-21 15:09:39,logout,,,True,
2808,aaed2ae0a0ac0b525fead1f8eab91ab1,2025-10-10 06:26:59,make_transfer,114709.29,KZ931600375509120179,True,
2809,b3cc0cfac2b2a2abaabe5ffd7e4da29b,2025-10-11 16:19:24,view_balance,,,True,
2810,39fdcdd5eb2f91bccf4faef7d860b55f,2025-09-12 12:37:19,make_transfer,21696.39,KZ783573297934553704,True,
2811,ffce69b5adbff59e0eb1c7e31bfc6bac,2025-12-25 07:34:45,view_balance,,,True,
2812,ebd9fd926c02a60cdd5efe8c2f797c93,2025-09-30 00:28:44,pay_utility,141182.45,KZ008112670848281387,True,
2813,2289c36aecae4bdd0f282741572f87de,2025-09-17 02:27:10,view_balance,,,True,
2814,ebf1cbbf4d72b0a3fd9e2b3351b6f3a2,2025-12-19 19:44:48,open_card,,,True,
2815,f0e0e149962cdb656d9e1fb008f1b716,2025-09-21 23:30:50,view_history,,,True,
2816,df6a8ccddae8da0baf5b07bdcde219bb,2025-11-23 03:50:43,view_history,,,True,
2817,2beb2b66c40bfbf213db09daf6e8b9bc,2025-12-25 17:55:02,login,,,False,validation_failed
2818,17dc1cad27c68b0fa9beeb94d9acfbda,2025-09-17 15:51:39,pay_utility,130340.96,KZ419302474551969535,True,
2819,85b1b2e3999be61b4fc28ce55a23cfcd,2025-10-10 20:56:28,change_password,,,True,
2820,2ffc94e2ad86158fac4ffdb3eeb25dd2,2025-10-03 14:38:51,login,,,True,
2821,5be3dfd27cdf4cbe7d60c1efdebefeeb,2025-12-01 05:55:05,change_password,,,True,
2822,9ccfacf6ada0de1dae917eefd74f658a,2025-11-23 17:08:50,login,,,True,
2823,00a337c0db3bf9d49c33a9fdf5bb9f7e,2025-09-01 00:31:19,view_balance,,,True,
2824,d447fbfeed2fda333fcc42bc4c5a14e4,2025-10-23 09:36:28,change_password,,,True,
2825,a9ffcaf52dddb20ac0876cff688f777a,2025-11-09 03:37:34,logout,,,True,
2826,c47901ca068b11f8f1dfb4ec00accdab,2025-12-27 11:29:16,open_card,,,True,
2827,cdde0d54714fa22c0745c94835bba2fd,2025-09-22 03:10:08,make_transfer,178448.05,KZ752160909062007594,True,
2828,f9aca68fc1fb86fe66137228e2ef3f6e,2025-10-17 14:37:07,make_transfer,122754.84,KZ061117436955443662,True,
2829,fbab25efdaeeffb7ed5a178af4ec5bdb,2025-09-18 15:12:07,make_transfer,154520.49,KZ752737108326518006,True,
2830,3c0a6ccfccdaaada097182fe95f56bbb,2025-10-25 03:51:43,pay_utility,171421.02,KZ287936341198458999,True,
2831,3e852cca98ccc5b9f9b66adff7c0fa0e,2025-09-27 08:35:33,view_history,,,True,
2832,b80bdcc5a879e7276bfba999a4b0eeae,2025-10-09 13:12:16,login,,,True,
2833,caabfffeb8bf370e5cfdd4ef5230fa40,2025-09-29 03:12:57,pay_utility,67747.87,KZ764721484973953208,True,
2834,f0c4252eb062f61f27c11ea21775b969,2025-09-04 02:52:46,login,,,True,
2835,0c4d8af044b7f1c56285fbdcfb5f711a,2025-12-21 01:23:26,logout,,,True,
2836,efa00fb970eefbdecaa4eceea21bcc2a,2025-10-08 14:00:29,change_password,,,True,
2837,b53f548fbe053dfbdd9bccbf08c1c5e0,2025-11-18 10:52:59,open_card,,,True,
2838,9e8a583c8bf8dd3b65ccfb5cfbd19e25,2025-10-18 12:13:43,open_card,,,True,
2839,37ab5ecfa6fbbe2cbe4717cd8cbad938,2025-10-10 21:26:50,view_history,,,True,
2840,9234d8412efcec5e1f96ed62ea491dfd,2025-10-16 01:09:28,view_history,,,True,
2841,e3c57dbb8b9ecd3e436be3d9bacd7af6,2025-11-05 13:34:50,open_card,,,True,
2842,efa2a1e5afdf1ceea7d9d9f840efbd8f,2025-10-19 23:38:26,login,,,True,
2843,fc1be0fce4489afebd86e7a7ab827bce,2025-10-14 13:37:40,view_balance,,,True,
2844,436dfd3c3184b8225a6ffee27d8a5feb,2025-11-05 01:58:37,logout,,,True,
2845,67c2c9b880d0ae31b230cf50c0b1fedf,2025-09-17 22:32:23,logout,,,False,timeout
2846,cdde0d54714fa22c0745c94835bba2fd,2025-09-22 03:12:10,login,,,True,
2847,ad585fdfecaf4fdfb42e5c30fdfcdfcd,2025-12-12 19:21:12,logout,,,True,
2848,d0c2ebfed36bdb92f1c9a3b77de8b7ee,2025-11-12 00:12:09,change_password,,,True,
2849,33bddfd8dac34e4bbfbcfd51be0d32fa,2025-12-04 11:50:18,view_balance,,,True,
2850,c5d584e6abb7f7ddc11a9275bdface9a,2025-11-03 15:00:55,make_transfer,51066.44,KZ316739542053940939,True,
2851,4a3b28418359cbedfca5ab1ed7f3d02b,2025-09-11 17:39:22,open_card,,,True,
2852,4fbd6ac945965bacd4dcce4db40f351e,2025-12-29 20:13:05,open_card,,,True,
2853,d8b7b4bb64eff377efbcd543fcf6460f,2025-09-23 17:03:36,make_transfer,164476.6,KZ079194474592157116,True,
2854,c6ff1935bd97c92b8cc46dadf1d90af5,2025-11-22 13:36:32,logout,,,True,
2855,a7325fbc24120f01f62bb868cdb04f1b,2025-11-01 16:08:23,view_balance,,,True,
2856,aae93fdacdf7a5c9034dff33ed3b377c,2025-12-06 13:40:40,make_transfer,60615.73,KZ975302992915317877,True,
2857,7412a63db12d30ddde05efeb585bacd4,2025-12-01 13:39:56,login,,,True,
2858,8b47320053bbb4c6caba82ccdfada5cd,2025-12-21 07:07:29,login,,,True,
2859,621531dc6dbd5d6a18b5736ff35755bf,2025-09-13 09:46:03,open_card,,,True,
2860,b2e61ed511e1e798cbb7b456ade5daba,2025-11-04 14:32:50,logout,,,True,
2861,f7c9adf6defa964a7ffe18becff7ebaa,2025-12-01 19:28:39,pay_utility,21252.0,KZ297036669858773261,False,validation_failed
2862,eedada8a6c2ad4be2acd885e96bfdd7d,2025-11-27 18:08:45,change_password,,,True,
2863,4f61c6a2ed6abea1818f5dd5ac8cde1f,2025-10-29 05:34:28,change_password,,,True,
2864,1ffa3c840e49daf12715ccfb03ecebb1,2025-09-04 16:07:12,view_history,,,True,
2865,d9e5c0509f3ded5af6856db8ca7b97bf,2025-09-17 05:51:40,open_card,,,True,
2866,c65bdfdf8df8fcbca99b756500bfa2a3,2025-10-19 02:19:46,logout,,,True,
2867,f9f1fc7eaddd13af016fdb11558cf6cb,2025-12-13 00:52:16,change_password,,,True,
2868,aaf5a88206ca3baab4dedfe42ec35ccb,2025-10-31 03:56:48,change_password,,,True,
2869,310d989fca2bfbaea43dd7ecc822e5b6,2025-12-22 00:53:28,logout,,,True,
2870,ac6f9915a0bffcfe11edec8faca6d259,2025-09-08 21:28:20,pay_utility,95375.13,KZ836567226018043405,True,
2871,f307e7edd9b8ca1d46fcfc30c1789984,2025-12-20 06:35:08,open_card,,,True,
2872,dcb76e0291742ccaad7a7ab5afbdca1b,2025-10-25 02:22:30,pay_utility,181435.32,KZ380296347793413002,True,
2873,c2acf99abe4e3eb69a1acbfd799d8ab8,2025-09-29 07:21:23,login,,,True,
2874,9feb51bedc4e5bce4ab96dd071b9bdbe,2025-11-22 12:24:15,make_transfer,68594.78,KZ090778334372657486,True,
2875,76cdee45c7315247cfa425b1cb7e75b1,2025-10-31 22:47:07,logout,,,True,
2876,fbb814fb9b4a9641bb8cfd91d4aaeab5,2025-12-12 18:03:11,open_card,,,False,auth_error
2877,bb50c83bc255bd534bfaf3828f12ff58,2025-12-05 13:03:01,login,,,True,
2878,fbc8acbf89c49cad296265bf5eafab2b,2025-12-03 22:53:28,logout,,,True,
2879,6d106d4cb5dee4ddc027c6710ac6da5d,2025-09-17 19:05:35,change_password,,,True,
2880,d4fdacc490d05a3c96be5aef9d03d357,2025-11-17 01:37:55,change_password,,,True,
2881,d36cfcfeaec8f7bd48e0ba34aa9fa0cc,2025-10-12 19:14:30,pay_utility,163582.29,KZ358144761583065192,True,
2882,d080ab5c2a13da11fe338162158fa5fa,2025-10-15 03:52:12,change_password,,,True,
2883,619ebf5cde123db0b261d22cddfa403b,2025-10-14 21:46:22,login,,,True,
2884,6dfae2eacf6fa2b1d6241f6a76fb7efe,2025-12-10 23:59:45,view_balance,,,True,
2885,85213203fa75063acd4a16ebbf3c73db,2025-11-20 13:05:00,make_transfer,34759.63,KZ507477208256286210,True,
2886,f73e27e8fdbb5b4bdf5f738dd01ccf94,2025-10-29 03:50:24,view_balance,,,True,
2887,8f9bbb26f25abacba8ed4df6dc00c2dc,2025-12-21 06:31:45,view_history,,,True,
2888,c46fcc6ebffdaad002357cfdbfec43b4,2025-11-19 13:03:33,view_balance,,,True,
2889,2f2e74caf25e7b3acf3d5f542cc8a2ed,2025-10-13 08:01:02,login,,,True,
2890,d7df2beaa4111b7f61ccf0e219a5346a,2025-11-09 09:54:19,make_transfer,1077.98,KZ598374641686341331,True,
2891,5ebd24bde1eb43f3bedbc2acf7c1c74b,2025-09-19 02:18:07,change_password,,,True,
2892,8422250deeb43ecbc10e7e55d6ebb6b0,2025-11-11 02:46:35,logout,,,True,
2893,af8e8afabc98e5f8f3d73a1ba6fdf6b0,2025-11-07 17:20:57,change_password,,,True,
2894,acf871b1816acd9560ddea0dcdfdba1d,2025-09-09 15:46:45,pay_utility,68734.73,KZ039810862047040609,True,
2895,d398b5a08dfdbd98bbf490e9a4e9e45e,2025-10-02 21:45:49,logout,,,True,
2896,f9f1fc7eaddd13af016fdb11558cf6cb,2025-12-13 00:56:40,view_balance,,,True,
2897,bfbab9ebab0df530fbcc44a1692a87c5,2025-09-05 10:59:46,login,,,True,
2898,cc7beccdbb9fe84b45bbf1fb5bed3aea,2025-10-02 09:25:35,pay_utility,148191.98,KZ474095616463419353,True,
2899,bebd06cec44cc2ff62c577eb3cf0f3bf,2025-09-03 11:36:51,pay_utility,179666.81,KZ784642080561591457,False,validation_failed
2900,f5f2c56c7c8639fcc6df5a879c86045e,2025-09-03 20:47:02,login,,,True,
2901,adadfa9f04a43686ea9d7ecb6c92866f,2025-10-21 15:30:11,change_password,,,True,
2902,16d706dfe8b46a6c8cadff46da2c2aa5,2025-12-12 03:31:08,change_password,,,True,
2903,771af2fab8b4eda1888eceedf4b4cdd6,2025-11-04 08:24:35,login,,,True,
2904,ed1c990dd9b6fff1ccd916f86eb47d43,2025-10-14 19:00:34,view_history,,,True,
2905,85b8cd90b2b2d602a25460b4d5bcd8e5,2025-10-24 10:41:22,change_password,,,True,
2906,fdcf96e07ff1698b8e5d6fbc089f2b01,2025-09-26 22:49:27,login,,,True,
2907,90f9ede76cec28b65484f77d1b1a047d,2025-11-06 21:30:06,open_card,,,True,
2908,a3ecceedc6ca03af6cdfb4c8b0951cbb,2025-10-24 19:23:31,login,,,True,
2909,bb200cd84daab700ae0601d22ff021ed,2025-12-21 16:05:38,make_transfer,158311.04,KZ361279292202278348,True,
2910,cadebcdbc178faeabcea96a6a4aecd1d,2025-12-08 22:31:32,pay_utility,122040.36,KZ930237106493134148,True,
2911,2d50d8e1bc70ccc87f4ad9ad687eddad,2025-11-16 20:41:19,view_balance,,,True,
2912,60c7a081deb2596e7bed7d5cbb2ec01d,2025-12-23 14:12:54,change_password,,,True,
2913,c8dd18f2cc3125193c56e5666ddb2b8a,2025-10-14 08:18:00,open_card,,,True,
2914,6dff25fd73b1fda7cf04bc3cadcbd3ed,2025-09-10 06:57:35,open_card,,,True,
2915,9585befedc9e7bfddf9e1b1d2482c997,2025-10-02 17:14:58,change_password,,,True,
2916,cdbc9d7f2cdfdabdea9b96eb3a17f44b,2025-10-25 03:23:31,login,,,False,auth_error
2917,a39ee71b2d470ce94c934a13d585f8fe,2025-10-18 22:08:30,pay_utility,119692.58,KZ629202942365710746,True,
2918,b0ddafcaddb18eefc357db865d21b257,2025-10-14 06:17:45,view_balance,,,True,
2919,7aec2c8f823debd8e0c84a325785cadf,2025-11-05 09:02:23,change_password,,,True,
2920,a7b5bf61d52c1e4ada5fa9e9c6ddecfa,2025-12-26 03:53:49,change_password,,,True,
2921,e4118cba9bf8c793dba5aeb5cd779c06,2025-09-30 01:07:20,login,,,True,
2922,33b21e22eb3bcae796da33e9fde7acb8,2025-11-10 22:28:00,open_card,,,True,
2923,46ecd97b47bc5f88aebf74569c5fdcd5,2025-10-07 10:22:53,view_balance,,,False,validation_failed
2924,c4fdddfcf5bebb7089e50723c9e2edf6,2025-10-20 09:21:52,change_password,,,True,
2925,18a70ec16b8b5aae8e87bccb245bb502,2025-10-09 16:08:59,view_balance,,,True,
2926,992dc748bf9a1e83f0b974a7fac3b6f4,2025-12-23 23:26:43,pay_utility,194069.16,KZ655399308765577002,True,
2927,360b573d9ba336cd77f1fe2cb9bf8ab2,2025-12-06 22:10:38,make_transfer,33962.09,KZ834412509883057348,True,
2928,ebcd4da928567da56b14bdac12da6e27,2025-11-08 09:23:39,open_card,,,True,
2929,b4f48f85b2d8eeed4bdcaaa94281ab93,2025-10-30 21:16:28,view_balance,,,True,
2930,7267fffe959e5e1d4174efd59acfc5aa,2025-10-05 02:04:23,open_card,,,True,
2931,1c5bf9d6d2adb8cdfdeae8b439ad3cab,2025-12-21 08:27:33,pay_utility,9029.36,KZ929204246611768535,True,
2932,84a912e4fbd77ab7fcb1a23114b17ab6,2025-11-12 08:05:03,open_card,,,True,
2933,6cfaeadee7ba98a482fca99e827f2aea,2025-09-01 21:34:08,change_password,,,True,
2934,ad585fdfecaf4fdfb42e5c30fdfcdfcd,2025-12-12 19:36:15,open_card,,,True,
2935,effd5d6dee25c513b54591dbe37af883,2025-12-13 17:40:05,view_balance,,,True,
2936,8bafdc1eb5e5e002255c5dcfbaa1ddad,2025-12-28 01:33:19,view_balance,,,True,
2937,9e8a583c8bf8dd3b65ccfb5cfbd19e25,2025-10-18 12:18:41,change_password,,,True,
2938,afc9b2e979edb72bed383565f009cdeb,2025-10-21 23:07:53,login,,,True,
2939,b4ec4aaf89bdc02cf354fb6c19c9c172,2025-09-23 06:21:08,make_transfer,198110.41,KZ105473406340110717,True,
2940,1bfbceaddd851bdcce1aec7caf74fd7f,2025-09-10 14:23:08,make_transfer,81575.63,KZ183984159846301670,True,
2941,cbbe0a1f55d227a0e61e60e91af0efd1,2025-09-23 05:55:41,pay_utility,120560.03,KZ356720165695582247,True,
2942,c6be65b1aa6c9cebb7d67bb6fbd1b75e,2025-10-29 21:54:59,make_transfer,9563.59,KZ558488852253961957,True,
2943,efde4fb280625f62eb0aeffe65ed4d98,2025-09-29 05:21:23,view_balance,,,True,
2944,1fadb0c26adaebe1e2be7ba89fe842bf,2025-12-17 05:42:19,view_history,,,True,
2945,c502e107dbf2ead4da01e28fcdae20f4,2025-10-13 02:15:06,make_transfer,47535.5,KZ395981617858259426,True,
2946,de73da697c35c5b7ddc7ccf49fce8bbe,2025-12-27 10:08:21,view_balance,,,True,
2947,ed085e0b32fbf7edacefeed7e07d4549,2025-11-30 10:14:05,view_history,,,True,
2948,4e5700e1ffcc303e607a2121f9f97dae,2025-11-03 03:44:16,logout,,,True,
2949,e82e6cd6e8a2ba9cbbe45b7c156d3eab,2025-11-02 05:48:47,make_transfer,52689.83,KZ560396883564356205,True,
2950,933118d5c5daf81d0a8a2d5a89e3cd88,2025-10-16 21:27:30,pay_utility,63966.57,KZ150750495685597898,True,
2951,d7a0dbdd7d5025d68d0ed94fc1966ceb,2025-12-01 09:40:15,pay_utility,148821.2,KZ141836903650341431,True,
2952,e4ae66baaf6b626dbfdb22894bcf9ac8,2025-11-15 21:55:04,logout,,,True,
2953,b11b2c1f9dbdb8fcdfed0bd7939725cd,2025-11-21 00:20:15,view_balance,,,True,
2954,ce0aa0ef2e8211f2405bee36a443c19a,2025-11-02 01:39:12,view_balance,,,True,
2955,5eadcfeecf39bc4767c9ebe800ff301d,2025-09-21 01:52:36,logout,,,True,
2956,2a4d1d75fbfcbeddeb5d9fc301ba0315,2025-10-31 14:46:37,make_transfer,86303.74,KZ351905479766983142,True,
2957,cae8793dcbd0d5dbecb1294fae411cbf,2025-11-26 22:50:56,make_transfer,76339.96,KZ895011217944648230,True,
2958,7d9e8dbbffca3d68059dbcf9bed0ed5d,2025-09-09 01:46:19,pay_utility,172154.02,KZ436290814731208870,True,
2959,b4ec4aaf89bdc02cf354fb6c19c9c172,2025-09-23 06:07:06,pay_utility,168379.23,KZ837876573790760004,True,
2960,0bfdeb75caebf6eed21a24d43baa0e18,2025-10-15 15:21:54,view_history,,,True,
2961,cf314bab54a4bec5addb44f21dd3fef9,2025-09-23 10:15:10,open_card,,,True,
2962,ddebabb2e403dec82a9fab6e596ecfde,2025-10-03 04:50:17,view_history,,,False,validation_failed
2963,d2ec0b7343218914aef78f53779f67b8,2025-11-26 10:01:07,open_card,,,True,
2964,0ebbbc2b5f00fda5e0bef75525ad0fff,2025-11-18 22:51:52,open_card,,,True,
2965,e2e8ded6fe5ca88ee7c3dcad684f7b8a,2025-11-29 17:58:45,login,,,True,
2966,ed7ebbda4cdacccd77104efcc11ed3d6,2025-11-22 14:37:31,pay_utility,37579.27,KZ562439240191565653,True,
2967,cdafaae6c35e6aed94302d1bedcc4db5,2025-09-01 23:31:17,open_card,,,True,
2968,d253afdfbc0134b4ec8ddfea6ef3451a,2025-09-23 07:12:14,change_password,,,True,
2969,d83072de5ac53ea305b049bfa3fbf8a7,2025-12-30 06:15:36,view_history,,,True,
2970,a53f4eea51e1663ade0d2f33ef46937a,2025-10-19 05:44:53,login,,,True,
2971,af1fb0b3eb11fe5c07aca6679f9c619d,2025-09-19 06:02:16,logout,,,True,
2972,da86b8decbd13ad57af0dd3bb3b03acc,2025-09-10 14:17:57,change_password,,,True,
2973,afed50d75a69d70bb50fafd506ed4c0a,2025-12-20 20:13:37,login,,,True,
2974,0faeed6479adbbe7899b2c0bdfc1272e,2025-09-13 21:27:24,view_history,,,True,
2975,6fb0ad9bd3b735b4d6cf18cd0ee3c46f,2025-12-22 10:29:27,login,,,True,
2976,e5bd54f49bdf959a1cd1d2bcbcfdd04c,2025-12-15 16:35:54,login,,,True,
2977,f0c4252eb062f61f27c11ea21775b969,2025-09-04 02:59:25,pay_utility,30775.69,KZ524045803179649051,True,
2978,8d57b1ee1e6b8880a02ceed92de09f9b,2025-10-14 20:31:10,login,,,True,
2979,0c0c1e4d6ffcfbaa2f3ddd6dad614dff,2025-10-19 04:35:34,view_history,,,True,
2980,573832ebcaca25e4c6bdfaa5f63dab6e,2025-09-29 05:37:59,login,,,True,
2981,a0a8eb3f9ecbedf69258accdcb8b8a5c,2025-12-24 10:27:36,view_balance,,,True,
2982,c7fc31ec55ec264bcc1e019a9cced2c6,2025-10-18 16:38:22,change_password,,,True,
2983,88b7785833c1300d7dcae09a6ba1717d,2025-11-15 05:04:46,view_balance,,,True,
2984,8eadcc60e7fdd4e70b5fe2cd56dec57e,2025-10-10 02:56:07,make_transfer,13315.91,KZ257204572858827869,True,
2985,459db5e4428e10fcbe8bac403ab92d4e,2025-09-06 13:43:02,make_transfer,8573.51,KZ264236677732869725,True,
2986,fdb978c7cdfcfdebbd2e69acbf1df4fe,2025-11-19 15:39:01,pay_utility,24572.14,KZ305002706131841617,True,
2987,f2df8cb0715da7a34bb3a31ef60e8ba3,2025-10-03 09:57:48,login,,,True,
2988,0e7e6d30ea5fbfda1dec8b624416d1af,2025-12-06 00:50:50,logout,,,True,
2989,1dea22ffb3bf1a1f6c7ded7fb1bbfd50,2025-12-02 23:54:41,view_balance,,,True,
2990,46f1c4a5b400390b12000f0feb9b2aa8,2025-11-16 07:48:30,view_history,,,True,
2991,73a3c86ef365d0750d3cd7789f52d4db,2025-10-21 02:21:23,logout,,,True,
2992,6fb0ad9bd3b735b4d6cf18cd0ee3c46f,2025-12-22 10:10:54,login,,,True,
2993,1ef1dcae16d4ff2dc5fe5fc03f5af20c,2025-09-17 04:01:42,view_balance,,,True,
2994,1892dfc73a837e837fbb2d38fab8fd71,2025-10-15 14:48:20,logout,,,True,
2995,8eadcc60e7fdd4e70b5fe2cd56dec57e,2025-10-10 03:04:14,make_transfer,19461.23,KZ526291948497083829,True,
2996,101bb143eca0cbc2327c3d96b5b9c813,2025-09-11 21:47:57,change_password,,,True,
2997,d7bb2cfe5ab3a19dfa3bb27d9075d4fb,2025-11-12 20:09:40,change_password,,,False,timeout
2998,8ab5bb28f937bb2816e6c415e5e0ac9d,2025-11-15 18:55:10,login,,,True,
2999,bcfbbbd8fc3dbed5ff0bee17f0f89c42,2025-12-12 11:30:47,pay_utility,103276.99,KZ653448048438914161,True,
3000,9e2cdd6ac4727237e0f6caf2bad3cb4d,2025-10-03 00:18:31,logout,,,True,
3001,433a615bed8a46e08aecc63ac004abb7,2025-10-19 17:41:16,open_card,,,True,
3002,089d4344c8c75025a42e39758efbb6d8,2025-12-06 08:56:35,change_password,,,True,
3003,ed04c77e9e7c6a9d9fd6fbb405babbb5,2025-10-15 00:44:20,login,,,True,
3004,bb50c83bc255bd534bfaf3828f12ff58,2025-12-05 13:14:00,change_password,,,True,
3005,e5673c533be992de1b342cbbeba5e64f,2025-12-23 13:17:02,view_history,,,True,
3006,fab9e1d40aca45a0e1bf8aff233b411e,2025-12-18 02:16:31,make_transfer,193263.9,KZ999194280032331320,True,
3007,fbb23bbe4f56facb4a5915099cca0d37,2025-10-02 23:25:33,pay_utility,199233.6,KZ784350296522630079,True,
3008,f3c6fa2d6ba2d29720de949f6e7afa2b,2025-09-26 09:22:00,view_balance,,,True,
3009,33bddfd8dac34e4bbfbcfd51be0d32fa,2025-12-04 11:22:51,change_password,,,True,
3010,df9bd4fc84c7af9cf0ee61e97def4ba5,2025-09-12 05:05:20,view_balance,,,True,
3011,c7e7d3ef700fb87ea5fadcc5ef02ffca,2025-11-03 09:24:26,pay_utility,29410.07,KZ973813031978024858,True,
3012,7983fdc5d4acb0cc6cebbd2be4ad7ba9,2025-09-27 13:23:43,view_history,,,True,
3013,2d6ecfb57881014ed1d876fab833c4be,2025-12-14 16:40:08,view_history,,,False,timeout
3014,db2ee6beea64caa72aeda7ed2c4de5da,2025-11-18 22:38:17,open_card,,,True,
3015,aebc4a6e79db23a722c08699115e9eec,2025-12-05 21:27:04,pay_utility,141905.88,KZ154365555602985241,True,
3016,72f35863282a00f25abbeaacbbdaadcb,2025-09-06 07:06:35,open_card,,,True,
3017,ecd1edfe94e24261a8c64f7dc5caf5d8,2025-11-26 22:16:45,make_transfer,141116.23,KZ684048394304781003,True,
3018,0cbce7e5ab7c9aa5af6a0c73bbf0c26d,2025-09-20 10:17:23,view_history,,,True,
3019,2af595deeae55ea6fb5e8af666542249,2025-09-20 23:36:16,open_card,,,True,
3020,d447fbfeed2fda333fcc42bc4c5a14e4,2025-10-23 09:50:10,login,,,True,
3021,13eea2554fba89d6e31dd382fcccdba3,2025-10-03 06:02:00,change_password,,,True,
3022,131eca81ddab49bd3baa2adaeb8a13e4,2025-12-12 04:34:22,logout,,,True,
3023,c40debc5f47c3adcacbd5ba60dbf9daf,2025-09-10 07:22:53,view_history,,,True,
3024,eaefe2b97a7e2fefdcbb6a3a893bdad3,2025-10-01 22:10:26,login,,,True,
3025,56f313baa1b3000eb0dc290dbb812dbb,2025-12-05 15:47:34,view_balance,,,True,
3026,bb27f871fd13e2bedb5c6d7bcfb9bf7a,2025-12-13 02:32:59,view_balance,,,True,
3027,7aeafd66bf19ea3643792d0c7d6f5cc0,2025-09-02 16:11:05,view_balance,,,True,
3028,6e4dd74cabdbedede4bf1c289a30cec1,2025-12-29 21:23:11,open_card,,,True,
3029,e1804a41d1f34fd1bcc4a922f2d2ac8a,2025-10-05 06:33:20,view_history,,,True,
3030,9f2c50b3d1bbb9ee0f3abcad03bdd0a6,2025-11-30 18:45:35,pay_utility,149735.31,KZ166862002869774625,True,
3031,4f107d6db70fe1a6f349ede5bf2bc6d6,2025-10-04 19:07:39,view_history,,,True,
3032,c7eec697e455ac49abb0ada5993df9dd,2025-11-14 07:51:17,view_history,,,True,
3033,beff6ac6ba9ec40bfe89a3df06d369ca,2025-11-12 03:21:26,login,,,True,
3034,ba572bbcb76b7c2f1e14b8dded17e505,2025-09-13 08:43:37,open_card,,,True,
3035,9fdfdacbd28e2211e35c7bfec79f6584,2025-12-22 07:19:22,login,,,True,
3036,fe167ffb44ff5aaec7c3d72967f5b1da,2025-12-17 11:52:13,logout,,,True,
3037,2beb2b66c40bfbf213db09daf6e8b9bc,2025-12-25 17:47:28,view_balance,,,True,
3038,e5b8ebabe2edb53f01bc4fb7edd7e6f2,2025-12-06 01:59:09,make_transfer,178122.88,KZ453689981526433651,True,
3039,df8b9f1afbdbe0476daa1a4abf59e24d,2025-10-18 07:18:57,change_password,,,True,
3040,fbba5cec2d69a2e09fdc190b041c2e3a,2025-11-14 18:03:18,logout,,,True,
3041,a5a98bc403df9aa6ff6f0d0dc006edaf,2025-11-18 11:04:41,login,,,True,
3042,7983fdc5d4acb0cc6cebbd2be4ad7ba9,2025-09-27 13:41:11,change_password,,,True,
3043,68d83dbe144dad3eaae1dc2bfe7ea479,2025-10-05 02:16:02,login,,,True,
3044,de1b4e0aaa48e5afdf7fccc30265338f,2025-11-09 16:06:51,open_card,,,True,
3045,71dfba87cb23f38b36a0ccbc4eefdfde,2025-09-24 13:28:53,view_balance,,,True,
3046,e8595ba6e0cdfe81c1bf9fe33fcf52bd,2025-09-20 21:23:16,pay_utility,146366.24,KZ950775090714316104,True,
3047,6ffc5adfecfb8b4b7913d442e55ab31b,2025-09-27 11:46:33,open_card,,,True,
3048,26a2b8bce2dfa0cd1987c6d905e18380,2025-11-18 04:05:59,pay_utility,192777.62,KZ504615149907624563,True,
3049,cdafaae6c35e6aed94302d1bedcc4db5,2025-09-01 23:45:20,change_password,,,True,
3050,eaefe2b97a7e2fefdcbb6a3a893bdad3,2025-10-01 22:02:17,login,,,True,
3051,7a6a51ebdacea472b801dedacb2bcfef,2025-12-30 00:53:09,login,,,True,
3052,1b5d857de0feaf6f4a13f3aaf1f5baff,2025-09-11 06:07:15,login,,,True,
3053,a04dc86bb3e1dccb19eedffa4bd9219b,2025-12-15 09:46:21,logout,,,True,
3054,0bce92a940d5ba2ab4b312585df0adea,2025-12-18 12:26:17,change_password,,,False,auth_error
3055,a5e1d5dfdb747aafdedf60b441cb86e6,2025-12-18 18:25:40,pay_utility,186284.75,KZ678559508968107407,True,
3056,c892cf1bc187d22ebaba020af61cdff1,2025-12-28 00:50:17,logout,,,True,
3057,f7442368bf6ba4e400f831d3939a0a1b,2025-11-21 07:09:21,make_transfer,148660.49,KZ770341568018543938,True,
3058,5add80c2c50bb2cbffda3460a95a54e1,2025-11-04 08:50:04,view_balance,,,True,
3059,65bdfa2dfd97f6ad008a06d8bafd04fa,2025-12-02 15:42:41,open_card,,,True,
3060,56af7d3491202ef82d0cdaea6beebd35,2025-10-12 21:38:20,change_password,,,True,
3061,6dff25fd73b1fda7cf04bc3cadcbd3ed,2025-09-10 07:03:43,view_balance,,,True,
3062,f0e33d9acd6e99fa619b29b5ea2eddfa,2025-09-23 02:02:38,view_balance,,,True,
3063,2c9f9ee63fc494fc3eeae4b172e07e55,2025-10-23 23:10:02,logout,,,True,
3064,a22bf8cc5a0db166247eccd1a7ceda42,2025-09-01 07:01:54,open_card,,,True,
3065,68905ebf05fe20be9a5e4ce0bf2ac2b0,2025-11-25 01:21:07,view_history,,,True,
3066,7efefc5a8e1ef856bdf1dba91f1fe800,2025-09-08 23:12:09,pay_utility,52832.66,KZ836155123495715034,True,
3067,306e59069b773c0cf8ed8347f5fdf2c6,2025-10-22 10:21:12,open_card,,,True,
3068,4fc3a63e0a0ffb3cfe0a0dbfce5bfe15,2025-12-30 15:18:48,open_card,,,False,validation_failed
3069,29cbefca05bfd28ce43b4c78137cb4ad,2025-11-19 05:12:17,logout,,,True,
3070,8d57b1ee1e6b8880a02ceed92de09f9b,2025-10-14 20:32:11,logout,,,True,
3071,cbda2aa465f01b2fc85aba5cea13c2d0,2025-10-30 08:32:43,view_balance,,,True,
3072,ddbd45fa9e81eb9aabdbebd8be861fb1,2025-09-21 03:10:19,change_password,,,True,
3073,ebacff291c689a721c7abde4880eb819,2025-10-29 09:42:13,pay_utility,28202.94,KZ202838550508706021,True,
3074,6f0f86067af1b6c69361e53fac519013,2025-12-27 04:34:02,logout,,,True,
3075,fd5b379e4bceb46aefc66bdb6badb03b,2025-09-12 06:21:00,view_balance,,,True,
3076,2c7a5d85505e21ad2e8f66d601d799fb,2025-12-13 14:42:52,change_password,,,True,
3077,c5e3c323c7703a2a94aebafadb2d3e40,2025-12-20 00:46:38,open_card,,,True,
3078,b0dc9bc1f9e1968e81b99750a61b5d21,2025-09-18 04:13:07,view_history,,,True,
3079,1c5bf9d6d2adb8cdfdeae8b439ad3cab,2025-12-21 08:36:11,logout,,,True,
3080,aaddad366f1b4a09dfffdddd48e8fd0a,2025-10-26 00:07:36,pay_utility,174409.56,KZ334959330562914393,True,
3081,c6c5ce8ed688eebbda9cecd8bda748e4,2025-12-28 16:06:00,logout,,,False,timeout
3082,6c78080ceccbb5afd2eb8aba7e80aa08,2025-09-01 16:30:51,make_transfer,172824.1,KZ146798445395930632,True,
3083,df8da0cfe3e7e78e574bafac88065284,2025-12-10 05:03:52,pay_utility,26563.1,KZ049806239349245526,True,
3084,9ddcbfcedd9bddb2a42ff7d7ba68aee4,2025-11-18 14:10:02,pay_utility,146706.51,KZ284706921401460658,True,
3085,bb27f871fd13e2bedb5c6d7bcfb9bf7a,2025-12-13 02:46:33,view_balance,,,True,
3086,aace1eafadd1e4eff767a232dccf9232,2025-09-21 05:32:19,pay_utility,194690.43,KZ220987803332771381,True,
3087,fdf3b31aa9f2ae5fffe90350885a9e92,2025-12-17 11:32:32,logout,,,True,
3088,2d50d8e1bc70ccc87f4ad9ad687eddad,2025-11-16 21:00:06,change_password,,,True,
3089,fea307fbfeebca3c9bfbd13ceccafe7b,2025-09-08 12:26:45,pay_utility,150338.21,KZ260627660331615571,False,timeout
3090,101bb143eca0cbc2327c3d96b5b9c813,2025-09-11 22:04:28,change_password,,,True,
3091,a96e1eef6ea99a4bfe7f2e79c4fabae4,2025-10-10 15:08:08,pay_utility,152133.22,KZ152905319813306882,True,
3092,db99acbec4ddbe609436d1ebb6ffbccd,2025-11-19 23:50:20,make_transfer,1426.35,KZ148853655291626660,True,
3093,facb4717fbc8c5fdeabac354dcecefbb,2025-12-08 22:01:18,logout,,,True,
3094,aea60eaea5f5f72b892feee031df6580,2025-11-28 01:39:55,open_card,,,True,
3095,ec41cbdea8736f4cd0a4ccdff992aee7,2025-09-30 17:35:48,open_card,,,True,
3096,ba1efe5ba67ba0cadba6d644e1db6ece,2025-11-05 22:43:19,make_transfer,131791.21,KZ396546709722434368,True,
3097,d2bb08bac26aaf21bfaaa9aedb17f5ff,2025-09-03 20:42:56,make_transfer,149705.8,KZ674695500944432059,True,
3098,0ccdf0c6bbe5b123cb3cb535172c62ca,2025-09-18 04:23:07,open_card,,,True,
3099,ffcbc2e538dfcdb103e9c869f289d8ed,2025-12-08 16:56:14,open_card,,,True,
3100,af1fb0b3eb11fe5c07aca6679f9c619d,2025-09-19 06:00:53,view_balance,,,True,
3101,9ca37e3635e4ddc5ec8ddcebf1d184ec,2025-12-26 18:13:36,view_balance,,,True,
3102,18ae21e48b6f99cafccd03aec12de1ee,2025-10-06 04:01:34,pay_utility,132413.41,KZ951384327293809891,True,
3103,310d989fca2bfbaea43dd7ecc822e5b6,2025-12-22 00:55:46,open_card,,,True,
3104,6e4dd74cabdbedede4bf1c289a30cec1,2025-12-29 21:28:32,pay_utility,29113.5,KZ846442055489182224,True,
3105,f61fe7fbccb055ec2cfc7dbdcee1b47b,2025-10-03 07:14:13,open_card,,,True,
3106,e0d86e1cfff3d80b8e18cebc3f02c141,2025-12-24 13:11:44,login,,,True,
3107,c2fe93fcba67d82cca76ab18efc3c3b0,2025-10-27 08:13:37,open_card,,,True,
3108,f8e4eab0bcc64a4ecbac56dbd225bdb3,2025-12-28 16:41:15,make_transfer,105829.71,KZ798689382427763107,True,
3109,ccd0b2bad685318629da90e5e3b5d87b,2025-11-25 09:44:41,make_transfer,23223.13,KZ649107174744958649,True,
3110,a96ec7c3ddc65da89e185d5e3cc06a3a,2025-11-28 13:46:10,login,,,True,
3111,eaf7cee9d9268e91bb61aedbfe8a9ea0,2025-10-09 14:02:32,login,,,True,
3112,771af2fab8b4eda1888eceedf4b4cdd6,2025-11-04 08:52:07,pay_utility,1674.9,KZ913955923265609584,True,
3113,dee5a9abf0cafcf7b4f12bafedaa3ad8,2025-11-28 03:12:37,make_transfer,145277.31,KZ466130195075134383,True,
3114,d8b7b4bb64eff377efbcd543fcf6460f,2025-09-23 17:21:21,login,,,False,timeout
3115,30e32c4fe9867c4dbc3fcfdcf74b8ff2,2025-09-02 02:06:51,logout,,,True,
3116,e0ccc5d47c580adaf96fe0465a0b0bc2,2025-10-11 06:14:57,view_balance,,,True,
3117,8a4bb8df8fbad72bee298bf1fdffb3f6,2025-09-27 22:21:54,open_card,,,True,
3118,306e59069b773c0cf8ed8347f5fdf2c6,2025-10-22 10:13:18,make_transfer,170633.95,KZ522231238568548645,True,
3119,35d413dcdb3c536b7af91a2fffd1e1ca,2025-09-20 00:55:12,logout,,,True,
3120,5f9ddd05efc649be7b95587845f4aee6,2025-12-12 00:49:52,view_balance,,,True,
3121,0c0c1e4d6ffcfbaa2f3ddd6dad614dff,2025-10-19 04:23:04,login,,,True,
3122,d305bd7f4caa0f4112dbdbeec2ad11fc,2025-12-26 22:05:16,make_transfer,28916.57,KZ506906057413580766,True,
3123,00d24ed59abce7303ee483fcd5dcdac7,2025-10-06 10:38:12,login,,,True,
3124,5722dbbaffb0c02b0aa7a2a1ab3b3df5,2025-10-20 18:05:00,login,,,True,
3125,a4bcd626834a3d0e55cb29bcc9b32dab,2025-09-18 01:10:05,change_password,,,True,
3126,a332abaa446dc8bb6ea0e92ddc879fcd,2025-11-25 17:08:53,make_transfer,121466.36,KZ532226567860935150,True,
3127,420d18b618efa6ee0dcc2adacfbb6f8a,2025-12-13 01:25:47,login,,,True,
3128,9ca37e3635e4ddc5ec8ddcebf1d184ec,2025-12-26 18:21:29,change_password,,,True,
3129,17e45abbaee0e50a729b7d21de1cddff,2025-12-25 17:50:34,view_history,,,True,
3130,e5bd8e3ff9a44c6f97dd4e1b110ae8fd,2025-12-23 09:37:26,pay_utility,17596.61,KZ892887909149460058,True,
3131,bfced2cd8fbbe87f4ddfdf0aedfeaacd,2025-12-01 06:31:09,view_balance,,,True,
3132,aaefda926042476abdb39c5f5b2ce97f,2025-12-06 02:48:07,view_history,,,True,
3133,31dd5a815efafffff1872af42ace343f,2025-12-16 08:12:10,view_balance,,,True,
3134,b4946e752fba7c0bff6e45c82ceb4ee2,2025-12-24 00:53:11,pay_utility,189903.52,KZ747872755753351524,True,
3135,36e1e2a76948ca6c150fe35ceb4d1f6f,2025-11-06 05:20:55,view_balance,,,True,
3136,2defc36fe8409aed47cdbaeece8eece3,2025-11-28 07:09:39,logout,,,True,
3137,1fb840e23c2aa66bcf98b4dcdf46ca57,2025-10-22 01:00:32,make_transfer,66649.91,KZ357253748737804022,True,
3138,21dadb2b3bda95ffd9ab3d7afebece12,2025-12-16 22:11:38,login,,,True,
3139,8bbc6961c94bf4e25dcfef7a0a9bf3a7,2025-12-05 22:41:32,view_history,,,True,
3140,20f4bc2fc643da0a0ce1a2bdcf499a27,2025-10-29 17:20:58,login,,,False,auth_error
3141,8faeb35c66b52ba80bb7bfcc6bd3e945,2025-12-15 07:43:04,view_balance,,,True,
3142,1eaaaa3ef227722aa4beeaeb3582c7ea,2025-09-08 02:32:50,view_balance,,,True,
3143,3470648bffadeed492ba6a4012e3a81b,2025-09-14 00:46:36,view_history,,,True,
3144,dee62e5a746307fa0fecce8669f63a8c,2025-09-30 08:09:57,change_password,,,True,
3145,adcd296cfba7e2efbad55eb61b2187ba,2025-10-10 01:11:33,change_password,,,True,
3146,cbd3184daec891b4abd599cfbedea1b6,2025-10-28 10:39:15,view_history,,,True,
3147,e2e8ded6fe5ca88ee7c3dcad684f7b8a,2025-11-29 17:33:19,open_card,,,True,
3148,e5b8ebabe2edb53f01bc4fb7edd7e6f2,2025-12-06 01:37:48,view_balance,,,True,
3149,6ceb127edf31565354ab61b3bbda0cdd,2025-12-15 11:38:31,pay_utility,193268.15,KZ950156990726016164,True,
3150,2a6f5fdca7480930ce9e404e1a94349d,2025-12-27 11:45:33,open_card,,,False,validation_failed
3151,b83c9cd4a5bfef5d6cbc92bae2248a9a,2025-10-16 13:35:41,view_balance,,,True,
3152,2a1cdb3ad22bfcfa13bc2b4bcd37c68f,2025-11-07 06:00:45,pay_utility,14252.13,KZ233219012117327655,True,
3153,4e15f9faca0adcfede5d81e3cdb1ad5f,2025-10-04 00:54:57,login,,,True,
3154,7190a5cbaa20aafa79fddd98699b8c58,2025-10-08 02:53:38,view_balance,,,True,
3155,edbd7bf6be4dc8774dffca0e9adfaf0b,2025-10-06 06:34:05,make_transfer,161239.65,KZ771251127866245572,True,
3156,fed67be2a05ad33b1c85052f6fa70b8a,2025-10-21 17:09:23,pay_utility,49023.85,KZ221458830000189553,True,
3157,cb325c59ec57adccf632cd1e6be2a643,2025-12-29 00:31:12,pay_utility,108680.94,KZ291006466722695294,False,auth_error
3158,beefcfcd7d693cfce652a73ec6291795,2025-10-10 19:00:30,make_transfer,24627.67,KZ513677633441037728,True,
3159,f7c9adf6defa964a7ffe18becff7ebaa,2025-12-01 19:25:59,logout,,,True,
3160,5ca949206befbb315a1cc453008dcc95,2025-09-10 13:55:44,view_balance,,,True,
3161,3e616678ae2db30e2603d8c6521f0ffd,2025-11-15 19:25:40,logout,,,True,
3162,037c0939dbd5e9dabfabf66be4eea5e1,2025-10-30 22:32:52,open_card,,,True,
3163,7bc38f982debd68e5fbcedadc96ea0d0,2025-10-02 10:14:11,pay_utility,79302.61,KZ569278282935349893,True,
3164,f3bbcbcbd24aa227d2fb1f29d6ea1055,2025-11-23 22:06:12,logout,,,True,
3165,46f1c4a5b400390b12000f0feb9b2aa8,2025-11-16 07:46:18,logout,,,True,
3166,abd0b6bb766eac21f3018ebb6f99fb04,2025-10-12 11:40:30,login,,,True,
3167,d4dfd72b1c291d4907630d5bd0edc8d3,2025-10-07 20:59:11,login,,,True,
3168,e1373310aa186ae273679a5a2bddbac9,2025-11-30 13:36:34,change_password,,,True,
3169,ce1edcd3f5bab4e8517c978bbc1e3fdc,2025-12-13 08:24:34,login,,,True,
3170,0bbb7b41f3e2ccc668ca1a04d22bc03a,2025-10-14 13:28:47,change_password,,,True,
3171,dde76792debdf3f29f8ec7a081353feb,2025-11-09 06:53:24,view_history,,,True,
3172,36bebcc6ae0efcabb43ccefad46c16f6,2025-10-01 08:06:54,login,,,True,
3173,636e4f66de8d6ae41bc4e7ae20608db6,2025-12-21 00:10:27,open_card,,,False,timeout
3174,72f35863282a00f25abbeaacbbdaadcb,2025-09-06 06:49:45,open_card,,,True,
3175,cf314bab54a4bec5addb44f21dd3fef9,2025-09-23 10:31:38,make_transfer,57062.41,KZ181777764810380450,True,
3176,f1c77b07edffa00dcba2efec24b65fd2,2025-10-19 10:46:00,logout,,,True,
3177,fbcd1c7e33f8fcef2c4ccab2a57310c9,2025-11-13 07:31:48,view_balance,,,True,
3178,c4fdddfcf5bebb7089e50723c9e2edf6,2025-10-20 09:17:14,view_history,,,True,
3179,6cfdbbbc4dffe6aafda266833db420fb,2025-09-05 20:17:50,make_transfer,158624.58,KZ298116475150151201,True,
3180,0b2ace8d48ab83a9368c5ceae577fe3f,2025-11-27 03:47:53,view_balance,,,True,
3181,f82261cc7bc91f5f81c0c95ab6c9babf,2025-10-27 08:35:25,change_password,,,True,
3182,b3bbf31fabfc5dacfcfaeda797dc5ab7,2025-12-19 22:41:18,pay_utility,90462.31,KZ035225638589186500,True,
3183,ad49e4bef30c39eca5fbb62837bcce68,2025-12-01 10:37:00,open_card,,,True,
3184,a7fa05db6676bdf195f1822f7150b5fd,2025-10-03 23:27:50,open_card,,,False,timeout
3185,bf2ff3b18f0dafca3f54d73fbdd9127a,2025-10-01 23:10:40,open_card,,,True,
3186,df7bb77ed83cec22b7c2ecd296e23fe5,2025-10-19 17:39:28,make_transfer,89387.82,KZ529510900525808531,True,
3187,0bbb7b41f3e2ccc668ca1a04d22bc03a,2025-10-14 13:30:30,make_transfer,111990.29,KZ021219155389945991,True,
3188,ff393a14c98e6c986ddaea89e0b0cdab,2025-09-29 23:05:30,view_balance,,,True,
3189,943b3e1ddebbdbad9aeb587c3eacf6ed,2025-10-17 03:37:50,logout,,,True,
3190,ea63922ee8fadfe85cdd43dddd7f9cad,2025-09-21 23:48:00,open_card,,,True,
3191,eb5246fbf4abc1dacbbc79f5eedf6bff,2025-12-21 05:22:33,view_balance,,,True,
3192,fb890dadb62cbecedb8727e6e4f1febd,2025-12-19 11:59:35,logout,,,True,
3193,a62dbce98d2dd737acdbee3eafa27cce,2025-11-25 15:12:41,pay_utility,181598.89,KZ746592434400807150,True,
3194,3c3d7aa08b0c34b542bdf238ac196bf8,2025-12-09 19:30:48,change_password,,,True,
3195,effacf4fc4a7b53f31bd871fb32fdadc,2025-09-10 10:56:07,pay_utility,13814.87,KZ207179125039248107,False,timeout
3196,f0acc61b1b57f90e46ccd99ace98d0c5,2025-11-18 07:50:53,logout,,,True,
3197,fc2df389d9fcb76bbddf3accd6f3a737,2025-09-11 02:33:40,logout,,,True,
3198,5eadcfeecf39bc4767c9ebe800ff301d,2025-09-21 01:48:30,change_password,,,True,
3199,ad585fdfecaf4fdfb42e5c30fdfcdfcd,2025-12-12 19:23:43,login,,,True,
3200,3a9ebd71c76d6ac139264ab33d42662c,2025-12-13 21:12:11,make_transfer,111940.3,KZ994089488500384625,False,timeout
3201,0ad49c1dddf6606dbcbac9f52f70acef,2025-10-31 09:23:12,logout,,,True,
3202,08cdf7f5f79caafdda5bd3bfe1fa7bb2,2025-10-12 06:03:18,view_history,,,True,
3203,bca9de2e8ce7160dc7deb5ffbf898dee,2025-09-12 15:32:29,change_password,,,True,
3204,3c4d2c07ae63b5b79fdf3cab98b0c059,2025-11-28 21:00:23,change_password,,,True,
3205,ebf1cbbf4d72b0a3fd9e2b3351b6f3a2,2025-12-19 19:37:05,login,,,True,
3206,4b7a7c59827fc71cb36fabbef91fb8a2,2025-09-21 23:04:34,view_history,,,True,
3207,f4bf816ae53a38e0cd68f7957ccfaaec,2025-12-11 11:30:16,view_history,,,True,
3208,ae0dda785eff446ad4bfcc97cacee5d9,2025-11-26 22:04:47,login,,,True,
3209,c5aa05fcadbbb40dc3bf5d2b9fce1167,2025-09-06 20:49:51,make_transfer,181270.35,KZ363848699360760572,True,
3210,f61fe7fbccb055ec2cfc7dbdcee1b47b,2025-10-03 07:19:16,view_balance,,,True,
3211,c37d4ff0465e4ce09ae2f32d3c4d6a66,2025-12-11 17:13:15,open_card,,,True,
3212,7d4be535d696d2bbd18eb2aeea5c2ac3,2025-12-02 11:38:39,make_transfer,175140.3,KZ684826254993830966,True,
3213,9ba4c80f7496407b9cec1acf7bd54476,2025-10-02 07:13:45,view_history,,,True,
3214,c4da02dc26c2939cf2f4e31e67dd7e7a,2025-12-17 20:07:46,make_transfer,73960.97,KZ343103693206819812,True,
3215,5ca949206befbb315a1cc453008dcc95,2025-09-10 13:44:20,open_card,,,True,
3216,e72ffa9a9f33b8fa830d1fc70ee9a31c,2025-09-06 03:54:52,view_history,,,True,
3217,db496d950fe1f1baa7f500db211e5c2b,2025-09-13 21:27:35,login,,,True,
3218,aaddad366f1b4a09dfffdddd48e8fd0a,2025-10-26 00:14:04,open_card,,,True,
3219,bdfd1cfeb8c7f4c07aac76e25efe8afc,2025-11-17 01:16:52,pay_utility,162156.58,KZ719124466875340305,True,
3220,fcc9aab2ae9e6db6cff75d6c8dea7bca,2025-10-15 02:15:42,logout,,,True,
3221,e43e3efcd51afd9b7adbf2b06fbcd10d,2025-10-25 13:33:05,change_password,,,True,
3222,e1373310aa186ae273679a5a2bddbac9,2025-11-30 13:31:24,make_transfer,133870.58,KZ851360620134542430,True,
3223,872785ac70164cffd66eb0f804fc106f,2025-09-04 00:33:26,view_balance,,,True,
3224,e3a4c4c3e57ea92c89bf51cfe0e66cdb,2025-10-29 02:08:27,make_transfer,69085.26,KZ616599619990417065,True,
3225,c8ae9ea2e48a8cc499568bceac7cbccd,2025-11-21 23:20:12,login,,,True,
3226,d7fc6cbfea3ca2dea34f9ffe72eb85cd,2025-10-10 20:57:14,login,,,True,
3227,766fae502508fd52b03fafe3ad00a5a5,2025-12-23 18:04:57,make_transfer,111648.38,KZ594521976371861015,False,validation_failed
3228,d08590c2a025a3f6ddae8ef4b06a1663,2025-10-07 02:21:08,login,,,True,
3229,ca8ef2feaf9e51b62e5c66cce04e43b5,2025-10-21 03:20:42,open_card,,,True,
3230,d81da7ad3f3e01b29cbb74cde6d54cb3,2025-12-14 01:25:33,pay_utility,156720.48,KZ183351237026085939,True,
3231,a96ec7c3ddc65da89e185d5e3cc06a3a,2025-11-28 13:45:28,open_card,,,True,
3232,9d1eec19e8ebdf330d8da703f3bd67d2,2025-12-16 02:40:49,login,,,False,timeout
3233,beaf5f3dd9efd6e3bfbbaa3bac6fde5b,2025-10-29 01:57:44,pay_utility,118294.22,KZ677044159866237172,True,
3234,16b5eebf677db9e94bfe37155db24eca,2025-10-30 13:25:00,make_transfer,144543.66,KZ475295525013792156,True,
3235,effd5d6dee25c513b54591dbe37af883,2025-12-13 17:55:05,view_history,,,True,
3236,e78a33c8f4d8f2bc738f8ffe468a1ec6,2025-10-19 01:14:57,login,,,True,
3237,8d6022cd0fe6afaadfdc406fcab2abf4,2025-10-11 21:58:17,logout,,,True,
3238,f85cdfac9f1f2efc7248dbf2adcfae1e,2025-10-08 00:48:09,view_balance,,,True,
3239,5797de6a92c6c94a8480ace4feecf70d,2025-10-07 03:17:27,pay_utility,37747.24,KZ177586841280548324,True,
3240,28aebeba7e4a7faa3d19361beddc9d3e,2025-10-29 00:34:15,view_history,,,True,
3241,a6a9cfae2aa31b910b4bdba6e7f873de,2025-10-24 11:17:18,make_transfer,134315.51,KZ398134398655155071,True,
3242,fb5fc6a5d484a10ae367fb8321eaaf35,2025-12-13 11:38:07,logout,,,True,
3243,4eebf79dbd1b504e6297f5b7a13ac351,2025-09-03 11:28:31,open_card,,,False,validation_failed
3244,4733d1aaa280a3af06a44e0eb0fa7c07,2025-12-08 04:06:48,pay_utility,62614.41,KZ763880995790430110,True,
3245,e124dbd121ce0cf9ceefc05b0cafd8ed,2025-11-06 13:49:54,open_card,,,True,
3246,a4bff2cfb9ce1ded91cbc3cab8c7f5a3,2025-11-19 14:58:24,pay_utility,169380.86,KZ718850063696986565,True,
3247,2d2de5c0d2548d7cf72d0bada4edb0f4,2025-11-18 11:16:53,pay_utility,68370.83,KZ678416364402066382,True,
3248,f7b3db1ad23b7e062a8ee7bedc4fd313,2025-12-07 11:52:54,view_balance,,,True,
3249,4039b7d75dcb508f9bcfd7dfa6e3facf,2025-10-12 20:02:08,pay_utility,52272.69,KZ307175518535662759,True,
3250,ba15acfdc36a4c5e49cdf9faa6bddd65,2025-10-12 09:40:00,pay_utility,177805.84,KZ655250005840690307,True,
3251,fd8cda159ba48e98e3dc2fdf1cdefe0a,2025-09-18 14:26:49,change_password,,,True,
3252,ffcbc2e538dfcdb103e9c869f289d8ed,2025-12-08 17:15:27,view_balance,,,True,
3253,2bfdbb5f31bcbcfe62ddd3d47fffdeee,2025-11-05 16:14:39,logout,,,True,
3254,217a4f8e09496cad77f4b2bbd77df8ab,2025-10-15 02:22:40,view_balance,,,True,
3255,efe759ba075748dcbc73ff4bcd01215f,2025-11-18 22:56:08,change_password,,,True,
3256,eaaf9dfbaaab0ad6ed1aebbb04ac8b85,2025-12-21 10:45:56,view_balance,,,False,auth_error
3257,fbba5cec2d69a2e09fdc190b041c2e3a,2025-11-14 18:14:52,make_transfer,134919.48,KZ231584764803283670,True,
3258,c45ce5e2fdef7ff3dd114deb66ffaccd,2025-11-16 02:46:22,change_password,,,True,
3259,4dbd39adeb3d9b06464578c82074d3a1,2025-09-25 02:05:34,logout,,,True,
3260,8c379a7bada0902fa4a87b1ba974ccd3,2025-11-08 17:07:56,make_transfer,125160.03,KZ640304475553268775,True,
3261,6fcef9f739ed09605f9da7b1b1bf56a7,2025-10-14 16:36:19,view_history,,,True,
3262,9ab22ce0d68eed6ff10410c3faf7bc88,2025-09-18 14:03:12,view_history,,,True,
3263,6adbdbf7f8bfae4bae331e4cd43ffad7,2025-12-25 06:20:36,logout,,,True,
3264,dd03a39dd8e41c6a5ebc96dbb6cac548,2025-09-18 21:16:17,view_history,,,True,
3265,f52bdd42ebaa56da3f38beed1d74aac7,2025-12-19 12:25:45,open_card,,,True,
3266,7df32ebee0bee5b792dad9daddb66eed,2025-11-14 07:38:35,view_balance,,,True,
3267,ea8ee2dba463ca548f51afc0bd44414c,2025-12-04 16:33:48,login,,,True,
3268,ed349340acbaca023908a8fe4fcb8658,2025-09-18 06:24:40,logout,,,True,
3269,9ad58f5b6dce9c7d8f2ff1df9d81eed8,2025-11-09 13:44:38,open_card,,,True,
3270,cc24278aaf9ab58185e2ceaeeccdd0b7,2025-11-28 00:08:24,logout,,,True,
3271,e946d987bdfd2d2e89b57dffc25cedfb,2025-10-05 10:10:25,login,,,False,auth_error
3272,fa13c86fc6b3aad7ac3b0acec75a0e7d,2025-11-09 02:47:24,open_card,,,True,
3273,e13106ae4d57e644d5afacbc48dbc5a4,2025-09-26 14:15:40,pay_utility,179519.8,KZ084697298947955508,True,
3274,9ccfacf6ada0de1dae917eefd74f658a,2025-11-23 16:44:33,login,,,True,
3275,a86cadaae3f6f9bcf88dadac2f4ad4da,2025-11-11 03:28:12,logout,,,True,
3276,f7442368bf6ba4e400f831d3939a0a1b,2025-11-21 07:18:49,login,,,True,
3277,b2eadccfec1fcddd92c0efbafae0d2f4,2025-11-16 05:56:00,open_card,,,False,validation_failed
3278,e7a3aeb2eaeaabaccec5a9e4d5dafaba,2025-09-08 19:19:48,view_history,,,True,
3279,4a3b28418359cbedfca5ab1ed7f3d02b,2025-09-11 17:43:30,logout,,,True,
3280,ae0dda785eff446ad4bfcc97cacee5d9,2025-11-26 21:58:37,logout,,,True,
3281,ad7bdb7aece4ab952b0b5dad986cfabf,2025-11-20 09:51:15,make_transfer,166750.04,KZ289076556425941169,True,
3282,ede2a30445c9cc29dba328a661635cf5,2025-12-08 05:11:40,make_transfer,192896.46,KZ624591782825669428,True,
3283,6acdcbe74baff35caa7be3ae78ccdcff,2025-12-18 20:04:29,change_password,,,True,
3284,81abd6fcb0da79e286a4b5b329a1ebce,2025-10-19 13:33:12,open_card,,,True,
3285,711a28a65fb2a5f3b527b510bfd0c2ff,2025-12-21 10:43:05,logout,,,False,validation_failed
3286,11d834c8bdd4c772d345c6af8d8d5e5e,2025-11-13 08:59:40,view_history,,,True,
3287,67c2c9b880d0ae31b230cf50c0b1fedf,2025-09-17 22:16:16,change_password,,,True,
3288,cd5cd1cbedaa7d35b6db5da3fa3dd2fd,2025-11-21 05:00:38,pay_utility,104531.51,KZ157431642304765191,True,
3289,bd88ebae4b054b39bf95c9b8b3e1feb9,2025-10-14 14:12:26,make_transfer,186663.72,KZ462734717022788338,True,
3290,ec69cf0ee68c3040d3de0ce9f68bcabd,2025-12-06 13:05:00,change_password,,,True,
3291,d3f8196525819dbbf5edba9deeaa267f,2025-10-20 23:51:42,login,,,False,timeout
3292,03b16e44dfe2c58affb6cac9d771ca05,2025-10-29 03:18:59,change_password,,,True,
3293,0a38fd4dbb870b1ced5ab9a07fd793f9,2025-11-06 20:50:26,view_history,,,True,
3294,329a58a1e433bbc91bc48cb94d753072,2025-09-27 12:57:48,pay_utility,172726.38,KZ203151320934001735,True,
3295,fcfda077d3bd4555efdfeeaab79e8f36,2025-12-22 15:08:46,view_balance,,,True,
3296,fa4eed6d5eead61e15bb1c34c90ccfb9,2025-09-14 15:42:01,view_balance,,,True,
3297,fdedaf86a8f0e3cd4bf2e3ebfdac3202,2025-10-14 05:15:47,open_card,,,True,
3298,d5bc0bdde6a303ac802cc1b9834b21ac,2025-10-09 03:28:57,view_balance,,,True,
3299,c2456c7cdcce56bcd831bdd94657a959,2025-09-12 23:22:44,view_history,,,True,
3300,c3e1e76140f40edee309a868deca5edd,2025-10-17 10:09:01,pay_utility,47526.83,KZ102098610370814744,True,
3301,c7fc31ec55ec264bcc1e019a9cced2c6,2025-10-18 16:38:36,login,,,True,
3302,f7f28adca0a1acfc2bcade445b6bb8a7,2025-10-13 08:55:10,logout,,,True,
3303,eaa13eb3ca2b01dde256a1e451e3ffff,2025-09-04 21:53:25,login,,,True,
3304,c86e44cea78d6da3be8540ffc77d1f3b,2025-10-06 18:48:07,open_card,,,True,
3305,02c695abebad016dfc62a93fe25cfaf9,2025-12-11 18:06:05,view_balance,,,True,
3306,aafb8df7df1f74e9f6de307dd667bd00,2025-10-12 03:40:08,view_history,,,True,
3307,1cfa625635e2af893bf0c19bdaecdffd,2025-10-18 16:29:18,view_balance,,,True,
3308,befff57b95125c7f4ba1a6e4ff6a1485,2025-10-04 22:25:22,make_transfer,73887.33,KZ075453355154392338,True,
3309,be4ec0cf9eb51a65c9ba1cea550b0aa7,2025-11-17 04:41:14,view_balance,,,True,
3310,bcfbbbd8fc3dbed5ff0bee17f0f89c42,2025-12-12 11:04:00,pay_utility,176301.94,KZ504624386009296388,True,
3311,a560b3135606facc4b89cf2511a7e6f8,2025-11-20 02:25:32,login,,,True,
3312,f18cf2ff8f88086bcb9be1fe1cadc8f8,2025-10-30 06:51:58,pay_utility,24405.17,KZ550961633852805543,True,
3313,3dacdf4b90ab9d0fea62aeacdfd0a064,2025-10-10 16:43:33,pay_utility,189774.74,KZ250416760701988017,True,
3314,1906fd067d5eff29ecc6f69e6c2a5da5,2025-11-11 02:47:47,login,,,True,
3315,711a28a65fb2a5f3b527b510bfd0c2ff,2025-12-21 10:31:24,view_history,,,True,
3316,e9bfdd9dfaafd407faa0d2c5d562bd60,2025-12-14 22:54:39,pay_utility,134512.85,KZ234947184203000557,True,
3317,da71358dc8ae088bca7783fbe3a2a4c8,2025-11-21 05:42:03,login,,,True,
3318,f7297f5fb5ecfffead6ea96c71259cfa,2025-09-23 04:36:01,logout,,,True,
3319,ffaee3dce6d3f147d4bb39bb95d39c4f,2025-12-24 01:03:31,pay_utility,131320.15,KZ973439431384394648,False,validation_failed
3320,4a68cbf1fcc0ec90cf382fa68822b9be,2025-10-29 19:15:45,open_card,,,True,
3321,60c7a081deb2596e7bed7d5cbb2ec01d,2025-12-23 14:22:12,view_balance,,,True,
3322,ccba03b1b1fe034b66dfca0bf4bacfeb,2025-09-21 19:14:37,login,,,True,
3323,b83c9cd4a5bfef5d6cbc92bae2248a9a,2025-10-16 13:22:32,pay_utility,130302.68,KZ067749558898383062,True,
3324,d253afdfbc0134b4ec8ddfea6ef3451a,2025-09-23 07:11:07,pay_utility,117985.54,KZ235100737616074684,True,
3325,e3a4c4c3e57ea92c89bf51cfe0e66cdb,2025-10-29 02:21:18,make_transfer,13050.23,KZ066530983666922832,True,
3326,02012bbadbaea1c0dac47e58dcaabff6,2025-12-29 20:33:23,make_transfer,119013.48,KZ466095104509400722,True,
3327,b2e61ed511e1e798cbb7b456ade5daba,2025-11-04 14:17:15,make_transfer,70548.12,KZ780594009117997586,True,
3328,d5da378858e32ea9c2aa988bffabffc5,2025-12-25 12:20:33,logout,,,True,
3329,11d834c8bdd4c772d345c6af8d8d5e5e,2025-11-13 09:00:15,view_history,,,True,
3330,db99acbec4ddbe609436d1ebb6ffbccd,2025-11-19 23:48:03,pay_utility,56228.48,KZ052446019216610478,True,
3331,7df32ebee0bee5b792dad9daddb66eed,2025-11-14 07:36:38,make_transfer,68014.61,KZ589607862734527818,True,
3332,cd5f1e1cd2b54db4c08ad67aceacd9b8,2025-10-20 12:06:04,open_card,,,True,
3333,ee1a6980c7abef1bf5c5e1fafda5fe34,2025-12-03 08:55:42,make_transfer,10476.21,KZ565477451990546035,False,validation_failed
3334,101bb143eca0cbc2327c3d96b5b9c813,2025-09-11 22:02:23,login,,,True,
3335,9f0de20f7ce64598fc3fcb35035c55aa,2025-12-02 08:26:46,logout,,,True,
3336,2daac02de72e0fc50c1af7e452c1c364,2025-11-20 01:44:19,logout,,,True,
3337,dd58c336cdcd694b1a38b0aeaf4adecc,2025-12-14 01:53:40,logout,,,True,
3338,92c8e7b791ff7acb811d10fdd35d497a,2025-12-22 19:38:24,change_password,,,True,
3339,7dbb7cf5aac4c36d86abdbbcabd3709b,2025-09-14 00:54:40,view_balance,,,True,
3340,fbc8acbf89c49cad296265bf5eafab2b,2025-12-03 22:46:52,logout,,,True,
3341,cca5bfc758b86445ebfde09dc7d7619b,2025-09-12 21:11:22,login,,,True,
3342,bf24e8feceaba8cc3ff1c112871b34bc,2025-12-19 18:35:59,login,,,True,
3343,ff4e1d53b5ece5a2aeebda4ad2a53e2d,2025-10-16 11:11:58,logout,,,True,
3344,bb5bc59fcbe4fe9bed61db826585d15e,2025-11-17 03:06:52,open_card,,,True,
3345,4f0c455dc1aced083ea9abbc1a7bd0d1,2025-10-05 21:15:09,make_transfer,134498.43,KZ215447679810355025,True,
3346,b27e3d74492adb8e285d08cda1ed581d,2025-09-01 14:18:07,pay_utility,81570.74,KZ723810171293765552,True,
3347,ada185c30e3c5d26558aa4ebf0f2ae06,2025-09-14 06:46:04,view_balance,,,True,
3348,d89fe34dba634dee8d1852bf06636307,2025-10-17 23:03:34,make_transfer,170948.0,KZ861432173815773573,True,
3349,ccd1bc4fcf60cacbd96a883ceded2be7,2025-11-04 14:50:18,open_card,,,True,
3350,d49d0b55ed182f20afac7adc4cebaf0e,2025-12-07 10:51:15,make_transfer,84626.81,KZ678545117061067079,True,
3351,c6b5e52a9d794cdd5df2aab9639afefb,2025-11-27 16:00:51,logout,,,True,
3352,f2df8cb0715da7a34bb3a31ef60e8ba3,2025-10-03 10:18:15,logout,,,True,
3353,1906fd067d5eff29ecc6f69e6c2a5da5,2025-11-11 02:43:22,open_card,,,True,
3354,e6df9becdd3e7f7dbcc8a1b9ecf029df,2025-10-22 18:44:18,logout,,,True,
3355,2daac02de72e0fc50c1af7e452c1c364,2025-11-20 01:55:43,login,,,True,
3356,dc7a104fef8aab0b0ccd546fedbd8dd0,2025-10-12 17:23:29,open_card,,,True,
3357,ba55e3f0bbf8b2ff77ecafa22eec26ae,2025-09-04 11:09:29,view_history,,,True,
3358,56e8be012df8546bbc02e4d14345c61e,2025-12-11 02:56:52,open_card,,,True,
3359,d69d0c3ef3ce22fcf2dc3d4bde293b81,2025-10-10 12:42:59,login,,,True,
3360,29cbefca05bfd28ce43b4c78137cb4ad,2025-11-19 05:00:14,pay_utility,122067.38,KZ484232915095324149,True,
3361,09cffe5cf7f01ecb0e1144f21eecec57,2025-12-07 06:40:43,login,,,True,
3362,a06edb2e0cdcee64efadabb1a13dae7e,2025-09-09 20:43:49,change_password,,,True,
3363,ed3e1561fab94aa4e5efdb57dfabbfa1,2025-10-22 09:27:24,logout,,,True,
3364,ee880ee11d0adcfb23762f7e3e9f3444,2025-11-01 18:10:47,pay_utility,11630.33,KZ710246340155129323,True,
3365,ad42aaaebbedbea4efffecf85ab945d2,2025-10-29 06:33:21,open_card,,,True,
3366,4fc23eff9a612f7a0c3d440c4a601424,2025-12-05 20:17:30,pay_utility,113133.79,KZ529611397344531652,True,
3367,405a5fe8da71df5848d5ba561eadb98a,2025-11-14 12:27:24,view_history,,,True,
3368,cda3edbecffac8ecbcbe75dededfdd61,2025-09-30 18:52:34,pay_utility,47718.36,KZ416911130057282026,True,
3369,edfed1b7cb6b99058a65a4d3946dc12a,2025-12-06 07:21:39,open_card,,,True,
3370,3fb91bbf63bf1d532bba8ced16bc2e39,2025-10-13 04:56:10,open_card,,,True,
3371,566ad1bb3bec85f4cebef0caddec29da,2025-09-25 22:32:39,logout,,,True,
3372,ecce1d4eff19e4c1284c21af71cb7aef,2025-11-11 08:32:31,open_card,,,True,
3373,eeebef5e0bfd1b9fccffa774acba3bc8,2025-11-16 01:19:16,login,,,True,
3374,f9a6841be354f52edae5d5c49d50e90b,2025-11-14 17:56:14,login,,,False,validation_failed
3375,69c3b986f84f7d2bafa5b1c6d158a6d3,2025-09-28 22:25:02,open_card,,,True,
3376,e72ffa9a9f33b8fa830d1fc70ee9a31c,2025-09-06 03:36:32,logout,,,True,
3377,9a6c7d13e4fdc8d9f0b80bcb1681ff7d,2025-12-23 02:49:04,view_balance,,,True,
3378,b3afae3c05eac6bce7ef77618a6ffda1,2025-09-08 06:50:23,change_password,,,True,
3379,efab1ffed9fdfcecee048bcf401a1f35,2025-12-25 13:48:53,make_transfer,164537.54,KZ122611345316066580,True,
3380,e54ecf34caa1c97e741f0e16d44a9078,2025-12-28 12:58:18,login,,,True,
3381,d2fc7abdefe776bf4cc9ffe57a49d10f,2025-12-13 04:08:29,logout,,,True,
3382,0c8ded0abddfb154ecc0e52ef21cc61e,2025-12-30 23:51:33,logout,,,False,auth_error
3383,90be79b891db3147f9e34039cddbcfea,2025-09-05 13:46:38,open_card,,,True,
3384,cbf07736be02c1f34aa32c37d61b1cec,2025-10-15 23:53:42,login,,,True,
3385,1aca3543ced35b87e7c05dfa222cab40,2025-11-14 10:36:11,open_card,,,True,
3386,bbb99de2a63dfc13ccae7d70ceddcacf,2025-12-13 16:27:53,pay_utility,160000.05,KZ882216020029710189,True,
3387,9a6c7d13e4fdc8d9f0b80bcb1681ff7d,2025-12-23 02:51:39,logout,,,True,
3388,ebf48be8e52aa2a7d2f157e65787149d,2025-12-15 03:11:16,change_password,,,True,
3389,d305bd7f4caa0f4112dbdbeec2ad11fc,2025-12-26 22:05:42,change_password,,,True,
3390,cf5b7f39d2d5f69f3c61ddedff6b1bfd,2025-12-02 09:34:03,open_card,,,True,
3391,e7a3aeb2eaeaabaccec5a9e4d5dafaba,2025-09-08 19:34:24,make_transfer,67177.73,KZ354296633996291693,True,
3392,ec41cbdea8736f4cd0a4ccdff992aee7,2025-09-30 17:36:12,view_history,,,True,
3393,7a6a51ebdacea472b801dedacb2bcfef,2025-12-30 00:50:51,view_balance,,,True,
3394,fce6f1bb167be6dfb18ffc0f8ed972ca,2025-09-08 05:17:55,login,,,True,
3395,a332abaa446dc8bb6ea0e92ddc879fcd,2025-11-25 16:54:21,login,,,True,
3396,eaaf9dfbaaab0ad6ed1aebbb04ac8b85,2025-12-21 10:53:33,open_card,,,True,
3397,fea307fbfeebca3c9bfbd13ceccafe7b,2025-09-08 12:31:11,view_history,,,True,
3398,43abad0b4f592bbcdef0e6e33adbe97a,2025-09-30 02:23:25,change_password,,,True,
3399,a62dbce98d2dd737acdbee3eafa27cce,2025-11-25 14:53:15,open_card,,,True,
3400,acf871b1816acd9560ddea0dcdfdba1d,2025-09-09 15:55:47,make_transfer,73049.98,KZ050317639450596336,True,
3401,f30fcbc0943087a7b6d20fd4e52cfdf7,2025-11-02 08:24:13,pay_utility,57554.81,KZ024582101663153256,True,
3402,fa13c86fc6b3aad7ac3b0acec75a0e7d,2025-11-09 02:19:38,make_transfer,154804.78,KZ557333545812806913,True,
3403,4f61c6a2ed6abea1818f5dd5ac8cde1f,2025-10-29 05:27:25,logout,,,True,
3404,0ebc18ffbbf6ee4ec25c7cbb34c87af9,2025-09-11 05:09:58,change_password,,,True,
3405,eef87bfa6bd69f0ba1eeebd9abe6df9b,2025-11-05 02:54:58,pay_utility,131348.53,KZ143542197497050832,True,
3406,fcc9aab2ae9e6db6cff75d6c8dea7bca,2025-10-15 02:00:55,open_card,,,True,
3407,97b84ead2a3cedd8fbded3bc00dfb3db,2025-11-27 12:28:29,view_history,,,True,
3408,b4ec4aaf89bdc02cf354fb6c19c9c172,2025-09-23 06:29:27,open_card,,,True,
3409,0a38fd4dbb870b1ced5ab9a07fd793f9,2025-11-06 20:43:43,view_balance,,,True,
3410,ba55e3f0bbf8b2ff77ecafa22eec26ae,2025-09-04 11:08:58,view_balance,,,True,
3411,f7d9acfee800a095beda26dfcb0ba480,2025-10-31 06:53:17,view_history,,,True,
3412,bf7bfeabacb4b8731be0fc5a1a7abc28,2025-11-26 20:23:49,make_transfer,36034.92,KZ548137720105192785,True,
3413,b0ddafcaddb18eefc357db865d21b257,2025-10-14 05:56:42,login,,,True,
3414,c6f5c2e2ab086cad7cc55ab7b1ebeff0,2025-10-18 05:11:12,view_history,,,True,
3415,a3eff00e5ee957b9e1e1a3d74634facf,2025-10-07 15:43:24,logout,,,True,
3416,3b142f28ac7c6f73e1ccddfa98fdf5aa,2025-11-15 16:37:30,view_balance,,,True,
3417,eedada8a6c2ad4be2acd885e96bfdd7d,2025-11-27 18:04:31,pay_utility,197614.15,KZ933593389432327839,True,
3418,dbb53bd2addddfd69efffc48fb8becec,2025-11-22 00:47:55,open_card,,,True,
3419,bd48d5d0fa11dae51f5ee7bda2be72ca,2025-11-18 14:49:55,change_password,,,True,
3420,2f82c5b6f60ffcbbd2d5bfacea7c4b7b,2025-10-16 19:50:09,change_password,,,True,
3421,bd719e9d61c7dddf7645855cbda8febd,2025-11-04 23:39:00,open_card,,,True,
3422,c23be511be50bd97a9ab57861af6fdfe,2025-11-28 00:37:51,view_balance,,,True,
3423,17e45abbaee0e50a729b7d21de1cddff,2025-12-25 17:40:03,change_password,,,True,
3424,cbea41ccba8fde7af50dc7f9d03f1eed,2025-11-16 23:16:52,view_history,,,True,
3425,7dbf5e6fd4bdfd145f50d3db8bad6ffd,2025-10-22 11:09:00,make_transfer,9696.21,KZ185729515358330981,True,
3426,eadf199f85f81f4fde3a46f14cc3ae2c,2025-10-14 11:31:18,open_card,,,True,
3427,e04f28c54bc34c6f8713bbdcc5af0a25,2025-12-21 12:13:09,view_history,,,True,
3428,a9bbeb70b2d3bbbfa39bc9bc3fd197a1,2025-11-05 03:34:34,view_balance,,,True,
3429,cffedd4b317fc47cae81bca132dede38,2025-09-02 21:51:43,view_balance,,,True,
3430,0d0ca2aa2ccadfea93fe61adb995eecd,2025-12-11 13:30:47,pay_utility,117891.31,KZ896404760695874356,True,
3431,6f0f86067af1b6c69361e53fac519013,2025-12-27 04:26:48,open_card,,,True,
3432,4c4d9ec3e3deccaf162a7c39bafaa77c,2025-10-27 21:20:47,view_history,,,True,
3433,88daa9cfcc6adaf6ecbc4e15d0ecc360,2025-11-19 16:57:24,logout,,,True,
3434,aa0b4fbdefacc28509eebb4ededdaf24,2025-10-12 00:07:36,view_history,,,True,
3435,b4f48f85b2d8eeed4bdcaaa94281ab93,2025-10-30 21:24:14,change_password,,,True,
3436,d5da1ec2cebd9e85adeffdaf9ad6070b,2025-09-16 22:05:25,open_card,,,True,
3437,af7da360bdbef64ade1cddfdd0abbc91,2025-09-14 21:06:14,make_transfer,167864.33,KZ027593817303317684,True,
3438,d3ae533e1ccb17ad9bb26e83ba53cf65,2025-10-13 18:37:00,view_history,,,True,
3439,d40e5cbf6bfa42dfba2f21ea89ad52cd,2025-10-04 13:05:12,pay_utility,128851.59,KZ156297515309596966,True,
3440,ceb29b344c6e720feeaf6d5f6e3ececd,2025-10-06 12:06:55,login,,,True,
3441,b9abbee4a8f44ac6bce099b86b4afa79,2025-09-27 05:24:38,make_transfer,169038.66,KZ556745159698900773,True,
3442,6e4dd74cabdbedede4bf1c289a30cec1,2025-12-29 21:05:48,pay_utility,123080.62,KZ842943325815477195,True,
3443,6afc4bfd49c4ca5ee3aa8a4edc5b749d,2025-12-07 17:43:50,pay_utility,48165.57,KZ360911673003801754,True,
3444,d131a22292f7fef9ae25ad81357fae4f,2025-10-11 14:30:55,make_transfer,47539.55,KZ753638255541866846,True,
3445,ddc1fbed393ef8edf75c7cc341eda2dd,2025-09-15 21:37:13,pay_utility,4673.69,KZ341895192586263631,True,
3446,553aea8abbe619ab9ec6da2b44409fe6,2025-09-20 02:47:45,make_transfer,102076.9,KZ689982817340303244,True,
3447,36e1e2a76948ca6c150fe35ceb4d1f6f,2025-11-06 05:28:55,change_password,,,False,timeout
3448,ca5eb056924a4d89eff02438fabeeeee,2025-10-06 12:39:49,pay_utility,66628.15,KZ242962782473807435,False,timeout
3449,0bce92a940d5ba2ab4b312585df0adea,2025-12-18 12:25:32,logout,,,True,
3450,65bdfa2dfd97f6ad008a06d8bafd04fa,2025-12-02 15:21:52,make_transfer,172126.97,KZ676378669951105566,True,
3451,fcfda077d3bd4555efdfeeaab79e8f36,2025-12-22 15:05:16,view_history,,,True,
3452,ddc1fbed393ef8edf75c7cc341eda2dd,2025-09-15 21:56:00,login,,,True,
3453,e4c8da1e13984b2d56a45b5d3eeace1f,2025-09-12 03:06:21,logout,,,True,
3454,2da23c3cbfc6332b0fba6e8dd395ef8f,2025-11-09 17:33:11,make_transfer,32205.23,KZ465500405693378349,True,
3455,fda63c038dcffebc65cb39ec38fefc6d,2025-09-02 15:30:43,login,,,False,auth_error
3456,943b3e1ddebbdbad9aeb587c3eacf6ed,2025-10-17 03:19:59,open_card,,,True,
3457,bb589a2bb2d8fdebca8ee9b92cb3d020,2025-11-08 14:49:11,login,,,True,
3458,ab9dc1bdfac8a9c5ffd590af04effd94,2025-11-20 02:32:22,open_card,,,True,
3459,fcaee6dc91ddcea69a4bab7a80fcbf0d,2025-11-27 07:01:35,view_balance,,,True,
3460,79ac2ecc802cad1e4cd2cb00c770eebc,2025-12-07 19:26:09,make_transfer,147492.51,KZ099061151632713909,True,
3461,bff80fbf5eece5575ef1ff37ad4c10d6,2025-09-12 18:07:29,logout,,,True,
3462,c0a4b36eeea1d4225842784ad1dc16e3,2025-10-03 10:33:57,logout,,,True,
3463,4ce63cf4bfbbf1e8f5e0ae253cccface,2025-09-01 10:15:59,login,,,True,
3464,d7da87b65ff0562bfef8d94fa56c84bd,2025-09-28 01:01:42,open_card,,,True,
3465,ca4c3ea9aac8ead8697e2acdf7f86a2b,2025-11-15 09:36:42,change_password,,,True,
3466,e86b4e96a8c84685bc8fd93fef712224,2025-09-21 02:24:47,view_history,,,True,
3467,8fe4ceeea4bc1b92c83f3c2770ceb2cb,2025-11-05 06:15:19,make_transfer,59639.58,KZ946510087092349401,True,
3468,960d82acfd8baacc0fb57c00b93ed5e7,2025-09-14 18:15:55,pay_utility,196758.76,KZ983065226935425338,True,
3469,d8b7b4bb64eff377efbcd543fcf6460f,2025-09-23 17:26:44,logout,,,True,
3470,bb589a2bb2d8fdebca8ee9b92cb3d020,2025-11-08 14:56:38,view_balance,,,True,
3471,0e22f5ed05a518fefa92ee570898b648,2025-12-13 04:47:08,pay_utility,18998.22,KZ719554878152037421,True,
3472,b716aa9430b13f89f5d4e231fb6ebda9,2025-11-11 07:55:58,pay_utility,44923.31,KZ970393723318900908,True,
3473,9585befedc9e7bfddf9e1b1d2482c997,2025-10-02 17:18:46,change_password,,,True,
3474,da2d40d9f7753bbdd2589ebe271eabcf,2025-10-14 09:00:32,logout,,,True,
3475,d9db2e8ccfc84f2df8f1d82ebdff8b1c,2025-09-19 04:12:07,view_history,,,True,
3476,df6a8ccddae8da0baf5b07bdcde219bb,2025-11-23 04:03:06,view_balance,,,True,
3477,bd538bf65e29ec200d434885c1bfa184,2025-10-23 23:26:13,open_card,,,True,
3478,14bdc2dfcaeaa7738cf29df0d42c87ec,2025-11-19 19:12:26,login,,,False,auth_error
3479,6afc4bfd49c4ca5ee3aa8a4edc5b749d,2025-12-07 17:33:23,make_transfer,65640.89,KZ382939744153436907,True,
3480,fe76a47ec83fe23b5b2ed8d9fef5d5f3,2025-09-17 08:28:45,view_balance,,,True,
3481,9fdfdacbd28e2211e35c7bfec79f6584,2025-12-22 07:43:57,login,,,True,
3482,a66a6793b6dbc5322f57302fdde92fbf,2025-11-21 16:49:56,view_history,,,True,
3483,cdde0d54714fa22c0745c94835bba2fd,2025-09-22 02:54:32,open_card,,,True,
3484,58734f4f7cfdf26fddcdf8f9d0b3f1c8,2025-11-13 18:58:20,change_password,,,True,
3485,f78bfff68c0d2236ce0db9d95f55de05,2025-10-12 17:28:20,view_balance,,,True,
3486,43ddd116baaa97bfcdc9addceafdab9a,2025-09-23 05:32:44,view_balance,,,True,
3487,b11b2c1f9dbdb8fcdfed0bd7939725cd,2025-11-21 00:22:33,logout,,,True,
3488,4e26d92edbe0feeac159e2fcbdfc3fed,2025-09-13 01:56:38,make_transfer,53567.89,KZ052350456005907025,True,
3489,ea63922ee8fadfe85cdd43dddd7f9cad,2025-09-22 00:01:40,logout,,,True,
3490,36d7aaee5f5bff7b3bcdffffdc528255,2025-09-29 16:26:58,login,,,True,
3491,9ab22ce0d68eed6ff10410c3faf7bc88,2025-09-18 14:06:15,logout,,,True,
3492,a22bf8cc5a0db166247eccd1a7ceda42,2025-09-01 07:02:17,view_history,,,True,
3493,933118d5c5daf81d0a8a2d5a89e3cd88,2025-10-16 21:23:39,login,,,True,
3494,ced8dafbec85bf1f9c3eda26cfd21702,2025-09-25 21:37:04,pay_utility,127006.97,KZ472366085703467582,True,
3495,84a912e4fbd77ab7fcb1a23114b17ab6,2025-11-12 07:50:52,change_password,,,True,
3496,0ac01cefabc6cc5c5bacf1fe2a0c96c7,2025-12-01 20:57:10,make_transfer,182965.71,KZ506688737317966691,True,
3497,b6826f6b9bd3f4d6adf25ced6ddd4c68,2025-11-02 18:33:08,open_card,,,True,
3498,b8c8f562220fd51bd2feb7ce3db56df3,2025-10-06 16:18:44,change_password,,,True,
3499,c7fc31ec55ec264bcc1e019a9cced2c6,2025-10-18 16:11:14,change_password,,,True,
3500,e2e8ded6fe5ca88ee7c3dcad684f7b8a,2025-11-29 17:41:48,view_balance,,,True,
3501,28f4aab8aca1cfa05d7788df96fda51e,2025-11-12 13:16:29,view_balance,,,True,
3502,eefbd2bdd394b2ef8cc09cff7912f20f,2025-11-29 00:39:38,open_card,,,True,
3503,c71eb87e4beb9d5fd0134a5aaa6eb779,2025-09-17 19:01:22,pay_utility,23822.9,KZ816052226491851156,True,
3504,2ccccacedb8ea0fca503a68e7541c3bb,2025-12-13 21:38:48,change_password,,,False,auth_error
3505,933118d5c5daf81d0a8a2d5a89e3cd88,2025-10-16 21:36:30,change_password,,,True,
3506,f20fc591bb2fbd2fc35ebeafa0acddcd,2025-11-16 14:35:28,view_balance,,,True,
3507,9cbf839cec1d0a0ded11d485faadcd14,2025-11-28 14:36:13,pay_utility,76875.69,KZ152405444237677902,True,
3508,bedd580edb9883342fe6accaa90a97d6,2025-12-09 07:35:42,logout,,,True,
3509,1adad294da70ee86ac76810f22dbbe35,2025-11-07 09:28:46,view_history,,,True,
3510,ecce1d4eff19e4c1284c21af71cb7aef,2025-11-11 08:41:35,pay_utility,48647.5,KZ511392067515316015,True,
3511,30ee8db25b53a220f9a8fdcff8b406bc,2025-10-16 16:37:51,logout,,,True,
3512,ee5f6dc3b6f5881fafd76daebd9aee6f,2025-12-30 07:08:23,login,,,True,
3513,771af2fab8b4eda1888eceedf4b4cdd6,2025-11-04 08:39:27,change_password,,,True,
3514,310d989fca2bfbaea43dd7ecc822e5b6,2025-12-22 00:48:35,pay_utility,82126.82,KZ320804730347568009,True,
3515,17e1a35bcb6f079b61cc3327deb560df,2025-12-03 01:22:46,make_transfer,82188.04,KZ945000297980412931,True,
3516,3a7b71f44ad09fa72a449bd07ff028fe,2025-12-18 00:12:27,make_transfer,50657.83,KZ736027978270118005,True,
3517,f7ef1fb2fefc0b0e714115df1a47e68e,2025-09-02 15:53:51,open_card,,,True,
3518,aafdcbaeac0dfe5adcf9f7ca6e6b3eea,2025-12-02 07:37:46,pay_utility,58508.18,KZ527391374016043297,True,
3519,a43eb191fadd50c5dacfcc0ba386b7be,2025-12-02 16:30:17,view_balance,,,True,
3520,bccd1db399dced5a7c22a9aa0b46667f,2025-09-13 12:19:15,login,,,True,
3521,d89fe34dba634dee8d1852bf06636307,2025-10-17 22:59:38,view_history,,,True,
3522,f74c6ff0dd1c7a5e9cab2e65d61ab879,2025-10-20 12:35:54,pay_utility,55098.94,KZ839664009088582520,True,
3523,1beeea7f3ab44abdecaf0ffad6f8f458,2025-10-24 08:28:40,view_balance,,,True,
3524,bc2eac4bec9fad6e34ccff186ee93f83,2025-09-06 03:11:36,open_card,,,True,
3525,cbbe0a1f55d227a0e61e60e91af0efd1,2025-09-23 06:23:41,make_transfer,34933.17,KZ937180818818498866,False,auth_error
3526,e6a78e042c9f0ad57b496bfd8f254db5,2025-09-14 20:40:13,login,,,True,
3527,7bdb590bbd0cafc8dee29aad4ac6f91f,2025-09-01 23:26:54,open_card,,,True,
3528,c16d4d1ed0a2dc9ca21a0c693bf89f3b,2025-09-10 17:50:43,logout,,,True,
3529,dafa7cc5ba10236eaa4e2b95d9d99ac6,2025-09-09 00:16:24,pay_utility,106278.47,KZ819320397009196700,True,
3530,fcd073df97d44aaaebbe9b11ead11ada,2025-11-18 03:24:56,change_password,,,False,timeout
3531,b9ee6d1d05a332e70a15071e0488cfab,2025-11-14 20:13:35,make_transfer,13761.51,KZ748007046352138113,True,
3532,f8f26f8efd1f2927f0c8cc72eceb9cfe,2025-11-01 23:36:57,change_password,,,False,timeout
3533,c2194b541e4264a3c3b844d5cd1aa985,2025-12-04 20:59:21,logout,,,True,
3534,7dbf5e6fd4bdfd145f50d3db8bad6ffd,2025-10-22 10:52:59,view_balance,,,True,
3535,ce8ddb7d5eed828c5a3d7a5aacdddfa1,2025-09-08 19:40:03,login,,,True,
3536,bbdd1b2e7cd6ae1ba9acb603afda3000,2025-09-17 13:56:11,view_history,,,True,
3537,ad4a103447dc6efaf5080dcbbb698ebc,2025-10-06 15:45:38,logout,,,True,
3538,4b7a7c59827fc71cb36fabbef91fb8a2,2025-09-21 22:59:36,view_balance,,,True,
3539,d6bab1d2f5e091b4899c7bde5315a1af,2025-09-12 06:05:33,open_card,,,True,
3540,18ae21e48b6f99cafccd03aec12de1ee,2025-10-06 03:59:19,change_password,,,True,
3541,b7ddad29ede017ccd4f6ef0c476e6ddd,2025-09-25 13:53:06,view_balance,,,True,
3542,19cd3dbe93a93eb8ab802e928c1a7e2d,2025-09-14 00:16:49,login,,,True,
3543,fc98e38c3beada19e6bf07ac61318fed,2025-11-20 18:59:57,open_card,,,True,
3544,a17eceec2f2b047ee4aea958e4d7dcbb,2025-11-12 14:21:12,change_password,,,True,
3545,b7c9fa4f90bdc1ec6ddfda9cedbbf104,2025-10-31 03:48:36,logout,,,True,
3546,329e7616dd4aec5da0a9fcdf3c4ee1f6,2025-09-03 02:28:35,logout,,,True,
3547,3bbaa5eff8a87ced5cefde58a878b46b,2025-11-04 18:04:32,pay_utility,183973.91,KZ189631298698488424,True,
3548,facb4717fbc8c5fdeabac354dcecefbb,2025-12-08 21:52:02,pay_utility,17390.01,KZ409555401808701389,True,
3549,7ddc5d66a8d645a749de86aeed9615eb,2025-11-04 22:40:57,open_card,,,True,
3550,aace1eafadd1e4eff767a232dccf9232,2025-09-21 05:50:28,pay_utility,85957.44,KZ704375693948837645,True,
3551,fd3a9f7ecf5fccf666cbbaeb78e66abf,2025-11-13 17:54:33,change_password,,,True,
3552,f6d88c3e944f1608f0c9f7da9f153d2e,2025-09-01 18:15:09,view_history,,,True,
3553,1ecfa7acdca0cfc27ed6b9f94ebff1c9,2025-10-30 08:58:36,view_balance,,,True,
3554,dd6fc1f70c8c2dbcacbfba5b0c7791db,2025-12-19 19:48:50,login,,,True,
3555,5f82ed72cdb05eabea0dbf7e07eecf3a,2025-09-21 08:54:03,open_card,,,True,
3556,1adad294da70ee86ac76810f22dbbe35,2025-11-07 09:04:44,change_password,,,True,
3557,b8e6d6a51facdbdcaa328ed48c975c17,2025-11-06 05:09:07,login,,,True,
3558,4f0c455dc1aced083ea9abbc1a7bd0d1,2025-10-05 21:29:24,logout,,,True,
3559,229ed3c31fba01c6e4be26a1c7b7ae34,2025-11-24 18:44:33,view_balance,,,True,
3560,d11bceefedf5effa5ed872be0fce37cb,2025-10-01 18:58:24,view_balance,,,True,
3561,efc328fa02b9caa6c7b018d4ff2aa0e6,2025-10-14 21:38:43,pay_utility,177896.89,KZ940945037207077602,True,
3562,18fe3a16b2b45b6cb78792f129b2da2f,2025-11-23 00:20:10,login,,,True,
3563,ded2a8b7ef65f13356430add78edeabd,2025-11-26 16:32:59,view_balance,,,True,
3564,1b71651f55bfab8ac92d8fe8db9a7db1,2025-09-12 10:01:26,view_history,,,False,auth_error
3565,d5ff7323c4889bffb94b316deec338b4,2025-10-25 22:14:11,change_password,,,True,
3566,fe76a47ec83fe23b5b2ed8d9fef5d5f3,2025-09-17 08:25:17,logout,,,True,
3567,db435bd4dff420fd53bafeeff9b29a7b,2025-10-13 06:22:56,view_balance,,,True,
3568,e3c57dbb8b9ecd3e436be3d9bacd7af6,2025-11-05 13:58:14,logout,,,True,
3569,bbeddd4b1e5160e5afdedf2e0e23f068,2025-11-05 00:52:15,view_balance,,,True,
3570,e2e8ded6fe5ca88ee7c3dcad684f7b8a,2025-11-29 17:54:09,view_history,,,True,
3571,9f0de20f7ce64598fc3fcb35035c55aa,2025-12-02 08:20:08,pay_utility,70427.5,KZ200511228072966159,True,
3572,c979edb5ac5acbf4fbbd6af8486c212d,2025-10-17 10:01:40,view_history,,,True,
3573,bee3876273e2d8b8eee9ea42a1fb528b,2025-09-01 12:21:35,change_password,,,True,
3574,87eea902bad8e05abda0421431a315fb,2025-11-12 02:09:20,change_password,,,True,
3575,5f9720644a7a9cd8aed35043bda55de7,2025-12-19 12:03:18,open_card,,,True,
3576,73f663b9a92f467b742734de1ea12b60,2025-09-21 04:34:09,view_history,,,True,
3577,c6c5ce8ed688eebbda9cecd8bda748e4,2025-12-28 15:55:30,logout,,,True,
3578,68905ebf05fe20be9a5e4ce0bf2ac2b0,2025-11-25 01:39:43,open_card,,,True,
3579,f3a334d5e02493a8ec76ce9ff3cdf0cf,2025-11-10 16:13:35,view_history,,,True,
3580,6ffc5adfecfb8b4b7913d442e55ab31b,2025-09-27 11:38:44,change_password,,,True,
3581,9fdfdacbd28e2211e35c7bfec79f6584,2025-12-22 07:39:17,make_transfer,32483.73,KZ972998391099645160,True,
3582,420d18b618efa6ee0dcc2adacfbb6f8a,2025-12-13 00:59:50,make_transfer,91928.44,KZ767767183414576366,True,
3583,285afdb5515d5d0ca5ad1da56be8ca5a,2025-09-10 08:37:02,pay_utility,127965.59,KZ554966758795151122,True,
3584,bbcacebec3984a418ce5020cefe5d32f,2025-11-08 14:48:16,open_card,,,True,
3585,3dbd0dfec41af99ca6ac9911c5c9e547,2025-11-16 10:19:56,logout,,,False,auth_error
3586,46f1c4a5b400390b12000f0feb9b2aa8,2025-11-16 08:00:58,view_balance,,,True,
3587,dd03a39dd8e41c6a5ebc96dbb6cac548,2025-09-18 21:21:35,make_transfer,15499.55,KZ845529377266512814,True,
3588,cb75d7451bb1d62eae4fbdba371ce5ae,2025-09-06 05:51:59,login,,,True,
3589,ddebabb2e403dec82a9fab6e596ecfde,2025-10-03 04:51:27,view_balance,,,True,
3590,7dbaaba0397dc77c0435c65b257c4ffb,2025-09-19 00:35:22,logout,,,False,validation_failed
3591,bf1dfb6f76f24d3a0f141fb6fcad4cb6,2025-09-30 08:49:29,view_history,,,True,
3592,f5fc9a37e7e0dcca07afccf3cab1cf9f,2025-11-13 13:00:09,pay_utility,121794.46,KZ559758072720500566,True,
3593,7f5fe0203e773fe17eebfdce6ac9ef4f,2025-09-30 21:30:43,open_card,,,True,
3594,bb0d1fb76bf9cfc14b65a515a5a99698,2025-12-26 09:09:45,pay_utility,85119.28,KZ080415996657422430,True,
3595,7d5952c9adc1e87cf775f0e9865e3ad1,2025-09-17 08:03:18,view_balance,,,True,
3596,cb29ec1eff3c4eb97adb6b1bcf61ec70,2025-11-14 10:22:30,logout,,,True,
3597,f9b1833f4520b23e3a6c6cf167a15bc7,2025-12-26 21:49:01,make_transfer,53697.4,KZ201584282764537614,True,
3598,3d3ad2a58af9ded89ce996b73351fd04,2025-11-02 23:55:47,make_transfer,154295.05,KZ232384193880410419,True,
3599,0c0c1e4d6ffcfbaa2f3ddd6dad614dff,2025-10-19 04:41:32,open_card,,,True,
3600,a67639b914b0c4da8ca061c1dcc2867a,2025-11-18 23:28:34,pay_utility,33542.57,KZ978768169991676972,True,
3601,f6d88c3e944f1608f0c9f7da9f153d2e,2025-09-01 18:04:51,change_password,,,True,
3602,aef35364bdab4ccc2699ee2c4ffc7dbe,2025-09-06 07:15:50,change_password,,,True,
3603,e08ab85b06b82be0cbaae906c717cea9,2025-09-18 13:56:09,view_history,,,True,
3604,9d5abf0d1b0527d12cfaf198da0f9b4c,2025-09-27 04:33:02,login,,,True,
3605,d9a4f4d7688b2aee17b18f4ba783f133,2025-10-07 05:03:51,pay_utility,6423.79,KZ525726603661336364,True,
3606,1dea22ffb3bf1a1f6c7ded7fb1bbfd50,2025-12-02 23:37:12,logout,,,True,
3607,d5b09fbebcbc45cea7396fad69ed32be,2025-12-14 13:03:09,pay_utility,164396.49,KZ874933820869277374,True,
3608,5f034ac955f79f77ee602bdca8c0aac8,2025-12-25 22:55:28,login,,,True,
3609,face4836dceffb23c0a209cf3bb8cc4c,2025-12-04 14:02:03,view_history,,,True,
3610,6d1dbd369930349acb144203bcdc9c31,2025-11-07 22:15:43,login,,,True,
3611,f4e2f55dbc0ecdfd47e1cb7bfc6d3245,2025-12-23 16:52:41,logout,,,True,
3612,f0ea4bcad96facfe20dc9f05e4e2ceb5,2025-09-04 14:17:20,make_transfer,129559.74,KZ872620711394929194,True,
3613,df6a8ccddae8da0baf5b07bdcde219bb,2025-11-23 03:56:12,logout,,,True,
3614,e150e1990b25fecda58fceece428f4a5,2025-11-06 11:18:19,open_card,,,True,
3615,c2a49ddd377ee2be4efcbbe68c2cd1e5,2025-11-12 17:29:56,view_balance,,,True,
3616,a332abaa446dc8bb6ea0e92ddc879fcd,2025-11-25 17:10:53,open_card,,,True,
3617,83fadcbcf72152a76f568c541d0a2301,2025-10-03 00:38:00,logout,,,True,
3618,32edc6525b2d94defae37ac7d0c39367,2025-09-02 14:49:20,view_history,,,True,
3619,eafbca2b13aac7debf318cf9a73929eb,2025-12-22 12:11:05,view_history,,,True,
3620,83a17e8c4c72b4547c73f59c66ded9cc,2025-09-18 10:24:08,open_card,,,True,
3621,c23be511be50bd97a9ab57861af6fdfe,2025-11-28 00:52:37,open_card,,,True,
3622,f89cc69e3bddca3dc9e1a26b7ff1a0bd,2025-11-13 22:30:04,open_card,,,True,
3623,fde90e2b73e9efdb32a24c26edbd8eb9,2025-10-04 07:04:55,logout,,,True,
3624,fd5b379e4bceb46aefc66bdb6badb03b,2025-09-12 06:28:21,change_password,,,True,
3625,d18af6df06befdddaadbd3fdccacc812,2025-11-18 10:00:24,login,,,True,
3626,a017067bb5eabbcb5e06f55d7bc90f22,2025-12-19 02:42:05,logout,,,True,
3627,fed2caafac1eceb29019a8a9b4edbbca,2025-09-28 23:30:33,pay_utility,137510.8,KZ897614134812430708,True,
3628,aabd4be3f7bdef1afb4e16432b8daaf7,2025-09-27 10:43:20,change_password,,,True,
3629,e3f4f08f4befaa2dae39bd22ff0659bb,2025-11-20 23:41:12,logout,,,True,
3630,6f63a1f82d89f909cd865c7704bd2437,2025-12-25 00:52:47,logout,,,True,
3631,f7eafec8526d61ef55db5f6cebfd2a8a,2025-10-02 21:19:11,view_balance,,,True,
3632,c6d75a6d5b0567ccad26fc7ded0aaad0,2025-10-31 19:05:54,view_balance,,,True,
3633,faca23c0e7caa4bdece8bdaa15d61bc2,2025-11-16 20:35:25,logout,,,True,
3634,11bc3cf28ffbfb2f9e51fc212edd9394,2025-09-25 20:48:47,view_balance,,,True,
3635,131eca81ddab49bd3baa2adaeb8a13e4,2025-12-12 04:24:25,change_password,,,True,
3636,cf314bab54a4bec5addb44f21dd3fef9,2025-09-23 10:33:39,pay_utility,164689.08,KZ113180648372035957,True,
3637,17dc1cad27c68b0fa9beeb94d9acfbda,2025-09-17 15:25:39,change_password,,,True,
3638,facdec5bcecdd00ed4fbcadbc58fe8b3,2025-09-08 07:31:44,view_history,,,True,
3639,30b7f6e155cb0b9ae2ca2a6f85546a97,2025-11-14 11:01:03,login,,,True,
3640,c6b5c106dc2d07b60c5b0ae380d8bcc3,2025-10-19 21:27:05,make_transfer,122785.73,KZ309000479713022829,True,
3641,b3afae3c05eac6bce7ef77618a6ffda1,2025-09-08 06:51:45,change_password,,,False,validation_failed
3642,4ada94dba0a0eb2bacbf680ccbf9ff9d,2025-11-23 21:46:34,view_balance,,,True,
3643,ceebbdcaec7e56195a1190b44dd44d41,2025-10-27 10:56:11,view_history,,,True,
3644,f941d5655cda12b889aabeac3f9e75b2,2025-11-26 00:32:16,pay_utility,91677.27,KZ646619012939548223,True,
3645,e6d943b2fdf05e6edb83e3d4002e9deb,2025-09-06 04:12:51,make_transfer,46050.76,KZ584759011804610210,True,
3646,fbbee4bd603aa87afedcdcd9e8651f91,2025-12-29 19:46:57,make_transfer,129156.14,KZ092288881625376158,True,
3647,a43eb191fadd50c5dacfcc0ba386b7be,2025-12-02 16:19:44,open_card,,,True,
3648,ddc1fbed393ef8edf75c7cc341eda2dd,2025-09-15 21:56:57,view_balance,,,True,
3649,b4ec4aaf89bdc02cf354fb6c19c9c172,2025-09-23 06:24:14,pay_utility,48978.39,KZ059100080150581109,True,
3650,e94ecb359476b3ab0d1fcc2dc3c6e54d,2025-10-29 10:36:59,view_history,,,True,
3651,4afa3e91afd26bf2fd75e0a2ad2fd8ec,2025-09-28 20:09:32,login,,,True,
3652,9ef42fdae9b42a34cecc2bdc70fbc906,2025-10-22 19:08:17,view_balance,,,True,
3653,b890dd7670abc1e3b4cc4aacd0678f93,2025-12-19 05:04:42,logout,,,True,
3654,6c8cb8d756cdb3adc0adfbc7501e38e0,2025-12-05 03:32:35,login,,,True,
3655,fd3a9f7ecf5fccf666cbbaeb78e66abf,2025-11-13 18:12:54,view_balance,,,True,
3656,3b49d8b55a0c8c797ec094f80d7cabae,2025-12-20 11:33:18,logout,,,True,
3657,86d0957ebdb37fd989f4ddb7d3fb5afc,2025-12-23 17:48:17,make_transfer,109248.71,KZ145716333762060711,True,
3658,a66a6793b6dbc5322f57302fdde92fbf,2025-11-21 16:32:15,view_history,,,True,
3659,8cd93ddb97ab79ef9b62be7cf64f9231,2025-09-28 14:18:23,logout,,,True,
3660,4aa1ab0abd16f407d48589e88bf8738d,2025-10-07 04:42:31,logout,,,True,
3661,4acf6febac0b0cc415f0e2a75f3ede7a,2025-12-27 03:53:54,logout,,,True,
3662,eedada8a6c2ad4be2acd885e96bfdd7d,2025-11-27 17:58:01,pay_utility,183788.22,KZ971509717171262249,True,
3663,2abdcbe6bf5fa24f90bc8b60b1f1adfb,2025-11-27 19:15:28,make_transfer,96540.36,KZ558129347887213819,True,
3664,f182d3b15cb0ac86cae25bb16f3bdeae,2025-11-13 08:00:28,pay_utility,116251.07,KZ994551952382438325,True,
3665,36db71f7d6ea1e1e90da982f3d15d87e,2025-11-14 01:42:17,view_balance,,,True,
3666,96ff9cef4bc3dc832f89c82e8f1fe84f,2025-09-19 15:06:30,view_balance,,,True,
3667,99faeefdb6dfa4dc7dbec41413bd258b,2025-10-19 09:33:23,open_card,,,True,
3668,f6000ba35f242bfcd50a84e12875cc80,2025-10-16 14:21:54,change_password,,,True,
3669,fae4a4ba5ec7daa5acd57fd468c73d9a,2025-09-09 22:22:30,make_transfer,199987.57,KZ527985333719213095,True,
3670,ccc5ac85b7bdebf63ced4da4c45bec7b,2025-11-18 15:49:11,open_card,,,True,
3671,debabdd890e3471123fbe4a25cfaf140,2025-09-10 04:43:10,view_balance,,,False,auth_error
3672,a96ec7c3ddc65da89e185d5e3cc06a3a,2025-11-28 13:52:07,make_transfer,61284.81,KZ508223870719380510,True,
3673,420872d5a523817eccc955d6dfdfa2aa,2025-11-05 15:53:29,open_card,,,True,
3674,4ada94dba0a0eb2bacbf680ccbf9ff9d,2025-11-23 21:53:45,view_history,,,True,
3675,bfced2cd8fbbe87f4ddfdf0aedfeaacd,2025-12-01 06:38:27,view_history,,,True,
3676,4e5700e1ffcc303e607a2121f9f97dae,2025-11-03 03:56:25,view_history,,,True,
3677,baa4ecfa417bbc28eb30f27efda96ed7,2025-12-07 00:21:46,view_balance,,,True,
3678,bea8cb72e58bdbdccfd1966ca2af3762,2025-10-16 14:28:50,change_password,,,True,
3679,bef8bd52b09dcbce36cafa3f3df77a8a,2025-11-20 05:56:50,make_transfer,38851.54,KZ294825526093051397,True,
3680,b83c9cd4a5bfef5d6cbc92bae2248a9a,2025-10-16 13:15:03,open_card,,,True,
3681,3a9ebd71c76d6ac139264ab33d42662c,2025-12-13 21:29:07,open_card,,,True,
3682,920cfcdf4be71df152fd51f7f95f632f,2025-12-11 05:14:10,view_balance,,,True,
3683,f61fe7fbccb055ec2cfc7dbdcee1b47b,2025-10-03 07:05:27,change_password,,,True,
3684,0bbb7b41f3e2ccc668ca1a04d22bc03a,2025-10-14 13:34:38,pay_utility,152655.43,KZ869462856112389413,True,
3685,efa2a1e5afdf1ceea7d9d9f840efbd8f,2025-10-19 23:56:40,logout,,,True,
3686,ad8ca5b7cac84aec3236e38e3cd17d0e,2025-09-06 15:22:00,login,,,True,
3687,ad42aaaebbedbea4efffecf85ab945d2,2025-10-29 06:56:40,make_transfer,168102.29,KZ886883352192093893,True,
3688,fcaee6dc91ddcea69a4bab7a80fcbf0d,2025-11-27 07:02:53,change_password,,,True,
3689,d692b6d012bfcfa14badfa47f11fbe61,2025-11-23 10:35:10,logout,,,True,
3690,adadfa9f04a43686ea9d7ecb6c92866f,2025-10-21 15:39:41,logout,,,True,
3691,d9647bbdb63d50da15da4b9b48bca59e,2025-10-07 07:33:51,open_card,,,True,
3692,43d84df80cc1825e56abc263da2c1f71,2025-10-18 16:38:03,change_password,,,True,
3693,beff6ac6ba9ec40bfe89a3df06d369ca,2025-11-12 03:39:50,view_history,,,True,
3694,b46bed0eccc829b9f09a073eb6d1773e,2025-09-07 12:37:41,view_balance,,,True,
3695,2fa4b1c9d2deddfdc77a76d1afea6dc2,2025-11-30 19:56:46,view_balance,,,True,
3696,d8b7b4bb64eff377efbcd543fcf6460f,2025-09-23 17:17:52,view_history,,,True,
3697,06fb8ff4d131bbef3ec3c59d2db50a39,2025-09-26 08:06:58,open_card,,,True,
3698,6cef0a82a57bd6cbba8cedc84d6eaa8c,2025-09-18 16:40:44,make_transfer,83673.73,KZ929150201902216946,True,
3699,23a8ca2a02c285ad8bdbeffa86f8e70e,2025-09-27 22:25:30,pay_utility,86162.13,KZ413352480293158793,True,
3700,f7297f5fb5ecfffead6ea96c71259cfa,2025-09-23 04:40:18,view_history,,,True,
3701,d0d9c81ff4f03da8a2b1a5849c8d3dcd,2025-11-09 15:44:44,open_card,,,True,
3702,daeceac36af5ea6d60a1078f68ebbbf4,2025-11-11 04:12:37,view_history,,,True,
3703,0ccdf0c6bbe5b123cb3cb535172c62ca,2025-09-18 04:40:09,logout,,,True,
3704,6fdb5d8a6fd9f3c951eed5f60c0bab3d,2025-10-28 15:33:35,logout,,,True,
3705,7dbaaba0397dc77c0435c65b257c4ffb,2025-09-19 00:32:33,open_card,,,True,
3706,d790868b677f313f77f4e8acf85f89e9,2025-12-17 09:34:01,pay_utility,23276.23,KZ604268606657352745,True,
3707,a9ffcaf52dddb20ac0876cff688f777a,2025-11-09 03:45:18,view_balance,,,True,
3708,c22d3f8a17d37f1da8357ea19d587688,2025-11-14 09:43:06,login,,,True,
3709,9234d8412efcec5e1f96ed62ea491dfd,2025-10-16 01:38:01,view_history,,,True,
3710,cd71c4d5f8e90bae3d69745bd87df4bc,2025-11-16 21:35:54,open_card,,,True,
3711,d9db2e8ccfc84f2df8f1d82ebdff8b1c,2025-09-19 04:29:16,view_history,,,True,
3712,3b4fe3d4ec57cdae34fd5ddbda28ff5a,2025-11-07 22:33:55,change_password,,,True,
3713,3a3c2eb27aecbc4ac3c83b9fd2f2a96a,2025-09-14 12:47:44,view_balance,,,True,
3714,f82cda1dbbbaa85fcef3bd042daf714f,2025-12-15 18:55:23,open_card,,,True,
3715,c6b5c106dc2d07b60c5b0ae380d8bcc3,2025-10-19 21:45:27,logout,,,True,
3716,872785ac70164cffd66eb0f804fc106f,2025-09-04 00:55:02,change_password,,,True,
3717,ec41cbdea8736f4cd0a4ccdff992aee7,2025-09-30 17:52:19,view_history,,,True,
3718,ca8ef2feaf9e51b62e5c66cce04e43b5,2025-10-21 03:21:16,pay_utility,42828.85,KZ065872314456855567,True,
3719,b0a80b646db31d4b2adebc1fa2e35bec,2025-10-27 06:12:08,login,,,True,
3720,c9bbb6fe4abfdd0fffd6ba52efc2adfa,2025-11-22 16:17:54,logout,,,True,
3721,0faeed6479adbbe7899b2c0bdfc1272e,2025-09-13 21:13:59,pay_utility,170886.93,KZ938520947180357454,True,
3722,fdb978c7cdfcfdebbd2e69acbf1df4fe,2025-11-19 15:49:47,view_history,,,True,
3723,b51bc8fe8b11a25a24dbe3ecc5cff18f,2025-11-30 14:50:27,view_history,,,True,
3724,fb890dadb62cbecedb8727e6e4f1febd,2025-12-19 11:55:14,pay_utility,114199.25,KZ274027503396982828,True,
3725,1eb75542ffa2dc9dc0a6bd72eacffd7f,2025-11-24 07:56:28,view_history,,,True,
3726,a33fdfd3e48200eb8970f7c5cebfe139,2025-10-01 13:46:52,view_balance,,,True,
3727,cf5b7f39d2d5f69f3c61ddedff6b1bfd,2025-12-02 09:26:59,login,,,True,
3728,d305bd7f4caa0f4112dbdbeec2ad11fc,2025-12-26 22:13:17,view_history,,,True,
3729,11d834c8bdd4c772d345c6af8d8d5e5e,2025-11-13 08:49:47,change_password,,,True,
3730,ee1a6980c7abef1bf5c5e1fafda5fe34,2025-12-03 08:40:58,change_password,,,True,
3731,0e0c678ca9ab4ca675404ad9e6d43c8e,2025-11-04 06:21:56,view_balance,,,True,
3732,81abd6fcb0da79e286a4b5b329a1ebce,2025-10-19 13:57:05,make_transfer,17939.8,KZ575305580597331129,True,
3733,adadfa9f04a43686ea9d7ecb6c92866f,2025-10-21 15:30:39,view_balance,,,True,
3734,150b5a5f743f3e9dfe36b37e6e308c4b,2025-12-30 08:54:55,view_balance,,,True,
3735,8aa482bfead76a8df3eecfeec9d3a201,2025-10-22 04:33:49,pay_utility,87920.36,KZ358032252952384082,True,
3736,0faeed6479adbbe7899b2c0bdfc1272e,2025-09-13 21:17:37,logout,,,True,
3737,dca0d38ddde907e5dffb1ebccbbdc2a1,2025-10-24 06:18:44,change_password,,,True,
3738,3a9ebd71c76d6ac139264ab33d42662c,2025-12-13 21:13:38,change_password,,,True,
3739,089d4344c8c75025a42e39758efbb6d8,2025-12-06 08:59:58,make_transfer,89840.68,KZ188902127344597628,True,
3740,66a48de2b0faa31245aecddcf0c40fbc,2025-11-27 07:15:29,change_password,,,True,
3741,bbb99de2a63dfc13ccae7d70ceddcacf,2025-12-13 16:46:09,view_history,,,True,
3742,68e779bdb1bfa5ec4d5d65e3cc9dad26,2025-11-08 21:55:16,view_balance,,,True,
3743,dd0bc970d0b867dabf4ce0dfe789afad,2025-09-25 04:42:35,change_password,,,True,
3744,eaf7cee9d9268e91bb61aedbfe8a9ea0,2025-10-09 14:14:40,logout,,,True,
3745,ec21b2e9866660e4b2a62bec2b1fd722,2025-09-07 22:03:21,make_transfer,129856.79,KZ432507430730530819,True,
3746,e3e99bab5ee0de045aedf3dd42cc5bb3,2025-12-05 10:14:52,open_card,,,True,
3747,b9ee6d1d05a332e70a15071e0488cfab,2025-11-14 19:56:08,view_history,,,True,
3748,c46fcc6ebffdaad002357cfdbfec43b4,2025-11-19 13:02:35,open_card,,,True,
3749,f8bea7f621d5dfd2a8f6fa3c2ac82cba,2025-10-10 10:17:00,pay_utility,149434.02,KZ832518598388899115,True,
3750,7f5fe0203e773fe17eebfdce6ac9ef4f,2025-09-30 21:24:40,view_balance,,,True,
3751,fa3bfff8bb74fffb2ca800d6c8f2ca2f,2025-09-04 23:48:40,change_password,,,True,
3752,b46bed0eccc829b9f09a073eb6d1773e,2025-09-07 12:30:30,view_balance,,,True,
3753,960d82acfd8baacc0fb57c00b93ed5e7,2025-09-14 18:29:32,view_balance,,,True,
3754,db91c4d41f4b7e3b5eae4ffeacae5dfc,2025-12-10 23:11:24,logout,,,True,
3755,ebacff291c689a721c7abde4880eb819,2025-10-29 09:46:36,change_password,,,True,
3756,62f140554e0ea4fd82dbdb37fceeb1ff,2025-12-25 07:47:21,view_balance,,,True,
3757,97b84ead2a3cedd8fbded3bc00dfb3db,2025-11-27 12:22:30,open_card,,,True,
3758,c502bbad4bf8d0ad1dd5f809a5d9ae70,2025-11-15 21:27:54,view_balance,,,True,
3759,facad3c5a19fcefd9843f68fcb0df84f,2025-11-30 08:25:27,logout,,,True,
3760,fed16bc16a15b640efd99a04fcfb6afc,2025-10-31 04:44:21,login,,,True,
3761,ad585fdfecaf4fdfb42e5c30fdfcdfcd,2025-12-12 19:43:28,view_balance,,,True,
3762,e8125ebafe81c2d9d1065c64a3e0bfa7,2025-11-16 01:47:38,view_balance,,,False,auth_error
3763,aaf29bbf9f1bb1daf1dc3c845aacebc2,2025-11-30 06:30:06,view_history,,,True,
3764,fc98e38c3beada19e6bf07ac61318fed,2025-11-20 18:55:36,make_transfer,80163.8,KZ268706438873414669,True,
3765,788cffbbcacc0a7e9ce00d9c2dcfe1ad,2025-12-16 18:53:19,view_history,,,True,
3766,bd48d5d0fa11dae51f5ee7bda2be72ca,2025-11-18 14:57:52,view_history,,,True,
3767,f1aba6cb91b0fa4c13e19bcfcacea3a7,2025-10-28 01:51:44,pay_utility,97119.02,KZ890489278991751502,True,
3768,ed085e0b32fbf7edacefeed7e07d4549,2025-11-30 10:11:05,make_transfer,137972.36,KZ354394738396812783,True,
3769,87debf29e3c2789107758daa1c7c4d9b,2025-11-21 13:35:56,open_card,,,True,
3770,e21bc8af32455b4f2c5d7aaebbfb9317,2025-09-17 11:34:43,make_transfer,156508.44,KZ302703744299625300,True,
3771,6d1dbd369930349acb144203bcdc9c31,2025-11-07 22:28:46,make_transfer,80964.35,KZ311097829680899528,False,timeout
3772,abfbcf99db4baf66882afd61a7a8d3d7,2025-11-12 14:44:33,view_balance,,,True,
3773,eb11ffbf96dc285c25bb04cefa532d0a,2025-11-22 21:21:16,change_password,,,True,
3774,dd7b1ca98c862648caae5deabfbedfb1,2025-11-10 17:27:44,make_transfer,67728.36,KZ360806630696435196,True,
3775,6187033d174fa2c73e501dedfcaaf32e,2025-09-09 04:47:38,pay_utility,198243.35,KZ272688329966490548,False,validation_failed
3776,cc5ed902eb38fec23dddebbefe8b0afd,2025-12-06 12:45:38,make_transfer,100448.79,KZ965997666827745738,True,
3777,d1299eb1f15d5feab24e3c23e760c5d7,2025-10-26 16:20:47,change_password,,,True,
3778,d12ce0b7bdfec6cb898dcce4abe6bbca,2025-12-03 17:42:55,open_card,,,True,
3779,e1373310aa186ae273679a5a2bddbac9,2025-11-30 13:30:01,pay_utility,43709.85,KZ969394653857867571,True,
3780,916cc26ff011ab1c94d42ca4cbdf6fad,2025-10-22 14:29:36,open_card,,,True,
3781,4bcaa5caabcfcd9b7a84ec38faeb0e1d,2025-09-26 11:34:14,logout,,,True,
3782,433a615bed8a46e08aecc63ac004abb7,2025-10-19 17:57:46,change_password,,,True,
3783,cffedd4b317fc47cae81bca132dede38,2025-09-02 21:59:47,view_balance,,,True,
3784,a46ab0626c9d5d13adf9bbd5d1db3d6d,2025-11-16 23:48:28,change_password,,,True,
3785,fda1cb0c0225aaa082e58b389edd55bd,2025-12-17 12:25:30,logout,,,True,
3786,d9df3f133e6dc64decdd921c02546d5f,2025-11-14 11:49:50,login,,,True,
3787,0b2ace8d48ab83a9368c5ceae577fe3f,2025-11-27 03:36:09,view_history,,,True,
3788,e148fba6ecb20010770dfe4fe822cef7,2025-12-14 07:55:18,login,,,True,
3789,59f2bd04d84a984edc8cececea38f9a5,2025-11-14 05:37:02,open_card,,,True,
3790,5de3ecaade7fe0e73d3c8baa1be4e4ad,2025-10-02 09:26:07,view_balance,,,True,
3791,99faeefdb6dfa4dc7dbec41413bd258b,2025-10-19 09:26:15,logout,,,True,
3792,de2d44aa050882ce7f6fdebdfdcc31fe,2025-11-21 05:55:03,open_card,,,True,
3793,dcc45bbeb75a27e7a515276aadfd9d96,2025-09-18 15:12:05,make_transfer,116330.48,KZ351676050060697999,True,
3794,bdd6a88e9ce35bc95e8a917aa1bea81b,2025-12-12 06:39:00,open_card,,,True,
3795,a2e50e2eacaed6eeec10f98c7af4e8d0,2025-09-07 00:05:51,make_transfer,74431.77,KZ319490439216091603,False,timeout
3796,bd88ebae4b054b39bf95c9b8b3e1feb9,2025-10-14 14:24:17,open_card,,,True,
3797,ad82cbc904e41a60b8d4dcbda0dd6572,2025-09-06 16:15:49,make_transfer,45445.03,KZ297559895493617642,True,
3798,ffc493411c2a76bcd90243fbcb6ecb7f,2025-10-03 15:00:31,login,,,True,
3799,84f1bacda3bfbc6eddef7baad9330e25,2025-11-21 09:27:43,login,,,True,
3800,e18fa4eec2cf0ea8c5ec6ad8ec5badc4,2025-09-29 18:43:50,open_card,,,True,
3801,fb204c934732e147dcddc3ca6d603c8b,2025-09-08 21:30:00,logout,,,True,
3802,6842c4ec8ccee2f6e6bad2ed9aad86bd,2025-09-26 16:39:43,view_history,,,True,
3803,8cd93ddb97ab79ef9b62be7cf64f9231,2025-09-28 14:03:18,pay_utility,85018.77,KZ754823827701455178,True,
3804,a9ffcaf52dddb20ac0876cff688f777a,2025-11-09 03:56:22,pay_utility,88369.6,KZ950895080052493839,True,
3805,4a79fdae4a1ddcfdfe2fea82b8cc35e9,2025-09-24 10:09:33,change_password,,,True,
3806,a6c35a87e4a4dc7bb3d822ee56fadf40,2025-11-14 21:32:37,make_transfer,197993.25,KZ914304367298461510,True,
3807,e7b5a6fa80abb992a32a7b1cdba998c1,2025-11-20 22:10:52,logout,,,True,
3808,42ec1aab86be96ddb0dfce012a5b42ac,2025-09-08 21:17:15,logout,,,True,
3809,f8bddc55d7090a0bdbcfaaf32f5ef2ea,2025-11-10 01:35:42,pay_utility,145309.11,KZ041050341144199197,True,
3810,72f35863282a00f25abbeaacbbdaadcb,2025-09-06 07:03:10,open_card,,,True,
3811,47afa7a9bf7ccbefeecdc74faa7bbeb7,2025-10-28 18:35:53,view_history,,,True,
3812,14993fdbcb2c9cd9d0c16821dbe087ee,2025-09-06 13:04:47,pay_utility,110267.47,KZ282273237780417086,True,
3813,4c4d9ec3e3deccaf162a7c39bafaa77c,2025-10-27 21:09:31,pay_utility,65489.59,KZ395036764645104105,True,
3814,d11bceefedf5effa5ed872be0fce37cb,2025-10-01 18:58:05,view_balance,,,True,
3815,1fb19e79f4eb2d7abe8e82d38c0e03db,2025-10-27 17:56:38,open_card,,,True,
3816,2ecfb119cd7b67ccd71cf3988c7c25fa,2025-09-05 18:52:35,view_history,,,True,
3817,fce7889fcacfd7f4ee633a9f3b7f6be6,2025-10-19 10:35:39,logout,,,True,
3818,a017067bb5eabbcb5e06f55d7bc90f22,2025-12-19 02:30:20,pay_utility,183534.06,KZ210250130102692462,True,
3819,db435bd4dff420fd53bafeeff9b29a7b,2025-10-13 06:05:33,change_password,,,True,
3820,b62cdbe7d8b9dec71be1eb7aec3c64a1,2025-09-01 04:38:05,logout,,,True,
3821,bfa29fe4eedecfbc9b902edceeee8c3a,2025-11-09 00:59:34,pay_utility,140574.74,KZ154511374973176465,True,
3822,8f9bb1847dfca28c5211c9948adec940,2025-11-19 12:57:46,make_transfer,50987.01,KZ648776233575432105,True,
3823,ffc131791a3c4ff43b47cfe5dbfc60dd,2025-09-24 02:17:55,open_card,,,True,
3824,89ab5fc3bebeb613d47d4e67cdbaf0f2,2025-09-15 10:15:30,view_balance,,,True,
3825,0d9da79c8c003d0ba8b3abf43ad1b777,2025-10-12 02:58:38,view_balance,,,True,
3826,fed67be2a05ad33b1c85052f6fa70b8a,2025-10-21 17:37:25,pay_utility,171697.82,KZ273387476511745294,True,
3827,ed349340acbaca023908a8fe4fcb8658,2025-09-18 06:29:47,change_password,,,True,
3828,32edc6525b2d94defae37ac7d0c39367,2025-09-02 14:47:16,pay_utility,66469.02,KZ795608998704615009,True,
3829,6fdb5d8a6fd9f3c951eed5f60c0bab3d,2025-10-28 15:32:50,change_password,,,True,
3830,4e6fd52db73f60cbfffdd4ce03ff68d2,2025-10-23 15:10:12,view_history,,,True,
3831,228382fd3ab303b844bfaaf6dc01aadb,2025-11-09 20:37:21,pay_utility,143989.19,KZ890068811413782692,True,
3832,9e2cdd6ac4727237e0f6caf2bad3cb4d,2025-10-03 00:18:48,open_card,,,True,
3833,3f8c9cfaad0ea57ddcce9f9baeede7ff,2025-09-26 01:32:51,view_balance,,,True,
3834,fb79cae3ec5cc3ccf19dfd0cbb91df4e,2025-12-10 07:32:56,view_history,,,True,
3835,25fa26dd784e4a82b7fc233c57ea6aa4,2025-12-29 09:01:02,make_transfer,106217.97,KZ627984084675251486,True,
3836,afeb6058ea6cb7bfbbdc6adf0dc885fd,2025-12-01 18:39:43,view_history,,,True,
3837,5f9ddd05efc649be7b95587845f4aee6,2025-12-12 00:32:05,view_balance,,,True,
3838,fbba5cec2d69a2e09fdc190b041c2e3a,2025-11-14 18:02:29,make_transfer,198615.81,KZ481867750063579576,True,
3839,7190a5cbaa20aafa79fddd98699b8c58,2025-10-08 02:52:03,pay_utility,67162.25,KZ452106403906491750,True,
3840,ab5026ecbfd4eba09f6cfcbdec44fede,2025-09-08 04:06:33,change_password,,,True,
3841,abe724b5a7adf0af0decdef1f21a979e,2025-11-27 17:51:00,view_balance,,,True,
3842,c838dc2cababf0153cfab47b92f777be,2025-12-11 11:30:39,make_transfer,121349.14,KZ882769452296807464,True,
3843,dafaff24ccbdaa64a126d7a6eeff4bcf,2025-11-13 06:32:59,open_card,,,True,
3844,01f9cf5bfe3c4a3bf44d500caef0ad80,2025-11-21 17:33:10,view_history,,,True,
3845,0ed13680f717a064d05c138b56173687,2025-11-17 07:35:09,view_history,,,True,
3846,ef6e93d03ddfaf80735aa338ab2cdabf,2025-12-17 04:06:51,view_balance,,,True,
3847,ff07e8a2ddee74dd30b50ceb1bd2872e,2025-10-25 23:46:01,view_balance,,,True,
3848,d69d0c3ef3ce22fcf2dc3d4bde293b81,2025-10-10 12:48:30,open_card,,,True,
3849,c5e3c323c7703a2a94aebafadb2d3e40,2025-12-20 01:06:36,pay_utility,33106.61,KZ182661461957196113,True,
3850,6b2ecdbe42c7bbead9ca6fef122b796a,2025-09-17 04:52:08,view_history,,,True,
3851,85213203fa75063acd4a16ebbf3c73db,2025-11-20 13:01:15,make_transfer,183619.31,KZ965110226811081086,True,
3852,beaa94d60fa475cd6ee43ebbc3b9a3ab,2025-09-18 00:55:26,logout,,,True,
3853,3ddaa4283caeebe8efb8377d6a1bd9ea,2025-12-27 00:36:05,logout,,,True,
3854,a9acc69e7dfd9b1d3d0bbc6c07c6dd8a,2025-12-24 00:44:23,change_password,,,True,
3855,e19b3ce6bbad6c0e02c9fa7fbf7434ce,2025-10-16 19:48:51,view_balance,,,True,
3856,33d69b9df2df82582b169cf4ddbb83a0,2025-10-11 23:24:04,make_transfer,48224.79,KZ858204588292976669,False,timeout
3857,fab9e1d40aca45a0e1bf8aff233b411e,2025-12-18 02:06:00,make_transfer,39040.3,KZ376912516450341868,False,validation_failed
3858,9fc37dd89e09058cdc7fba9f2fee8add,2025-11-04 06:17:42,logout,,,True,
3859,3f1bdbc8aa9ffdfeab07a5aafddffbc4,2025-11-20 14:12:32,view_balance,,,False,timeout
3860,5722dbbaffb0c02b0aa7a2a1ab3b3df5,2025-10-20 18:21:17,view_balance,,,True,
3861,f8b4e7ac502ae787353eaa25d4efddbb,2025-10-09 09:27:10,open_card,,,True,
3862,9ed930dafd0a65a359f3cbefaba2f4db,2025-11-17 08:06:02,open_card,,,True,
3863,035cccee2f2cbaaddda43019cdee131a,2025-12-11 20:17:55,change_password,,,False,timeout
3864,a42e3ee1b56e27b2f760fdeab5cd0d01,2025-12-15 04:04:47,pay_utility,43584.75,KZ832025145723439512,True,
3865,7d7ecda3bd8c97fc5e7bafde90be5364,2025-10-16 06:55:48,view_history,,,True,
3866,9dcfe9ff9bbdbeebeea6a14dc1b47279,2025-10-20 12:34:34,logout,,,True,
3867,5eadcfeecf39bc4767c9ebe800ff301d,2025-09-21 02:04:51,logout,,,True,
3868,8b13c00a6a8d3ced3784d20c1ac64f7e,2025-12-14 19:16:05,pay_utility,153304.44,KZ392707390852360978,True,
3869,bf65ddf6f5df19bc0bc18e5c9b9fa366,2025-12-22 18:49:27,logout,,,True,
3870,f5f2c56c7c8639fcc6df5a879c86045e,2025-09-03 20:24:27,view_history,,,True,
3871,ee880ee11d0adcfb23762f7e3e9f3444,2025-11-01 17:58:45,open_card,,,True,
3872,c502e107dbf2ead4da01e28fcdae20f4,2025-10-13 02:27:59,open_card,,,True,
3873,4fc23eff9a612f7a0c3d440c4a601424,2025-12-05 20:18:15,logout,,,True,
3874,aeb65259aab100efcebe14cda4debdd0,2025-09-17 22:53:03,make_transfer,53090.9,KZ084975407965635708,True,
3875,ee5f6dc3b6f5881fafd76daebd9aee6f,2025-12-30 07:26:37,view_history,,,True,
3876,71dfba87cb23f38b36a0ccbc4eefdfde,2025-09-24 13:49:07,make_transfer,69130.28,KZ176607168309737827,True,
3877,fcaee6dc91ddcea69a4bab7a80fcbf0d,2025-11-27 07:07:35,change_password,,,True,
3878,d1f5fb2f3aa17f2f5bbbb859ec6b317c,2025-09-06 23:29:00,view_history,,,True,
3879,39a2904cee9dffd2ef745bb6e1be1c7f,2025-10-07 20:11:38,logout,,,True,
3880,cf59abc3ffe694cabfa1fddeacdada00,2025-11-29 19:10:44,view_balance,,,True,
3881,9de9fd0fed1d6cdbbdfccaf1c082bcb5,2025-10-16 03:08:52,pay_utility,118028.0,KZ622961054158097379,True,
3882,77c3cedd4d49d59d4c7e03f09bca498a,2025-09-25 04:08:53,change_password,,,True,
3883,f78f33dea58c5bd381f6cf2ee7e22bfc,2025-10-17 19:15:50,login,,,True,
3884,97ff8bed2eb9b38bbcb561d815055939,2025-10-16 18:43:00,pay_utility,44283.17,KZ202683366083417753,True,
3885,d8b7b4bb64eff377efbcd543fcf6460f,2025-09-23 17:26:32,change_password,,,True,
3886,2367e3a2aedf40c9caf71682ef74d743,2025-12-18 07:48:00,open_card,,,True,
3887,9fc37dd89e09058cdc7fba9f2fee8add,2025-11-04 06:13:43,change_password,,,True,
3888,9fecc7d3c8c8cb932e2fcaad0a7372b3,2025-10-01 09:24:00,pay_utility,97506.11,KZ044627544420846077,True,
3889,edbd7bf6be4dc8774dffca0e9adfaf0b,2025-10-06 06:38:04,view_history,,,True,
3890,67c2c9b880d0ae31b230cf50c0b1fedf,2025-09-17 22:23:08,logout,,,True,
3891,f7c9adf6defa964a7ffe18becff7ebaa,2025-12-01 19:26:33,change_password,,,True,
3892,fc4b5aeb0cd054bd59cbddfaedaaa37a,2025-10-26 05:13:16,open_card,,,True,
3893,ec56ec1e4fdc1f9f7cd5b6c6c6fe6b92,2025-10-05 16:14:53,view_balance,,,True,
3894,920cfcdf4be71df152fd51f7f95f632f,2025-12-11 05:14:41,change_password,,,True,
3895,d4bdfa9854a16ffadb57a53c90facbeb,2025-12-23 00:58:49,change_password,,,True,
3896,0ec4c0b989f9001836f61e97eda1729a,2025-10-25 09:59:27,pay_utility,117040.17,KZ796341934751270362,True,
3897,2cc3ec32ac2eccfeaddfad9cbf0aa61b,2025-09-13 22:49:55,make_transfer,49591.63,KZ683359670614191036,True,
3898,e3e99bab5ee0de045aedf3dd42cc5bb3,2025-12-05 10:16:41,change_password,,,True,
3899,21ccde0bd4bbbd178b9ed6b954efad9f,2025-10-22 03:43:43,view_history,,,True,
3900,2bbade1b1abe3a64df6ad6de06d0349e,2025-10-27 15:01:59,view_balance,,,True,
3901,fe2fdca517d6c5db070e88de19d39ce6,2025-10-02 19:14:25,open_card,,,True,
3902,91ee12f0e52baef6a7affee33f6dd85b,2025-12-16 06:08:39,pay_utility,116328.93,KZ527657591235759413,True,
3903,0e0c678ca9ab4ca675404ad9e6d43c8e,2025-11-04 06:29:43,open_card,,,True,
3904,7d5952c9adc1e87cf775f0e9865e3ad1,2025-09-17 07:45:30,pay_utility,25993.43,KZ133723959104049684,True,
3905,f53fe295bacbf7efafeeb60e7bb3ac8e,2025-11-03 02:32:06,pay_utility,3863.93,KZ669900503409640088,True,
3906,eebe8236ad1c3cc831cb2cdb16dbd0df,2025-11-20 02:54:23,view_balance,,,True,
3907,3822c4fcbf11bf534ad9decfc8a83a42,2025-09-13 18:46:32,view_balance,,,True,
3908,c151beb3d3c54df25b042482b4b4e58f,2025-12-02 07:12:44,view_balance,,,True,
3909,b0dc9bc1f9e1968e81b99750a61b5d21,2025-09-18 04:23:49,pay_utility,193452.15,KZ919216717574513755,True,
3910,d131a22292f7fef9ae25ad81357fae4f,2025-10-11 14:34:02,view_history,,,True,
3911,cbda2aa465f01b2fc85aba5cea13c2d0,2025-10-30 08:36:55,open_card,,,True,
3912,3822c4fcbf11bf534ad9decfc8a83a42,2025-09-13 18:33:54,view_history,,,True,
3913,45bd4e999f250cba9c4bacd1d4682bc9,2025-12-16 20:59:45,view_balance,,,True,
3914,a3ac000fdfd00940a36332eac5f3faf3,2025-09-15 23:00:17,view_balance,,,True,
3915,16d606da2cdfa15cdabdcf264ec8318c,2025-09-26 02:28:27,open_card,,,True,
3916,4cb7c816bbb76beb5efa2fb65fbef5ae,2025-10-31 04:20:05,view_history,,,False,timeout
3917,d0dc6ddd80628ebccfeef870dfbaa213,2025-10-30 11:54:28,change_password,,,True,
3918,f78bfff68c0d2236ce0db9d95f55de05,2025-10-12 17:23:00,make_transfer,69980.18,KZ904540519555053493,True,
3919,df0fdf116d3bffde5718db5fa2aa8ada,2025-10-23 14:51:05,view_balance,,,True,
3920,31dd5a815efafffff1872af42ace343f,2025-12-16 08:11:05,pay_utility,13055.01,KZ057523900595450215,True,
3921,8211c5d5b6f6c63bcffcdd4fb5d47976,2025-10-20 06:11:07,change_password,,,True,
3922,527241ceea7d9a4dc0a0fe8448d37010,2025-09-27 04:10:22,logout,,,False,auth_error
3923,b0f2adeef68cd6ffab3d3424dbdce3f4,2025-12-03 09:49:18,view_balance,,,True,
3924,cc24278aaf9ab58185e2ceaeeccdd0b7,2025-11-28 00:14:19,view_balance,,,True,
3925,af3501bb2b9d35be9bb673d9790f9f26,2025-09-16 20:04:33,open_card,,,True,
3926,8ac0b557ca50b11578c88dddd6eee5a7,2025-11-24 21:24:57,open_card,,,True,
3927,46f1c4a5b400390b12000f0feb9b2aa8,2025-11-16 08:02:59,login,,,True,
3928,c2dfe504c3cce1ef3a8463cb8ff4e9bb,2025-11-11 11:10:48,make_transfer,64675.9,KZ639520625929281766,True,
3929,d5b09fbebcbc45cea7396fad69ed32be,2025-12-14 13:05:35,view_balance,,,False,auth_error
3930,73f663b9a92f467b742734de1ea12b60,2025-09-21 04:56:48,view_balance,,,True,
3931,1deda87daeae6aafff229daf0ec429bf,2025-10-30 01:15:46,make_transfer,121839.43,KZ663893986295975785,True,
3932,4f944b115fa34c491fdfbcecc45bd54f,2025-10-01 04:18:03,make_transfer,50790.79,KZ365776031450409802,True,
3933,e4118cba9bf8c793dba5aeb5cd779c06,2025-09-30 01:21:43,change_password,,,True,
3934,cce52dc24e2cdf8efd4c67ec7b1eedd2,2025-09-15 16:20:07,login,,,True,
3935,f8f6e9fabdc2ca42d2654a6cb1201e51,2025-12-20 22:21:24,pay_utility,161044.52,KZ239509289651607579,True,
3936,39fdcdd5eb2f91bccf4faef7d860b55f,2025-09-12 12:22:47,change_password,,,True,
3937,9cbf839cec1d0a0ded11d485faadcd14,2025-11-28 14:29:23,view_balance,,,True,
3938,02d6d15e323dd83ebc0e1560530da510,2025-09-19 04:25:41,view_history,,,True,
3939,5cfd22e1bc502f2cbdd43dc24ffffa4c,2025-09-24 18:35:01,change_password,,,True,
3940,5524ac2acd52cb23b2d0acb5d4bdddcc,2025-12-30 09:03:45,logout,,,True,
3941,131eca81ddab49bd3baa2adaeb8a13e4,2025-12-12 04:44:00,open_card,,,True,
3942,90fa211c8ef46031bddfcbbd38eabb0b,2025-12-23 08:55:39,view_balance,,,True,
3943,ee9e82e468eeab3e3d7b0aae418e3a91,2025-10-21 10:28:25,make_transfer,83942.56,KZ189406234375704391,True,
3944,3d886d92cd3ea9aaaaecdce85aed37db,2025-11-27 08:16:19,open_card,,,True,
3945,1b3e8ccea5064ecc75ccc80ea5b8b83b,2025-09-09 14:46:37,logout,,,True,
3946,2161777e7ffdc664da9a079a328c2dc3,2025-11-28 12:18:40,logout,,,True,
3947,56fcecd8047393c5d22a98ab921657eb,2025-11-29 04:17:15,logout,,,False,auth_error
3948,c2194b541e4264a3c3b844d5cd1aa985,2025-12-04 20:39:34,logout,,,True,
3949,d52ec3eda1662365a4abd3f415f044d2,2025-12-02 15:02:46,login,,,True,
3950,609a7ce92e8dd67ed4aec938a31f55fc,2025-11-03 18:08:24,login,,,False,validation_failed
3951,fe2fdca517d6c5db070e88de19d39ce6,2025-10-02 19:06:26,pay_utility,184118.9,KZ782549915290192517,True,
3952,000abc16fbfa2c077abaeea84108ea13,2025-12-18 03:34:32,view_history,,,True,
3953,bc4fa989dfbdecbe8dd9bc5a5fc7a57d,2025-12-06 08:41:53,make_transfer,177832.19,KZ826742157288568594,True,
3954,9f4cd2c0cb48acb0d44ffffd9fdb177c,2025-09-02 05:58:13,view_balance,,,False,auth_error
3955,d2abf58e929c8eb303cd3ccb09b623ec,2025-12-26 01:30:05,open_card,,,True,
3956,f2d7f008e46619c2db107b97bf6b3f8f,2025-09-05 12:30:40,login,,,True,
3957,ad4a103447dc6efaf5080dcbbb698ebc,2025-10-06 15:40:59,open_card,,,True,
3958,1a9ed133c23467dee30f400ad84ab7ef,2025-11-11 05:05:17,view_balance,,,True,
3959,dafaff24ccbdaa64a126d7a6eeff4bcf,2025-11-13 06:45:35,login,,,True,
3960,87afff68f9b2be05016f298db1b9de6e,2025-10-07 07:59:05,change_password,,,True,
3961,1cfa625635e2af893bf0c19bdaecdffd,2025-10-18 16:20:21,view_history,,,True,
3962,0c4d8af044b7f1c56285fbdcfb5f711a,2025-12-21 01:13:07,open_card,,,True,
3963,5b03ca0288cd1d3a095d72f214a58843,2025-10-22 16:04:52,logout,,,False,auth_error
3964,f7efcfddacf01baedd7ce0dacdfdebb3,2025-12-01 17:02:14,view_balance,,,True,
3965,b0dc9bc1f9e1968e81b99750a61b5d21,2025-09-18 04:16:25,logout,,,True,
3966,c16d4d1ed0a2dc9ca21a0c693bf89f3b,2025-09-10 17:49:18,view_balance,,,True,
3967,4fc3a63e0a0ffb3cfe0a0dbfce5bfe15,2025-12-30 15:14:18,login,,,True,
3968,f8cc0dfdfa73385c9ae6e4c4c8e7ef64,2025-10-12 20:23:04,view_balance,,,True,
3969,bccd1db399dced5a7c22a9aa0b46667f,2025-09-13 12:18:08,open_card,,,True,
3970,abb2aec4538dd0f4f5d40eee1e6ac3d1,2025-11-20 05:46:52,view_history,,,True,
3971,3335ff8ca766a9fff3a5a6dad2cb32ed,2025-10-16 09:38:57,login,,,True,
3972,4a68cbf1fcc0ec90cf382fa68822b9be,2025-10-29 19:01:56,make_transfer,185669.38,KZ140531470466848957,True,
3973,322c4d9865fce9ee4fc568be3ede7325,2025-12-30 06:38:12,login,,,True,
3974,b0bfb506334bdb6d5ea018a1bfc0eab7,2025-12-25 03:25:37,view_history,,,True,
3975,84d90decc0b293eafcd31d70efbf3d74,2025-10-11 14:44:07,change_password,,,True,
3976,f7d9acfee800a095beda26dfcb0ba480,2025-10-31 06:32:15,login,,,True,
3977,9d3209a75157606ae1a426dfdbbde677,2025-09-17 17:06:57,login,,,False,auth_error
3978,99faeefdb6dfa4dc7dbec41413bd258b,2025-10-19 09:34:10,change_password,,,True,
3979,ad4a103447dc6efaf5080dcbbb698ebc,2025-10-06 15:52:52,change_password,,,True,
3980,a502bbea1d63aad2bffcc0b96db7aa1e,2025-10-21 05:33:18,view_history,,,True,
3981,2d7ee99fedc87416c072b91c68f8adbc,2025-09-12 17:42:49,view_history,,,True,
3982,0dc2caffa4b4f7c66167e0ddc86fa459,2025-12-21 19:59:33,pay_utility,198156.62,KZ117136294651953529,False,validation_failed
3983,6e3e8509dbbca3deebe0c5ea704aebe0,2025-12-26 15:36:57,pay_utility,167051.74,KZ822907509870840778,True,
3984,fdcaded3fabf867703ac21ff2fb2e9cd,2025-12-12 15:33:47,change_password,,,True,
3985,73a3c86ef365d0750d3cd7789f52d4db,2025-10-21 02:23:04,open_card,,,True,
3986,2fa021d48bd6c6e0edd09dd17e58ebd9,2025-09-20 21:46:17,pay_utility,84827.29,KZ174178356631676557,True,
3987,aecdb5c5b91ddcbcf6cfed95cb7ffca5,2025-10-13 10:19:11,change_password,,,True,
3988,c6bda1daffb7fdffc66cf605134bdccf,2025-10-28 15:39:38,open_card,,,True,
3989,766fae502508fd52b03fafe3ad00a5a5,2025-12-23 18:20:55,view_balance,,,True,
3990,ffaee3dce6d3f147d4bb39bb95d39c4f,2025-12-24 01:03:58,make_transfer,3809.88,KZ085800878340494672,True,
3991,e946d987bdfd2d2e89b57dffc25cedfb,2025-10-05 10:27:06,make_transfer,194537.92,KZ089855831264212507,True,
3992,ed6f7abbb28bf53d3252ad03b1bd1dfb,2025-10-06 00:12:02,logout,,,True,
3993,b8e6d6a51facdbdcaa328ed48c975c17,2025-11-06 04:52:44,pay_utility,159391.66,KZ129539764271650851,True,
3994,51be2aba605427a63bce48cb8aa2d2fc,2025-09-26 01:48:56,login,,,False,timeout
3995,239add3dccdab30bfbe2f8dfc92659bc,2025-10-16 22:30:12,pay_utility,39906.9,KZ651211157918807737,True,
3996,2bfdbb5f31bcbcfe62ddd3d47fffdeee,2025-11-05 16:25:41,pay_utility,72706.53,KZ826854763233819322,True,
3997,a39ee71b2d470ce94c934a13d585f8fe,2025-10-18 22:11:49,make_transfer,48029.64,KZ047523155008176955,True,
3998,9f8ff40fc5c6edc1bc2d8b8c83b7c6f6,2025-10-09 10:16:29,change_password,,,True,
3999,afed50d75a69d70bb50fafd506ed4c0a,2025-12-20 20:27:12,open_card,,,True,
4000,8b6aafb8fe6d0b1dcf919ed36fd5aaf1,2025-12-14 18:48:17,login,,,True,
4001,7c8c61dea36bbf6cdb6ccb59f50bbc36,2025-12-24 05:19:23,make_transfer,133540.63,KZ648404140227656942,True,
4002,a3ac000fdfd00940a36332eac5f3faf3,2025-09-15 22:34:30,pay_utility,195829.67,KZ024932932927128129,True,
4003,cc5ed902eb38fec23dddebbefe8b0afd,2025-12-06 12:43:29,make_transfer,146402.06,KZ205604793090653181,True,
4004,5ac08b25dd2edd78c47571a78cfab8fc,2025-10-05 04:37:37,logout,,,True,
4005,d9df3f133e6dc64decdd921c02546d5f,2025-11-14 11:32:38,pay_utility,90505.54,KZ831329487259154386,True,
4006,de79efdca40ae9ce69b5b7bc8ef1bc23,2025-10-21 21:50:31,login,,,True,
4007,d2abf58e929c8eb303cd3ccb09b623ec,2025-12-26 01:46:30,view_history,,,True,
4008,f7442368bf6ba4e400f831d3939a0a1b,2025-11-21 07:01:19,make_transfer,142791.96,KZ654414163690336569,True,
4009,6f0f86067af1b6c69361e53fac519013,2025-12-27 04:42:22,login,,,True,
4010,ffc131791a3c4ff43b47cfe5dbfc60dd,2025-09-24 02:27:55,make_transfer,11167.46,KZ811948181349348007,True,
4011,f5ffc2ad922c12ffbc5e3deadacfe665,2025-12-18 15:14:34,view_balance,,,True,
4012,b67ac3c66a449dedabadb6e5fbfecef6,2025-10-26 00:04:34,login,,,True,
4013,bb589a2bb2d8fdebca8ee9b92cb3d020,2025-11-08 14:37:39,open_card,,,True,
4014,f9a66eec2ca6f212dc9adcabafe8ba48,2025-10-07 13:08:48,change_password,,,True,
4015,9fe16deff10d87049cdc3dbc1256ca69,2025-12-16 16:28:26,view_balance,,,True,
4016,6ecf2ea0e6ecdcdd7ef3dea81cacdf2b,2025-12-29 06:12:56,view_history,,,True,
4017,2e7b9a6d028d9697d4a8084bcebe3b7b,2025-09-05 10:21:40,change_password,,,True,
4018,32a3bbbbadfcf2ccb898db6b562846b2,2025-12-29 02:07:07,change_password,,,True,
4019,681ea03de6951fb51f0441100a29c10e,2025-12-09 23:24:10,pay_utility,17678.91,KZ567208756551946077,False,timeout
4020,c2456c7cdcce56bcd831bdd94657a959,2025-09-12 23:22:36,change_password,,,True,
4021,f5f2c56c7c8639fcc6df5a879c86045e,2025-09-03 20:37:33,logout,,,True,
4022,8bdebcfe860c7167cbca13eac580ad9c,2025-12-17 05:06:44,view_history,,,True,
4023,c82adedd2cfcae98dbe6af16eabbdee7,2025-12-12 16:56:24,view_balance,,,True,
4024,f7fff5d09829abd28edadecc29fadd4c,2025-10-02 08:34:22,login,,,True,
4025,2d6ecfb57881014ed1d876fab833c4be,2025-12-14 16:46:21,change_password,,,True,
4026,e5b35d9fcabdeb758adbe86e771dc6f0,2025-11-22 20:42:07,pay_utility,17215.4,KZ563395474040014641,True,
4027,f3a334d5e02493a8ec76ce9ff3cdf0cf,2025-11-10 16:28:32,view_history,,,True,
4028,e70febc62eb1ae02c0c542cb21d2e3d4,2025-11-18 08:24:18,open_card,,,True,
4029,6cfdbbbc4dffe6aafda266833db420fb,2025-09-05 20:38:02,pay_utility,91021.99,KZ634932621325007336,True,
4030,8dae18c67eaa7a082f74717b8b17d6fb,2025-10-06 21:35:36,open_card,,,True,
4031,02012bbadbaea1c0dac47e58dcaabff6,2025-12-29 20:16:09,view_balance,,,True,
4032,42f80c3dd6be897bccb0ab8d9d017ddc,2025-11-14 03:03:31,logout,,,True,
4033,8b47320053bbb4c6caba82ccdfada5cd,2025-12-21 07:33:28,logout,,,True,
4034,28aebeba7e4a7faa3d19361beddc9d3e,2025-10-29 00:47:21,logout,,,True,
4035,42f80c3dd6be897bccb0ab8d9d017ddc,2025-11-14 03:09:33,login,,,True,
4036,cc24278aaf9ab58185e2ceaeeccdd0b7,2025-11-28 00:27:04,view_balance,,,True,
4037,e29b0fedbd2e71653f8edea7f452cc0d,2025-09-29 07:55:33,make_transfer,151011.2,KZ188258734147809840,True,
4038,e3edfdbfb3f3fad4624bdfbefec8b5be,2025-12-21 15:18:39,change_password,,,True,
4039,fc2df389d9fcb76bbddf3accd6f3a737,2025-09-11 02:50:34,logout,,,True,
4040,e61599bea2cb0f620fcb22d5389ce645,2025-10-26 05:40:18,login,,,True,
4041,1c5da86fb04f1547a25a0ba07e609c35,2025-12-16 07:34:13,view_history,,,True,
4042,5de3ecaade7fe0e73d3c8baa1be4e4ad,2025-10-02 09:22:04,logout,,,False,validation_failed
4043,0bcfc74acf9e0ccfe1f36633bc5e95cf,2025-09-11 01:58:33,pay_utility,100801.52,KZ904810644903359610,True,
4044,4439c790cbdbbb8de4dfbf03894df456,2025-10-17 13:35:40,open_card,,,True,
4045,4ef572afae081dcff6ea1ea6fc182ea0,2025-12-11 08:05:01,make_transfer,77068.0,KZ568345422742914055,True,
4046,7dfa90dd9fe17edba3ea7d27dc30aad2,2025-10-12 10:17:54,make_transfer,166005.99,KZ785051982679342949,True,
4047,ff8b11fd6aee16c1d05695970fecdda9,2025-09-10 11:44:48,pay_utility,193812.42,KZ905945578771944994,True,
4048,06fb8ff4d131bbef3ec3c59d2db50a39,2025-09-26 08:05:12,view_balance,,,True,
4049,ba383c76accdb77e407ceb30fc8f76fa,2025-10-13 20:31:20,view_history,,,True,
4050,c0ffae90e6cbcaeee4ec1a0e47ad460a,2025-11-21 19:05:00,view_balance,,,True,
4051,dbb53bd2addddfd69efffc48fb8becec,2025-11-22 00:41:25,make_transfer,3553.63,KZ309476315468160512,True,
4052,a0a8eb3f9ecbedf69258accdcb8b8a5c,2025-12-24 10:46:03,open_card,,,True,
4053,6e4dd74cabdbedede4bf1c289a30cec1,2025-12-29 21:06:59,view_balance,,,True,
4054,4adadaa6ef01839097aedd0fe0c8adeb,2025-11-24 17:20:03,view_history,,,True,
4055,2d50d8e1bc70ccc87f4ad9ad687eddad,2025-11-16 20:58:42,change_password,,,True,
4056,c6ca1ece853f4ac8aad5c2acaad9bea1,2025-09-02 03:06:14,pay_utility,195515.97,KZ815853335432144829,True,
4057,cff7e844bc4c05b5c6bf3e87cca04cdd,2025-12-22 09:09:18,open_card,,,True,
4058,fd47adc71aa40b9bbe26b2f79fb53ad2,2025-11-03 17:30:08,pay_utility,163199.02,KZ981460943954305591,True,
4059,e5bd54f49bdf959a1cd1d2bcbcfdd04c,2025-12-15 16:37:39,make_transfer,95312.32,KZ620158051438114074,True,
4060,d0d9c81ff4f03da8a2b1a5849c8d3dcd,2025-11-09 15:48:31,make_transfer,97627.9,KZ805334019944508754,True,
4061,6b811aeaeadd68e22e2a159d6f8fa5a4,2025-10-29 07:42:39,pay_utility,153109.4,KZ363983567342840008,True,
4062,fe2edc81aab8ee9ecaac8d3afee93fab,2025-11-13 13:15:11,make_transfer,105175.11,KZ968000886297449028,True,
4063,2beb2b66c40bfbf213db09daf6e8b9bc,2025-12-25 17:45:47,view_balance,,,True,
4064,e4ae66baaf6b626dbfdb22894bcf9ac8,2025-11-15 21:46:54,open_card,,,True,
4065,18df08f436bcade6a8a3ebfb4f96b8fa,2025-10-31 17:03:03,view_balance,,,True,
4066,d3fccae72cbdcaa7fc6cfbb15adddb65,2025-09-14 20:38:32,login,,,True,
4067,eadf199f85f81f4fde3a46f14cc3ae2c,2025-10-14 11:31:46,view_history,,,True,
4068,c7661e56aaf56f1e3f68bba3fdef03b6,2025-11-06 08:00:08,view_balance,,,True,
4069,7e1ed00caadfe377dcfcd438f7aa9be1,2025-11-02 07:55:32,view_history,,,True,
4070,6c3255b74eaffaf8ca8f3bb02acff9ee,2025-11-17 01:40:59,make_transfer,37056.11,KZ788713197086126325,True,
4071,9d07d73bfe22cfab51a5df2df67c6eb4,2025-10-21 14:14:46,pay_utility,47347.44,KZ341603969464768883,True,
4072,1eaaaa3ef227722aa4beeaeb3582c7ea,2025-09-08 02:13:48,logout,,,True,
4073,f9b1ad8b9a7fe7c4a5aebe5e0b855c36,2025-10-25 12:55:37,change_password,,,True,
4074,1a72d4ab0f67b44dc7ba1d9b6828aa7b,2025-11-28 11:41:10,open_card,,,True,
4075,0bce92a940d5ba2ab4b312585df0adea,2025-12-18 12:18:21,pay_utility,178228.91,KZ772103116193571595,True,
4076,6afe05e8e34cfbdb8dead4a9e2f0eb46,2025-10-27 07:03:41,login,,,True,
4077,bf8ac49fc51aa3202a0d5c0bfbe3fdc0,2025-10-21 12:19:15,make_transfer,37890.07,KZ452683069624030568,True,
4078,82c4a56dede6d650db7f6d5faeb3d2be,2025-10-11 23:35:26,pay_utility,59863.8,KZ734411663539003922,True,
4079,1dea22ffb3bf1a1f6c7ded7fb1bbfd50,2025-12-02 23:39:43,logout,,,True,
4080,97ee51c99bd0109bcbbb87785206306f,2025-11-16 00:50:55,view_balance,,,True,
4081,bae4ca8efecf14b7d99be53bd26dad8c,2025-10-26 01:11:30,login,,,True,
4082,f4f4adfe291ecf5ccf7babb2234d72cd,2025-11-24 21:03:35,change_password,,,True,
4083,f89cc69e3bddca3dc9e1a26b7ff1a0bd,2025-11-13 22:10:58,open_card,,,True,
4084,9f282fb35148b80bd3454afa4bccbfa2,2025-11-23 21:35:12,make_transfer,192316.19,KZ436280762071424781,True,
4085,3e0eb8f48f5dadaab6dfad9d4c755c6c,2025-09-03 16:05:29,view_balance,,,False,validation_failed
4086,ffc131791a3c4ff43b47cfe5dbfc60dd,2025-09-24 02:14:39,make_transfer,41913.13,KZ676697485986897523,True,
4087,212ca6aa3b343bab8ca1ceb3d9701c6d,2025-12-02 10:44:06,login,,,True,
4088,af3501bb2b9d35be9bb673d9790f9f26,2025-09-16 19:55:38,open_card,,,False,timeout
4089,d202fe6530bc79dfdaf3cddf275ca0f0,2025-11-15 23:07:15,logout,,,True,
4090,edbc42f3a60c19aca9f582d2bfb2123e,2025-11-10 17:20:40,pay_utility,2478.17,KZ273543337141472050,True,
4091,64d005bfcc23af3f0ed3fbe394aa4ea3,2025-12-04 11:20:08,login,,,True,
4092,4afa3e91afd26bf2fd75e0a2ad2fd8ec,2025-09-28 20:09:55,view_balance,,,True,
4093,5cd2402510f618687a5c0b080632b143,2025-11-20 22:50:54,pay_utility,171219.96,KZ022436161292559874,True,
4094,a1de38c6b4c7ac0f6a2e8321a86a8aea,2025-11-17 21:57:28,logout,,,True,
4095,4b7a7c59827fc71cb36fabbef91fb8a2,2025-09-21 22:50:24,change_password,,,True,
4096,2fa4b1c9d2deddfdc77a76d1afea6dc2,2025-11-30 19:53:17,make_transfer,182031.93,KZ634423130017585752,True,
4097,1ee457d68906c3e9e7dba83aa0cbdfb5,2025-10-09 03:08:48,pay_utility,42636.93,KZ750348243962865218,True,
4098,aecdb5c5b91ddcbcf6cfed95cb7ffca5,2025-10-13 10:35:42,open_card,,,True,
4099,7f5fe0203e773fe17eebfdce6ac9ef4f,2025-09-30 21:09:59,logout,,,True,
4100,ec21b2e9866660e4b2a62bec2b1fd722,2025-09-07 22:10:26,pay_utility,22384.23,KZ974865729514355907,True,
4101,f2df8cb0715da7a34bb3a31ef60e8ba3,2025-10-03 10:21:01,change_password,,,True,
4102,1fadb0c26adaebe1e2be7ba89fe842bf,2025-12-17 06:05:09,logout,,,True,
4103,d11bceefedf5effa5ed872be0fce37cb,2025-10-01 18:46:59,view_history,,,True,
4104,c22d3f8a17d37f1da8357ea19d587688,2025-11-14 09:53:47,pay_utility,51882.78,KZ808898292347330465,True,
4105,6d106d4cb5dee4ddc027c6710ac6da5d,2025-09-17 19:17:13,view_history,,,True,
4106,c2acf99abe4e3eb69a1acbfd799d8ab8,2025-09-29 07:16:55,login,,,True,
4107,b6dce1aa1bb7a9c88ec2a2ecfcfdd6e4,2025-12-20 06:29:23,change_password,,,True,
4108,aba9fcce9fbecd1855a33e096ede138d,2025-09-25 04:41:07,login,,,True,
4109,a2e50e2eacaed6eeec10f98c7af4e8d0,2025-09-06 23:56:10,change_password,,,True,
4110,95187e695ca8f89e326abe0b793fc2bb,2025-12-23 01:42:35,make_transfer,195000.13,KZ326791458166128781,True,
4111,32edc6525b2d94defae37ac7d0c39367,2025-09-02 14:53:12,logout,,,True,
4112,da911808b9ae0374bc00ed7fede9edd5,2025-11-10 21:12:00,logout,,,True,
4113,3b142f28ac7c6f73e1ccddfa98fdf5aa,2025-11-15 16:37:28,make_transfer,49535.67,KZ633338846575052675,True,
4114,a3eff00e5ee957b9e1e1a3d74634facf,2025-10-07 15:38:12,make_transfer,59620.51,KZ538439095973904882,True,
4115,7bdb590bbd0cafc8dee29aad4ac6f91f,2025-09-01 23:07:43,logout,,,True,
4116,d1a5c6747efedf80e44eb9dba5cf9ece,2025-11-06 06:15:35,login,,,True,
4117,6ddda6bfea5567a62898fee5aa654563,2025-09-01 01:44:23,view_history,,,True,
4118,1beeea7f3ab44abdecaf0ffad6f8f458,2025-10-24 08:39:32,login,,,True,
4119,9f4cd2c0cb48acb0d44ffffd9fdb177c,2025-09-02 06:02:21,open_card,,,True,
4120,4eebf79dbd1b504e6297f5b7a13ac351,2025-09-03 11:30:36,open_card,,,True,
4121,1bfbceaddd851bdcce1aec7caf74fd7f,2025-09-10 14:20:24,view_history,,,False,validation_failed
4122,86d0957ebdb37fd989f4ddb7d3fb5afc,2025-12-23 17:54:09,view_balance,,,True,
4123,c0f6e47cef8ab16b1aeceeaebbac4ba6,2025-11-03 03:14:28,logout,,,True,
4124,cce52dc24e2cdf8efd4c67ec7b1eedd2,2025-09-15 16:35:38,login,,,True,
4125,cff79dd2f545b5b2d5d9be460b6deccc,2025-10-22 05:47:55,make_transfer,159870.04,KZ998698953961712595,True,
4126,d131a22292f7fef9ae25ad81357fae4f,2025-10-11 14:47:50,view_history,,,True,
4127,2f2e74caf25e7b3acf3d5f542cc8a2ed,2025-10-13 08:00:28,login,,,True,
4128,aba372b02757c9ec5bd2bba80ecaafca,2025-12-29 07:38:16,change_password,,,True,
4129,ded3cbee9e2a8f5ca8a0b8fd0ff62bee,2025-11-16 12:12:05,open_card,,,True,
4130,bf24e8feceaba8cc3ff1c112871b34bc,2025-12-19 18:49:27,view_balance,,,True,
4131,c2c4e217e5a3fdeb44d4fc75436bf2c1,2025-12-04 04:14:41,logout,,,True,
4132,e510e0feabbec6d6d4fbc6339e2cd4db,2025-12-05 10:00:23,view_history,,,True,
4133,ab25db6ec1cb9efb0cab73c8dadbe3ad,2025-09-17 06:52:53,logout,,,True,
4134,d4afe20a0b189d2f5de0ee3dee74e996,2025-09-27 01:34:50,change_password,,,True,
4135,0b93a511bfd269a27b50c20ce954799c,2025-11-06 06:56:20,login,,,False,auth_error
4136,c10c04dafc9f0dd033826e06f4df88ac,2025-12-11 18:58:51,change_password,,,True,
4137,4eebf79dbd1b504e6297f5b7a13ac351,2025-09-03 11:31:48,view_history,,,True,
4138,6f4c1ebe886cd6ee83acef49b1352ec0,2025-12-11 05:48:41,open_card,,,True,
4139,e6f8cef53bfdd3e4974bbb8f7d8f1110,2025-10-22 02:59:17,login,,,True,
4140,a9acc69e7dfd9b1d3d0bbc6c07c6dd8a,2025-12-24 00:49:33,open_card,,,True,
4141,f9cfdc5ef0f80cb80f144f4ab2b9efe8,2025-10-26 01:59:59,pay_utility,52705.24,KZ194543399492091138,True,
4142,0f6a2d2d35a8513cb2bb7fcae31cbb32,2025-12-14 20:12:00,make_transfer,10843.12,KZ379086299057160582,False,auth_error
4143,c8ae9ea2e48a8cc499568bceac7cbccd,2025-11-21 23:22:24,make_transfer,160434.85,KZ986609858967565083,True,
4144,ef4c9daa21af6daa4402fc93dee5ece9,2025-09-21 12:44:23,make_transfer,89072.53,KZ090883792994073748,True,
4145,f8f6e9fabdc2ca42d2654a6cb1201e51,2025-12-20 22:31:37,change_password,,,True,
4146,aacdab1caad12df793ebd3aaada2950b,2025-10-04 03:11:05,make_transfer,66834.38,KZ424784570095668653,True,
4147,502b15c69b54390a020ee3299d91ebfd,2025-12-03 04:50:53,view_balance,,,True,
4148,f708ae890fb2f27b4eca2ab7dbfd76bd,2025-09-03 04:41:32,logout,,,True,
4149,3a3c2eb27aecbc4ac3c83b9fd2f2a96a,2025-09-14 12:45:19,pay_utility,45485.64,KZ622355045056411718,True,
4150,764f58e3f2f3ecff482a1561da2da845,2025-09-19 06:25:44,make_transfer,99319.78,KZ372195746804062891,True,
4151,66a48de2b0faa31245aecddcf0c40fbc,2025-11-27 07:14:28,view_balance,,,True,
4152,3a7b71f44ad09fa72a449bd07ff028fe,2025-12-17 23:56:40,open_card,,,True,
4153,3f8c9cfaad0ea57ddcce9f9baeede7ff,2025-09-26 01:23:18,view_balance,,,True,
4154,e21bc8af32455b4f2c5d7aaebbfb9317,2025-09-17 11:43:36,logout,,,True,
4155,725787bce1bcf23a24f4632718eb63fd,2025-11-24 04:43:08,view_history,,,True,
4156,ed085e0b32fbf7edacefeed7e07d4549,2025-11-30 10:06:28,pay_utility,14365.17,KZ012429787404975223,True,
4157,0d6a58fd362d8e8541efdbd7b8acdd5b,2025-10-03 21:50:30,view_history,,,True,
4158,ded4fc78cee2eebecfdfec7c03e0fd3c,2025-11-04 21:11:20,open_card,,,True,
4159,3f10d64bbacd6e8ceffd8f0b1b60f6dc,2025-09-20 21:39:31,change_password,,,True,
4160,2394f85d27a22b9ffacb35c8fad8fbe4,2025-12-30 01:54:33,view_history,,,True,
4161,4bbc6bfb9bdb4bff4dcbc0eaea7da1a5,2025-09-16 08:25:50,view_history,,,True,
4162,ed5a88e93d85db87f1d6d6d625aaef5b,2025-11-05 23:34:12,pay_utility,56938.27,KZ436307072421992287,True,
4163,31df7bed3fe12f5fda5c5bcb485128d9,2025-10-29 02:22:32,logout,,,True,
4164,aa68e0d68ca6cf9dbef8d51e36cfb2fb,2025-11-23 07:47:25,login,,,True,
4165,f78f33dea58c5bd381f6cf2ee7e22bfc,2025-10-17 19:23:50,pay_utility,164401.91,KZ288083374128871541,True,
4166,eebe79511569af0a7f4df4e273b3cab7,2025-10-14 12:36:39,logout,,,True,
4167,e94ecb359476b3ab0d1fcc2dc3c6e54d,2025-10-29 10:34:31,logout,,,False,timeout
4168,683a2deeab27a6e402ac21910cde5cd1,2025-12-12 03:19:39,make_transfer,175934.08,KZ169980520004340815,True,
4169,ebe36b32f7a9ed3e6cf1322b45beffeb,2025-11-07 18:20:14,make_transfer,60473.39,KZ740222084378924797,True,
4170,ff07e8a2ddee74dd30b50ceb1bd2872e,2025-10-25 23:51:55,change_password,,,True,
4171,cff79dd2f545b5b2d5d9be460b6deccc,2025-10-22 05:48:22,open_card,,,True,
4172,f63f3a4dbcc2bfa47afd96622de38ddb,2025-11-01 18:40:03,open_card,,,True,
4173,6c020e3b28f86efabbf7bbfccaaf6a1a,2025-11-01 02:08:49,view_balance,,,True,
4174,14c29f192a04f748be8de40f4c388844,2025-09-13 10:06:45,logout,,,True,
4175,681ea03de6951fb51f0441100a29c10e,2025-12-09 23:14:00,make_transfer,175214.77,KZ419684822433791281,True,
4176,1edccbaa344f0ac8c11e971a3ab44baf,2025-11-27 08:55:07,logout,,,True,
4177,6cd26fe022eeafbdfbfb3cd7b70fde0e,2025-11-27 01:25:59,change_password,,,True,
4178,01bb232aabd8f3deba35e023ed0c7650,2025-11-14 06:40:35,pay_utility,153507.14,KZ189503938423323503,True,
4179,e196970402e268b0daed0da0baff3b08,2025-09-18 05:56:55,make_transfer,20306.41,KZ082895312441782416,True,
4180,a5cc11d32f76adef4beffeddf9ce87d8,2025-11-20 15:28:59,login,,,True,
4181,f9f1fc7eaddd13af016fdb11558cf6cb,2025-12-13 00:34:32,change_password,,,True,
4182,ff81d7193eebc9eaa34de7d59d4cfd21,2025-09-22 03:25:37,open_card,,,True,
4183,80eecae5cbac8dd3cff9ff1d801fa6d1,2025-09-09 00:26:13,open_card,,,True,
4184,eb1fead2eea8b7cb6a7485cfff5efe4f,2025-12-25 01:53:17,make_transfer,9912.92,KZ394533634677702656,False,validation_failed
4185,089d4344c8c75025a42e39758efbb6d8,2025-12-06 09:10:19,view_history,,,True,
4186,c16e1df3edc28d409dce3a14bef85558,2025-09-20 14:42:13,pay_utility,133599.13,KZ906157063827501822,True,
4187,7d560c9f26f7b9bac8d9dd5ffea2beff,2025-12-16 19:23:32,logout,,,True,
4188,2db4c4d2ebca101e8ee4cfa96ff54b5d,2025-09-26 09:34:57,pay_utility,88975.25,KZ153776036226763029,True,
4189,f30fcbc0943087a7b6d20fd4e52cfdf7,2025-11-02 08:28:36,pay_utility,125895.03,KZ513249810658030158,True,
4190,d447fbfeed2fda333fcc42bc4c5a14e4,2025-10-23 09:45:57,login,,,True,
4191,ba0ff4eb0aadb0ce3ccbea8b526bd6af,2025-09-20 06:55:25,view_history,,,True,
4192,4ce63cf4bfbbf1e8f5e0ae253cccface,2025-09-01 10:11:09,pay_utility,26226.85,KZ996070141163391050,True,
4193,e70a4f73b69ad77d359a5fe0f794bc9f,2025-11-05 19:48:13,login,,,True,
4194,3fa7b879f393a3becc4a38d48fbf89f7,2025-09-18 01:10:52,make_transfer,171754.56,KZ614501425037329717,True,
4195,3bad56a31083b79939f64d74accd53df,2025-11-27 20:07:00,view_history,,,True,
4196,59dfc99a3a1d116acebbf69ab42d7b48,2025-10-01 21:16:02,logout,,,True,
4197,b3bbf31fabfc5dacfcfaeda797dc5ab7,2025-12-19 22:58:11,login,,,True,
4198,c7e271ff1c31fa1b6d337ff444b2c9d3,2025-12-22 00:46:36,view_history,,,True,
4199,c4b2dfe5ba41a083a0d6ed3cc9ba451a,2025-09-08 13:00:46,make_transfer,196243.2,KZ385522942204747628,True,
4200,ff81d7193eebc9eaa34de7d59d4cfd21,2025-09-22 03:08:53,pay_utility,183300.2,KZ664897275725941421,True,
4201,98ecc82b6549af1d4ec5f97ef8b3eb9d,2025-12-03 20:10:14,logout,,,True,
4202,6ceb127edf31565354ab61b3bbda0cdd,2025-12-15 11:47:18,pay_utility,111897.83,KZ703372738996345375,True,
4203,d2ec0b7343218914aef78f53779f67b8,2025-11-26 10:10:30,make_transfer,16194.23,KZ865147299989094912,False,timeout
4204,43abad0b4f592bbcdef0e6e33adbe97a,2025-09-30 02:41:55,change_password,,,True,
4205,6bbbda2381319e4b3879bab92963e8f0,2025-11-08 02:48:06,change_password,,,True,
4206,03dba1fa81fc2cf7186caac11c2bd412,2025-11-13 02:23:03,view_history,,,True,
4207,30b7f6e155cb0b9ae2ca2a6f85546a97,2025-11-14 11:04:35,view_balance,,,True,
4208,bc2eac4bec9fad6e34ccff186ee93f83,2025-09-06 03:12:02,logout,,,True,
4209,1eaaaa3ef227722aa4beeaeb3582c7ea,2025-09-08 02:36:40,logout,,,True,
4210,3cffdd7e9baa65ffa707faed583bde8a,2025-11-20 01:14:31,open_card,,,True,
4211,b6826f6b9bd3f4d6adf25ced6ddd4c68,2025-11-02 18:32:18,make_transfer,181251.63,KZ844704823478983113,True,
4212,2fa4b1c9d2deddfdc77a76d1afea6dc2,2025-11-30 19:50:34,pay_utility,174635.12,KZ650984760550755032,True,
4213,ebadd174d9e2f5a9aeaeb82bceb2cffc,2025-11-25 10:43:06,open_card,,,True,
4214,eea7a871dccfe3e2aa2e6e6a3af0e8b6,2025-11-01 23:24:47,pay_utility,77791.33,KZ796386736590018560,True,
4215,a96e1eef6ea99a4bfe7f2e79c4fabae4,2025-10-10 15:09:59,view_balance,,,True,
4216,dc98bebc8a6f96fee6f9cb74bdacb90d,2025-11-23 12:11:13,view_history,,,True,
4217,c7661e56aaf56f1e3f68bba3fdef03b6,2025-11-06 07:55:40,logout,,,True,
4218,b3bbf31fabfc5dacfcfaeda797dc5ab7,2025-12-19 22:52:12,login,,,True,
4219,8cb075d06e6cabed47dc1eadd994503c,2025-10-25 04:03:24,view_balance,,,True,
4220,de57b9bbe4f8826ddeae9aaf3d8da8fb,2025-12-26 18:14:42,view_history,,,True,
4221,df3acdcdcece6f0b6909e31c68b9d068,2025-12-02 05:03:01,view_balance,,,True,
4222,c96ffc822c798b4af53a57effcf280c9,2025-09-12 22:23:00,view_history,,,True,
4223,e13ce2d66a0a7ae0dbfe6a8e7b78bceb,2025-09-01 12:02:14,make_transfer,38202.86,KZ897290564939897218,True,
4224,21d75e8db7f062c79aae27bd6c209da0,2025-10-16 14:31:35,logout,,,True,
4225,e3ae4d0cfffe76a0d6c8feb7ed6b5a11,2025-09-10 16:42:53,make_transfer,197447.4,KZ308929946132274081,True,
4226,fce6f1bb167be6dfb18ffc0f8ed972ca,2025-09-08 04:49:20,pay_utility,180752.72,KZ490061243457581874,True,
4227,3c5c4cecf4dc0766f8cdc7efd31daaba,2025-09-22 22:21:33,open_card,,,True,
4228,f5164fc60b053bbc3df7a4eac2b18841,2025-11-23 02:56:17,open_card,,,True,
4229,e6a78e042c9f0ad57b496bfd8f254db5,2025-09-14 20:39:00,pay_utility,165367.76,KZ719915277204237852,True,
4230,dee62e5a746307fa0fecce8669f63a8c,2025-09-30 08:15:59,pay_utility,127765.53,KZ242309153088870227,True,
4231,f8633d1c3aacbd4ebde8e65d9543a31a,2025-12-15 10:13:58,pay_utility,62884.48,KZ000308482207256817,True,
4232,b9b22decabaabfa5f8c1bf79cdadfc0d,2025-12-25 15:16:48,change_password,,,False,auth_error
4233,b62cdbe7d8b9dec71be1eb7aec3c64a1,2025-09-01 04:20:24,view_history,,,True,
4234,85f1ad10ceeec2c5312f83ca052d9d58,2025-12-05 19:16:23,view_balance,,,True,
4235,acf871b1816acd9560ddea0dcdfdba1d,2025-09-09 15:50:44,login,,,True,
4236,e3e9a5c68d35ad63bbb7ffffb1bd0f32,2025-09-07 18:01:23,view_balance,,,True,
4237,8bbc6961c94bf4e25dcfef7a0a9bf3a7,2025-12-05 22:32:28,pay_utility,50208.11,KZ299380436002516479,True,
4238,20514caee4a0b52cd90e8e23bd8bf8bf,2025-09-12 23:02:27,pay_utility,159739.5,KZ042841076516017272,True,
4239,89ab5fc3bebeb613d47d4e67cdbaf0f2,2025-09-15 10:08:07,view_history,,,True,
4240,f2df8cb0715da7a34bb3a31ef60e8ba3,2025-10-03 09:58:35,change_password,,,True,
4241,a1a67abffbeec6be9cdb3e6b4e7b1cbe,2025-10-18 00:27:52,view_history,,,True,
4242,dee5a9abf0cafcf7b4f12bafedaa3ad8,2025-11-28 03:25:33,pay_utility,7291.47,KZ609421323225870566,True,
4243,f30fcbc0943087a7b6d20fd4e52cfdf7,2025-11-02 08:33:18,logout,,,True,
4244,4b2096a5cb1eccc7d3aae7aabec53774,2025-12-28 08:14:10,make_transfer,166295.25,KZ224855785483648610,True,
4245,217a4f8e09496cad77f4b2bbd77df8ab,2025-10-15 02:17:44,login,,,True,
4246,56fcecd8047393c5d22a98ab921657eb,2025-11-29 04:31:16,login,,,True,
4247,dcfe3ef78f1dfdb4dabe9e23cc8fa19f,2025-12-01 04:17:35,login,,,True,
4248,f961ccf3dac2dbc15d35ea3bfbbbd390,2025-09-18 08:04:17,change_password,,,True,
4249,aef5b319c7db4e1bdf6549ed53c4eeeb,2025-11-25 21:35:25,open_card,,,True,
4250,d1fba403ef4bfaad0d1b1922f50ba5dc,2025-09-08 08:53:52,open_card,,,True,
4251,c838dc2cababf0153cfab47b92f777be,2025-12-11 11:37:00,logout,,,True,
4252,fdcaded3fabf867703ac21ff2fb2e9cd,2025-12-12 15:17:06,view_balance,,,True,
4253,b11b2c1f9dbdb8fcdfed0bd7939725cd,2025-11-21 00:25:33,view_balance,,,True,
4254,c4c925ea56ffda22ad53dbdecae9b9e1,2025-12-27 05:44:24,view_balance,,,True,
4255,3a3c2eb27aecbc4ac3c83b9fd2f2a96a,2025-09-14 12:55:55,login,,,True,
4256,db496d950fe1f1baa7f500db211e5c2b,2025-09-13 21:17:56,pay_utility,135141.18,KZ546194652454455543,True,
4257,d398b5a08dfdbd98bbf490e9a4e9e45e,2025-10-02 21:29:23,make_transfer,174011.43,KZ193143120256694742,True,
4258,b1d1db8a8294119246262621e6af05c4,2025-11-09 20:27:34,change_password,,,True,
4259,d07c733ffe3309ac243b11fd4df631df,2025-09-04 14:11:34,make_transfer,78483.34,KZ123586118910255447,True,
4260,a7f176c4eb34c4c0baad9d488325f6dd,2025-12-17 02:57:04,change_password,,,True,
4261,39a2904cee9dffd2ef745bb6e1be1c7f,2025-10-07 19:52:52,open_card,,,True,
4262,beaa94d60fa475cd6ee43ebbc3b9a3ab,2025-09-18 01:02:14,view_history,,,True,
4263,eafbca2b13aac7debf318cf9a73929eb,2025-12-22 12:10:46,logout,,,True,
4264,aeaeabf0c7a41066adacdbdaddaedef9,2025-12-27 17:45:34,pay_utility,142647.55,KZ765841318299579528,True,
4265,1d78c72e399c3d5b6f436a7b3e3577e8,2025-10-09 00:58:47,login,,,True,
4266,b857ab1e5ac25b408ddcb80f9ae8341f,2025-10-23 17:23:44,view_history,,,False,validation_failed
4267,cdbc9d7f2cdfdabdea9b96eb3a17f44b,2025-10-25 03:07:55,view_balance,,,True,
4268,c6bda1daffb7fdffc66cf605134bdccf,2025-10-28 15:22:01,open_card,,,True,
4269,5ae7b388ed9ccf1675cabacc0ad2bf47,2025-12-05 12:02:31,pay_utility,161661.81,KZ380611768548397283,True,
4270,df83cd3e3b0717eceabdf86e9fb944ce,2025-12-24 00:29:32,open_card,,,True,
4271,e70a4f73b69ad77d359a5fe0f794bc9f,2025-11-05 19:32:29,login,,,True,
4272,aaddad366f1b4a09dfffdddd48e8fd0a,2025-10-26 00:26:22,view_balance,,,True,
4273,cfc13175fa7fd33e7c3ea7da53daabac,2025-12-29 00:24:57,view_history,,,True,
4274,4efeef8ee0dc2be80c6a4e2c89aceda3,2025-12-11 06:32:29,logout,,,True,
4275,f1f52287691b4f5c2edf3a7a1055f98e,2025-12-30 07:45:15,make_transfer,111916.45,KZ733562410629571355,True,
4276,c0a4b36eeea1d4225842784ad1dc16e3,2025-10-03 10:33:00,pay_utility,54022.35,KZ350198390431165103,True,
4277,a8a5bda4e3ee2e77aec7b5dc1e7aeecb,2025-09-02 19:41:24,pay_utility,196019.85,KZ030646176150387772,True,
4278,fd1f00cabbfdadd5ed1a74eeda29dff7,2025-11-02 17:11:55,make_transfer,120336.39,KZ183448997189921468,True,
4279,5ae7b388ed9ccf1675cabacc0ad2bf47,2025-12-05 11:51:58,make_transfer,14024.63,KZ102764666282103893,True,
4280,77c0b3c54f60c2866dd19c4ee61ff81e,2025-10-25 19:54:12,change_password,,,True,
4281,cb325c59ec57adccf632cd1e6be2a643,2025-12-29 00:22:12,open_card,,,True,
4282,ff417f51c5d39bec12b05d4d9e6ff2ca,2025-12-06 09:55:17,pay_utility,75476.55,KZ359320323866038836,True,
4283,33b21e22eb3bcae796da33e9fde7acb8,2025-11-10 22:39:08,open_card,,,True,
4284,161338b9832bba886296e7ba6b803f82,2025-09-06 09:22:00,make_transfer,8138.43,KZ189581126359989268,True,
4285,fef3a7fbb6a646c5a11bb360716a4417,2025-11-16 10:09:43,view_history,,,True,
4286,f8cc0dfdfa73385c9ae6e4c4c8e7ef64,2025-10-12 20:12:23,make_transfer,174331.46,KZ591018853834075779,True,
4287,a017067bb5eabbcb5e06f55d7bc90f22,2025-12-19 02:47:56,open_card,,,True,
4288,70da9cb108d61a8dbddd32f9bf935c90,2025-12-20 09:58:59,change_password,,,True,
4289,cdffcdabadb67204ddd7f5deb8d40dec,2025-12-18 09:15:25,view_history,,,True,
4290,cf5005c832beebeeeabf6b6a60cad4cd,2025-10-17 17:55:59,open_card,,,True,
4291,c16e1df3edc28d409dce3a14bef85558,2025-09-20 14:41:18,view_history,,,True,
4292,eaf7cee9d9268e91bb61aedbfe8a9ea0,2025-10-09 14:17:41,login,,,True,
4293,0ff3243aabaa695f1e5addcca29cc443,2025-09-02 22:22:52,view_history,,,True,
4294,d12ce0b7bdfec6cb898dcce4abe6bbca,2025-12-03 17:49:31,login,,,True,
4295,76cdee45c7315247cfa425b1cb7e75b1,2025-10-31 22:52:00,change_password,,,True,
4296,abfbcf99db4baf66882afd61a7a8d3d7,2025-11-12 14:20:59,logout,,,True,
4297,02d6d15e323dd83ebc0e1560530da510,2025-09-19 04:05:15,open_card,,,True,
4298,df4af6af37efa26c128eed2dff06c27d,2025-10-07 13:05:13,change_password,,,True,
4299,6fdb5d8a6fd9f3c951eed5f60c0bab3d,2025-10-28 15:10:51,pay_utility,36599.06,KZ102677782098774732,True,
4300,e6a78e042c9f0ad57b496bfd8f254db5,2025-09-14 20:51:50,open_card,,,True,
4301,a9acc69e7dfd9b1d3d0bbc6c07c6dd8a,2025-12-24 00:43:56,pay_utility,120930.1,KZ665946020864018212,True,
4302,1b3e8ccea5064ecc75ccc80ea5b8b83b,2025-09-09 14:37:58,change_password,,,True,
4303,f4e2f55dbc0ecdfd47e1cb7bfc6d3245,2025-12-23 16:45:43,view_balance,,,True,
4304,bf7bfeabacb4b8731be0fc5a1a7abc28,2025-11-26 20:39:36,view_balance,,,True,
4305,f7f28adca0a1acfc2bcade445b6bb8a7,2025-10-13 09:12:02,view_balance,,,True,
4306,a2ce55744e2fb2bdeeb686fa5a82abab,2025-12-13 10:18:13,make_transfer,110350.05,KZ393983025521520729,True,
4307,e2e8ded6fe5ca88ee7c3dcad684f7b8a,2025-11-29 17:49:27,logout,,,True,
4308,e2ade107457fb859f1fca70ddbeabce6,2025-11-16 02:10:11,change_password,,,True,
4309,92ae57767861e6db0a2ed3b7bf1d3ccc,2025-09-24 03:10:57,login,,,True,
4310,19e46647eaedcaf3534e71515e5b2265,2025-10-17 20:00:13,logout,,,True,
4311,86da73d1e571db5a82cbd06f6dbc603b,2025-09-19 07:21:05,open_card,,,True,
4312,8bed7cbf3ede99fffcdca5cfcace95c8,2025-09-20 15:58:02,view_balance,,,True,
4313,a7f176c4eb34c4c0baad9d488325f6dd,2025-12-17 03:05:35,change_password,,,True,
4314,f5a39d029f0a4ecd66df2cd8f7eec8c5,2025-12-23 08:26:38,make_transfer,180105.37,KZ250726832715649699,True,
4315,dafa7cc5ba10236eaa4e2b95d9d99ac6,2025-09-09 00:43:16,change_password,,,False,validation_failed
4316,640f7499fdbd67ecfafc33dd7a1c20ce,2025-09-05 14:07:17,make_transfer,133644.43,KZ573517452808460762,True,
4317,f5f5ea1aafe4e30a694bfc06e3db3f43,2025-09-29 21:23:30,logout,,,True,
4318,d11bceefedf5effa5ed872be0fce37cb,2025-10-01 18:56:37,login,,,True,
4319,c65bdfdf8df8fcbca99b756500bfa2a3,2025-10-19 02:28:18,view_balance,,,True,
4320,9f4cd2c0cb48acb0d44ffffd9fdb177c,2025-09-02 05:37:48,view_balance,,,True,
4321,4e5700e1ffcc303e607a2121f9f97dae,2025-11-03 03:48:49,view_history,,,True,
4322,fda63c038dcffebc65cb39ec38fefc6d,2025-09-02 15:49:33,open_card,,,True,
4323,df00adec76b64335acdef0fddbabacdf,2025-12-03 07:48:02,pay_utility,21814.33,KZ373329413598725512,True,
4324,e8125ebafe81c2d9d1065c64a3e0bfa7,2025-11-16 01:47:35,logout,,,True,
4325,bb27f871fd13e2bedb5c6d7bcfb9bf7a,2025-12-13 02:50:43,view_history,,,True,
4326,ebe36b32f7a9ed3e6cf1322b45beffeb,2025-11-07 18:24:20,open_card,,,True,
4327,1b3e8ccea5064ecc75ccc80ea5b8b83b,2025-09-09 14:29:16,open_card,,,True,
4328,a6f8fa8fded32db0afae5e966c11e0c4,2025-09-28 01:22:28,change_password,,,True,
4329,c7f6cbcada31de18f42ccf2e643659d1,2025-09-22 18:28:18,logout,,,True,
4330,c4da02dc26c2939cf2f4e31e67dd7e7a,2025-12-17 20:08:16,login,,,True,
4331,afe09dedecfa31b0fa48da1c99a0a771,2025-11-19 12:17:57,view_history,,,True,
4332,fcb5a1affa0f20eaf4ecc226f307ddea,2025-11-04 22:17:22,change_password,,,True,
4333,bc7ec60ad828ae2e2edfbea2cbab713f,2025-10-23 21:17:49,open_card,,,True,
4334,35d413dcdb3c536b7af91a2fffd1e1ca,2025-09-20 00:56:37,pay_utility,14565.56,KZ204056543489914795,True,
4335,5f82ed72cdb05eabea0dbf7e07eecf3a,2025-09-21 09:03:23,pay_utility,9081.49,KZ225465156400526332,False,auth_error
4336,1a9ed133c23467dee30f400ad84ab7ef,2025-11-11 04:57:10,view_balance,,,True,
4337,aca504ae3faeb3b1acce8d5d6430c71b,2025-09-16 04:11:10,make_transfer,190849.12,KZ235531200866841993,True,
4338,1e684b3118526543a6ddfaf602d3eea0,2025-10-10 21:13:33,logout,,,True,
4339,3528a4c8ab5b6d44502c03a9ec6dc6d2,2025-11-09 02:03:58,view_history,,,True,
4340,a2e4b322ecea25f5987bb66089dbe0d4,2025-09-05 22:55:00,logout,,,True,
4341,b4946e752fba7c0bff6e45c82ceb4ee2,2025-12-24 00:52:30,change_password,,,True,
4342,4e26d92edbe0feeac159e2fcbdfc3fed,2025-09-13 01:44:25,make_transfer,111557.2,KZ896952665280088005,True,
4343,4f97495ccddf0efa10ffe90e7fb1a84f,2025-09-05 14:33:53,pay_utility,138737.19,KZ935676863615023241,True,
4344,8a9035166a1036705a7c17dc342d5d52,2025-10-24 11:19:56,open_card,,,True,
4345,143d68ab656b55ead8f3200bb9a1baac,2025-10-13 02:18:34,view_balance,,,True,
4346,d49d0b55ed182f20afac7adc4cebaf0e,2025-12-07 10:54:01,open_card,,,True,
4347,5cd2402510f618687a5c0b080632b143,2025-11-20 22:42:05,make_transfer,159532.98,KZ053247018256249945,True,
4348,6c78080ceccbb5afd2eb8aba7e80aa08,2025-09-01 16:34:51,change_password,,,True,
4349,8ad46e26b8baa2cfb16e30db5d7ba6d2,2025-11-06 10:29:20,change_password,,,True,
4350,c49e4183fdede93e90817e33b54ac87e,2025-09-06 07:49:04,logout,,,True,
4351,d4bdfa9854a16ffadb57a53c90facbeb,2025-12-23 00:56:36,change_password,,,True,
4352,b9ee6d1d05a332e70a15071e0488cfab,2025-11-14 19:49:55,open_card,,,True,
4353,f89cc69e3bddca3dc9e1a26b7ff1a0bd,2025-11-13 22:25:19,view_history,,,True,
4354,da2d40d9f7753bbdd2589ebe271eabcf,2025-10-14 09:05:50,change_password,,,True,
4355,595c6ebc0f4e5d07be5369f3ef5bfcbe,2025-12-22 00:17:11,logout,,,True,
4356,89ab5fc3bebeb613d47d4e67cdbaf0f2,2025-09-15 09:46:32,view_balance,,,True,
4357,791eefa3fc2083c18de0fa5dcf434aa2,2025-11-17 02:14:28,logout,,,True,
4358,80eecae5cbac8dd3cff9ff1d801fa6d1,2025-09-09 00:06:02,view_balance,,,True,
4359,6fadf637ff515662e4dffa93bcfbaceb,2025-11-23 12:23:04,view_balance,,,True,
4360,0d6a58fd362d8e8541efdbd7b8acdd5b,2025-10-03 21:55:27,make_transfer,125246.05,KZ026373216613288683,True,
4361,5a8e3e550d7a2b015bee8caef1dc0537,2025-10-27 17:51:22,view_balance,,,False,timeout
4362,faca23c0e7caa4bdece8bdaa15d61bc2,2025-11-16 20:20:08,view_history,,,False,timeout
4363,95187e695ca8f89e326abe0b793fc2bb,2025-12-23 01:25:56,pay_utility,51367.88,KZ397465557309957256,True,
4364,1bbb2bcd5ef58efbba1ddf7dc71ff2e5,2025-11-23 12:14:02,logout,,,True,
4365,e5f79def24dcb6a87a9fcb3e1ea4ccbe,2025-11-28 09:14:32,make_transfer,167705.23,KZ242572230138033276,True,
4366,e5b8ebabe2edb53f01bc4fb7edd7e6f2,2025-12-06 01:43:40,view_balance,,,True,
4367,f7f28adca0a1acfc2bcade445b6bb8a7,2025-10-13 09:00:29,change_password,,,True,
4368,ed085e0b32fbf7edacefeed7e07d4549,2025-11-30 09:57:35,view_history,,,True,
4369,cb75d7451bb1d62eae4fbdba371ce5ae,2025-09-06 06:14:25,logout,,,True,
4370,cc5ed902eb38fec23dddebbefe8b0afd,2025-12-06 12:25:43,view_history,,,True,
4371,a3eff00e5ee957b9e1e1a3d74634facf,2025-10-07 15:56:19,view_history,,,True,
4372,afed50d75a69d70bb50fafd506ed4c0a,2025-12-20 20:29:24,view_history,,,True,
4373,fbc8acbf89c49cad296265bf5eafab2b,2025-12-03 22:47:36,logout,,,True,
4374,8ac842cb3d16d2aee2fbecb3ad34ad6c,2025-10-21 14:58:18,pay_utility,172871.94,KZ731042571646606750,True,
4375,2cc3ec32ac2eccfeaddfad9cbf0aa61b,2025-09-13 22:54:59,open_card,,,True,
4376,7efe8ab66b0a2eed98dde6feeebda4af,2025-11-10 22:37:36,pay_utility,144336.18,KZ937782077711669910,True,
4377,ce1edcd3f5bab4e8517c978bbc1e3fdc,2025-12-13 08:13:30,login,,,True,
4378,2eac53ebf0caa3fb0debd30d9da1be5d,2025-09-20 10:19:27,change_password,,,True,
4379,037c0939dbd5e9dabfabf66be4eea5e1,2025-10-30 22:25:48,view_balance,,,True,
4380,84bc73a8af7f1d4fbf8b313dafbc7ab5,2025-12-01 20:15:48,view_balance,,,True,
4381,b45bf04eeab0687b14e54ddaac3dd4dc,2025-09-22 10:36:39,login,,,True,
4382,b45bf04eeab0687b14e54ddaac3dd4dc,2025-09-22 10:57:05,pay_utility,195373.61,KZ517554243519727168,True,
4383,8470eea6f2501f55cc34fef2d4cedce3,2025-10-07 13:57:12,change_password,,,False,auth_error
4384,a0aaa8bc4b33f0d00e4755d7fca0c841,2025-10-30 12:06:15,change_password,,,True,
4385,33bddfd8dac34e4bbfbcfd51be0d32fa,2025-12-04 11:25:38,logout,,,True,
4386,f8bddc55d7090a0bdbcfaaf32f5ef2ea,2025-11-10 01:29:15,logout,,,True,
4387,05d4ab28da38febcdba7edebbbb0a73f,2025-11-12 20:29:49,pay_utility,51767.63,KZ958245629589379255,True,
4388,18ae21e48b6f99cafccd03aec12de1ee,2025-10-06 04:04:00,open_card,,,True,
4389,4f97495ccddf0efa10ffe90e7fb1a84f,2025-09-05 14:42:27,open_card,,,True,
4390,2558eb23f299c2fdba2d064eaddeb1ab,2025-10-21 20:57:01,view_balance,,,True,
4391,e5bd8e3ff9a44c6f97dd4e1b110ae8fd,2025-12-23 09:32:11,open_card,,,True,
4392,d59ab0a0b0ce783b9567f0fc5b0d888e,2025-11-18 17:43:25,view_balance,,,True,
4393,bee3876273e2d8b8eee9ea42a1fb528b,2025-09-01 12:25:51,view_history,,,True,
4394,f5fc9a37e7e0dcca07afccf3cab1cf9f,2025-11-13 13:16:23,view_balance,,,True,
4395,089d4344c8c75025a42e39758efbb6d8,2025-12-06 09:10:03,open_card,,,True,
4396,0bfdeb75caebf6eed21a24d43baa0e18,2025-10-15 15:07:59,change_password,,,True,
4397,9d60efe8e4d7283bfb8e23a8542d3b2e,2025-11-02 07:19:39,change_password,,,True,
4398,4bbc6bfb9bdb4bff4dcbc0eaea7da1a5,2025-09-16 08:24:36,view_balance,,,True,
4399,e19bbcac04eef1d725cddb37f06d2e98,2025-11-15 10:52:38,pay_utility,25098.25,KZ288878606766305366,True,
4400,63e6b1ede16dab2ab74bd784ba0ffec5,2025-12-07 06:28:02,open_card,,,True,
4401,4fbd6ac945965bacd4dcce4db40f351e,2025-12-29 20:10:53,make_transfer,85191.35,KZ312959670236780741,True,
4402,8211c5d5b6f6c63bcffcdd4fb5d47976,2025-10-20 05:57:51,open_card,,,True,
4403,5ac08b25dd2edd78c47571a78cfab8fc,2025-10-05 04:39:41,open_card,,,True,
4404,d4bdfa9854a16ffadb57a53c90facbeb,2025-12-23 01:00:54,logout,,,True,
4405,5a4bffd49113be7102cc2a835543ceda,2025-09-23 12:15:37,logout,,,True,
4406,b45bf04eeab0687b14e54ddaac3dd4dc,2025-09-22 10:48:56,logout,,,True,
4407,b05506db5da0b9e2b034d9b95a141823,2025-10-03 17:24:42,login,,,True,
4408,ff4e1d53b5ece5a2aeebda4ad2a53e2d,2025-10-16 10:57:46,view_balance,,,True,
4409,f5a39d029f0a4ecd66df2cd8f7eec8c5,2025-12-23 08:26:13,pay_utility,56730.22,KZ348390681764739650,True,
4410,ab3a42de6a7eceae6ebdd0a18b7b7afe,2025-10-12 18:33:51,view_balance,,,True,
4411,4767cea82acbcfb145addfdf0a188c92,2025-10-18 23:32:36,open_card,,,False,timeout
4412,fa7fe53e627b3a99dd6a415100c2dec9,2025-12-16 20:42:52,make_transfer,36180.27,KZ518187163463029830,True,
4413,5eadcfeecf39bc4767c9ebe800ff301d,2025-09-21 01:41:10,change_password,,,True,
4414,ed3e1561fab94aa4e5efdb57dfabbfa1,2025-10-22 09:22:53,view_balance,,,True,
4415,d7aafd4cbdd2dfadbbd488b0c9aa6bfa,2025-09-19 01:12:16,view_balance,,,True,
4416,d36a13c2dd065577639db7aaae4fdc7f,2025-09-02 04:45:27,login,,,True,
4417,76cdee45c7315247cfa425b1cb7e75b1,2025-10-31 22:44:28,change_password,,,True,
4418,eedada8a6c2ad4be2acd885e96bfdd7d,2025-11-27 17:53:10,open_card,,,True,
4419,4cb7c816bbb76beb5efa2fb65fbef5ae,2025-10-31 04:01:09,login,,,True,
4420,fa4eed6d5eead61e15bb1c34c90ccfb9,2025-09-14 15:56:02,change_password,,,True,
4421,fb29adbf7476be354aecfde245736bde,2025-11-12 07:39:02,logout,,,True,
4422,c0a4b36eeea1d4225842784ad1dc16e3,2025-10-03 10:22:14,pay_utility,87977.2,KZ922392138657489519,True,
4423,6d106d4cb5dee4ddc027c6710ac6da5d,2025-09-17 19:00:36,view_history,,,True,
4424,9ddcbfcedd9bddb2a42ff7d7ba68aee4,2025-11-18 13:48:08,view_history,,,True,
4425,efe759ba075748dcbc73ff4bcd01215f,2025-11-18 23:03:23,make_transfer,90937.52,KZ323125853596936143,True,
4426,df3acdcdcece6f0b6909e31c68b9d068,2025-12-02 05:01:32,view_balance,,,True,
4427,ef2e2dbacdec0a34f0186d6e11a9abbd,2025-10-23 09:07:09,login,,,True,
4428,ec60f8b1565fd0c151faaf472fedbe2a,2025-12-18 22:07:30,make_transfer,193258.65,KZ516210516673375979,True,
4429,5aedcddd2fd8ea35bf8e5e397afad67f,2025-11-11 18:39:27,view_history,,,True,
4430,c6b786be953afcfcc0bb62adad4decfb,2025-12-19 11:09:56,logout,,,True,
4431,fd47adc71aa40b9bbe26b2f79fb53ad2,2025-11-03 17:27:46,logout,,,True,
4432,c74fe175dd1d7acfa923a6cdacbe2b30,2025-09-04 19:03:55,logout,,,True,
4433,566ad1bb3bec85f4cebef0caddec29da,2025-09-25 22:44:01,open_card,,,True,
4434,a67639b914b0c4da8ca061c1dcc2867a,2025-11-18 23:17:04,make_transfer,132555.85,KZ908673487164833230,True,
4435,7d9e8dbbffca3d68059dbcf9bed0ed5d,2025-09-09 01:29:19,open_card,,,True,
4436,4f944b115fa34c491fdfbcecc45bd54f,2025-10-01 04:13:32,login,,,True,
4437,fd1f00cabbfdadd5ed1a74eeda29dff7,2025-11-02 17:27:58,pay_utility,175181.09,KZ325044793234642688,True,
4438,6113b0fd25d2aeb2a7af1dceebeadf6c,2025-09-23 11:04:21,pay_utility,199977.1,KZ617751046730332401,True,
4439,b9afef7c82fc561a73bf95901cc01856,2025-09-05 17:43:18,login,,,True,
4440,3d3ad2a58af9ded89ce996b73351fd04,2025-11-03 00:05:59,view_history,,,True,
4441,2cc3ec32ac2eccfeaddfad9cbf0aa61b,2025-09-13 22:51:30,view_balance,,,True,
4442,c97dfe777b18dc1fbc3ebca374332e8f,2025-12-03 20:01:09,pay_utility,13928.55,KZ330765271767535057,False,validation_failed
4443,af0cfdabee24dcc2be3aba8af4dad6ee,2025-11-16 17:05:12,change_password,,,True,
4444,d182ac12e1edb5dac45704b3faefb32b,2025-09-06 14:23:10,pay_utility,168334.92,KZ589901945088521658,True,
4445,fcc9aab2ae9e6db6cff75d6c8dea7bca,2025-10-15 01:56:54,view_history,,,True,
4446,9dcfe9ff9bbdbeebeea6a14dc1b47279,2025-10-20 12:43:47,login,,,True,
4447,e5673c533be992de1b342cbbeba5e64f,2025-12-23 13:20:37,change_password,,,True,
4448,83fadcbcf72152a76f568c541d0a2301,2025-10-03 00:26:08,login,,,True,
4449,a810be43baa60cf72d79ce35fe105be0,2025-12-12 04:33:32,open_card,,,True,
4450,0b93a511bfd269a27b50c20ce954799c,2025-11-06 07:00:42,pay_utility,173124.83,KZ021427657241039845,True,
4451,c8dd18f2cc3125193c56e5666ddb2b8a,2025-10-14 08:27:58,view_balance,,,True,
4452,d3f8196525819dbbf5edba9deeaa267f,2025-10-21 00:09:04,open_card,,,True,
4453,fed67be2a05ad33b1c85052f6fa70b8a,2025-10-21 17:22:13,view_history,,,True,
4454,69c3b986f84f7d2bafa5b1c6d158a6d3,2025-09-28 22:25:34,open_card,,,True,
4455,9c72fd8c48ce6fe2d291a7ed26e6d9e1,2025-09-20 22:48:44,make_transfer,177377.78,KZ291799075355928849,True,
4456,a2e50e2eacaed6eeec10f98c7af4e8d0,2025-09-07 00:00:33,open_card,,,True,
4457,30ea6f4fdfdd09ca4e0a01c1823ec6a9,2025-10-23 16:52:25,login,,,True,
4458,ccc5ac85b7bdebf63ced4da4c45bec7b,2025-11-18 15:52:30,view_balance,,,True,
4459,32edc6525b2d94defae37ac7d0c39367,2025-09-02 14:44:00,view_history,,,True,
4460,7ec4aeeebb674e6243ccb8bc1ea30a9b,2025-10-18 05:33:27,logout,,,True,
4461,db496d950fe1f1baa7f500db211e5c2b,2025-09-13 21:15:50,change_password,,,True,
4462,ce0aa0ef2e8211f2405bee36a443c19a,2025-11-02 01:25:25,view_history,,,True,
4463,baf7e8fcdb1caf422017ece03ce67e67,2025-10-07 04:41:59,login,,,True,
4464,20f4bc2fc643da0a0ce1a2bdcf499a27,2025-10-29 17:30:06,open_card,,,True,
4465,f3c6fa2d6ba2d29720de949f6e7afa2b,2025-09-26 09:18:44,view_balance,,,True,
4466,032b0f76ecb464bbfd027a02ccf56a8f,2025-12-19 08:06:28,login,,,True,
4467,abfbcf99db4baf66882afd61a7a8d3d7,2025-11-12 14:34:26,view_balance,,,True,
4468,bea8cb72e58bdbdccfd1966ca2af3762,2025-10-16 14:07:39,pay_utility,153259.73,KZ094126329402565671,True,
4469,bc03a311055c5f059ed18ebfebdc1ede,2025-10-21 14:19:40,open_card,,,True,
4470,11bc3cf28ffbfb2f9e51fc212edd9394,2025-09-25 20:45:21,view_history,,,True,
4471,854af2a3e3fc26a87ef13878bdb256ef,2025-11-29 19:52:30,logout,,,True,
4472,aad2cc967aab850f9cfdfb3b7d918968,2025-09-25 05:10:29,make_transfer,150604.43,KZ331928219388922721,True,
4473,faca23c0e7caa4bdece8bdaa15d61bc2,2025-11-16 20:44:10,pay_utility,184610.39,KZ576237378817255227,True,
4474,dcfe3ef78f1dfdb4dabe9e23cc8fa19f,2025-12-01 04:08:49,open_card,,,True,
4475,08cdf7f5f79caafdda5bd3bfe1fa7bb2,2025-10-12 06:01:34,open_card,,,True,
4476,a42e3ee1b56e27b2f760fdeab5cd0d01,2025-12-15 04:16:43,view_history,,,False,auth_error
4477,c7ce5c6823fc2a3e153de16f319aa41a,2025-12-12 04:08:01,open_card,,,False,auth_error
4478,27b9346c35ad3cf3bba1f95c151c2a8d,2025-10-11 06:36:14,change_password,,,True,
4479,ba0ff4eb0aadb0ce3ccbea8b526bd6af,2025-09-20 07:08:42,view_history,,,True,
4480,fea307fbfeebca3c9bfbd13ceccafe7b,2025-09-08 12:32:22,view_history,,,True,
4481,f941d5655cda12b889aabeac3f9e75b2,2025-11-26 00:40:18,view_balance,,,True,
4482,f7fff5d09829abd28edadecc29fadd4c,2025-10-02 08:15:51,make_transfer,70291.94,KZ243527878971964269,True,
4483,5e79c0fc9fc1e85ce11a7dfe593aa568,2025-11-07 16:53:31,view_balance,,,True,
4484,cf7a1db06ddd2a91fc3aacc208194fbb,2025-10-10 23:45:34,view_history,,,True,
4485,54fcef674ad1f1b829785c0b7d1bc27e,2025-09-20 05:56:07,change_password,,,True,
4486,c8dd18f2cc3125193c56e5666ddb2b8a,2025-10-14 08:16:42,open_card,,,True,
4487,9ed930dafd0a65a359f3cbefaba2f4db,2025-11-17 07:43:38,login,,,True,
4488,aaddad366f1b4a09dfffdddd48e8fd0a,2025-10-26 00:13:06,logout,,,True,
4489,ac6f9915a0bffcfe11edec8faca6d259,2025-09-08 21:14:10,view_balance,,,True,
4490,f174c3bf8f2a7adc9e0221cd1bc85bc1,2025-12-17 16:22:34,pay_utility,117458.34,KZ237026643175338261,True,
4491,aea60eaea5f5f72b892feee031df6580,2025-11-28 01:22:16,open_card,,,True,
4492,ae41e7d958facab612d29cad04c99afd,2025-12-29 18:38:59,logout,,,True,
4493,8d4f255ddaa9ca300bda98abcfdefacd,2025-09-06 11:31:11,view_history,,,True,
4494,f208cb21d8acbbb0eadbee6c90548df6,2025-12-04 12:07:48,change_password,,,True,
4495,77778ebb81bdef0dd98f1c3e1dbadaf2,2025-09-25 18:38:44,login,,,True,
4496,fb890dadb62cbecedb8727e6e4f1febd,2025-12-19 12:06:50,pay_utility,56414.38,KZ464534571364142094,True,
4497,d202fe6530bc79dfdaf3cddf275ca0f0,2025-11-15 23:25:38,login,,,True,
4498,dd7aa8fff4ca25e119ae0ea9bbeb6e57,2025-09-23 08:08:43,make_transfer,93423.78,KZ507595038165367513,True,
4499,a3ecceedc6ca03af6cdfb4c8b0951cbb,2025-10-24 19:07:46,login,,,True,
4500,fbc2f1dd0fdc85cbcdfe6533d16ed926,2025-11-26 20:55:36,logout,,,True,
4501,5722dbbaffb0c02b0aa7a2a1ab3b3df5,2025-10-20 18:06:32,change_password,,,True,
4502,7efefc5a8e1ef856bdf1dba91f1fe800,2025-09-08 22:49:49,pay_utility,21378.19,KZ216088386720743754,True,
4503,fdf3b31aa9f2ae5fffe90350885a9e92,2025-12-17 11:21:51,change_password,,,True,
4504,09cffe5cf7f01ecb0e1144f21eecec57,2025-12-07 06:45:05,login,,,True,
4505,becb95f5cec66e146a90b16f29a6fa3f,2025-12-20 12:28:44,open_card,,,True,
4506,de57b9bbe4f8826ddeae9aaf3d8da8fb,2025-12-26 18:22:32,make_transfer,163879.93,KZ887848810274931644,True,
4507,bf5be0cb8e8dcb1234fdb88ff1db7db9,2025-11-25 04:58:15,view_balance,,,True,
4508,c93de1d4bbaaab3b7d070e6e1f53dbfe,2025-10-24 14:15:42,make_transfer,63084.07,KZ568102922379398770,True,
4509,88a1dc4fa35d00827bff5b3fd1dbda0b,2025-11-28 01:56:34,open_card,,,True,
4510,ae77af241dbddad355ce8c3adbef6aec,2025-12-08 23:11:20,make_transfer,159527.78,KZ091627863342319697,True,
4511,7dfa90dd9fe17edba3ea7d27dc30aad2,2025-10-12 10:28:26,open_card,,,True,
4512,766fae502508fd52b03fafe3ad00a5a5,2025-12-23 18:02:45,view_history,,,True,
4513,e7e9bfdf4943cc2ad7ec52c6303a8fe8,2025-09-01 17:07:31,logout,,,False,timeout
4514,43dd0cfacbf6c1c8c2ececd088e3c0cb,2025-12-30 04:36:47,make_transfer,145798.07,KZ743616341787038286,True,
4515,d0d9c81ff4f03da8a2b1a5849c8d3dcd,2025-11-09 16:02:04,login,,,True,
4516,f5164fc60b053bbc3df7a4eac2b18841,2025-11-23 02:35:22,change_password,,,True,
4517,c96ffc822c798b4af53a57effcf280c9,2025-09-12 22:37:16,view_history,,,True,
4518,cbd3184daec891b4abd599cfbedea1b6,2025-10-28 10:29:28,view_history,,,False,validation_failed
4519,f7fff5d09829abd28edadecc29fadd4c,2025-10-02 08:30:47,view_balance,,,True,
4520,0e7e6d30ea5fbfda1dec8b624416d1af,2025-12-06 01:12:53,open_card,,,True,
4521,f8dfd190a146ca9a72edfd7a4d43ce3f,2025-09-19 00:51:01,view_balance,,,True,
4522,b62cdbe7d8b9dec71be1eb7aec3c64a1,2025-09-01 04:25:04,change_password,,,True,
4523,0ad49c1dddf6606dbcbac9f52f70acef,2025-10-31 09:19:51,change_password,,,True,
4524,00d24ed59abce7303ee483fcd5dcdac7,2025-10-06 10:38:40,logout,,,True,
4525,df6e3cfce03fda0bcd9bd95f3da9cae3,2025-12-17 13:20:56,open_card,,,True,
4526,44becfd36cd23b7b21b7b1f20fff5f5f,2025-11-04 09:35:05,make_transfer,106283.11,KZ427111095462280975,True,
4527,fb29adbf7476be354aecfde245736bde,2025-11-12 07:48:20,make_transfer,121182.43,KZ241418167027269833,True,
4528,6fadf637ff515662e4dffa93bcfbaceb,2025-11-23 12:39:20,logout,,,False,auth_error
4529,8d23d4cbc99e460c9d97f706c9995a8b,2025-09-10 06:13:40,login,,,True,
4530,d2fc7abdefe776bf4cc9ffe57a49d10f,2025-12-13 04:28:35,open_card,,,True,
4531,1cabf7ffcdff6cc0eb35aa12fabcbbf4,2025-10-27 08:28:39,view_history,,,True,
4532,05d4ab28da38febcdba7edebbbb0a73f,2025-11-12 20:40:44,view_balance,,,True,
4533,3bad56a31083b79939f64d74accd53df,2025-11-27 19:38:47,login,,,True,
4534,c4fdddfcf5bebb7089e50723c9e2edf6,2025-10-20 09:19:01,make_transfer,93100.52,KZ820188670541537009,True,
4535,7d7ecda3bd8c97fc5e7bafde90be5364,2025-10-16 06:49:46,change_password,,,True,
4536,f9f1fc7eaddd13af016fdb11558cf6cb,2025-12-13 00:47:41,open_card,,,True,
4537,991c94757cec1717196f1dcaee6445f9,2025-12-30 09:33:55,open_card,,,True,
4538,b45bf04eeab0687b14e54ddaac3dd4dc,2025-09-22 10:35:56,login,,,True,
4539,43ea3afff618b835da35af499ad326e0,2025-12-16 17:34:05,open_card,,,True,
4540,a2e50e2eacaed6eeec10f98c7af4e8d0,2025-09-07 00:18:55,view_history,,,True,
4541,09d0dbb43fd50164acc9ffb2def7bb6e,2025-10-06 19:46:25,pay_utility,9440.99,KZ589113520734643095,True,
4542,fdff0dfacba2a0e8652c4c9fdfb40fd9,2025-11-15 05:54:39,view_balance,,,True,
4543,eaa13eb3ca2b01dde256a1e451e3ffff,2025-09-04 21:47:44,login,,,True,
4544,a42e3ee1b56e27b2f760fdeab5cd0d01,2025-12-15 04:17:12,view_balance,,,True,
4545,87eea902bad8e05abda0421431a315fb,2025-11-12 02:01:26,login,,,True,
4546,2afd6b4f57cde07c6a4d73afee9b8dae,2025-10-29 13:17:35,view_balance,,,True,
4547,700e911fec4bcd6ada93b928fcb7ffd5,2025-09-18 05:50:08,view_balance,,,True,
4548,ad82cbc904e41a60b8d4dcbda0dd6572,2025-09-06 16:16:46,make_transfer,163403.94,KZ687402419104993442,True,
4549,f5d3fffceddbf92cd84f2eff459ecf9a,2025-12-05 15:37:00,view_history,,,True,
4550,1ba8ee4bbc4fefaaa78a0cd71b33bead,2025-11-03 21:43:39,make_transfer,83564.12,KZ587302497539316711,True,
4551,d2abf58e929c8eb303cd3ccb09b623ec,2025-12-26 01:44:17,view_balance,,,False,auth_error
4552,0dfee801e7d06bf9be8dc55c33b6eb5e,2025-11-05 23:33:44,logout,,,True,
4553,2367e3a2aedf40c9caf71682ef74d743,2025-12-18 07:34:51,login,,,True,
4554,01bb232aabd8f3deba35e023ed0c7650,2025-11-14 06:35:08,change_password,,,True,
4555,b7d1e95ecdf8a4d4b2eb5c682af3af3b,2025-10-15 15:00:43,open_card,,,True,
4556,fdcaded3fabf867703ac21ff2fb2e9cd,2025-12-12 15:39:59,view_balance,,,True,
4557,e21bc8af32455b4f2c5d7aaebbfb9317,2025-09-17 11:43:40,pay_utility,116693.17,KZ726967735238147240,True,
4558,96b0db3ee4f5b31dbaa4dcbcec54d852,2025-12-07 04:59:52,open_card,,,True,
4559,e7fcaebbbfb13d3dcf48458e90dcff8b,2025-12-12 23:11:27,view_history,,,True,
4560,e0c589455eec7c1cd7b0ba12b8fbb9e7,2025-12-01 08:36:52,pay_utility,517.12,KZ426745681549603895,True,
4561,f174c3bf8f2a7adc9e0221cd1bc85bc1,2025-12-17 16:14:55,logout,,,True,
4562,e08ab85b06b82be0cbaae906c717cea9,2025-09-18 13:42:08,change_password,,,True,
4563,fed2caafac1eceb29019a8a9b4edbbca,2025-09-28 23:35:34,view_history,,,True,
4564,6cfdbbbc4dffe6aafda266833db420fb,2025-09-05 20:24:41,view_balance,,,True,
4565,150b5a5f743f3e9dfe36b37e6e308c4b,2025-12-30 08:36:01,view_history,,,True,
4566,24aa58387d672ab28ef51980f9a5caab,2025-09-18 22:48:11,change_password,,,True,
4567,f48f5aceccf9daf1b8ee0a061f072ae4,2025-09-22 03:39:48,logout,,,True,
4568,8edde03395d4b7bdf1c000adbbedf8c7,2025-10-01 01:10:28,make_transfer,182447.64,KZ931789858765500064,True,
4569,7ac10fa4bdd2a88afac4ef3e8be6d332,2025-10-16 08:24:31,login,,,True,
4570,ca4c3ea9aac8ead8697e2acdf7f86a2b,2025-11-15 09:30:30,login,,,True,
4571,df3e4d45f2a2eefabefd06fefb8fc8d3,2025-12-29 23:56:46,pay_utility,79681.18,KZ995389531726671865,False,validation_failed
4572,d5b09fbebcbc45cea7396fad69ed32be,2025-12-14 13:18:41,change_password,,,True,
4573,2161777e7ffdc664da9a079a328c2dc3,2025-11-28 12:02:06,view_history,,,True,
4574,f307e7edd9b8ca1d46fcfc30c1789984,2025-12-20 06:23:10,change_password,,,True,
4575,ff4e1d53b5ece5a2aeebda4ad2a53e2d,2025-10-16 11:16:52,logout,,,True,
4576,b45bf04eeab0687b14e54ddaac3dd4dc,2025-09-22 10:32:50,pay_utility,118650.09,KZ671582485613588544,True,
4577,0d0ca2aa2ccadfea93fe61adb995eecd,2025-12-11 13:23:23,view_history,,,True,
4578,d9582eeac83bbaef09cffb45a1baa1a0,2025-12-08 02:26:17,pay_utility,65813.66,KZ298163677000460782,True,
4579,bf65ddf6f5df19bc0bc18e5c9b9fa366,2025-12-22 19:13:35,logout,,,True,
4580,fdbc8be3cec25d8b475a7d203fd684cb,2025-11-30 19:12:14,view_history,,,True,
4581,8bed7cbf3ede99fffcdca5cfcace95c8,2025-09-20 15:45:00,view_balance,,,True,
4582,b6d90926d78c8d1620b174d37632bae6,2025-09-07 12:59:19,pay_utility,126646.93,KZ566429133531633472,True,
4583,aafde78d8f351aeb2d9bdb18a56ae842,2025-10-03 23:18:57,view_balance,,,True,
4584,aa68e0d68ca6cf9dbef8d51e36cfb2fb,2025-11-23 07:46:31,logout,,,True,
4585,1c5da86fb04f1547a25a0ba07e609c35,2025-12-16 07:33:35,login,,,True,
4586,43ea3afff618b835da35af499ad326e0,2025-12-16 17:29:44,view_history,,,True,
4587,90be79b891db3147f9e34039cddbcfea,2025-09-05 13:47:03,view_history,,,True,
4588,17e45abbaee0e50a729b7d21de1cddff,2025-12-25 17:55:45,login,,,True,
4589,5f82ed72cdb05eabea0dbf7e07eecf3a,2025-09-21 09:13:20,make_transfer,151923.71,KZ802152213674433168,True,
4590,d583dcf3d76b8ac2fd2dcef85d8fc3da,2025-09-30 19:05:50,view_history,,,True,
4591,b0ddafcaddb18eefc357db865d21b257,2025-10-14 06:14:42,pay_utility,103793.0,KZ114121121694796177,True,
4592,6b811aeaeadd68e22e2a159d6f8fa5a4,2025-10-29 07:54:37,view_history,,,True,
4593,0bbb7b41f3e2ccc668ca1a04d22bc03a,2025-10-14 13:41:06,view_history,,,True,
4594,4afa3e91afd26bf2fd75e0a2ad2fd8ec,2025-09-28 20:05:45,open_card,,,True,
4595,adadfa9f04a43686ea9d7ecb6c92866f,2025-10-21 15:34:57,pay_utility,50253.62,KZ253158514064946415,True,
4596,bbf36516dcbf59733d60bcf9b7dc63ba,2025-10-23 02:55:39,open_card,,,True,
4597,b890dd7670abc1e3b4cc4aacd0678f93,2025-12-19 04:55:23,view_balance,,,True,
4598,4a68cbf1fcc0ec90cf382fa68822b9be,2025-10-29 19:12:04,view_balance,,,True,
4599,766fae502508fd52b03fafe3ad00a5a5,2025-12-23 17:57:49,make_transfer,60325.98,KZ701659743285299795,True,
4600,5ca949206befbb315a1cc453008dcc95,2025-09-10 14:01:01,make_transfer,113073.94,KZ051824107762130397,True,
4601,b2e61ed511e1e798cbb7b456ade5daba,2025-11-04 14:32:38,view_history,,,True,
4602,cdfb843c9facdae0cbdf96efb421f038,2025-11-30 05:24:56,make_transfer,182232.22,KZ538092705525706721,True,
4603,f3df9cba3a4a8e343dcebc012d9c3f6a,2025-11-15 15:54:22,view_balance,,,True,
4604,effd5d6dee25c513b54591dbe37af883,2025-12-13 17:50:19,view_history,,,True,
4605,b771b607a2db62e1776ede98f1ea2ef0,2025-12-13 00:55:52,pay_utility,45379.82,KZ395315703455671804,True,
4606,1ea6c0dfac73db3acaf2dfd9cfa13d24,2025-11-28 01:52:58,change_password,,,True,
4607,dcc45bbeb75a27e7a515276aadfd9d96,2025-09-18 15:23:54,view_history,,,True,
4608,bdaa0ce0ccdcc1d0127cfcac2f52372b,2025-10-08 01:03:31,view_balance,,,True,
4609,ddcc7b4043102be56a18767ad8afae6f,2025-12-05 21:49:03,pay_utility,181706.53,KZ807913184100111295,True,
4610,5722dbbaffb0c02b0aa7a2a1ab3b3df5,2025-10-20 18:21:00,open_card,,,True,
4611,afc9b2e979edb72bed383565f009cdeb,2025-10-21 22:58:33,view_balance,,,True,
4612,636e4f66de8d6ae41bc4e7ae20608db6,2025-12-21 00:32:28,login,,,True,
4613,5b03ca0288cd1d3a095d72f214a58843,2025-10-22 16:14:02,pay_utility,14302.74,KZ865643543576171675,True,
4614,6b2ecdbe42c7bbead9ca6fef122b796a,2025-09-17 04:52:02,view_history,,,True,
4615,beed60e2ba0b37a15ef4cc2a6ea3548a,2025-09-14 05:38:38,change_password,,,True,
4616,d1299eb1f15d5feab24e3c23e760c5d7,2025-10-26 16:35:55,login,,,True,
4617,abd0b6bb766eac21f3018ebb6f99fb04,2025-10-12 11:31:34,login,,,True,
4618,aef5b319c7db4e1bdf6549ed53c4eeeb,2025-11-25 21:17:26,view_balance,,,True,
4619,b3afae3c05eac6bce7ef77618a6ffda1,2025-09-08 07:00:30,view_balance,,,True,
4620,9f3e9a0f5be54a982ffd7fbc1c6d8c9a,2025-12-07 00:24:44,view_history,,,True,
4621,bbcaa720a1a13779a2d4a1ef8ecd16dc,2025-11-13 02:09:42,pay_utility,62505.57,KZ519180660901789627,True,
4622,bdcd7ea89baebdd3e9ecd2bbfdbfb12c,2025-12-19 09:58:50,open_card,,,True,
4623,e24d4efcb3ce83df78b0b2ad2e96dd47,2025-10-30 15:20:18,view_balance,,,True,
4624,4ca06bbbde1a38954fb51ceabf19d6d5,2025-12-11 16:42:44,view_history,,,True,
4625,2183f1748d38eeedf1af2ddbbac72fad,2025-10-19 00:03:21,pay_utility,175347.84,KZ238369688913594375,True,
4626,9d60efe8e4d7283bfb8e23a8542d3b2e,2025-11-02 07:37:58,view_balance,,,True,
4627,9f4f34abe0784c0d7abca0ee7449db3a,2025-10-22 02:33:40,login,,,True,
4628,eeebef5e0bfd1b9fccffa774acba3bc8,2025-11-16 01:07:07,pay_utility,24046.08,KZ515562079783698733,True,
4629,abfbcf99db4baf66882afd61a7a8d3d7,2025-11-12 14:21:19,pay_utility,26116.65,KZ988871937681558621,True,
4630,a7922e21fd350c3e9d563ebd5fd0981f,2025-11-11 03:32:41,logout,,,True,
4631,102997aa52491e6e1330deadb99eaf3f,2025-10-18 08:42:54,view_history,,,True,
4632,a81fa79e0eeeb2fc6fd5fbc0bcf6168b,2025-11-23 14:56:07,open_card,,,True,
4633,adf6f28162cc3b1386cee596baf5194b,2025-09-18 05:17:19,change_password,,,True,
4634,1ee457d68906c3e9e7dba83aa0cbdfb5,2025-10-09 02:53:25,view_history,,,True,
4635,abbc20fbb8cad1ec8bb72ae4f3efd5b4,2025-12-22 04:04:48,view_balance,,,True,
4636,d583dcf3d76b8ac2fd2dcef85d8fc3da,2025-09-30 18:58:04,login,,,True,
4637,ed944caca853dadc8b51cf8f345db551,2025-11-17 22:09:53,pay_utility,147911.76,KZ102788348932762757,True,
4638,fe2edc81aab8ee9ecaac8d3afee93fab,2025-11-13 13:26:06,view_balance,,,True,
4639,2cc3ec32ac2eccfeaddfad9cbf0aa61b,2025-09-13 22:39:35,logout,,,False,timeout
4640,3b9af4c583bdcfbfbc14ef8b7daf57ca,2025-10-25 13:00:17,pay_utility,154193.16,KZ732290718956969865,True,
4641,bea8cb72e58bdbdccfd1966ca2af3762,2025-10-16 14:31:55,pay_utility,127560.41,KZ411602937233031130,True,
4642,bd5cf899e4200fc2b79ad1fff59d5e76,2025-09-19 11:56:29,login,,,True,
4643,ec60f8b1565fd0c151faaf472fedbe2a,2025-12-18 22:02:28,login,,,True,
4644,d6bab1d2f5e091b4899c7bde5315a1af,2025-09-12 05:50:03,pay_utility,40596.8,KZ968829774354502744,True,
4645,253a519b372aafd88b66aaafdfb28178,2025-12-21 14:40:37,pay_utility,166467.94,KZ513580341663177309,True,
4646,df83cd3e3b0717eceabdf86e9fb944ce,2025-12-24 00:42:42,view_history,,,True,
4647,badad811eebab0ec5345c444aca1b719,2025-12-09 23:41:49,pay_utility,66650.07,KZ727449477397571845,True,
4648,e9649d9394e35ae463edc0ce17bec5aa,2025-11-29 05:23:12,make_transfer,10400.5,KZ015831242178854769,True,
4649,fa26ba1ae6dd4cfed99b0ae1eff9dff9,2025-11-08 17:52:00,pay_utility,96277.15,KZ534163214063349689,True,
4650,2367e3a2aedf40c9caf71682ef74d743,2025-12-18 07:48:48,pay_utility,76535.03,KZ091700405132923547,True,
4651,c7661e56aaf56f1e3f68bba3fdef03b6,2025-11-06 07:54:32,logout,,,True,
4652,d4bdfa9854a16ffadb57a53c90facbeb,2025-12-23 01:09:45,login,,,True,
4653,defe41b3c5faa440b350c58ae4aefecc,2025-10-02 04:37:03,pay_utility,188232.65,KZ725443906939339783,True,
4654,73f663b9a92f467b742734de1ea12b60,2025-09-21 04:41:25,view_history,,,True,
4655,0f6a2d2d35a8513cb2bb7fcae31cbb32,2025-12-14 20:35:15,pay_utility,72289.54,KZ256153747325203360,True,
4656,e70febc62eb1ae02c0c542cb21d2e3d4,2025-11-18 08:32:07,change_password,,,True,
4657,6cce9dc4868b522f4f089feaeecf84ef,2025-12-30 02:11:20,change_password,,,True,
4658,f3bbcbcbd24aa227d2fb1f29d6ea1055,2025-11-23 22:21:56,open_card,,,True,
4659,bbe29e1ef00b17fc517fbfcc6da0b66e,2025-12-27 16:48:58,change_password,,,False,auth_error
4660,d9e5c0509f3ded5af6856db8ca7b97bf,2025-09-17 05:53:56,change_password,,,True,
4661,d4bdfa9854a16ffadb57a53c90facbeb,2025-12-23 00:56:37,open_card,,,True,
4662,dcabf0bb0a2ad7abb6cc0c35d8aa1b53,2025-12-21 08:43:58,view_history,,,True,
4663,b521379bbe5d3116c838a93a0ba206e1,2025-11-30 23:22:26,logout,,,True,
4664,76cdee45c7315247cfa425b1cb7e75b1,2025-10-31 22:37:02,open_card,,,True,
4665,56fcecd8047393c5d22a98ab921657eb,2025-11-29 04:23:36,open_card,,,True,
4666,0ad49c1dddf6606dbcbac9f52f70acef,2025-10-31 09:25:21,view_history,,,True,
4667,ded3cbee9e2a8f5ca8a0b8fd0ff62bee,2025-11-16 11:56:02,make_transfer,68927.15,KZ315634276344429784,True,
4668,4f97495ccddf0efa10ffe90e7fb1a84f,2025-09-05 14:51:50,login,,,True,
4669,a44cc2deef57f6814f8cadf8cabdebbf,2025-12-14 07:33:10,view_history,,,True,
4670,a7325fbc24120f01f62bb868cdb04f1b,2025-11-01 16:10:34,login,,,True,
4671,cdbc9d7f2cdfdabdea9b96eb3a17f44b,2025-10-25 03:06:55,login,,,True,
4672,ae5ce9c5cadeae33c63db9ea21ecc853,2025-11-04 03:30:49,view_balance,,,True,
4673,fbba5cec2d69a2e09fdc190b041c2e3a,2025-11-14 18:12:04,login,,,True,
4674,cf5b7f39d2d5f69f3c61ddedff6b1bfd,2025-12-02 09:21:31,login,,,True,
4675,a0effdc51d3f148bff5badaa089cabce,2025-10-26 00:56:23,view_history,,,True,
4676,f2aba04f0cee84fcadac6872a707c626,2025-10-14 06:04:03,open_card,,,True,
4677,e0d86e1cfff3d80b8e18cebc3f02c141,2025-12-24 13:31:21,logout,,,True,
4678,2eac53ebf0caa3fb0debd30d9da1be5d,2025-09-20 10:32:51,view_history,,,False,auth_error
4679,681ea03de6951fb51f0441100a29c10e,2025-12-09 23:02:18,change_password,,,True,
4680,ec21b2e9866660e4b2a62bec2b1fd722,2025-09-07 22:24:46,make_transfer,191561.2,KZ075478454374669720,True,
4681,7dbaaba0397dc77c0435c65b257c4ffb,2025-09-19 00:23:37,pay_utility,36256.9,KZ831564434142223261,True,
4682,498cb4e277ab2b7e6fccaddacbd2d7c9,2025-12-17 03:43:10,view_balance,,,True,
4683,6f0f86067af1b6c69361e53fac519013,2025-12-27 04:34:27,open_card,,,True,
4684,31dd5a815efafffff1872af42ace343f,2025-12-16 08:05:55,change_password,,,True,
4685,6eb9d6a03fddea08ff55bc8baebef4bf,2025-10-04 22:42:44,login,,,True,
4686,a810be43baa60cf72d79ce35fe105be0,2025-12-12 04:39:06,make_transfer,13678.5,KZ190132599550015857,True,
4687,befff57b95125c7f4ba1a6e4ff6a1485,2025-10-04 22:14:37,login,,,True,
4688,6d1b660ea83dbe8d4db86b3bcf6d6027,2025-12-18 22:18:49,login,,,True,
4689,322c4d9865fce9ee4fc568be3ede7325,2025-12-30 06:53:05,logout,,,True,
4690,e0ccc5d47c580adaf96fe0465a0b0bc2,2025-10-11 05:56:08,make_transfer,137427.16,KZ420735905781056215,True,
4691,fed16bc16a15b640efd99a04fcfb6afc,2025-10-31 05:04:38,pay_utility,92525.53,KZ474812206602097268,True,
4692,41ebea0bedfc1ec34375fef8b72ada38,2025-12-12 11:56:00,login,,,True,
4693,000abc16fbfa2c077abaeea84108ea13,2025-12-18 03:21:00,view_balance,,,True,
4694,b60fefba44a62c8fd0eb65c84dac980d,2025-12-10 21:29:46,open_card,,,True,
4695,8c18438d8ea8fbfc0fe509046d409ac4,2025-09-29 04:49:14,change_password,,,True,
4696,1fb19e79f4eb2d7abe8e82d38c0e03db,2025-10-27 18:05:03,login,,,True,
4697,ebf1cbbf4d72b0a3fd9e2b3351b6f3a2,2025-12-19 19:57:01,logout,,,True,
4698,dbd44e2ad3cbf4db92cf605da02ca4f0,2025-10-23 19:50:40,make_transfer,110912.09,KZ912879303799518262,True,
4699,ed944caca853dadc8b51cf8f345db551,2025-11-17 22:12:16,change_password,,,True,
4700,d9c8cac1d2d6e4ff5d802c7d50d91cfa,2025-11-08 14:22:10,login,,,True,
4701,ade91c9af5526e298ce588a0402cd45d,2025-11-05 16:16:37,view_history,,,True,
4702,bfdc3e8dfceff50f9c3bd8fe35a4dc71,2025-12-01 01:52:29,view_history,,,True,
4703,bdaa0ce0ccdcc1d0127cfcac2f52372b,2025-10-08 01:01:48,pay_utility,97376.12,KZ955199794024786513,True,
4704,f91ec7ef40b40e2e8ae6a1aab8aadea2,2025-10-17 00:33:21,change_password,,,True,
4705,2e7b9a6d028d9697d4a8084bcebe3b7b,2025-09-05 10:28:04,open_card,,,True,
4706,4e5700e1ffcc303e607a2121f9f97dae,2025-11-03 03:43:04,logout,,,True,
4707,9f0de20f7ce64598fc3fcb35035c55aa,2025-12-02 08:20:47,login,,,True,
4708,6d4c9ba4bcbdfe4e07e2f18e6ec4f9c4,2025-11-28 16:07:02,change_password,,,True,
4709,60fcf7605a3af4baaaff6ba01c04237c,2025-12-13 21:27:58,login,,,True,
4710,0cbce7e5ab7c9aa5af6a0c73bbf0c26d,2025-09-20 10:15:54,open_card,,,True,
4711,ff53dda5ebdfe4dbbafa8df4c39b55fc,2025-09-19 16:40:23,pay_utility,43555.45,KZ615550164015501813,True,
4712,320aca4bfcc6a9cfe93b14574ace649b,2025-12-22 14:22:08,change_password,,,True,
4713,69a8d51a1af7abb2a5e93bafa2db0cdc,2025-10-16 00:03:24,open_card,,,True,
4714,9c1ece6b42ece1caeca8cebe4ce195e0,2025-10-16 17:09:15,view_history,,,True,
4715,f0ea4bcad96facfe20dc9f05e4e2ceb5,2025-09-04 14:11:56,logout,,,True,
4716,f4e2f55dbc0ecdfd47e1cb7bfc6d3245,2025-12-23 17:01:22,view_history,,,True,
4717,d790868b677f313f77f4e8acf85f89e9,2025-12-17 09:38:22,login,,,True,
4718,defe41b3c5faa440b350c58ae4aefecc,2025-10-02 04:39:09,login,,,False,auth_error
4719,ae28af1c370a1c74b0dac3b355fd6cb4,2025-11-26 04:50:07,view_balance,,,True,
4720,791eefa3fc2083c18de0fa5dcf434aa2,2025-11-17 02:17:59,make_transfer,159295.22,KZ910278705957210229,True,
4721,85cefc71282d3efd723c4efb867b0a26,2025-09-14 19:48:05,change_password,,,True,
4722,fdbc8be3cec25d8b475a7d203fd684cb,2025-11-30 18:53:47,login,,,True,
4723,d35ef0ed2aeeb40bbb4c8e01e908d3bc,2025-12-25 14:24:50,view_balance,,,True,
4724,30b7f6e155cb0b9ae2ca2a6f85546a97,2025-11-14 10:56:00,pay_utility,185383.09,KZ864870392860300512,True,
4725,c502bbad4bf8d0ad1dd5f809a5d9ae70,2025-11-15 21:10:42,change_password,,,True,
4726,dafaff24ccbdaa64a126d7a6eeff4bcf,2025-11-13 06:54:22,login,,,True,
4727,9ae2cbd182bcfacfe0dd6c0cee4ccb7e,2025-12-14 09:08:05,view_balance,,,False,auth_error
4728,ffaee3dce6d3f147d4bb39bb95d39c4f,2025-12-24 00:51:31,make_transfer,163092.97,KZ443526339301402479,True,
4729,0c4d8af044b7f1c56285fbdcfb5f711a,2025-12-21 01:38:01,pay_utility,92792.99,KZ601524154164653886,True,
4730,4ad063843e7eab88aef42fa0abbc40ff,2025-10-10 10:00:07,view_balance,,,True,
4731,814b8f86afc23c71da0ea78c8f0a6cac,2025-10-04 04:18:43,change_password,,,True,
4732,99faeefdb6dfa4dc7dbec41413bd258b,2025-10-19 09:46:16,make_transfer,38749.18,KZ860809538813943845,True,
4733,9f7485f76eedd0696fe57cbb01bfeee7,2025-11-20 15:35:52,make_transfer,116989.4,KZ702114133382432892,True,
4734,dabbf03a6eaf5caec71a54f8a9dabe65,2025-09-10 10:16:42,view_balance,,,True,
4735,14c2cf8aca2f90d1d95bf999ddd5ec71,2025-09-15 10:43:20,view_history,,,True,
4736,6cce9dc4868b522f4f089feaeecf84ef,2025-12-30 02:06:24,logout,,,True,
4737,0a38fd4dbb870b1ced5ab9a07fd793f9,2025-11-06 20:55:02,logout,,,True,
4738,b913ea1ff2c9fc5336445c1eb7adbcf5,2025-11-03 16:43:43,open_card,,,True,
4739,573832ebcaca25e4c6bdfaa5f63dab6e,2025-09-29 05:13:42,view_balance,,,True,
4740,a1fe0d34e5aab6dbe9d03cb5517a282f,2025-12-25 04:30:17,login,,,True,
4741,6cacb90cacf1cabfee1b5f1afde422aa,2025-11-17 05:58:58,view_balance,,,True,
4742,30a8be4fc0a4fa19fa9adfc4abaa1f22,2025-11-04 06:33:43,view_balance,,,True,
4743,c5d0be70b62b24f20f4d3f45f76fed0f,2025-12-05 19:13:23,logout,,,True,
4744,71dfba87cb23f38b36a0ccbc4eefdfde,2025-09-24 13:32:20,make_transfer,113153.37,KZ311998568882406213,True,
4745,f319dfe5c3ad7bec43faaccc5ee9cf9f,2025-10-18 15:57:59,view_history,,,True,
4746,f8f9cadeb9decbb2f74c409c6dba2ea9,2025-10-22 15:15:18,logout,,,True,
4747,4bcaa5caabcfcd9b7a84ec38faeb0e1d,2025-09-26 11:52:43,pay_utility,113999.07,KZ227571563049514357,True,
4748,e946d987bdfd2d2e89b57dffc25cedfb,2025-10-05 10:32:48,view_balance,,,True,
4749,3f8c9cfaad0ea57ddcce9f9baeede7ff,2025-09-26 01:14:11,make_transfer,95530.81,KZ963445244284432410,True,
4750,f9a6841be354f52edae5d5c49d50e90b,2025-11-14 18:06:03,view_balance,,,True,
4751,cce52dc24e2cdf8efd4c67ec7b1eedd2,2025-09-15 16:28:15,pay_utility,95501.62,KZ492787328107210826,True,
4752,bef8bd52b09dcbce36cafa3f3df77a8a,2025-11-20 05:56:28,logout,,,True,
4753,9ab22ce0d68eed6ff10410c3faf7bc88,2025-09-18 14:08:22,login,,,True,
4754,87afff68f9b2be05016f298db1b9de6e,2025-10-07 08:05:18,login,,,True,
4755,32a3bbbbadfcf2ccb898db6b562846b2,2025-12-29 02:19:34,make_transfer,86719.63,KZ026159508691281532,True,
4756,b1cc45c7a13cddabbec6515b8f264adc,2025-11-30 15:47:30,make_transfer,20851.53,KZ762583084960591846,False,auth_error
4757,d12ce0b7bdfec6cb898dcce4abe6bbca,2025-12-03 17:55:28,logout,,,True,
4758,619ebf5cde123db0b261d22cddfa403b,2025-10-14 22:04:24,logout,,,True,
4759,e21bc8af32455b4f2c5d7aaebbfb9317,2025-09-17 11:40:29,change_password,,,True,
4760,4e6fbbecdee2d8db256b5e817eea31ed,2025-12-24 07:25:59,make_transfer,173624.4,KZ266505999103433076,True,
4761,beefcfcd7d693cfce652a73ec6291795,2025-10-10 19:10:45,view_balance,,,True,
4762,a91feae43359c5820ef4fd9abb7e16d5,2025-10-07 02:30:21,view_history,,,True,
4763,cf59abc3ffe694cabfa1fddeacdada00,2025-11-29 18:50:04,logout,,,True,
4764,4e6fbbecdee2d8db256b5e817eea31ed,2025-12-24 07:33:53,logout,,,True,
4765,3f1aa47b5efe4dabaafae6e8eef1aed1,2025-11-27 21:40:47,view_history,,,True,
4766,a46ab0626c9d5d13adf9bbd5d1db3d6d,2025-11-16 23:49:31,make_transfer,191069.1,KZ964010630034599942,True,
4767,eea7a871dccfe3e2aa2e6e6a3af0e8b6,2025-11-01 23:25:57,open_card,,,True,
4768,409f15c7def5fcb2bdbb8d000fc7edb9,2025-12-20 05:34:59,open_card,,,True,
4769,1dea22ffb3bf1a1f6c7ded7fb1bbfd50,2025-12-02 23:38:41,change_password,,,True,
4770,4e15f9faca0adcfede5d81e3cdb1ad5f,2025-10-04 01:01:28,login,,,True,
4771,0ee58bc554cbaa239d1b0dc916c09a5f,2025-09-30 12:21:53,view_history,,,True,
4772,5afcee607063fe7f3bb1eccdbaa3f9aa,2025-09-12 02:34:11,open_card,,,True,
4773,e78a33c8f4d8f2bc738f8ffe468a1ec6,2025-10-19 01:31:36,pay_utility,90308.81,KZ358913853787473678,True,
4774,c8dd18f2cc3125193c56e5666ddb2b8a,2025-10-14 08:20:46,login,,,True,
4775,4e26d92edbe0feeac159e2fcbdfc3fed,2025-09-13 01:59:34,open_card,,,True,
4776,2eac53ebf0caa3fb0debd30d9da1be5d,2025-09-20 10:06:53,logout,,,True,
4777,e5bd8e3ff9a44c6f97dd4e1b110ae8fd,2025-12-23 09:35:53,logout,,,True,
4778,2ccccacedb8ea0fca503a68e7541c3bb,2025-12-13 21:35:56,login,,,True,
4779,fd5b379e4bceb46aefc66bdb6badb03b,2025-09-12 06:35:32,view_history,,,True,
4780,00d24ed59abce7303ee483fcd5dcdac7,2025-10-06 10:20:04,login,,,True,
4781,c4fdddfcf5bebb7089e50723c9e2edf6,2025-10-20 09:03:12,change_password,,,True,
4782,df3e4d45f2a2eefabefd06fefb8fc8d3,2025-12-29 23:43:11,change_password,,,True,
4783,086e1eebeaefc1c5d35dab0d0e9be705,2025-12-08 14:53:03,make_transfer,84548.91,KZ001862738499588197,True,
4784,9fe16deff10d87049cdc3dbc1256ca69,2025-12-16 16:11:41,change_password,,,True,
4785,566ad1bb3bec85f4cebef0caddec29da,2025-09-25 22:54:37,make_transfer,199064.34,KZ029862519291077834,True,
4786,d2ef62b1542ebeade213c78329221762,2025-09-27 02:18:25,login,,,True,
4787,a560b3135606facc4b89cf2511a7e6f8,2025-11-20 02:40:35,open_card,,,True,
4788,fa8a37f0cc3cb78eaaf538dfb45f8f1d,2025-09-25 04:33:19,open_card,,,True,
4789,54fcef674ad1f1b829785c0b7d1bc27e,2025-09-20 05:49:01,make_transfer,82458.01,KZ531391022222975524,True,
4790,725787bce1bcf23a24f4632718eb63fd,2025-11-24 04:49:19,view_balance,,,True,
4791,916cc26ff011ab1c94d42ca4cbdf6fad,2025-10-22 14:35:08,open_card,,,True,
4792,bfbab9ebab0df530fbcc44a1692a87c5,2025-09-05 11:06:53,logout,,,True,
4793,aacdab1caad12df793ebd3aaada2950b,2025-10-04 03:07:09,view_history,,,True,
4794,e0b1b766834d6f459c6cc7eee9be9af0,2025-11-12 08:09:51,pay_utility,100040.18,KZ462215770156243656,True,
4795,71539afe198ed5ab1ceb8d55badd8e6a,2025-11-09 07:30:14,make_transfer,76713.8,KZ532097060379557914,True,
4796,6f36a8a93a225be789f098bb4ed0f45f,2025-11-04 03:49:50,change_password,,,True,
4797,62c00751d92e6eec295dc372cdc25c3f,2025-09-29 05:21:01,view_history,,,False,timeout
4798,e8125ebafe81c2d9d1065c64a3e0bfa7,2025-11-16 01:41:55,open_card,,,True,
4799,f81b55ea10ffca1d9da3e71fb0f5cbe2,2025-10-23 20:44:01,login,,,True,
4800,553aea8abbe619ab9ec6da2b44409fe6,2025-09-20 02:50:16,view_balance,,,True,
4801,fe167ffb44ff5aaec7c3d72967f5b1da,2025-12-17 11:39:05,change_password,,,True,
4802,5bbff6a733a0fbf2ad7cd85adc77db52,2025-12-02 16:50:11,make_transfer,129008.31,KZ160567074763811275,True,
4803,ed5a88e93d85db87f1d6d6d625aaef5b,2025-11-05 23:38:58,logout,,,True,
4804,bccd1db399dced5a7c22a9aa0b46667f,2025-09-13 12:00:46,change_password,,,True,
4805,f303aa5fb19bf7d2fcacab3da39690a3,2025-12-10 05:17:38,change_password,,,True,
4806,ae41e7d958facab612d29cad04c99afd,2025-12-29 18:38:08,make_transfer,173114.76,KZ979802836459349374,True,
4807,f48f5aceccf9daf1b8ee0a061f072ae4,2025-09-22 03:25:01,open_card,,,True,
4808,beaa94d60fa475cd6ee43ebbc3b9a3ab,2025-09-18 01:08:55,pay_utility,130802.86,KZ630855366542270883,True,
4809,b1e48ae9f8d7bbf5cc18df193e0abdca,2025-10-18 22:08:15,pay_utility,28114.26,KZ845636402538248390,True,
4810,f9aca68fc1fb86fe66137228e2ef3f6e,2025-10-17 14:43:01,change_password,,,True,
4811,f4ab591fd8fced3f93f8e3ff9aefc3ce,2025-10-26 06:15:24,view_history,,,True,
4812,fcc9aab2ae9e6db6cff75d6c8dea7bca,2025-10-15 02:05:53,login,,,True,
4813,a017067bb5eabbcb5e06f55d7bc90f22,2025-12-19 02:32:46,view_history,,,True,
4814,965aaef7b20905fabf1abdacaffc0dd9,2025-09-06 10:43:17,open_card,,,True,
4815,b6d90926d78c8d1620b174d37632bae6,2025-09-07 12:55:55,change_password,,,True,
4816,e43e3efcd51afd9b7adbf2b06fbcd10d,2025-10-25 13:49:57,view_history,,,True,
4817,8a9035166a1036705a7c17dc342d5d52,2025-10-24 11:02:32,open_card,,,True,
4818,dc4d5ecf6f152aba1a6eff0f6241136b,2025-11-20 07:23:43,make_transfer,176951.25,KZ262248457590125314,True,
4819,e04f28c54bc34c6f8713bbdcc5af0a25,2025-12-21 12:02:21,open_card,,,True,
4820,766fae502508fd52b03fafe3ad00a5a5,2025-12-23 18:16:51,make_transfer,153486.03,KZ488669185307333654,True,
4821,3b49d8b55a0c8c797ec094f80d7cabae,2025-12-20 11:26:08,view_history,,,True,
4822,b102eaddf76442ecbd80b5ec2ebeabdf,2025-12-18 20:59:52,pay_utility,136549.75,KZ029551461664213496,True,
4823,1ba8ee4bbc4fefaaa78a0cd71b33bead,2025-11-03 21:31:12,open_card,,,True,
4824,2f82c5b6f60ffcbbd2d5bfacea7c4b7b,2025-10-16 19:52:38,view_history,,,False,auth_error
4825,2d75a89f9cedab71ef8b0f801dac530d,2025-12-26 19:16:14,view_history,,,True,
4826,d5ab7bf6aaefbb75efb02b8e2bb35a27,2025-11-22 21:52:13,pay_utility,191081.5,KZ804619596401350077,True,
4827,9b7cddedb2fad8eaf509f72c62e9678d,2025-09-06 06:28:35,open_card,,,True,
4828,011feb7cf1c17f0cb7fb21ec83c8d5fb,2025-10-29 12:15:38,open_card,,,True,
4829,0ed13680f717a064d05c138b56173687,2025-11-17 07:32:22,logout,,,True,
4830,efa00fb970eefbdecaa4eceea21bcc2a,2025-10-08 14:13:56,open_card,,,True,
4831,d182ac12e1edb5dac45704b3faefb32b,2025-09-06 14:31:17,open_card,,,True,
4832,4ac192cdb3b8d91b36b9947edde9f3db,2025-10-12 09:46:42,view_history,,,True,
4833,b521379bbe5d3116c838a93a0ba206e1,2025-11-30 23:09:16,pay_utility,29306.02,KZ303404667429317176,True,
4834,813bd48f003c9fdab6d53db1edfa1eab,2025-12-11 20:52:27,view_balance,,,True,
4835,d9647bbdb63d50da15da4b9b48bca59e,2025-10-07 07:36:52,view_balance,,,True,
4836,d2ef62b1542ebeade213c78329221762,2025-09-27 02:12:07,make_transfer,113210.52,KZ762810120380304694,True,
4837,f5f2c56c7c8639fcc6df5a879c86045e,2025-09-03 20:27:18,logout,,,True,
4838,b521379bbe5d3116c838a93a0ba206e1,2025-11-30 23:13:52,make_transfer,179842.64,KZ071337053845316441,True,
4839,fcaee6dc91ddcea69a4bab7a80fcbf0d,2025-11-27 06:50:47,view_balance,,,True,
4840,97a3b89aea61fbcf7ff073161fbf33f6,2025-12-18 05:02:55,change_password,,,True,
4841,01d4accd67bde0309fcdc5a382c71cdd,2025-11-15 08:23:23,open_card,,,True,
4842,ced8dafbec85bf1f9c3eda26cfd21702,2025-09-25 21:42:19,view_balance,,,True,
4843,dca0d38ddde907e5dffb1ebccbbdc2a1,2025-10-24 06:34:43,pay_utility,84578.42,KZ751648663029922962,True,
4844,9c63e37cebc0bdaec8adca56ca710d64,2025-12-01 10:02:22,logout,,,True,
4845,8faeb35c66b52ba80bb7bfcc6bd3e945,2025-12-15 07:26:14,view_history,,,True,
4846,df3acdcdcece6f0b6909e31c68b9d068,2025-12-02 04:40:05,make_transfer,51051.37,KZ757127390510455170,True,
4847,0ff3243aabaa695f1e5addcca29cc443,2025-09-02 22:37:50,view_balance,,,True,
4848,c0deabf839c76f09fad75f1ad2ff0eed,2025-12-01 16:26:56,logout,,,True,
4849,c8ae9ea2e48a8cc499568bceac7cbccd,2025-11-21 23:26:03,view_balance,,,True,
4850,efdee47af3ce9cacdb005fb4b2e0cc0a,2025-10-16 04:45:09,pay_utility,100213.29,KZ226770179494799461,True,
4851,d2bb08bac26aaf21bfaaa9aedb17f5ff,2025-09-03 20:56:06,change_password,,,False,timeout
4852,e3edfdbfb3f3fad4624bdfbefec8b5be,2025-12-21 15:29:50,change_password,,,True,
4853,ad3121c2cabb89b0e5573cfd277fd5ad,2025-11-07 13:56:28,view_history,,,True,
4854,1beeea7f3ab44abdecaf0ffad6f8f458,2025-10-24 08:36:12,logout,,,True,
4855,8a4bb8df8fbad72bee298bf1fdffb3f6,2025-09-27 22:37:10,view_history,,,True,
4856,f0c4252eb062f61f27c11ea21775b969,2025-09-04 02:46:26,pay_utility,43685.72,KZ092878970230000463,False,validation_failed
4857,99faeefdb6dfa4dc7dbec41413bd258b,2025-10-19 09:38:01,view_history,,,True,
4858,ba15acfdc36a4c5e49cdf9faa6bddd65,2025-10-12 09:21:14,change_password,,,True,
4859,6acdbbbcd32fcfe04ad1efb8fea0d84d,2025-12-22 11:22:50,logout,,,True,
4860,9ab22ce0d68eed6ff10410c3faf7bc88,2025-09-18 14:14:04,view_history,,,True,
4861,81abd6fcb0da79e286a4b5b329a1ebce,2025-10-19 13:44:24,open_card,,,True,
4862,b8e6d6a51facdbdcaa328ed48c975c17,2025-11-06 05:03:20,view_history,,,True,
4863,aace1eafadd1e4eff767a232dccf9232,2025-09-21 05:42:30,open_card,,,True,
4864,d182ac12e1edb5dac45704b3faefb32b,2025-09-06 14:19:03,logout,,,True,
4865,6842c4ec8ccee2f6e6bad2ed9aad86bd,2025-09-26 16:49:13,pay_utility,171365.73,KZ176992148145435663,True,
4866,b0bfb506334bdb6d5ea018a1bfc0eab7,2025-12-25 03:37:03,change_password,,,True,
4867,ff8b11fd6aee16c1d05695970fecdda9,2025-09-10 11:57:33,change_password,,,True,
4868,1ba8ee4bbc4fefaaa78a0cd71b33bead,2025-11-03 21:54:00,view_history,,,True,
4869,035cccee2f2cbaaddda43019cdee131a,2025-12-11 20:08:42,change_password,,,True,
4870,f9f1fc7eaddd13af016fdb11558cf6cb,2025-12-13 00:47:37,view_balance,,,True,
4871,2f82c5b6f60ffcbbd2d5bfacea7c4b7b,2025-10-16 19:54:00,open_card,,,True,
4872,5ebd24bde1eb43f3bedbc2acf7c1c74b,2025-09-19 01:50:10,view_history,,,True,
4873,e21bc8af32455b4f2c5d7aaebbfb9317,2025-09-17 11:55:10,view_balance,,,True,
4874,e6fafc5b56606cbfccac22d2d05cf785,2025-09-30 18:03:53,view_history,,,True,
4875,fbba5cec2d69a2e09fdc190b041c2e3a,2025-11-14 18:04:17,change_password,,,True,
4876,cc5a6caa516f6dc8f0fb7dec13ac0cc2,2025-09-20 07:57:57,change_password,,,True,
4877,af3501bb2b9d35be9bb673d9790f9f26,2025-09-16 20:20:36,logout,,,True,
4878,a0a8eb3f9ecbedf69258accdcb8b8a5c,2025-12-24 10:27:29,logout,,,True,
4879,bcba9a7e09f484acd8bfff2ec1cbb292,2025-10-18 06:50:27,view_balance,,,True,
4880,6d850efd1dcb418dcaf1e7c3dfea0d76,2025-11-24 08:29:33,login,,,True,
4881,f2d7f008e46619c2db107b97bf6b3f8f,2025-09-05 12:16:58,pay_utility,30355.85,KZ048911828507039551,True,
4882,c8ae9ea2e48a8cc499568bceac7cbccd,2025-11-21 23:23:28,login,,,True,
4883,68e779bdb1bfa5ec4d5d65e3cc9dad26,2025-11-08 21:54:24,logout,,,True,
4884,0b9b20da07df5a1e34fd92aebeffb477,2025-09-18 16:12:26,logout,,,False,timeout
4885,7ae9fc61d30635ee5db9b7d63a0abe73,2025-11-08 22:02:33,view_balance,,,True,
4886,dc5305abf6c2cca3fd65ed11e5cc2c79,2025-11-19 00:09:25,logout,,,True,
4887,6065cc0b7c87f1da5fc973d159bc2636,2025-11-23 20:41:54,change_password,,,True,
4888,e8125ebafe81c2d9d1065c64a3e0bfa7,2025-11-16 02:08:20,login,,,True,
4889,f174c3bf8f2a7adc9e0221cd1bc85bc1,2025-12-17 16:32:57,view_balance,,,True,
4890,bc68dd99c2f3ad81017aedb96dcceedc,2025-10-04 03:52:15,make_transfer,117837.43,KZ051409106258248878,True,
4891,700e911fec4bcd6ada93b928fcb7ffd5,2025-09-18 05:32:12,view_balance,,,True,
4892,aef5b319c7db4e1bdf6549ed53c4eeeb,2025-11-25 21:21:55,open_card,,,True,
4893,1bf341afe2d74da67ee62969c3e35b1f,2025-12-07 05:48:49,open_card,,,True,
4894,6d1b660ea83dbe8d4db86b3bcf6d6027,2025-12-18 22:38:25,make_transfer,75263.39,KZ992803817029228591,True,
4895,3ddaa4283caeebe8efb8377d6a1bd9ea,2025-12-27 00:30:55,change_password,,,True,
4896,a502bbea1d63aad2bffcc0b96db7aa1e,2025-10-21 05:24:51,logout,,,True,
4897,bf3ff74ce2edffe55fd399c6cb64fd0d,2025-11-07 03:52:32,pay_utility,144588.71,KZ204979648747527829,True,
4898,bc68dd99c2f3ad81017aedb96dcceedc,2025-10-04 03:49:16,view_balance,,,True,
4899,a0aaa8bc4b33f0d00e4755d7fca0c841,2025-10-30 12:00:06,make_transfer,3296.67,KZ270923533154360799,False,auth_error
4900,14c2cf8aca2f90d1d95bf999ddd5ec71,2025-09-15 10:41:06,view_history,,,True,
4901,5dc95c22e786effef6aab8feeb7c9c4f,2025-10-08 00:24:59,make_transfer,86048.79,KZ875701471100657104,True,
4902,aae93fdacdf7a5c9034dff33ed3b377c,2025-12-06 13:51:01,change_password,,,True,
4903,bed833b004ddfbf4c09bee55b2556e83,2025-12-20 18:39:05,open_card,,,True,
4904,3e0eb8f48f5dadaab6dfad9d4c755c6c,2025-09-03 15:40:00,view_balance,,,True,
4905,c6b2d1663e40e3f537902fcfdafd762b,2025-12-27 21:28:37,change_password,,,True,
4906,3f1bdbc8aa9ffdfeab07a5aafddffbc4,2025-11-20 13:57:51,logout,,,True,
4907,eaefe2b97a7e2fefdcbb6a3a893bdad3,2025-10-01 22:24:10,pay_utility,45690.21,KZ076559574681619067,True,
4908,bf8f72a4ff66a6feaac20ffac6d1cabc,2025-09-12 20:01:35,logout,,,True,
4909,cfc015fdd9cb8fc40a6edaedec28e649,2025-11-23 18:12:02,login,,,True,
4910,0ff3243aabaa695f1e5addcca29cc443,2025-09-02 22:38:20,pay_utility,131001.46,KZ017412996148232537,True,
4911,fbc2f1dd0fdc85cbcdfe6533d16ed926,2025-11-26 20:58:08,logout,,,True,
4912,52a701f3dede7f95cee9fdd8eac7ef3d,2025-09-21 08:22:41,view_balance,,,True,
4913,ab4e1efbdf2ccdb4de8e28c7d9e79e5b,2025-10-09 20:06:56,make_transfer,106117.46,KZ522995531593348420,False,timeout
4914,c892cf1bc187d22ebaba020af61cdff1,2025-12-28 00:54:53,make_transfer,172829.86,KZ608970138366870889,True,
4915,b0c9ddccbb34e8b0aa786b10dbea53c8,2025-11-05 08:35:17,view_history,,,True,
4916,4f61c6a2ed6abea1818f5dd5ac8cde1f,2025-10-29 05:16:50,make_transfer,116590.36,KZ400016003844165573,True,
4917,aba9fcce9fbecd1855a33e096ede138d,2025-09-25 04:31:51,login,,,False,validation_failed
4918,f5a39d029f0a4ecd66df2cd8f7eec8c5,2025-12-23 08:18:56,make_transfer,119629.72,KZ390163566604071058,True,
4919,a33fdfd3e48200eb8970f7c5cebfe139,2025-10-01 13:49:51,make_transfer,24143.91,KZ140623124251157581,True,
4920,9a6c7d13e4fdc8d9f0b80bcb1681ff7d,2025-12-23 02:48:57,login,,,True,
4921,4733d1aaa280a3af06a44e0eb0fa7c07,2025-12-08 03:51:23,view_history,,,True,
4922,41ebea0bedfc1ec34375fef8b72ada38,2025-12-12 12:14:10,change_password,,,True,
4923,61e92cf9b32a662ad7d4da8308b2f5e1,2025-12-29 10:59:58,login,,,True,
4924,0ebc18ffbbf6ee4ec25c7cbb34c87af9,2025-09-11 05:03:12,pay_utility,6618.46,KZ099522403621809657,True,
4925,c0ffae90e6cbcaeee4ec1a0e47ad460a,2025-11-21 19:00:05,open_card,,,True,
4926,7ab6d209aeacbeed8c0f1fdaaed4f8c7,2025-09-26 11:07:56,logout,,,False,timeout
4927,cc5a6caa516f6dc8f0fb7dec13ac0cc2,2025-09-20 08:06:25,logout,,,False,auth_error
4928,25fa26dd784e4a82b7fc233c57ea6aa4,2025-12-29 09:25:05,open_card,,,True,
4929,b13bd4ecfaa5bfefcbb0d8d9ddcdae4d,2025-11-15 05:01:12,pay_utility,143131.66,KZ748333275316916586,True,
4930,af0cfdabee24dcc2be3aba8af4dad6ee,2025-11-16 17:09:49,view_balance,,,True,
4931,a79caa1db2cd383e5bc7dcaac9edafcd,2025-11-26 17:00:43,view_history,,,True,
4932,ababdf0cfdb3b443caae6ac2b7ba187b,2025-10-11 05:54:47,pay_utility,87725.47,KZ161523921568817049,True,
4933,960d82acfd8baacc0fb57c00b93ed5e7,2025-09-14 18:07:49,logout,,,True,
4934,0ff3243aabaa695f1e5addcca29cc443,2025-09-02 22:20:07,change_password,,,True,
4935,892dba3ccc8aff58d1adb0fbda75c927,2025-12-13 03:35:15,login,,,True,
4936,bc32f5dd88cf4c4e0d4ec6f7b25d321b,2025-11-29 01:39:35,view_balance,,,True,
4937,d2ec0b7343218914aef78f53779f67b8,2025-11-26 10:15:33,view_balance,,,True,
4938,bdcd7ea89baebdd3e9ecd2bbfdbfb12c,2025-12-19 09:49:35,change_password,,,True,
4939,ac1a33b030f716a26cffe0debb845ec5,2025-12-02 17:56:21,make_transfer,11744.69,KZ758915884622219059,True,
4940,ff4e1d53b5ece5a2aeebda4ad2a53e2d,2025-10-16 11:06:21,pay_utility,20363.73,KZ006066091514229306,True,
4941,fc4b5aeb0cd054bd59cbddfaedaaa37a,2025-10-26 05:19:44,view_balance,,,True,
4942,b8e6d6a51facdbdcaa328ed48c975c17,2025-11-06 05:05:15,logout,,,True,
4943,5c00aaaea0b51c04de909b107bfd98fd,2025-10-09 16:07:22,view_history,,,True,
4944,1aeef26d8ebbfb3ebf6acccffaaec02a,2025-09-02 11:02:19,open_card,,,True,
4945,1e684b3118526543a6ddfaf602d3eea0,2025-10-10 21:11:46,login,,,True,
4946,d62c0c1a4c419bb8921bea3f6ac3a270,2025-10-21 19:43:14,pay_utility,54625.17,KZ840433739087256132,True,
4947,effacf4fc4a7b53f31bd871fb32fdadc,2025-09-10 10:34:10,login,,,True,
4948,ed085e0b32fbf7edacefeed7e07d4549,2025-11-30 10:16:45,view_history,,,True,
4949,2bbade1b1abe3a64df6ad6de06d0349e,2025-10-27 15:07:42,logout,,,True,
4950,0b36a4a19c4319f2bcb011147dc3bdab,2025-11-03 08:34:30,view_history,,,True,
4951,f961ccf3dac2dbc15d35ea3bfbbbd390,2025-09-18 08:03:36,logout,,,True,
4952,b62cdbe7d8b9dec71be1eb7aec3c64a1,2025-09-01 04:19:50,change_password,,,True,
4953,bb0d1fb76bf9cfc14b65a515a5a99698,2025-12-26 09:11:25,make_transfer,108880.82,KZ923649144819441437,False,validation_failed
4954,fea9f5a8ad419312fbedac5edfe866b7,2025-10-23 09:13:53,view_history,,,True,
4955,fda63c038dcffebc65cb39ec38fefc6d,2025-09-02 15:50:40,pay_utility,79208.01,KZ868617382578780519,False,validation_failed
4956,f74c6ff0dd1c7a5e9cab2e65d61ab879,2025-10-20 12:46:30,change_password,,,False,validation_failed
4957,eb11ffbf96dc285c25bb04cefa532d0a,2025-11-22 21:43:41,pay_utility,79481.33,KZ469053351043122556,True,
4958,0c0c1e4d6ffcfbaa2f3ddd6dad614dff,2025-10-19 04:23:36,view_balance,,,True,
4959,bbf36516dcbf59733d60bcf9b7dc63ba,2025-10-23 02:44:05,make_transfer,129474.1,KZ454070096737738700,True,
4960,4d7c35eaf67b21520307edaf196eb6f7,2025-10-06 10:41:03,view_balance,,,True,
4961,e3e9a5c68d35ad63bbb7ffffb1bd0f32,2025-09-07 18:06:40,logout,,,True,
4962,fbbee4bd603aa87afedcdcd9e8651f91,2025-12-29 19:37:44,make_transfer,195985.33,KZ092834192762347995,True,
4963,1ba8ee4bbc4fefaaa78a0cd71b33bead,2025-11-03 21:56:28,make_transfer,54595.63,KZ418907526941267461,True,
4964,f7c9adf6defa964a7ffe18becff7ebaa,2025-12-01 19:39:10,pay_utility,68712.65,KZ787789343190488268,True,
4965,66559c9cfcccfc17fb0defed712ff34d,2025-11-20 15:32:52,login,,,True,
4966,3b4fe3d4ec57cdae34fd5ddbda28ff5a,2025-11-07 22:30:27,change_password,,,True,
4967,2d75a89f9cedab71ef8b0f801dac530d,2025-12-26 19:20:11,open_card,,,True,
4968,abbc20fbb8cad1ec8bb72ae4f3efd5b4,2025-12-22 04:01:36,change_password,,,True,
4969,09d0dbb43fd50164acc9ffb2def7bb6e,2025-10-06 19:31:57,view_history,,,True,
4970,6842c4ec8ccee2f6e6bad2ed9aad86bd,2025-09-26 16:34:31,login,,,True,
4971,abfdfdd9ffa7278710cefae24ae0a437,2025-10-08 15:10:08,login,,,True,
4972,f065bcc09dacfbf5ce0cc464ae816676,2025-12-17 21:07:41,view_history,,,True,
4973,7d5952c9adc1e87cf775f0e9865e3ad1,2025-09-17 08:00:55,view_history,,,True,
4974,fec45a1ffcb1ffb5865febc47f6f6b0e,2025-10-17 21:52:18,view_balance,,,True,
4975,fa8a37f0cc3cb78eaaf538dfb45f8f1d,2025-09-25 04:21:20,view_history,,,True,
4976,bdcd7ea89baebdd3e9ecd2bbfdbfb12c,2025-12-19 10:12:26,change_password,,,True,
4977,4dd8a2b1732caaaf7d17b700ef7c3eb1,2025-10-28 10:18:05,open_card,,,True,
4978,7e1ed00caadfe377dcfcd438f7aa9be1,2025-11-02 07:39:35,logout,,,True,
4979,bcba9a7e09f484acd8bfff2ec1cbb292,2025-10-18 06:36:10,make_transfer,68330.19,KZ853393274549374838,True,
4980,af57471cde7e6aec1bf5bebba7ec6afe,2025-11-22 15:57:09,open_card,,,True,
4981,229ed3c31fba01c6e4be26a1c7b7ae34,2025-11-24 18:39:51,make_transfer,121313.83,KZ464851575362924603,True,
4982,bf3bcfb01118806faa0f39b2bec7a7de,2025-11-25 18:28:15,change_password,,,True,
4983,bcedb28e5a00b9dd27caad9ecececfaf,2025-11-20 15:43:02,login,,,True,
4984,b1bfccd6abac3b9cb9de117c3feebddf,2025-09-19 19:22:20,change_password,,,True,
4985,bb27f871fd13e2bedb5c6d7bcfb9bf7a,2025-12-13 02:34:23,pay_utility,140228.31,KZ972856091151933535,True,
4986,ad3121c2cabb89b0e5573cfd277fd5ad,2025-11-07 13:50:59,change_password,,,True,
4987,f82cda1dbbbaa85fcef3bd042daf714f,2025-12-15 18:43:22,view_history,,,True,
4988,db496d950fe1f1baa7f500db211e5c2b,2025-09-13 21:09:02,open_card,,,True,
4989,a263bbef3bad4b4eafc6ba4c3efa0608,2025-12-03 03:27:39,view_history,,,True,
4990,8d6022cd0fe6afaadfdc406fcab2abf4,2025-10-11 21:52:46,view_balance,,,True,
4991,1adad294da70ee86ac76810f22dbbe35,2025-11-07 09:07:16,open_card,,,True,
4992,fd8cda159ba48e98e3dc2fdf1cdefe0a,2025-09-18 14:22:51,logout,,,True,
4993,379cf1b9b281b68a2d325555a1c0e8d3,2025-09-01 19:45:07,make_transfer,131555.58,KZ968684212592725326,True,
4994,8a9db512caf079ca6a4aced6974a52d5,2025-11-09 15:27:01,open_card,,,True,
4995,dde76792debdf3f29f8ec7a081353feb,2025-11-09 06:54:53,pay_utility,23397.1,KZ299074562193000386,True,
4996,dfef13f69b1dc8dfc56ec73ac834dfe1,2025-10-26 05:24:33,change_password,,,True,
4997,e21bc8af32455b4f2c5d7aaebbfb9317,2025-09-17 11:52:51,login,,,True,
4998,5ae7b388ed9ccf1675cabacc0ad2bf47,2025-12-05 11:53:49,logout,,,True,
4999,1cf2d163f43aed4f3ad4b8246ac33da0,2025-09-21 17:05:30,make_transfer,90802.3,KZ618936674516435726,True,
5000,edecb9acece0fbe3a106e1be5eddfdcb,2025-10-01 16:17:26,make_transfer,19429.91,KZ032997003427289205,True,
5001,ebd9fd926c02a60cdd5efe8c2f797c93,2025-09-30 00:44:33,view_balance,,,True,
5002,ceebbdcaec7e56195a1190b44dd44d41,2025-10-27 11:09:05,pay_utility,53171.23,KZ633910646347763095,True,
5003,bf5be0cb8e8dcb1234fdb88ff1db7db9,2025-11-25 04:35:30,pay_utility,2538.2,KZ939237168098791269,True,
5004,858da7552fec2ef79ae38b78edca7ffe,2025-11-29 14:33:16,change_password,,,True,
5005,1b3e8ccea5064ecc75ccc80ea5b8b83b,2025-09-09 14:28:29,open_card,,,True,
5006,5ae7b388ed9ccf1675cabacc0ad2bf47,2025-12-05 12:06:25,pay_utility,54927.13,KZ106442256429198839,True,
5007,77c0b3c54f60c2866dd19c4ee61ff81e,2025-10-25 20:12:01,change_password,,,True,
5008,b5bbd5d2974a6aaedfcc3ff859daaccc,2025-09-30 13:28:08,view_history,,,True,
5009,210b26d5a1acf8befce942da1d8e734a,2025-10-04 17:20:47,change_password,,,True,
5010,de3ba4f5bdb02b8dbfd28ac91061782e,2025-09-20 18:59:11,make_transfer,161320.6,KZ001570376695814971,True,
5011,e3e9d293515ff47ff40ac470d92c36fb,2025-09-05 23:52:33,view_balance,,,True,
5012,fedeb0ae59e5b2ff9f0abe00c4e6122c,2025-09-12 00:33:12,view_balance,,,True,
5013,c6b786be953afcfcc0bb62adad4decfb,2025-12-19 11:14:11,login,,,True,
5014,ced8dafbec85bf1f9c3eda26cfd21702,2025-09-25 21:29:54,logout,,,True,
5015,ce0aa0ef2e8211f2405bee36a443c19a,2025-11-02 01:18:13,change_password,,,True,
5016,ad61dacd7c56b05caaeaeea46cdb5cfd,2025-11-26 16:58:15,make_transfer,158301.52,KZ956486336203298563,True,
5017,d62c0c1a4c419bb8921bea3f6ac3a270,2025-10-21 19:37:57,view_history,,,True,
5018,527241ceea7d9a4dc0a0fe8448d37010,2025-09-27 04:14:46,change_password,,,True,
5019,8ce0afaf3712f5d4bd3df21ce65cc317,2025-12-14 22:18:21,view_history,,,True,
5020,93a8b05f0f719d3a7da42971ba94aea4,2025-12-09 06:28:57,logout,,,True,
5021,1c98bdf6c2b2f7ebeeed92cc6505c16d,2025-11-23 07:11:25,view_balance,,,True,
5022,498cb4e277ab2b7e6fccaddacbd2d7c9,2025-12-17 03:54:04,make_transfer,134576.12,KZ850386407704896264,True,
5023,9a6c7d13e4fdc8d9f0b80bcb1681ff7d,2025-12-23 02:54:13,open_card,,,True,
5024,1de7e445db4bd9aaf727fe5bbfb7bc4d,2025-09-26 21:48:01,view_history,,,False,validation_failed
5025,cd5cd1cbedaa7d35b6db5da3fa3dd2fd,2025-11-21 05:17:39,login,,,True,
5026,9e1affac2efe758cfe8c2cb5cb6d9ec0,2025-09-18 22:15:15,change_password,,,True,
5027,b716aa9430b13f89f5d4e231fb6ebda9,2025-11-11 07:47:26,change_password,,,True,
5028,aaddad366f1b4a09dfffdddd48e8fd0a,2025-10-26 00:13:59,pay_utility,136662.28,KZ937676231037605526,True,
5029,aba372b02757c9ec5bd2bba80ecaafca,2025-12-29 07:47:16,change_password,,,True,
5030,bf24e8feceaba8cc3ff1c112871b34bc,2025-12-19 18:47:14,change_password,,,True,
5031,ae77af241dbddad355ce8c3adbef6aec,2025-12-08 23:19:44,make_transfer,111323.96,KZ725309229359129813,True,
5032,329a58a1e433bbc91bc48cb94d753072,2025-09-27 13:07:48,open_card,,,True,
5033,ac1a33b030f716a26cffe0debb845ec5,2025-12-02 17:37:08,view_balance,,,True,
5034,a04dc86bb3e1dccb19eedffa4bd9219b,2025-12-15 09:57:17,view_history,,,False,validation_failed
5035,fbc8acbf89c49cad296265bf5eafab2b,2025-12-03 23:15:07,view_balance,,,True,
5036,e70a4f73b69ad77d359a5fe0f794bc9f,2025-11-05 19:42:42,login,,,True,
5037,a332abaa446dc8bb6ea0e92ddc879fcd,2025-11-25 16:48:21,open_card,,,True,
5038,067dafeffdf1afb198f88cae572d01dd,2025-09-13 13:33:37,logout,,,True,
5039,bf8ac49fc51aa3202a0d5c0bfbe3fdc0,2025-10-21 12:17:25,make_transfer,153161.79,KZ819154283630911101,True,
5040,3b4fe3d4ec57cdae34fd5ddbda28ff5a,2025-11-07 22:19:08,view_balance,,,True,
5041,0dd4a2dac54f7eddc5febd9af6f01e29,2025-09-17 11:19:32,change_password,,,True,
5042,c5e3c323c7703a2a94aebafadb2d3e40,2025-12-20 00:53:51,view_history,,,True,
5043,bafe543bfd0e9c8b8a9638beaf19a542,2025-09-28 10:48:07,view_history,,,True,
5044,71f3ade7ffec8faefdb53a8fdfc52f83,2025-11-03 13:49:07,view_history,,,True,
5045,1deda87daeae6aafff229daf0ec429bf,2025-10-30 01:31:18,pay_utility,69367.46,KZ152406684506790668,True,
5046,d52ec3eda1662365a4abd3f415f044d2,2025-12-02 15:24:03,logout,,,True,
5047,284aa169d3fcadcfc0203b44cf0db5d4,2025-09-16 22:32:09,open_card,,,True,
5048,7e1edbaea89acfb6bce80b8aa7d3a4a0,2025-09-09 15:42:17,view_history,,,True,
5049,d4fdacc490d05a3c96be5aef9d03d357,2025-11-17 01:38:57,logout,,,True,
5050,f4443ac924c136a9cdeef109b4c46f4e,2025-11-09 10:32:45,make_transfer,12671.82,KZ469877919133727515,True,
5051,43e917aad4118cb44df36ec21aa59b83,2025-11-17 12:11:45,change_password,,,True,
5052,b2eadccfec1fcddd92c0efbafae0d2f4,2025-11-16 05:46:37,open_card,,,False,timeout
5053,7d54efa4e6dc2c0eb0bdd9b24e3e6dd8,2025-09-25 09:00:44,view_history,,,True,
5054,cf5005c832beebeeeabf6b6a60cad4cd,2025-10-17 17:47:13,open_card,,,True,
5055,cd5cd1cbedaa7d35b6db5da3fa3dd2fd,2025-11-21 04:52:58,view_history,,,True,
5056,b890dd7670abc1e3b4cc4aacd0678f93,2025-12-19 04:56:17,change_password,,,True,
5057,c96ffc822c798b4af53a57effcf280c9,2025-09-12 22:18:36,logout,,,True,
5058,e2e8ded6fe5ca88ee7c3dcad684f7b8a,2025-11-29 17:48:43,logout,,,True,
5059,adbcbfaad7a3d8b5ff27d6cabb030c01,2025-11-25 14:10:33,open_card,,,True,
5060,2a1cdb3ad22bfcfa13bc2b4bcd37c68f,2025-11-07 06:23:40,change_password,,,True,
5061,7fccaad4a2a605e3058d4dfa43f357cb,2025-10-23 10:22:03,open_card,,,True,
5062,9feb51bedc4e5bce4ab96dd071b9bdbe,2025-11-22 12:15:26,logout,,,True,
5063,c4db5b9584dc672cb31d21dfe074dbda,2025-10-28 21:41:30,view_balance,,,True,
5064,0c8ded0abddfb154ecc0e52ef21cc61e,2025-12-30 23:54:12,make_transfer,76602.71,KZ741764410311504945,False,validation_failed
5065,6e72fa72de41c2270d333cceb2845ea0,2025-10-17 19:38:12,change_password,,,True,
5066,dedb82eafcfcab28feb6fabdca11eebe,2025-11-24 09:06:58,make_transfer,106645.57,KZ843050734206728018,True,
5067,aef5b319c7db4e1bdf6549ed53c4eeeb,2025-11-25 21:29:39,change_password,,,True,
5068,56dcb7394949f5a07ef7b221f6e28fb4,2025-09-24 07:56:26,login,,,True,
5069,c6bda1daffb7fdffc66cf605134bdccf,2025-10-28 15:40:37,login,,,True,
5070,eaefe2b97a7e2fefdcbb6a3a893bdad3,2025-10-01 22:12:11,login,,,True,
5071,9ba4c80f7496407b9cec1acf7bd54476,2025-10-02 07:26:00,view_history,,,True,
5072,bcedb28e5a00b9dd27caad9ecececfaf,2025-11-20 15:39:14,pay_utility,34861.94,KZ279286299571074623,False,auth_error
5073,18ae21e48b6f99cafccd03aec12de1ee,2025-10-06 04:06:43,logout,,,True,
5074,96ff9cef4bc3dc832f89c82e8f1fe84f,2025-09-19 15:07:35,pay_utility,111540.03,KZ063836051942803455,True,
5075,e6df9becdd3e7f7dbcc8a1b9ecf029df,2025-10-22 18:39:40,pay_utility,129567.63,KZ602984172412801345,True,
5076,3a3c2eb27aecbc4ac3c83b9fd2f2a96a,2025-09-14 12:37:39,make_transfer,164503.95,KZ243187447462670828,True,
5077,9e2cdd6ac4727237e0f6caf2bad3cb4d,2025-10-03 00:16:44,make_transfer,174784.31,KZ452247437879533697,True,
5078,fb79cae3ec5cc3ccf19dfd0cbb91df4e,2025-12-10 07:58:22,logout,,,True,
5079,7ec4aeeebb674e6243ccb8bc1ea30a9b,2025-10-18 05:29:46,make_transfer,178587.12,KZ286886913016093489,True,
5080,4afa3e91afd26bf2fd75e0a2ad2fd8ec,2025-09-28 19:58:24,login,,,True,
5081,a017067bb5eabbcb5e06f55d7bc90f22,2025-12-19 02:25:58,view_balance,,,True,
5082,fdedaf86a8f0e3cd4bf2e3ebfdac3202,2025-10-14 05:21:42,view_balance,,,True,
5083,acdf77c3a75faeeddafbebdb8d2ff8fb,2025-09-16 14:23:39,view_balance,,,True,
5084,c9e0b85c1df7e6ab7b2c3e0f3fe665ce,2025-09-21 02:43:51,open_card,,,True,
5085,adae09eeb0fe8f5d93d1cec9febf15e3,2025-09-17 08:46:48,open_card,,,True,
5086,c9effea2bf2bb8cbb3bec0bfcfacc153,2025-09-17 17:44:35,change_password,,,True,
5087,cfd6af0b2494d569524e2dacb3922db5,2025-09-06 16:58:16,change_password,,,True,
5088,db56ede17e15b021b66ea8fcd3c0f4fd,2025-10-21 15:06:05,view_history,,,True,
5089,2c7a5d85505e21ad2e8f66d601d799fb,2025-12-13 14:46:48,make_transfer,161146.73,KZ066178391105993687,True,
5090,0defdb08a1fa3f5ddb56ff7ef7adcae5,2025-09-09 09:16:03,open_card,,,True,
5091,a8a5bda4e3ee2e77aec7b5dc1e7aeecb,2025-09-02 19:46:10,view_balance,,,True,
5092,fa4eed6d5eead61e15bb1c34c90ccfb9,2025-09-14 15:42:42,view_history,,,True,
5093,c6b5e52a9d794cdd5df2aab9639afefb,2025-11-27 15:45:58,view_history,,,True,
5094,c979edb5ac5acbf4fbbd6af8486c212d,2025-10-17 10:07:36,logout,,,True,
5095,b6f5226ffec368ecabe761850bc9fef6,2025-10-06 00:27:25,make_transfer,39576.29,KZ141883090186889723,True,
5096,e04f28c54bc34c6f8713bbdcc5af0a25,2025-12-21 12:01:28,make_transfer,53552.25,KZ973036318052180797,True,
5097,da71358dc8ae088bca7783fbe3a2a4c8,2025-11-21 05:57:01,make_transfer,166268.79,KZ357729834971180112,True,
5098,a7fa05db6676bdf195f1822f7150b5fd,2025-10-03 23:08:42,change_password,,,True,
5099,86d0957ebdb37fd989f4ddb7d3fb5afc,2025-12-23 17:46:20,change_password,,,True,
5100,add95fd6cacb5e2c09aabc7dbdd260ac,2025-10-03 03:25:28,view_history,,,True,
5101,fce7889fcacfd7f4ee633a9f3b7f6be6,2025-10-19 10:10:07,view_balance,,,True,
5102,bbf36516dcbf59733d60bcf9b7dc63ba,2025-10-23 02:56:12,login,,,False,auth_error
5103,af8e8afabc98e5f8f3d73a1ba6fdf6b0,2025-11-07 17:39:51,view_balance,,,True,
5104,b7ddad29ede017ccd4f6ef0c476e6ddd,2025-09-25 13:51:41,login,,,True,
5105,d4bdfa9854a16ffadb57a53c90facbeb,2025-12-23 00:48:15,open_card,,,True,
5106,85b1b2e3999be61b4fc28ce55a23cfcd,2025-10-10 21:05:06,logout,,,True,
5107,2daac02de72e0fc50c1af7e452c1c364,2025-11-20 01:36:23,view_history,,,True,
5108,573832ebcaca25e4c6bdfaa5f63dab6e,2025-09-29 05:36:16,make_transfer,39783.06,KZ185543190183765255,True,
5109,d6bab1d2f5e091b4899c7bde5315a1af,2025-09-12 06:07:42,view_history,,,True,
5110,bc4fa989dfbdecbe8dd9bc5a5fc7a57d,2025-12-06 08:57:49,view_balance,,,True,
5111,da2d40d9f7753bbdd2589ebe271eabcf,2025-10-14 09:08:38,login,,,True,
5112,deef780da126fab5a5179ceb692516ce,2025-11-02 11:48:08,open_card,,,True,
5113,dc5305abf6c2cca3fd65ed11e5cc2c79,2025-11-19 00:15:08,logout,,,True,
5114,b44c7dbafc7aafddc4e8ce9fba0bbeb5,2025-09-16 18:17:47,view_balance,,,True,
5115,ed7ebbda4cdacccd77104efcc11ed3d6,2025-11-22 14:43:13,pay_utility,186520.19,KZ951562717765463910,True,
5116,a6baf4cf8b1ea2ebdf2fe19dff535e19,2025-12-24 00:30:35,view_history,,,True,
5117,ad4a103447dc6efaf5080dcbbb698ebc,2025-10-06 15:46:20,pay_utility,100004.01,KZ194670491281154196,True,
5118,53eaa4e01c755003bd59fb26a1bbb2ab,2025-11-11 20:58:31,make_transfer,94295.89,KZ672734649326043237,True,
5119,d0dc6ddd80628ebccfeef870dfbaa213,2025-10-30 11:50:17,login,,,True,
5120,0de80c8fbbbfeafbbcffb1a32be4b0d7,2025-10-12 11:38:51,change_password,,,True,
5121,fddbbefd14a31583ec9bc0dbb69ea309,2025-09-28 08:05:02,view_history,,,True,
5122,3abb5bf16ae3d90bddc9e5bebb1fc57e,2025-12-27 20:54:01,view_history,,,True,
5123,edbc42f3a60c19aca9f582d2bfb2123e,2025-11-10 17:10:13,pay_utility,80812.16,KZ165859531624793933,True,
5124,cda3edbecffac8ecbcbe75dededfdd61,2025-09-30 18:51:11,make_transfer,127629.87,KZ144068103271617114,True,
5125,fdb978c7cdfcfdebbd2e69acbf1df4fe,2025-11-19 15:49:15,logout,,,True,
5126,bfbab9ebab0df530fbcc44a1692a87c5,2025-09-05 11:03:03,logout,,,True,
5127,c97dfe777b18dc1fbc3ebca374332e8f,2025-12-03 20:19:43,login,,,True,
5128,e4f4516ca5abecddf8e4172e79cfe77b,2025-12-07 23:00:35,make_transfer,73216.05,KZ760936214536406250,True,
5129,4f0c455dc1aced083ea9abbc1a7bd0d1,2025-10-05 21:14:23,open_card,,,True,
5130,a1de38c6b4c7ac0f6a2e8321a86a8aea,2025-11-17 22:03:38,logout,,,True,
5131,8379bc923fb4da62abf363d0b0a098c1,2025-09-06 17:04:00,logout,,,True,
5132,ae77af241dbddad355ce8c3adbef6aec,2025-12-08 23:07:18,view_balance,,,True,
5133,320ef592eecd3ec15e1b3b6352ddecfb,2025-09-26 12:08:26,login,,,True,
5134,dd03a39dd8e41c6a5ebc96dbb6cac548,2025-09-18 21:23:56,open_card,,,True,
5135,5ccc7db1114dbb814ada407e86a9e372,2025-11-16 15:08:31,pay_utility,135459.08,KZ932970873954922726,True,
5136,1d47f4ff1e3beb006c3b37bfbea52e6f,2025-10-17 02:50:26,view_history,,,True,
5137,5f82ed72cdb05eabea0dbf7e07eecf3a,2025-09-21 09:09:08,view_balance,,,True,
5138,43e917aad4118cb44df36ec21aa59b83,2025-11-17 12:12:50,pay_utility,71723.93,KZ259099672902929213,True,
5139,7267fffe959e5e1d4174efd59acfc5aa,2025-10-05 02:28:24,view_balance,,,True,
5140,dfef13f69b1dc8dfc56ec73ac834dfe1,2025-10-26 05:20:13,change_password,,,True,
5141,b857ab1e5ac25b408ddcb80f9ae8341f,2025-10-23 17:35:27,logout,,,True,
5142,6f57687bcf29faead1ddefdcea8f1737,2025-12-28 03:11:32,login,,,True,
5143,ba572bbcb76b7c2f1e14b8dded17e505,2025-09-13 08:55:00,open_card,,,True,
5144,ad7bdb7aece4ab952b0b5dad986cfabf,2025-11-20 09:45:58,pay_utility,122995.98,KZ293011606922134671,True,
5145,beb2fdf276dbb7eb77cf528deb6a9cbd,2025-11-23 00:07:30,view_balance,,,True,
5146,face4836dceffb23c0a209cf3bb8cc4c,2025-12-04 13:59:28,view_history,,,True,
5147,56e8be012df8546bbc02e4d14345c61e,2025-12-11 02:49:44,view_balance,,,True,
5148,bf5be0cb8e8dcb1234fdb88ff1db7db9,2025-11-25 04:35:15,login,,,True,
5149,7efe8ab66b0a2eed98dde6feeebda4af,2025-11-10 22:37:47,view_balance,,,True,
5150,f5ffc2ad922c12ffbc5e3deadacfe665,2025-12-18 15:13:07,login,,,True,
5151,f7eafec8526d61ef55db5f6cebfd2a8a,2025-10-02 21:40:54,view_history,,,True,
5152,fc2df389d9fcb76bbddf3accd6f3a737,2025-09-11 02:49:06,open_card,,,True,
5153,3dbf5f7e7d0eac5a26aeffecbe7ce5e8,2025-10-05 15:14:12,change_password,,,True,
5154,62c00751d92e6eec295dc372cdc25c3f,2025-09-29 05:28:57,logout,,,True,
5155,af7da360bdbef64ade1cddfdd0abbc91,2025-09-14 21:19:05,change_password,,,True,
5156,6113b0fd25d2aeb2a7af1dceebeadf6c,2025-09-23 11:20:23,change_password,,,True,
5157,c3bc8a2e985af5ab08fcfcfabc7b9b52,2025-09-08 20:01:01,view_balance,,,True,
5158,f9b1ad8b9a7fe7c4a5aebe5e0b855c36,2025-10-25 13:07:28,view_history,,,True,
5159,bc68dd99c2f3ad81017aedb96dcceedc,2025-10-04 03:46:14,view_history,,,False,auth_error
5160,69c3b986f84f7d2bafa5b1c6d158a6d3,2025-09-28 22:39:05,view_balance,,,True,
5161,efa8cb027317247b16deae1a2ef241f0,2025-11-09 17:52:08,view_balance,,,True,
5162,be5925e0deebe6cdbebdaebf0c68b63f,2025-09-26 09:45:29,open_card,,,True,
5163,46b0553cf6da8d3db24ad3e7784dbea4,2025-11-26 13:08:25,login,,,True,
5164,f0acc61b1b57f90e46ccd99ace98d0c5,2025-11-18 07:28:02,view_balance,,,True,
5165,c9bbb6fe4abfdd0fffd6ba52efc2adfa,2025-11-22 16:21:24,view_balance,,,True,
5166,a332abaa446dc8bb6ea0e92ddc879fcd,2025-11-25 17:02:06,pay_utility,173744.72,KZ138109512354742226,True,
5167,7f5fe0203e773fe17eebfdce6ac9ef4f,2025-09-30 21:15:51,change_password,,,True,
5168,0b9b20da07df5a1e34fd92aebeffb477,2025-09-18 16:31:34,make_transfer,6959.23,KZ699608694784741465,True,
5169,d0dc6ddd80628ebccfeef870dfbaa213,2025-10-30 12:16:45,open_card,,,True,
5170,c4da02dc26c2939cf2f4e31e67dd7e7a,2025-12-17 20:01:31,login,,,True,
5171,6f63a1f82d89f909cd865c7704bd2437,2025-12-25 00:58:39,view_history,,,True,
5172,1eaaaa3ef227722aa4beeaeb3582c7ea,2025-09-08 02:37:50,make_transfer,125113.22,KZ466190498713844507,True,
5173,cbda2aa465f01b2fc85aba5cea13c2d0,2025-10-30 08:32:25,open_card,,,True,
5174,bfdcc9168db90ad14018cefd1aacd1ad,2025-10-13 10:26:44,logout,,,True,
5175,3d3ad2a58af9ded89ce996b73351fd04,2025-11-03 00:10:07,change_password,,,False,auth_error
5176,b0358db80cd392bf603caddeccfea56c,2025-12-10 18:09:55,make_transfer,96575.27,KZ806362098084552868,True,
5177,70bfe30febe7ac7deab532bd89d2ac67,2025-11-28 18:23:34,pay_utility,114811.04,KZ608560801210958370,True,
5178,4439c790cbdbbb8de4dfbf03894df456,2025-10-17 13:56:56,logout,,,True,
5179,d2ef62b1542ebeade213c78329221762,2025-09-27 02:12:32,login,,,True,
5180,92c8e7b791ff7acb811d10fdd35d497a,2025-12-22 19:37:52,make_transfer,112088.0,KZ060194654781468807,True,
5181,c5d0be70b62b24f20f4d3f45f76fed0f,2025-12-05 19:18:31,view_history,,,True,
5182,a5e1d5dfdb747aafdedf60b441cb86e6,2025-12-18 18:23:07,change_password,,,True,
5183,fd373bc6e2b9e4ce36ef558e1a39234e,2025-11-14 11:12:35,view_history,,,True,
5184,7fccaad4a2a605e3058d4dfa43f357cb,2025-10-23 10:31:43,open_card,,,True,
5185,0f6a2d2d35a8513cb2bb7fcae31cbb32,2025-12-14 20:14:50,pay_utility,120569.37,KZ546123152799677383,True,
5186,c7eec697e455ac49abb0ada5993df9dd,2025-11-14 08:03:17,pay_utility,86720.79,KZ651469270940202870,False,timeout
5187,18a70ec16b8b5aae8e87bccb245bb502,2025-10-09 16:15:26,view_balance,,,True,
5188,fde90e2b73e9efdb32a24c26edbd8eb9,2025-10-04 06:57:31,pay_utility,45210.01,KZ396399152599873002,True,
5189,dee62e5a746307fa0fecce8669f63a8c,2025-09-30 08:05:56,make_transfer,152964.77,KZ269768119266281276,True,
5190,da2d40d9f7753bbdd2589ebe271eabcf,2025-10-14 08:57:19,view_balance,,,True,
5191,beaa94d60fa475cd6ee43ebbc3b9a3ab,2025-09-18 00:56:01,open_card,,,True,
5192,bab1916d9ca40b34aba0189e135fbedc,2025-11-22 20:05:32,login,,,True,
5193,9658dbcdbe9dd37bb8ddf9c73f2ff28b,2025-09-16 02:18:17,view_history,,,True,
5194,d305bd7f4caa0f4112dbdbeec2ad11fc,2025-12-26 21:49:45,open_card,,,True,
5195,14c29f192a04f748be8de40f4c388844,2025-09-13 10:12:42,logout,,,True,
5196,9ccfacf6ada0de1dae917eefd74f658a,2025-11-23 17:09:26,login,,,True,
5197,beefcfcd7d693cfce652a73ec6291795,2025-10-10 19:10:42,make_transfer,9791.4,KZ366766710270835800,True,
5198,6fdb5d8a6fd9f3c951eed5f60c0bab3d,2025-10-28 15:35:28,pay_utility,166960.03,KZ409103575664402095,True,
5199,aeb65259aab100efcebe14cda4debdd0,2025-09-17 23:01:40,open_card,,,True,
5200,ccba03b1b1fe034b66dfca0bf4bacfeb,2025-09-21 19:30:56,make_transfer,75663.5,KZ712095725165074239,True,
5201,bfef18abee99ea69bb1b17cd5ec12b96,2025-12-27 17:09:13,change_password,,,True,
5202,9fe16deff10d87049cdc3dbc1256ca69,2025-12-16 16:25:22,view_balance,,,True,
5203,000abc16fbfa2c077abaeea84108ea13,2025-12-18 03:15:47,pay_utility,112722.69,KZ999764305549123247,True,
5204,7b11b69dcffb4da1cdb1eddcbea6bcc3,2025-10-16 20:08:24,change_password,,,True,
5205,2ffe52bfa9102a6cc0cb07dc5e0b7fbf,2025-11-07 10:04:57,pay_utility,113349.82,KZ704686263462966361,True,
5206,ff4e1d53b5ece5a2aeebda4ad2a53e2d,2025-10-16 11:25:54,view_history,,,True,
5207,bc2eac4bec9fad6e34ccff186ee93f83,2025-09-06 03:23:04,pay_utility,160137.63,KZ877410128083380220,True,
5208,c151beb3d3c54df25b042482b4b4e58f,2025-12-02 07:13:13,open_card,,,False,validation_failed
5209,f8f6e9fabdc2ca42d2654a6cb1201e51,2025-12-20 22:24:47,change_password,,,True,
5210,9fdfdacbd28e2211e35c7bfec79f6584,2025-12-22 07:19:33,pay_utility,69815.26,KZ741191343811699104,True,
5211,2161777e7ffdc664da9a079a328c2dc3,2025-11-28 12:09:49,view_balance,,,True,
5212,aafb8df7df1f74e9f6de307dd667bd00,2025-10-12 03:43:28,make_transfer,14994.05,KZ274403521039221616,True,
5213,6f36a8a93a225be789f098bb4ed0f45f,2025-11-04 04:11:17,view_history,,,True,
5214,bc4fa989dfbdecbe8dd9bc5a5fc7a57d,2025-12-06 08:49:25,logout,,,True,
5215,ccba03b1b1fe034b66dfca0bf4bacfeb,2025-09-21 19:38:06,logout,,,False,auth_error
5216,c9e0b85c1df7e6ab7b2c3e0f3fe665ce,2025-09-21 02:51:33,open_card,,,True,
5217,b3ba0e5fef7c2737f3e9fbb2cd4ff7da,2025-11-22 02:47:05,view_history,,,True,
5218,fab9e1d40aca45a0e1bf8aff233b411e,2025-12-18 01:55:54,open_card,,,True,
5219,ae0e4513ebe34e16e5f8a1f0de181af5,2025-10-29 02:31:34,view_history,,,True,
5220,498cb4e277ab2b7e6fccaddacbd2d7c9,2025-12-17 03:45:54,login,,,True,
5221,cc5a6caa516f6dc8f0fb7dec13ac0cc2,2025-09-20 08:06:51,open_card,,,True,
5222,beff6ac6ba9ec40bfe89a3df06d369ca,2025-11-12 03:28:53,login,,,True,
5223,1ef1dcae16d4ff2dc5fe5fc03f5af20c,2025-09-17 03:53:11,logout,,,True,
5224,ad4a103447dc6efaf5080dcbbb698ebc,2025-10-06 15:38:58,pay_utility,174791.07,KZ610333786056525954,True,
5225,ebacff291c689a721c7abde4880eb819,2025-10-29 09:50:53,view_balance,,,True,
5226,c6d75a6d5b0567ccad26fc7ded0aaad0,2025-10-31 19:02:08,pay_utility,41588.94,KZ528614340521104556,True,
5227,21dadb2b3bda95ffd9ab3d7afebece12,2025-12-16 22:25:27,login,,,False,validation_failed
5228,fe7ffaab1da37bcc2b94b02f2af2bb2b,2025-10-02 17:16:37,login,,,True,
5229,fda63c038dcffebc65cb39ec38fefc6d,2025-09-02 15:41:46,change_password,,,True,
5230,09069d5558b049ef86107c889aa793be,2025-09-24 09:45:38,view_balance,,,True,
5231,a6c35a87e4a4dc7bb3d822ee56fadf40,2025-11-14 21:29:33,view_balance,,,True,
5232,b45bf04eeab0687b14e54ddaac3dd4dc,2025-09-22 10:44:24,pay_utility,121208.09,KZ477270876712923652,True,
5233,46ecd97b47bc5f88aebf74569c5fdcd5,2025-10-07 10:28:45,change_password,,,False,auth_error
5234,ce3f1cbee4e3cc3cd0dce41c7b7ccce7,2025-11-11 21:48:23,open_card,,,True,
5235,2ecfb119cd7b67ccd71cf3988c7c25fa,2025-09-05 18:54:47,logout,,,True,
5236,1a72d4ab0f67b44dc7ba1d9b6828aa7b,2025-11-28 11:40:02,login,,,True,
5237,0dc2caffa4b4f7c66167e0ddc86fa459,2025-12-21 20:20:20,pay_utility,164372.85,KZ035173920606229902,True,
5238,43ddd116baaa97bfcdc9addceafdab9a,2025-09-23 05:44:03,login,,,True,
5239,d81ec23deda67bbe9fdf8c9b61b68cab,2025-11-27 04:06:25,logout,,,True,
5240,e86b4e96a8c84685bc8fd93fef712224,2025-09-21 02:17:29,make_transfer,108615.45,KZ721402372827188717,True,
5241,420872d5a523817eccc955d6dfdfa2aa,2025-11-05 15:33:22,change_password,,,True,
5242,3531d06a8bcbefef2cbb4adb06b64e23,2025-11-17 06:04:02,login,,,True,
5243,eb11ffbf96dc285c25bb04cefa532d0a,2025-11-22 21:41:42,view_history,,,True,
5244,3d71a5b185bbc05dd8d44e9bd4a22ade,2025-09-24 23:33:42,login,,,True,
5245,aa68e0d68ca6cf9dbef8d51e36cfb2fb,2025-11-23 07:38:01,view_history,,,True,
5246,e5bd8e3ff9a44c6f97dd4e1b110ae8fd,2025-12-23 09:39:16,make_transfer,177483.79,KZ588171444178188790,True,
5247,6e3e8509dbbca3deebe0c5ea704aebe0,2025-12-26 15:58:51,logout,,,True,
5248,b1bcb5fbbb7e50311b56f8dfdc6bbefe,2025-11-18 15:31:38,logout,,,True,
5249,db56bb4f29a598dabd6a01f194d7fd5b,2025-10-16 01:57:21,open_card,,,False,validation_failed
5250,96d155f8c7e8fbc50b84bb216653c3b9,2025-10-16 05:26:34,open_card,,,True,
5251,6545dcbfef80e1b27b0a0aeebc6ce5c7,2025-12-18 05:17:56,view_balance,,,True,
5252,60c7a081deb2596e7bed7d5cbb2ec01d,2025-12-23 14:32:14,make_transfer,35900.55,KZ382248317659131240,True,
5253,bebf8cb7d0c7dfd0a4a6d1da81d92974,2025-10-15 11:00:34,make_transfer,174364.18,KZ578016408938581109,True,
5254,965aaef7b20905fabf1abdacaffc0dd9,2025-09-06 10:52:46,make_transfer,191342.87,KZ781666115040510772,True,
5255,a7701ba9dc5ca42feb2f646d84f431ba,2025-09-26 05:31:53,login,,,True,
5256,ee9e82e468eeab3e3d7b0aae418e3a91,2025-10-21 10:35:08,logout,,,True,
5257,02012bbadbaea1c0dac47e58dcaabff6,2025-12-29 20:16:59,view_history,,,True,
5258,f36a505fce5debf180fcfb07df67eacd,2025-11-17 15:54:49,view_history,,,True,
5259,30a8be4fc0a4fa19fa9adfc4abaa1f22,2025-11-04 06:32:52,view_balance,,,True,
5260,d6cdd7bcfb3e30c9bae789add776d4ad,2025-09-09 05:08:49,pay_utility,112262.18,KZ370296602018806643,True,
5261,1f8eaa95b9c5abd7a8a1bffc249caabc,2025-09-01 02:38:58,logout,,,True,
5262,f8e4eab0bcc64a4ecbac56dbd225bdb3,2025-12-28 16:52:39,logout,,,False,auth_error
5263,94c2b5bbd1d50cc2207f4bf4becbcdbc,2025-10-24 15:32:03,open_card,,,True,
5264,e86b4e96a8c84685bc8fd93fef712224,2025-09-21 02:07:41,login,,,True,
5265,457f7bdc0e58b081dbc6eafc2a51baec,2025-11-24 21:10:58,view_history,,,True,
5266,fea307fbfeebca3c9bfbd13ceccafe7b,2025-09-08 12:41:44,view_balance,,,True,
5267,a53f4eea51e1663ade0d2f33ef46937a,2025-10-19 05:46:02,logout,,,True,
5268,619ebf5cde123db0b261d22cddfa403b,2025-10-14 21:48:09,view_balance,,,True,
5269,7ec4aeeebb674e6243ccb8bc1ea30a9b,2025-10-18 05:16:11,change_password,,,True,
5270,c2c4e217e5a3fdeb44d4fc75436bf2c1,2025-12-04 04:18:09,pay_utility,1234.06,KZ851641832634556547,True,
5271,4bcaa5caabcfcd9b7a84ec38faeb0e1d,2025-09-26 11:42:53,open_card,,,True,
5272,339bbaee12e0d2bffd2ac396f94b07fb,2025-12-30 19:16:11,view_history,,,True,
5273,d81da7ad3f3e01b29cbb74cde6d54cb3,2025-12-14 01:08:55,pay_utility,61399.41,KZ799241932953616645,True,
5274,f2aba04f0cee84fcadac6872a707c626,2025-10-14 06:01:13,view_history,,,True,
5275,ef9a21a1ca0cb1decfc19d1efe10ecff,2025-12-04 03:26:52,make_transfer,190993.39,KZ140162611387317437,True,
5276,c8b5f0af4bd1ee9eafbaf9d7b89be9f6,2025-10-02 08:55:15,view_history,,,True,
5277,b9afef7c82fc561a73bf95901cc01856,2025-09-05 17:44:12,change_password,,,True,
5278,a2ce55744e2fb2bdeeb686fa5a82abab,2025-12-13 10:21:36,login,,,True,
5279,09069d5558b049ef86107c889aa793be,2025-09-24 09:39:47,change_password,,,False,timeout
5280,ddcc7b4043102be56a18767ad8afae6f,2025-12-05 21:34:56,login,,,True,
5281,cfc13175fa7fd33e7c3ea7da53daabac,2025-12-29 00:39:32,login,,,True,
5282,d0c2ebfed36bdb92f1c9a3b77de8b7ee,2025-11-12 00:31:53,open_card,,,True,
5283,abbc20fbb8cad1ec8bb72ae4f3efd5b4,2025-12-22 03:55:04,view_history,,,True,
5284,97a3b89aea61fbcf7ff073161fbf33f6,2025-12-18 04:59:06,open_card,,,True,
5285,b6dce1aa1bb7a9c88ec2a2ecfcfdd6e4,2025-12-20 06:33:53,make_transfer,39028.3,KZ558798441442043785,True,
5286,595c6ebc0f4e5d07be5369f3ef5bfcbe,2025-12-22 00:03:48,logout,,,True,
5287,ba6e5ebd1ceee86d4b072d5accc8b1fd,2025-10-19 06:50:38,logout,,,True,
5288,ad7bdb7aece4ab952b0b5dad986cfabf,2025-11-20 09:48:40,change_password,,,True,
5289,ce1edcd3f5bab4e8517c978bbc1e3fdc,2025-12-13 08:12:31,view_balance,,,True,
5290,d59ab0a0b0ce783b9567f0fc5b0d888e,2025-11-18 18:10:02,change_password,,,True,
5291,ddc1fbed393ef8edf75c7cc341eda2dd,2025-09-15 21:53:22,change_password,,,True,
5292,52425b0b8f49f7a7a61cd81fccc2c1ea,2025-11-03 06:16:35,view_history,,,True,
5293,cb78fecea28d4e11da1addb0fb4e65cc,2025-11-28 07:43:16,open_card,,,True,
5294,aafde78d8f351aeb2d9bdb18a56ae842,2025-10-03 23:04:37,change_password,,,True,
5295,dd58c336cdcd694b1a38b0aeaf4adecc,2025-12-14 01:50:10,view_balance,,,True,
5296,d182ac12e1edb5dac45704b3faefb32b,2025-09-06 14:28:38,view_history,,,True,
5297,ba383c76accdb77e407ceb30fc8f76fa,2025-10-13 20:24:52,view_balance,,,True,
5298,ddc1fbed393ef8edf75c7cc341eda2dd,2025-09-15 21:32:49,open_card,,,True,
5299,68905ebf05fe20be9a5e4ce0bf2ac2b0,2025-11-25 01:23:44,login,,,True,
5300,513cdddee95ffca47145ff93cb88bcdb,2025-11-27 18:43:15,change_password,,,True,
5301,cda3edbecffac8ecbcbe75dededfdd61,2025-09-30 19:08:24,view_history,,,True,
5302,ff4e1d53b5ece5a2aeebda4ad2a53e2d,2025-10-16 11:21:28,login,,,True,
5303,cf7a1db06ddd2a91fc3aacc208194fbb,2025-10-10 23:52:54,change_password,,,True,
5304,7d5952c9adc1e87cf775f0e9865e3ad1,2025-09-17 07:44:43,open_card,,,True,
5305,7cf62e8a2cf8d38afd048f23e8fb2ac5,2025-11-12 09:03:31,login,,,True,
5306,70bfe30febe7ac7deab532bd89d2ac67,2025-11-28 17:57:50,open_card,,,True,
5307,39ec830b4b2c2d8bb3e3f8d44715f5db,2025-11-24 02:36:27,open_card,,,True,
5308,20211b7789873f4da47479c84a01e35d,2025-09-12 19:57:45,make_transfer,84463.1,KZ640264047124978554,True,
5309,e196970402e268b0daed0da0baff3b08,2025-09-18 05:33:04,pay_utility,65734.77,KZ027576702646613715,True,
5310,0c0126ccce0db3d9be0d5ebf48e2afc6,2025-09-24 19:46:41,login,,,True,
5311,1dab5fe87efda9207c741b2660fd00f0,2025-12-19 19:35:06,make_transfer,47353.73,KZ797874804013706599,True,
5312,2f1adf678dc99fdedacdd358a10a8a76,2025-11-10 00:10:43,change_password,,,True,
5313,efb02bdff9cafe1cef841f2cedc1b2e9,2025-09-22 09:15:53,change_password,,,True,
5314,6ea4ba30aed92cb2e63fd9b2555f4ef2,2025-10-03 02:29:55,make_transfer,99907.27,KZ868300483848826138,True,
5315,700e911fec4bcd6ada93b928fcb7ffd5,2025-09-18 05:46:49,login,,,True,
5316,bee3876273e2d8b8eee9ea42a1fb528b,2025-09-01 12:18:46,view_history,,,True,
5317,eaefe2b97a7e2fefdcbb6a3a893bdad3,2025-10-01 22:27:36,make_transfer,20811.81,KZ812912846221706083,True,
5318,27fa09480ab38226ce5e0bb3b6ced9e2,2025-12-26 23:04:14,logout,,,True,
5319,b2e2aa3a4bfd7d6edd7a3f6ec4d81fbe,2025-12-21 12:04:06,view_history,,,True,
5320,a44cc2deef57f6814f8cadf8cabdebbf,2025-12-14 07:29:26,pay_utility,112570.95,KZ102012987994123723,True,
5321,2f73afec7fe49d31bce3a8ef7d46bc8f,2025-09-13 09:09:20,view_balance,,,True,
5322,c2456c7cdcce56bcd831bdd94657a959,2025-09-12 23:17:50,view_balance,,,True,
5323,5ae6e7e4b9eddaa7a1a5ddab9e5ef9e7,2025-11-01 23:16:12,make_transfer,20317.57,KZ205057772397787333,True,
5324,c74ef9ab66febdb0e6dddafb2cc2d5c6,2025-12-27 01:36:08,change_password,,,True,
5325,6bdee64aa2b2c0bd0b65fdb5e35f4eae,2025-12-22 23:23:09,view_balance,,,True,
5326,efb02bdff9cafe1cef841f2cedc1b2e9,2025-09-22 08:52:13,logout,,,True,
5327,20211b7789873f4da47479c84a01e35d,2025-09-12 20:15:42,view_history,,,True,
5328,cadebcdbc178faeabcea96a6a4aecd1d,2025-12-08 22:33:02,view_balance,,,True,
5329,fed552266ece26cbc2de716c44c89c9f,2025-12-20 18:44:00,pay_utility,120593.95,KZ760857725777764632,True,
5330,cbda2aa465f01b2fc85aba5cea13c2d0,2025-10-30 08:37:59,view_balance,,,True,
5331,2fbc6aaddebe08b531ad1df5cbf0f055,2025-11-06 22:38:11,make_transfer,170951.22,KZ500924027743172827,True,
5332,baacf3da1d3aaebca3aa6bfcc73ce2c8,2025-09-14 07:34:49,view_balance,,,True,
5333,d5da1ec2cebd9e85adeffdaf9ad6070b,2025-09-16 21:50:12,login,,,False,auth_error
5334,c972a192a4ebd7ffe4dabfe4bc29781c,2025-12-28 23:10:44,login,,,True,
5335,c6c5ce8ed688eebbda9cecd8bda748e4,2025-12-28 16:03:00,change_password,,,True,
5336,2fbc6aaddebe08b531ad1df5cbf0f055,2025-11-06 22:38:55,logout,,,True,
5337,16b5eebf677db9e94bfe37155db24eca,2025-10-30 13:27:47,view_balance,,,True,
5338,e6a78e042c9f0ad57b496bfd8f254db5,2025-09-14 20:59:40,change_password,,,True,
5339,5b1ae3f011e4b3a640ce0537512c4d58,2025-11-08 09:47:53,open_card,,,True,
5340,baacf3da1d3aaebca3aa6bfcc73ce2c8,2025-09-14 07:56:13,logout,,,True,
5341,c4fdddfcf5bebb7089e50723c9e2edf6,2025-10-20 09:17:56,view_history,,,True,
5342,ad42aaaebbedbea4efffecf85ab945d2,2025-10-29 06:47:37,logout,,,True,
5343,1f8eaa95b9c5abd7a8a1bffc249caabc,2025-09-01 02:15:15,login,,,True,
5344,2f1adf678dc99fdedacdd358a10a8a76,2025-11-09 23:51:13,view_history,,,True,
5345,6f957a0cad9abdcff24ce8aa1b97ae36,2025-10-09 04:58:46,login,,,True,
5346,f0be4c1edf6dc6ae488aa7cb895ed587,2025-12-09 14:58:17,view_history,,,True,
5347,fe4bb6eb8b3bd4debee8becae6abade0,2025-11-17 01:39:38,open_card,,,True,
5348,cf7a1db06ddd2a91fc3aacc208194fbb,2025-10-10 23:52:26,login,,,False,validation_failed
5349,1cabf7ffcdff6cc0eb35aa12fabcbbf4,2025-10-27 08:34:14,login,,,True,
5350,621531dc6dbd5d6a18b5736ff35755bf,2025-09-13 09:57:51,view_balance,,,True,
5351,2ecfb119cd7b67ccd71cf3988c7c25fa,2025-09-05 18:50:23,login,,,True,
5352,e946d987bdfd2d2e89b57dffc25cedfb,2025-10-05 10:37:29,view_history,,,True,
5353,d11bceefedf5effa5ed872be0fce37cb,2025-10-01 18:44:50,login,,,True,
5354,9e1affac2efe758cfe8c2cb5cb6d9ec0,2025-09-18 22:00:02,open_card,,,True,
5355,f36a505fce5debf180fcfb07df67eacd,2025-11-17 15:58:29,pay_utility,6318.9,KZ882809262646889437,True,
5356,33bddfd8dac34e4bbfbcfd51be0d32fa,2025-12-04 11:23:45,open_card,,,True,
5357,95fcbdafe90e1a0eebe4bf61cc1efe3e,2025-12-26 01:20:14,make_transfer,169753.32,KZ503269812207299273,True,
5358,7983fdc5d4acb0cc6cebbd2be4ad7ba9,2025-09-27 13:42:30,login,,,True,
5359,e27df2a4dff06e9b7e677bdedb44645f,2025-09-19 13:32:31,open_card,,,True,
5360,2defc36fe8409aed47cdbaeece8eece3,2025-11-28 07:08:44,pay_utility,17144.83,KZ093571634170611854,True,
5361,c6b2d1663e40e3f537902fcfdafd762b,2025-12-27 21:06:04,pay_utility,106881.55,KZ029289714498223285,True,
5362,2c7a5d85505e21ad2e8f66d601d799fb,2025-12-13 15:08:44,change_password,,,True,
5363,45743593b0be36a553a9276baa59bad9,2025-11-28 22:02:56,view_balance,,,True,
5364,7bc38f982debd68e5fbcedadc96ea0d0,2025-10-02 10:30:57,view_balance,,,True,
5365,e1804a41d1f34fd1bcc4a922f2d2ac8a,2025-10-05 06:46:25,view_balance,,,True,
5366,36d7aaee5f5bff7b3bcdffffdc528255,2025-09-29 16:37:07,view_history,,,False,timeout
5367,2fa021d48bd6c6e0edd09dd17e58ebd9,2025-09-20 21:58:49,logout,,,True,
5368,ff07e8a2ddee74dd30b50ceb1bd2872e,2025-10-25 23:53:36,pay_utility,194814.11,KZ640366805652919371,True,
5369,32edc6525b2d94defae37ac7d0c39367,2025-09-02 14:58:53,view_balance,,,True,
5370,ed5a88e93d85db87f1d6d6d625aaef5b,2025-11-05 23:33:02,view_history,,,True,
5371,877c47ab09bdfddbdff764229fdd7edf,2025-09-01 18:08:49,logout,,,True,
5372,dafb4ec40c3fe2d0410b0fafebfdb175,2025-12-25 23:14:25,view_balance,,,True,
5373,a96e1eef6ea99a4bfe7f2e79c4fabae4,2025-10-10 14:43:25,login,,,True,
5374,933118d5c5daf81d0a8a2d5a89e3cd88,2025-10-16 21:51:54,change_password,,,True,
5375,3b7bae38c4d98fbd0d45ebd25a9fe2f2,2025-10-30 21:41:54,view_history,,,True,
5376,a7922e21fd350c3e9d563ebd5fd0981f,2025-11-11 03:19:47,view_history,,,True,
5377,b80bdcc5a879e7276bfba999a4b0eeae,2025-10-09 13:27:44,make_transfer,161674.07,KZ082681700153964171,True,
5378,bd538bf65e29ec200d434885c1bfa184,2025-10-23 23:38:38,view_history,,,True,
5379,ed1dab48ccf612fbe31defe61b5f2912,2025-11-17 06:21:56,change_password,,,True,
5380,b13bd4ecfaa5bfefcbb0d8d9ddcdae4d,2025-11-15 05:11:17,login,,,True,
5381,7983fdc5d4acb0cc6cebbd2be4ad7ba9,2025-09-27 13:27:47,view_balance,,,True,
5382,a1817ffeb9e9fddeb70b6fd9edaafe16,2025-11-09 09:40:26,view_balance,,,True,
5383,c74fe175dd1d7acfa923a6cdacbe2b30,2025-09-04 19:05:41,view_history,,,True,
5384,00a337c0db3bf9d49c33a9fdf5bb9f7e,2025-09-01 00:45:30,open_card,,,True,
5385,85b8cd90b2b2d602a25460b4d5bcd8e5,2025-10-24 10:55:29,logout,,,True,
5386,dbaaeedc28aaaec3e1f9bfafbe1f1050,2025-12-30 21:47:18,logout,,,True,
5387,dcb76e0291742ccaad7a7ab5afbdca1b,2025-10-25 02:41:57,change_password,,,True,
5388,4e6fbbecdee2d8db256b5e817eea31ed,2025-12-24 07:36:03,change_password,,,True,
5389,e2e8ded6fe5ca88ee7c3dcad684f7b8a,2025-11-29 17:49:28,change_password,,,True,
5390,cfd6af0b2494d569524e2dacb3922db5,2025-09-06 16:43:04,login,,,True,
5391,b6dcecc1aade453bf4bdac1a9eafc60e,2025-12-25 02:40:05,logout,,,True,
5392,c84b506b40011e40c9e0cc45cc21bba1,2025-12-06 12:26:26,view_balance,,,True,
5393,788cffbbcacc0a7e9ce00d9c2dcfe1ad,2025-12-16 18:35:21,login,,,True,
5394,4288b4f45f52fe84cabb797935fd1f00,2025-12-29 12:24:54,open_card,,,False,timeout
5395,03aa8be8ea1da6b1e1c4cfc3d3bfd4dd,2025-10-21 14:09:59,view_balance,,,True,
5396,8ed0af1603a4cb247d1cca454bbb8a0a,2025-09-10 19:59:01,open_card,,,True,
5397,6f61a22cd2eba7ce1dfcb9efaf12b754,2025-11-17 07:51:26,pay_utility,34440.92,KZ379958245777406165,True,
5398,d4bdfa9854a16ffadb57a53c90facbeb,2025-12-23 00:53:25,view_balance,,,True,
5399,5fe0fcb7c5ea3cd5d0f6f3fefec3502b,2025-11-15 03:52:21,make_transfer,171831.38,KZ653416608160996739,True,
5400,22c1c075a918ec840d3d1a37a41ac6a7,2025-12-17 15:23:29,make_transfer,173371.79,KZ390103049200588550,True,
5401,24c533d01acde769f5a73f0eb40ef8ba,2025-12-22 15:16:04,view_history,,,True,
5402,5af8dce9faba9e04bc5f1df2124b175d,2025-10-09 13:31:12,pay_utility,1928.07,KZ403354076979575420,True,
5403,ee880ee11d0adcfb23762f7e3e9f3444,2025-11-01 18:06:02,logout,,,True,
5404,ceb29b344c6e720feeaf6d5f6e3ececd,2025-10-06 11:52:41,change_password,,,True,
5405,b1e48ae9f8d7bbf5cc18df193e0abdca,2025-10-18 22:01:46,view_history,,,True,
5406,f85cdfac9f1f2efc7248dbf2adcfae1e,2025-10-08 00:53:56,view_history,,,True,
5407,eaf7cee9d9268e91bb61aedbfe8a9ea0,2025-10-09 14:20:19,logout,,,True,
5408,2ecfb119cd7b67ccd71cf3988c7c25fa,2025-09-05 18:52:44,make_transfer,42794.46,KZ155518020130309729,True,
5409,a9ffcaf52dddb20ac0876cff688f777a,2025-11-09 03:56:21,open_card,,,True,
5410,d5bc91f3e90d3d02fbb49ea5def2fa1d,2025-10-12 09:12:15,view_balance,,,True,
5411,cefe26d2e22fe59a1cedadbf3c8fe2b1,2025-11-26 20:13:23,view_history,,,True,
5412,8ad46e26b8baa2cfb16e30db5d7ba6d2,2025-11-06 10:40:52,change_password,,,True,
5413,cada8c3c47c0ec3df2cecceed0cfe584,2025-11-10 17:05:43,change_password,,,True,
5414,ed349340acbaca023908a8fe4fcb8658,2025-09-18 06:19:01,open_card,,,True,
5415,1c98bdf6c2b2f7ebeeed92cc6505c16d,2025-11-23 07:13:12,pay_utility,115747.39,KZ124129721645952364,True,
5416,aca504ae3faeb3b1acce8d5d6430c71b,2025-09-16 04:10:39,view_balance,,,True,
5417,24c533d01acde769f5a73f0eb40ef8ba,2025-12-22 15:08:52,pay_utility,187049.14,KZ921839250057281749,True,
5418,a3ecceedc6ca03af6cdfb4c8b0951cbb,2025-10-24 19:30:08,make_transfer,93600.72,KZ504682588502075549,True,
5419,d131a22292f7fef9ae25ad81357fae4f,2025-10-11 14:31:52,open_card,,,True,
5420,8cdcdd8abacebfe6e83feb0e3b8e6ceb,2025-09-26 20:40:51,view_balance,,,True,
5421,0b414efedffcfed6fda9c450e836d131,2025-12-22 22:26:17,change_password,,,True,
5422,6eb9d6a03fddea08ff55bc8baebef4bf,2025-10-04 22:39:45,change_password,,,True,
5423,1beeea7f3ab44abdecaf0ffad6f8f458,2025-10-24 08:48:01,pay_utility,152506.02,KZ866993965910076108,True,
5424,f8e4eab0bcc64a4ecbac56dbd225bdb3,2025-12-28 16:41:14,pay_utility,67411.03,KZ793111682649541938,True,
5425,ada8beedbefbb5ebfbfce0d87bbeb2ff,2025-11-30 04:50:37,pay_utility,176673.82,KZ085555737795379394,True,
5426,d2fc7abdefe776bf4cc9ffe57a49d10f,2025-12-13 04:08:08,make_transfer,166025.16,KZ310902349588964299,True,
5427,436dfd3c3184b8225a6ffee27d8a5feb,2025-11-05 01:37:53,login,,,True,
5428,3d1132ab7be80a4d2c6f757263fef02f,2025-11-23 19:06:01,change_password,,,True,
5429,1892dfc73a837e837fbb2d38fab8fd71,2025-10-15 14:41:36,view_history,,,True,
5430,b51bc8fe8b11a25a24dbe3ecc5cff18f,2025-11-30 15:04:45,view_history,,,True,
5431,d182ac12e1edb5dac45704b3faefb32b,2025-09-06 14:18:39,make_transfer,127659.55,KZ214025230748285490,True,
5432,d1a5c6747efedf80e44eb9dba5cf9ece,2025-11-06 06:40:17,pay_utility,76544.67,KZ200915897633596807,True,
5433,0de80c8fbbbfeafbbcffb1a32be4b0d7,2025-10-12 12:03:47,pay_utility,118220.54,KZ223580379396534408,True,
5434,920cfcdf4be71df152fd51f7f95f632f,2025-12-11 05:28:26,open_card,,,True,
5435,efb02bdff9cafe1cef841f2cedc1b2e9,2025-09-22 09:03:33,view_history,,,True,
5436,3ddaa4283caeebe8efb8377d6a1bd9ea,2025-12-27 00:33:59,view_balance,,,True,
5437,bae737a541da76fdd9afda4b01e35864,2025-12-14 10:13:01,view_balance,,,True,
5438,8ce0afaf3712f5d4bd3df21ce65cc317,2025-12-14 22:23:54,pay_utility,186507.66,KZ569443625906700476,True,
5439,3bad56a31083b79939f64d74accd53df,2025-11-27 19:52:30,pay_utility,167298.58,KZ937348378092453205,True,
5440,283af6c77f4482c99fa1fed90abac680,2025-11-13 18:10:08,open_card,,,True,
5441,4acafc086e569df7090ea3836d0a46fa,2025-11-07 19:09:52,view_balance,,,True,
5442,f9b1833f4520b23e3a6c6cf167a15bc7,2025-12-26 22:06:40,make_transfer,52031.11,KZ024032567725229025,True,
5443,2f9d543129dae1b2cecb427adaa8eeff,2025-09-14 06:30:18,view_history,,,True,
5444,7267fffe959e5e1d4174efd59acfc5aa,2025-10-05 02:15:13,pay_utility,13689.72,KZ643246626976301684,True,
5445,433a615bed8a46e08aecc63ac004abb7,2025-10-19 17:36:13,view_history,,,True,
5446,5afcee607063fe7f3bb1eccdbaa3f9aa,2025-09-12 02:21:36,logout,,,True,
5447,df6e3cfce03fda0bcd9bd95f3da9cae3,2025-12-17 13:15:45,make_transfer,66325.79,KZ424101353942403435,True,
5448,714bfbc61fa9bbabaaed6241cd786179,2025-12-22 22:27:45,open_card,,,True,
5449,c56d14aaba94dac9cbf7d5bf7f75bcaf,2025-09-29 18:24:38,view_history,,,True,
5450,b0c9ddccbb34e8b0aa786b10dbea53c8,2025-11-05 08:47:35,make_transfer,141517.87,KZ547685933574951843,True,
5451,6cef0a82a57bd6cbba8cedc84d6eaa8c,2025-09-18 16:50:17,pay_utility,105108.51,KZ911977235923410299,True,
5452,eef87bfa6bd69f0ba1eeebd9abe6df9b,2025-11-05 02:52:46,pay_utility,142245.32,KZ161659192770768400,True,
5453,cff79dd2f545b5b2d5d9be460b6deccc,2025-10-22 05:46:09,open_card,,,True,
5454,edfed1b7cb6b99058a65a4d3946dc12a,2025-12-06 07:20:49,view_balance,,,True,
5455,ae77af241dbddad355ce8c3adbef6aec,2025-12-08 22:55:38,logout,,,True,
5456,db56bb4f29a598dabd6a01f194d7fd5b,2025-10-16 01:51:24,logout,,,True,
5457,f3a334d5e02493a8ec76ce9ff3cdf0cf,2025-11-10 16:14:49,view_balance,,,True,
5458,a6baf4cf8b1ea2ebdf2fe19dff535e19,2025-12-24 00:51:22,login,,,True,
5459,1a9ed133c23467dee30f400ad84ab7ef,2025-11-11 04:54:51,login,,,True,
5460,b5a52ab9cebbf2befaf7f0c849cbcabd,2025-10-08 11:14:06,change_password,,,True,
5461,8bafdc1eb5e5e002255c5dcfbaa1ddad,2025-12-28 01:17:30,view_history,,,True,
5462,56e8be012df8546bbc02e4d14345c61e,2025-12-11 02:54:51,open_card,,,True,
5463,4dd8a2b1732caaaf7d17b700ef7c3eb1,2025-10-28 09:56:52,open_card,,,True,
5464,dcfe3ef78f1dfdb4dabe9e23cc8fa19f,2025-12-01 04:10:09,view_history,,,True,
5465,acdf77c3a75faeeddafbebdb8d2ff8fb,2025-09-16 14:26:59,view_balance,,,True,
5466,f81b55ea10ffca1d9da3e71fb0f5cbe2,2025-10-23 20:57:11,view_balance,,,True,
5467,306e59069b773c0cf8ed8347f5fdf2c6,2025-10-22 10:32:23,change_password,,,True,
5468,edecb9acece0fbe3a106e1be5eddfdcb,2025-10-01 16:24:09,logout,,,True,
5469,ca3de3dcd4aad28b4403ca19ff98be49,2025-10-26 19:23:21,view_history,,,True,
5470,19b6dea629fe2b2ad7addef57e6c23d3,2025-10-22 16:20:33,view_balance,,,True,
5471,bccd1db399dced5a7c22a9aa0b46667f,2025-09-13 12:16:41,change_password,,,True,
5472,9b80fabc51be3d3bead184e318676dae,2025-09-15 06:03:39,view_balance,,,False,timeout
5473,d69d0c3ef3ce22fcf2dc3d4bde293b81,2025-10-10 13:09:35,view_history,,,False,timeout
5474,ee5f6dc3b6f5881fafd76daebd9aee6f,2025-12-30 07:19:54,login,,,True,
5475,84a912e4fbd77ab7fcb1a23114b17ab6,2025-11-12 07:55:49,change_password,,,True,
5476,527241ceea7d9a4dc0a0fe8448d37010,2025-09-27 04:02:57,change_password,,,True,
5477,7aeafd66bf19ea3643792d0c7d6f5cc0,2025-09-02 16:14:50,open_card,,,False,validation_failed
5478,dce1b99d9530bb9576f1e4831abadcaa,2025-10-04 05:47:20,login,,,True,
5479,a220a1a67ece711c54e74edaa1f68b0d,2025-10-23 07:12:09,pay_utility,41558.52,KZ187447482972861639,True,
5480,3b4fe3d4ec57cdae34fd5ddbda28ff5a,2025-11-07 22:33:55,open_card,,,True,
5481,7defcc64f56e8ef1fc7adad743be6d2a,2025-11-14 14:28:02,change_password,,,False,timeout
5482,3c4d2c07ae63b5b79fdf3cab98b0c059,2025-11-28 21:18:50,make_transfer,71122.59,KZ806396196527860310,True,
5483,9fc37dd89e09058cdc7fba9f2fee8add,2025-11-04 06:12:10,open_card,,,False,auth_error
5484,bcba9a7e09f484acd8bfff2ec1cbb292,2025-10-18 06:47:13,login,,,True,
5485,46ecd97b47bc5f88aebf74569c5fdcd5,2025-10-07 10:18:57,pay_utility,28828.01,KZ136577419516231711,True,
5486,18520e30af58abc1a2ac293ed2c46a10,2025-09-28 19:32:17,open_card,,,True,
5487,ce6ffcbe0b9ddf0ce49cdb316f9ab992,2025-12-26 09:26:44,view_history,,,True,
5488,9d5abf0d1b0527d12cfaf198da0f9b4c,2025-09-27 04:26:31,open_card,,,True,
5489,fdadfe3a0a8b9db7e0ad4e2abb1ce9eb,2025-10-13 22:23:04,pay_utility,92497.81,KZ155514646935949252,True,
5490,1d47f4ff1e3beb006c3b37bfbea52e6f,2025-10-17 03:04:55,open_card,,,True,
5491,56dcb7394949f5a07ef7b221f6e28fb4,2025-09-24 08:19:45,open_card,,,True,
5492,4d7c35eaf67b21520307edaf196eb6f7,2025-10-06 10:40:27,view_balance,,,True,
5493,e78a33c8f4d8f2bc738f8ffe468a1ec6,2025-10-19 01:20:49,pay_utility,82918.86,KZ287381368438435240,True,
5494,ebf48be8e52aa2a7d2f157e65787149d,2025-12-15 03:38:21,logout,,,True,
5495,6d1dbd369930349acb144203bcdc9c31,2025-11-07 22:32:45,pay_utility,121440.2,KZ906776313782117761,True,
5496,4ce63cf4bfbbf1e8f5e0ae253cccface,2025-09-01 10:19:17,change_password,,,True,
5497,c93de1d4bbaaab3b7d070e6e1f53dbfe,2025-10-24 14:14:44,open_card,,,False,timeout
5498,1e684b3118526543a6ddfaf602d3eea0,2025-10-10 21:12:57,pay_utility,199906.03,KZ033162724656606378,True,
5499,aace1eafadd1e4eff767a232dccf9232,2025-09-21 05:44:18,logout,,,True,
5500,ffd7e7d246cfff0da12d8e81e4049cc0,2025-12-09 02:13:28,open_card,,,True,
5501,16d706dfe8b46a6c8cadff46da2c2aa5,2025-12-12 03:05:57,view_balance,,,True,
5502,1e684b3118526543a6ddfaf602d3eea0,2025-10-10 21:23:28,view_history,,,True,
5503,f2d7f008e46619c2db107b97bf6b3f8f,2025-09-05 12:37:16,view_history,,,True,
5504,a25bf06b110bb12cfaff18eaa175ecf4,2025-12-13 21:01:06,make_transfer,12766.57,KZ023939233191173964,True,
5505,e4f4516ca5abecddf8e4172e79cfe77b,2025-12-07 22:46:02,pay_utility,35812.08,KZ315104133671274135,True,
5506,c96ffc822c798b4af53a57effcf280c9,2025-09-12 22:13:41,make_transfer,69585.34,KZ688845851674794535,False,timeout
5507,1ee457d68906c3e9e7dba83aa0cbdfb5,2025-10-09 03:03:00,make_transfer,150055.25,KZ123878575450964813,True,
5508,2ddaffb5447fdd1bfafcadd3f22a97bd,2025-11-29 18:27:50,logout,,,True,
5509,ed2acfe28edb28dfe4fbce6db3b3cb02,2025-11-27 07:51:02,change_password,,,True,
5510,f2aba04f0cee84fcadac6872a707c626,2025-10-14 05:38:51,pay_utility,175312.87,KZ032529930344802098,True,
5511,bbe29e1ef00b17fc517fbfcc6da0b66e,2025-12-27 16:41:38,view_balance,,,True,
5512,0bc5eab862d9febc3676ecca54aea7fd,2025-11-21 12:23:27,logout,,,True,
5513,7affd8bee84a4ac6d9ef06d1ee6a9af6,2025-09-28 11:00:41,change_password,,,True,
5514,560ef990d9cdaf35a879992c60f7d59d,2025-11-01 09:53:41,change_password,,,True,
5515,adf6f28162cc3b1386cee596baf5194b,2025-09-18 05:18:05,view_history,,,True,
5516,b27e3d74492adb8e285d08cda1ed581d,2025-09-01 14:13:52,logout,,,True,
5517,62bdc2b0dbfccfa7f82e0fafdefd0fbf,2025-12-27 22:59:46,make_transfer,172066.77,KZ475944946749588148,True,
5518,f7d9acfee800a095beda26dfcb0ba480,2025-10-31 06:51:05,pay_utility,63819.62,KZ235898981706462233,True,
5519,e7b5a6fa80abb992a32a7b1cdba998c1,2025-11-20 21:56:56,open_card,,,True,
5520,c5e3c323c7703a2a94aebafadb2d3e40,2025-12-20 00:57:41,pay_utility,10443.78,KZ935864509627527987,True,
5521,8a672bd7fae404bef36d0146797bdd63,2025-12-02 19:27:10,open_card,,,True,
5522,c7504a6e2aacc0a4601dc7fd90cbb4c2,2025-12-20 07:13:55,view_balance,,,True,
5523,64980bcea1a5e2c8bcaa8f86dfab5a8e,2025-09-12 10:16:57,make_transfer,177595.93,KZ179192524329813983,True,
5524,1cabf7ffcdff6cc0eb35aa12fabcbbf4,2025-10-27 08:29:44,open_card,,,True,
5525,4cb7c816bbb76beb5efa2fb65fbef5ae,2025-10-31 04:17:45,view_balance,,,True,
5526,bbeddd4b1e5160e5afdedf2e0e23f068,2025-11-05 01:01:05,login,,,True,
5527,f7eafec8526d61ef55db5f6cebfd2a8a,2025-10-02 21:23:13,view_balance,,,True,
5528,4bedfb8eaf23cd96adb63ef060addfe0,2025-10-29 09:21:35,open_card,,,True,
5529,dafb4ec40c3fe2d0410b0fafebfdb175,2025-12-25 23:40:11,view_history,,,True,
5530,920cfcdf4be71df152fd51f7f95f632f,2025-12-11 05:30:29,login,,,True,
5531,ffdfb674cbbeffafc8af7bdb8c0fddec,2025-12-06 10:40:36,login,,,True,
5532,97a3b89aea61fbcf7ff073161fbf33f6,2025-12-18 05:03:28,pay_utility,14179.27,KZ785431993385396351,True,
5533,7e1edbaea89acfb6bce80b8aa7d3a4a0,2025-09-09 15:54:27,make_transfer,72614.31,KZ841951843471139550,True,
5534,f8b4e7ac502ae787353eaa25d4efddbb,2025-10-09 09:37:09,view_history,,,True,
5535,c0ffae90e6cbcaeee4ec1a0e47ad460a,2025-11-21 19:22:24,open_card,,,True,
5536,4f107d6db70fe1a6f349ede5bf2bc6d6,2025-10-04 19:19:11,change_password,,,True,
5537,a220a1a67ece711c54e74edaa1f68b0d,2025-10-23 07:19:04,login,,,True,
5538,ab3a42de6a7eceae6ebdd0a18b7b7afe,2025-10-12 18:49:19,login,,,True,
5539,dafb4ec40c3fe2d0410b0fafebfdb175,2025-12-25 23:44:16,logout,,,True,
5540,edbd7bf6be4dc8774dffca0e9adfaf0b,2025-10-06 06:51:31,view_history,,,True,
5541,afed50d75a69d70bb50fafd506ed4c0a,2025-12-20 20:03:43,view_balance,,,True,
5542,7ec1ebf7dfdc2e6afe8f56b5cebd6b06,2025-09-11 00:24:40,pay_utility,108978.82,KZ846631043497615985,True,
5543,77c0b3c54f60c2866dd19c4ee61ff81e,2025-10-25 19:57:49,change_password,,,True,
5544,a46ab0626c9d5d13adf9bbd5d1db3d6d,2025-11-16 23:41:04,view_balance,,,True,
5545,abfdfdd9ffa7278710cefae24ae0a437,2025-10-08 15:21:07,login,,,True,
5546,ef2e2dbacdec0a34f0186d6e11a9abbd,2025-10-23 08:58:42,logout,,,True,
5547,c7f6cbcada31de18f42ccf2e643659d1,2025-09-22 18:06:05,view_balance,,,True,
5548,b9afef7c82fc561a73bf95901cc01856,2025-09-05 17:48:25,logout,,,True,
5549,c892cf1bc187d22ebaba020af61cdff1,2025-12-28 00:55:15,login,,,True,
5550,19cd3dbe93a93eb8ab802e928c1a7e2d,2025-09-14 00:13:38,pay_utility,187282.21,KZ610838746725527259,True,
5551,cdd7e794c3d83f3b06cb4d62b2c7100c,2025-12-27 15:47:21,logout,,,True,
5552,39fdcdd5eb2f91bccf4faef7d860b55f,2025-09-12 12:39:15,view_balance,,,True,
5553,ded4fc78cee2eebecfdfec7c03e0fd3c,2025-11-04 20:50:14,make_transfer,103563.9,KZ246934085722631082,True,
5554,c92bddcfddc77cfcd3cce05ba9f2441c,2025-09-22 16:13:43,logout,,,True,
5555,b4946e752fba7c0bff6e45c82ceb4ee2,2025-12-24 00:57:13,change_password,,,True,
5556,fbab25efdaeeffb7ed5a178af4ec5bdb,2025-09-18 14:53:46,login,,,True,
5557,ecce1d4eff19e4c1284c21af71cb7aef,2025-11-11 08:43:15,view_history,,,True,
5558,a0effdc51d3f148bff5badaa089cabce,2025-10-26 01:16:10,make_transfer,72312.66,KZ826181231588387476,True,
5559,dcd34b4c7e2e6ddebbf97f8a2ff28766,2025-10-15 12:36:22,login,,,True,
5560,a810be43baa60cf72d79ce35fe105be0,2025-12-12 04:34:34,pay_utility,90095.52,KZ889976089290802538,True,
5561,0b414efedffcfed6fda9c450e836d131,2025-12-22 22:25:20,login,,,True,
5562,4dd8a2b1732caaaf7d17b700ef7c3eb1,2025-10-28 10:15:22,open_card,,,True,
5563,a1fe0d34e5aab6dbe9d03cb5517a282f,2025-12-25 04:26:25,view_balance,,,True,
5564,bb09b2c9e5fc7d46d8ea4c8c96249bbb,2025-10-02 00:25:07,open_card,,,True,
5565,87debf29e3c2789107758daa1c7c4d9b,2025-11-21 13:39:42,change_password,,,True,
5566,2ecfb119cd7b67ccd71cf3988c7c25fa,2025-09-05 18:56:57,open_card,,,True,
5567,dbaaeedc28aaaec3e1f9bfafbe1f1050,2025-12-30 21:41:15,login,,,True,
5568,4fc23eff9a612f7a0c3d440c4a601424,2025-12-05 19:54:11,pay_utility,52318.28,KZ139368820674174728,True,
5569,d15fefdafcdc17571da1b68bbbe5edee,2025-12-10 06:02:14,logout,,,True,
5570,b60fefba44a62c8fd0eb65c84dac980d,2025-12-10 21:13:49,open_card,,,True,
5571,d69d0c3ef3ce22fcf2dc3d4bde293b81,2025-10-10 13:09:16,make_transfer,178394.18,KZ456676091370129045,True,
5572,2fa4b1c9d2deddfdc77a76d1afea6dc2,2025-11-30 19:55:41,view_history,,,True,
5573,c71eb87e4beb9d5fd0134a5aaa6eb779,2025-09-17 19:00:01,view_history,,,True,
5574,efde4fb280625f62eb0aeffe65ed4d98,2025-09-29 05:21:04,pay_utility,101318.72,KZ216053243365574379,True,
5575,644c96efe6dba0b5620d9cf97e975fde,2025-10-08 15:52:08,login,,,True,
5576,7bc38f982debd68e5fbcedadc96ea0d0,2025-10-02 10:27:15,change_password,,,True,
5577,7df6cdabfca70a912d7ba76d382d0885,2025-11-07 11:22:56,change_password,,,True,
5578,067dafeffdf1afb198f88cae572d01dd,2025-09-13 13:44:39,login,,,True,
5579,a67639b914b0c4da8ca061c1dcc2867a,2025-11-18 23:13:37,pay_utility,10589.97,KZ805899555964527430,True,
5580,b8e6d6a51facdbdcaa328ed48c975c17,2025-11-06 04:55:58,login,,,True,
5581,f8f26f8efd1f2927f0c8cc72eceb9cfe,2025-11-01 23:34:12,open_card,,,False,validation_failed
5582,73a3c86ef365d0750d3cd7789f52d4db,2025-10-21 02:09:31,change_password,,,True,
5583,5ae6e7e4b9eddaa7a1a5ddab9e5ef9e7,2025-11-01 23:20:29,change_password,,,True,
5584,ceebbdcaec7e56195a1190b44dd44d41,2025-10-27 11:04:05,open_card,,,True,
5585,3e0eb8f48f5dadaab6dfad9d4c755c6c,2025-09-03 16:02:19,logout,,,True,
5586,27acac543dcfecc0c41bfbcaeff89413,2025-11-25 05:39:35,make_transfer,199467.31,KZ458325454371183352,True,
5587,a8db05d466aef3e4cfd0da0e0ccf1d89,2025-10-12 23:55:13,open_card,,,True,
5588,c7504a6e2aacc0a4601dc7fd90cbb4c2,2025-12-20 07:02:31,open_card,,,True,
5589,7bbbe296eb0dfab1bdbefeae7c6d9caf,2025-09-03 09:19:29,make_transfer,139132.73,KZ926962047707017744,True,
5590,43dd0cfacbf6c1c8c2ececd088e3c0cb,2025-12-30 04:18:18,login,,,True,
5591,ec9b331887d4bd4a5fb58ac5b8da5fb2,2025-09-03 06:01:46,login,,,True,
5592,c71eb87e4beb9d5fd0134a5aaa6eb779,2025-09-17 18:47:29,open_card,,,True,
5593,dcafbbefac4e8a4ba7aaef5d0bb4a4d5,2025-11-07 11:15:54,pay_utility,10780.45,KZ401450213262760241,True,
5594,9da5dce9ecab227abe6acddccd9ccc62,2025-10-13 04:13:30,view_balance,,,False,auth_error
5595,7e1ed00caadfe377dcfcd438f7aa9be1,2025-11-02 07:55:23,view_history,,,True,
5596,d1a5c6747efedf80e44eb9dba5cf9ece,2025-11-06 06:29:38,pay_utility,59143.82,KZ403912657971073086,True,
5597,eeeb2fcb9892e0c3cc5db275ab6dfc0d,2025-11-28 09:22:18,view_balance,,,True,
5598,dafaff24ccbdaa64a126d7a6eeff4bcf,2025-11-13 06:37:26,view_history,,,True,
5599,e8595ba6e0cdfe81c1bf9fe33fcf52bd,2025-09-20 21:40:03,change_password,,,True,
5600,00fad70ad1bf4ef8c80e1b61f1c0c73b,2025-11-07 03:22:04,pay_utility,137797.25,KZ688903508514550094,True,
5601,ff53dda5ebdfe4dbbafa8df4c39b55fc,2025-09-19 16:23:40,change_password,,,True,
5602,f353fbe7f2836cb9ccb1716b7762cfc6,2025-11-07 04:35:31,change_password,,,True,
5603,1ffa3c840e49daf12715ccfb03ecebb1,2025-09-04 15:46:14,login,,,False,timeout
5604,6cacb90cacf1cabfee1b5f1afde422aa,2025-11-17 06:09:21,open_card,,,True,
5605,17dc1cad27c68b0fa9beeb94d9acfbda,2025-09-17 15:23:36,login,,,True,
5606,e04f28c54bc34c6f8713bbdcc5af0a25,2025-12-21 12:07:48,change_password,,,True,
5607,2ecf8371935020fba616af41f46c8ece,2025-09-17 14:24:56,open_card,,,True,
5608,cb78fecea28d4e11da1addb0fb4e65cc,2025-11-28 07:46:41,view_balance,,,False,validation_failed
5609,dd03a39dd8e41c6a5ebc96dbb6cac548,2025-09-18 21:04:38,change_password,,,True,
5610,ede2a30445c9cc29dba328a661635cf5,2025-12-08 05:09:12,logout,,,True,
5611,f0d3d077261fbfd4deadeecc6dcc34a1,2025-10-21 00:07:34,change_password,,,True,
5612,befff57b95125c7f4ba1a6e4ff6a1485,2025-10-04 22:25:09,pay_utility,50878.45,KZ182832455042406070,True,
5613,9e0dada93caa4d5d5b57a6ccecd4760b,2025-11-03 16:25:09,logout,,,True,
5614,cae8793dcbd0d5dbecb1294fae411cbf,2025-11-26 22:45:24,open_card,,,False,auth_error
5615,ee880ee11d0adcfb23762f7e3e9f3444,2025-11-01 18:07:11,view_balance,,,True,
5616,eeebef5e0bfd1b9fccffa774acba3bc8,2025-11-16 01:10:15,logout,,,True,
5617,a3eb568dbd2b5ebb0f4fcd1841abfb65,2025-09-08 20:12:46,make_transfer,34586.62,KZ481939016914312681,True,
5618,14ceeabc64ef039ac67cddcdad2b1bad,2025-10-01 09:34:50,open_card,,,True,
5619,eccc9eccddd2105ab44af33bce18db5a,2025-10-20 22:08:28,view_balance,,,True,
5620,2fa4b1c9d2deddfdc77a76d1afea6dc2,2025-11-30 19:35:18,view_balance,,,True,
5621,ba1efe5ba67ba0cadba6d644e1db6ece,2025-11-05 22:55:07,pay_utility,177327.65,KZ803977986673516646,True,
5622,ad82cbc904e41a60b8d4dcbda0dd6572,2025-09-06 16:14:04,login,,,True,
5623,636e4f66de8d6ae41bc4e7ae20608db6,2025-12-21 00:08:51,view_history,,,True,
5624,e8595ba6e0cdfe81c1bf9fe33fcf52bd,2025-09-20 21:16:10,view_balance,,,True,
5625,c3e1e76140f40edee309a868deca5edd,2025-10-17 10:07:47,view_history,,,True,
5626,000abc16fbfa2c077abaeea84108ea13,2025-12-18 03:18:34,view_balance,,,True,
5627,9ca37e3635e4ddc5ec8ddcebf1d184ec,2025-12-26 18:21:36,view_history,,,True,
5628,4fbd6ac945965bacd4dcce4db40f351e,2025-12-29 20:24:36,view_history,,,True,
5629,fdf3b31aa9f2ae5fffe90350885a9e92,2025-12-17 11:30:09,view_balance,,,True,
5630,15dbab5ec125e9eeaa508e8ef2470f9f,2025-10-09 08:23:23,change_password,,,True,
5631,bb0d1fb76bf9cfc14b65a515a5a99698,2025-12-26 09:06:52,make_transfer,79762.5,KZ941275851711528096,True,
5632,7ddc5d66a8d645a749de86aeed9615eb,2025-11-04 22:29:58,view_history,,,True,
5633,bdfd1cfeb8c7f4c07aac76e25efe8afc,2025-11-17 01:36:13,change_password,,,True,
5634,e3c57dbb8b9ecd3e436be3d9bacd7af6,2025-11-05 13:52:25,login,,,True,
5635,aba9fcce9fbecd1855a33e096ede138d,2025-09-25 04:45:12,view_balance,,,True,
5636,369869ea507aebf9dfb4abce1b9ce9ac,2025-09-13 18:33:04,make_transfer,11490.72,KZ627564681646743667,True,
5637,9f2c50b3d1bbb9ee0f3abcad03bdd0a6,2025-11-30 18:31:16,view_balance,,,True,
5638,f7eafec8526d61ef55db5f6cebfd2a8a,2025-10-02 21:17:21,make_transfer,11101.95,KZ818354309488400423,True,
5639,bcfbbbd8fc3dbed5ff0bee17f0f89c42,2025-12-12 11:14:39,make_transfer,30057.3,KZ105277071252353889,True,
5640,f2aba04f0cee84fcadac6872a707c626,2025-10-14 05:42:13,logout,,,True,
5641,ee880ee11d0adcfb23762f7e3e9f3444,2025-11-01 17:56:05,view_history,,,True,
5642,65cc8eebb3accdafe20ced9cf82fbfc1,2025-09-07 14:26:46,view_balance,,,True,
5643,a263bbef3bad4b4eafc6ba4c3efa0608,2025-12-03 03:34:17,login,,,True,
5644,02012bbadbaea1c0dac47e58dcaabff6,2025-12-29 20:37:36,logout,,,True,
5645,5add80c2c50bb2cbffda3460a95a54e1,2025-11-04 09:10:09,open_card,,,True,
5646,5ca949206befbb315a1cc453008dcc95,2025-09-10 13:50:55,logout,,,True,
5647,916cc26ff011ab1c94d42ca4cbdf6fad,2025-10-22 14:49:03,view_history,,,True,
5648,6f57687bcf29faead1ddefdcea8f1737,2025-12-28 02:51:14,logout,,,True,
5649,e19b3ce6bbad6c0e02c9fa7fbf7434ce,2025-10-16 20:02:07,make_transfer,119196.84,KZ588824231224066130,True,
5650,3a2b89de1d8d43eec8694debc7c8de5f,2025-10-29 18:47:29,view_history,,,True,
5651,cd5cd1cbedaa7d35b6db5da3fa3dd2fd,2025-11-21 04:55:29,pay_utility,64038.34,KZ946072570309115527,False,timeout
5652,814b8f86afc23c71da0ea78c8f0a6cac,2025-10-04 04:42:30,view_balance,,,True,
5653,d5bc0bdde6a303ac802cc1b9834b21ac,2025-10-09 03:20:40,open_card,,,True,
5654,3abb5bf16ae3d90bddc9e5bebb1fc57e,2025-12-27 20:41:41,login,,,True,
5655,69c3b986f84f7d2bafa5b1c6d158a6d3,2025-09-28 22:46:19,login,,,True,
5656,8bc227f9dc0bb41e8096deaa7e68afd5,2025-11-02 15:08:34,pay_utility,107995.87,KZ017362331786751502,True,
5657,8379bc923fb4da62abf363d0b0a098c1,2025-09-06 17:07:24,login,,,False,timeout
5658,caabfffeb8bf370e5cfdd4ef5230fa40,2025-09-29 03:18:23,pay_utility,22619.46,KZ577009986655350613,True,
5659,992dc748bf9a1e83f0b974a7fac3b6f4,2025-12-23 23:24:33,view_balance,,,True,
5660,fd47adc71aa40b9bbe26b2f79fb53ad2,2025-11-03 17:40:14,open_card,,,True,
5661,43ddd116baaa97bfcdc9addceafdab9a,2025-09-23 06:00:42,view_balance,,,True,
5662,4fccc040359b63a6b72fd502b7abeb0f,2025-12-15 10:31:31,make_transfer,22350.33,KZ629105719184829633,True,
5663,1ffa3c840e49daf12715ccfb03ecebb1,2025-09-04 16:14:05,make_transfer,146341.53,KZ693808351479574745,True,
5664,4b2096a5cb1eccc7d3aae7aabec53774,2025-12-28 08:02:46,pay_utility,75849.23,KZ683662659973808823,True,
5665,2ad128e51a9edb9ec45ab2f3fe26b804,2025-12-18 01:03:31,change_password,,,True,
5666,d0d9c81ff4f03da8a2b1a5849c8d3dcd,2025-11-09 15:43:04,change_password,,,True,
5667,a22bf8cc5a0db166247eccd1a7ceda42,2025-09-01 07:11:45,make_transfer,149181.24,KZ183854607324641135,True,
5668,f208cb21d8acbbb0eadbee6c90548df6,2025-12-04 11:56:37,make_transfer,11881.32,KZ614407807375729970,True,
5669,4bef7b201119ae6bb8aaea1837c6d074,2025-10-15 11:33:43,pay_utility,78377.31,KZ782435000618483344,True,
5670,e3e9a5c68d35ad63bbb7ffffb1bd0f32,2025-09-07 18:21:47,pay_utility,97769.62,KZ855048208356211354,True,
5671,eaaf9dfbaaab0ad6ed1aebbb04ac8b85,2025-12-21 11:06:31,view_history,,,True,
5672,4288b4f45f52fe84cabb797935fd1f00,2025-12-29 12:26:29,make_transfer,67032.52,KZ887254504602517052,True,
5673,b913ea1ff2c9fc5336445c1eb7adbcf5,2025-11-03 16:31:02,view_balance,,,True,
5674,fc2df389d9fcb76bbddf3accd6f3a737,2025-09-11 02:53:57,login,,,True,
5675,e5bd8e3ff9a44c6f97dd4e1b110ae8fd,2025-12-23 09:23:21,make_transfer,151731.65,KZ034601073582841841,True,
5676,2161777e7ffdc664da9a079a328c2dc3,2025-11-28 12:07:44,logout,,,True,
5677,5b03ca0288cd1d3a095d72f214a58843,2025-10-22 15:59:02,make_transfer,196264.38,KZ036371613282727132,True,
5678,fb204c934732e147dcddc3ca6d603c8b,2025-09-08 21:25:37,open_card,,,True,
5679,3f10d64bbacd6e8ceffd8f0b1b60f6dc,2025-09-20 22:03:39,pay_utility,74348.75,KZ276880485436275002,True,
5680,bc4fa989dfbdecbe8dd9bc5a5fc7a57d,2025-12-06 08:45:11,change_password,,,True,
5681,c97dfe777b18dc1fbc3ebca374332e8f,2025-12-03 20:07:17,logout,,,True,
5682,6acdcbe74baff35caa7be3ae78ccdcff,2025-12-18 20:05:06,make_transfer,132069.85,KZ775592092641126030,True,
5683,9d60efe8e4d7283bfb8e23a8542d3b2e,2025-11-02 07:14:51,make_transfer,32815.32,KZ692952755311599737,True,
5684,f9b1833f4520b23e3a6c6cf167a15bc7,2025-12-26 21:48:35,make_transfer,79920.77,KZ661350576112037703,True,
5685,f63f3a4dbcc2bfa47afd96622de38ddb,2025-11-01 18:41:03,change_password,,,True,
5686,a1efeae52bc04f5824da41c8de23058d,2025-09-11 13:10:24,open_card,,,True,
5687,ae77af241dbddad355ce8c3adbef6aec,2025-12-08 23:03:01,view_balance,,,True,
5688,1d47f4ff1e3beb006c3b37bfbea52e6f,2025-10-17 02:59:34,view_balance,,,True,
5689,ebcd4bdc408abd61fcef2ad09eab6642,2025-10-21 00:04:54,open_card,,,True,
5690,18fe3a16b2b45b6cb78792f129b2da2f,2025-11-23 00:24:12,login,,,True,
5691,2b24d46c03b5ada4ef55bec0dc55b84e,2025-11-04 00:21:50,view_balance,,,True,
5692,960d82acfd8baacc0fb57c00b93ed5e7,2025-09-14 18:08:27,pay_utility,106912.14,KZ477400233462939197,True,
5693,fe7ffaab1da37bcc2b94b02f2af2bb2b,2025-10-02 17:24:26,view_history,,,True,
5694,1deda87daeae6aafff229daf0ec429bf,2025-10-30 01:21:42,logout,,,True,
5695,2af595deeae55ea6fb5e8af666542249,2025-09-20 23:33:09,open_card,,,True,
5696,b80bdcc5a879e7276bfba999a4b0eeae,2025-10-09 13:00:48,open_card,,,True,
5697,5ae7b388ed9ccf1675cabacc0ad2bf47,2025-12-05 11:39:45,open_card,,,True,
5698,9e8a583c8bf8dd3b65ccfb5cfbd19e25,2025-10-18 12:31:26,open_card,,,True,
5699,d080ab5c2a13da11fe338162158fa5fa,2025-10-15 04:11:47,pay_utility,143449.56,KZ961232205630297837,True,
5700,bf5be0cb8e8dcb1234fdb88ff1db7db9,2025-11-25 04:43:35,logout,,,True,
5701,84a912e4fbd77ab7fcb1a23114b17ab6,2025-11-12 07:55:25,change_password,,,True,
5702,b7d1e95ecdf8a4d4b2eb5c682af3af3b,2025-10-15 15:01:55,change_password,,,True,
5703,70da9cb108d61a8dbddd32f9bf935c90,2025-12-20 09:57:35,view_history,,,True,
5704,eedada8a6c2ad4be2acd885e96bfdd7d,2025-11-27 18:06:06,login,,,True,
5705,adcdc5d4753bff6edcfabf9d78fbaac8,2025-10-04 08:12:52,logout,,,True,
5706,5ae7b388ed9ccf1675cabacc0ad2bf47,2025-12-05 11:54:46,change_password,,,True,
5707,77c3cedd4d49d59d4c7e03f09bca498a,2025-09-25 04:36:54,open_card,,,False,validation_failed
5708,e19b3ce6bbad6c0e02c9fa7fbf7434ce,2025-10-16 19:58:17,logout,,,True,
5709,8b47320053bbb4c6caba82ccdfada5cd,2025-12-21 07:15:43,view_history,,,True,
5710,3e4fb3daf57933da84cdec42cbacc607,2025-09-04 02:49:16,login,,,True,
5711,4e6fd52db73f60cbfffdd4ce03ff68d2,2025-10-23 15:13:15,open_card,,,True,
5712,3cf5cee431a33c2e6956caa44e8950fa,2025-11-30 14:03:26,pay_utility,100800.26,KZ309200609836991596,True,
5713,89ab5fc3bebeb613d47d4e67cdbaf0f2,2025-09-15 09:52:49,make_transfer,198595.0,KZ442978729622378412,True,
5714,dc7a104fef8aab0b0ccd546fedbd8dd0,2025-10-12 17:07:41,logout,,,True,
5715,52425b0b8f49f7a7a61cd81fccc2c1ea,2025-11-03 06:11:38,make_transfer,42514.35,KZ725312215630726868,True,
5716,dd6fc1f70c8c2dbcacbfba5b0c7791db,2025-12-19 19:33:22,change_password,,,True,
5717,de7eaf91bd07db86fb02abb762b8caa8,2025-12-20 08:12:51,logout,,,True,
5718,fb79cae3ec5cc3ccf19dfd0cbb91df4e,2025-12-10 07:58:26,change_password,,,True,
5719,95fcbdafe90e1a0eebe4bf61cc1efe3e,2025-12-26 01:17:23,change_password,,,True,
5720,6c020e3b28f86efabbf7bbfccaaf6a1a,2025-11-01 02:14:28,change_password,,,True,
5721,ca8ef2feaf9e51b62e5c66cce04e43b5,2025-10-21 03:19:34,make_transfer,26570.85,KZ925159085970255987,True,
5722,7ab6d209aeacbeed8c0f1fdaaed4f8c7,2025-09-26 11:05:07,change_password,,,True,
5723,5797de6a92c6c94a8480ace4feecf70d,2025-10-07 03:08:11,login,,,False,timeout
5724,a7325fbc24120f01f62bb868cdb04f1b,2025-11-01 16:16:31,change_password,,,True,
5725,609a7ce92e8dd67ed4aec938a31f55fc,2025-11-03 18:04:28,view_history,,,True,
5726,c151beb3d3c54df25b042482b4b4e58f,2025-12-02 07:15:03,make_transfer,65748.58,KZ731194594898604551,True,
5727,c20c972fbef015f120c6aebaeffe6910,2025-11-06 11:45:01,make_transfer,93657.4,KZ373711810448542685,True,
5728,f174c3bf8f2a7adc9e0221cd1bc85bc1,2025-12-17 16:12:11,view_history,,,True,
5729,64980bcea1a5e2c8bcaa8f86dfab5a8e,2025-09-12 10:17:07,pay_utility,120489.2,KZ785826069637427726,True,
5730,7f5fe0203e773fe17eebfdce6ac9ef4f,2025-09-30 21:11:20,login,,,True,
5731,effd5d6dee25c513b54591dbe37af883,2025-12-13 17:45:46,login,,,True,
5732,e4c8da1e13984b2d56a45b5d3eeace1f,2025-09-12 03:32:40,pay_utility,60450.36,KZ477120482942235581,True,
5733,3f8c9cfaad0ea57ddcce9f9baeede7ff,2025-09-26 01:34:27,login,,,True,
5734,a47d3d1c165ebaf6c513cd3193ab2cff,2025-10-22 06:27:04,view_history,,,True,
5735,b6dce1aa1bb7a9c88ec2a2ecfcfdd6e4,2025-12-20 06:22:30,view_balance,,,False,timeout
5736,b857ab1e5ac25b408ddcb80f9ae8341f,2025-10-23 17:22:00,view_history,,,True,
5737,f1aba6cb91b0fa4c13e19bcfcacea3a7,2025-10-28 01:32:19,make_transfer,134148.84,KZ152736715030354464,True,
5738,7190a5cbaa20aafa79fddd98699b8c58,2025-10-08 02:46:28,login,,,True,
5739,84a912e4fbd77ab7fcb1a23114b17ab6,2025-11-12 07:53:58,login,,,True,
5740,09d0dbb43fd50164acc9ffb2def7bb6e,2025-10-06 19:29:06,open_card,,,True,
5741,7aaea4af1d8bde024e9cb9cf1d29ca2a,2025-12-13 17:42:14,view_balance,,,True,
5742,eaefe2b97a7e2fefdcbb6a3a893bdad3,2025-10-01 22:08:47,logout,,,True,
5743,db56bb4f29a598dabd6a01f194d7fd5b,2025-10-16 01:52:35,login,,,True,
5744,b2f6d24eca3ec2a8ccf65bb808c21a39,2025-12-12 02:54:01,logout,,,True,
5745,f174c3bf8f2a7adc9e0221cd1bc85bc1,2025-12-17 16:13:02,make_transfer,170106.0,KZ690381921723586291,True,
5746,7cf62e8a2cf8d38afd048f23e8fb2ac5,2025-11-12 09:02:53,logout,,,True,
5747,3b4fe3d4ec57cdae34fd5ddbda28ff5a,2025-11-07 22:18:55,view_balance,,,True,
5748,aafde78d8f351aeb2d9bdb18a56ae842,2025-10-03 23:05:49,change_password,,,True,
5749,b0eef60b6ce0bf65280a43a26fbcac9f,2025-11-15 22:12:22,view_history,,,True,
5750,2c9f9ee63fc494fc3eeae4b172e07e55,2025-10-23 23:14:51,view_balance,,,True,
5751,382bf5dcbed74a32ca2dbb451aea3abc,2025-11-07 18:30:09,make_transfer,68693.96,KZ793326106371209182,True,
5752,96d155f8c7e8fbc50b84bb216653c3b9,2025-10-16 05:11:32,pay_utility,181194.59,KZ642812092118783521,True,
5753,ee9e82e468eeab3e3d7b0aae418e3a91,2025-10-21 10:36:49,open_card,,,True,
5754,36db71f7d6ea1e1e90da982f3d15d87e,2025-11-14 01:39:29,view_history,,,True,
5755,ffcbc2e538dfcdb103e9c869f289d8ed,2025-12-08 16:51:47,login,,,True,
5756,a8f989d1bd166b82e520f3471651b1ce,2025-11-21 13:46:31,make_transfer,175745.83,KZ630041952324615955,True,
5757,5797de6a92c6c94a8480ace4feecf70d,2025-10-07 03:23:30,pay_utility,123063.86,KZ905556711737785017,True,
5758,4bedfb8eaf23cd96adb63ef060addfe0,2025-10-29 09:12:19,make_transfer,26500.03,KZ807796566526783410,True,
5759,afeb6058ea6cb7bfbbdc6adf0dc885fd,2025-12-01 18:43:41,login,,,True,
5760,afc9b2e979edb72bed383565f009cdeb,2025-10-21 23:20:02,open_card,,,True,
5761,f1b9d2c61390ed64ac9bec6a9df6ae1f,2025-11-13 02:08:35,change_password,,,True,
5762,ec9b331887d4bd4a5fb58ac5b8da5fb2,2025-09-03 05:43:33,view_history,,,True,
5763,c892cf1bc187d22ebaba020af61cdff1,2025-12-28 01:11:12,change_password,,,True,
5764,4f2ccbca0ee876b5dd458aa9dbca8be4,2025-10-23 10:04:03,open_card,,,True,
5765,87eea902bad8e05abda0421431a315fb,2025-11-12 02:08:45,pay_utility,53241.19,KZ559393060495594624,True,
5766,9acfc539e8dfdcaf2c0fdddeeacdfffd,2025-10-07 13:58:09,make_transfer,14841.06,KZ684275443859132604,True,
5767,09d0dbb43fd50164acc9ffb2def7bb6e,2025-10-06 19:39:39,open_card,,,True,
5768,fe26edeaeefeeea4bce6dad342dfd6a2,2025-10-28 15:10:40,change_password,,,True,
5769,ebf2f95d5e47ce2ee1cbd12b17093a5a,2025-11-12 19:09:23,logout,,,True,
5770,5edcf0a7cac5ebefdfec28ed76655aba,2025-12-27 03:31:52,view_history,,,True,
5771,a3fbc6d2efed5cbd2b4b020f0934bdcd,2025-10-05 02:12:42,logout,,,True,
5772,b3bbf31fabfc5dacfcfaeda797dc5ab7,2025-12-19 22:55:42,view_history,,,True,
5773,595c6ebc0f4e5d07be5369f3ef5bfcbe,2025-12-22 00:06:10,view_balance,,,True,
5774,56fcecd8047393c5d22a98ab921657eb,2025-11-29 04:13:44,logout,,,True,
5775,3b49d8b55a0c8c797ec094f80d7cabae,2025-12-20 11:34:23,view_history,,,True,
5776,1beeea7f3ab44abdecaf0ffad6f8f458,2025-10-24 08:46:24,view_balance,,,True,
5777,ae28af1c370a1c74b0dac3b355fd6cb4,2025-11-26 05:05:29,logout,,,True,
5778,27ea997e7575f57deac1d9fa8cec49ae,2025-09-01 12:14:19,view_balance,,,True,
5779,8a9db512caf079ca6a4aced6974a52d5,2025-11-09 15:36:34,logout,,,True,
5780,0ff0e4b2af7ab12c5e2cfca12af76a60,2025-10-11 08:56:12,login,,,True,
5781,ce6c45c498549ccc941a26448edaa539,2025-12-25 23:07:29,open_card,,,True,
5782,30ee8db25b53a220f9a8fdcff8b406bc,2025-10-16 16:48:35,open_card,,,True,
5783,b0ffb8fb755ef488f295a844f5a0b0bf,2025-09-22 22:02:26,login,,,True,
5784,3cf5cee431a33c2e6956caa44e8950fa,2025-11-30 14:14:10,view_history,,,True,
5785,87a44acde00c3d2b8ab0fc3ba41fcd3d,2025-12-05 21:51:44,make_transfer,152501.48,KZ933640026163445936,True,
5786,ce6c45c498549ccc941a26448edaa539,2025-12-25 23:24:45,view_history,,,True,
5787,4a68cbf1fcc0ec90cf382fa68822b9be,2025-10-29 19:19:00,pay_utility,169439.07,KZ572527774149876475,True,
5788,4eebf79dbd1b504e6297f5b7a13ac351,2025-09-03 11:23:10,pay_utility,130392.34,KZ039258189667929250,True,
5789,8b6aafb8fe6d0b1dcf919ed36fd5aaf1,2025-12-14 18:33:37,view_history,,,True,
5790,ad8ca5b7cac84aec3236e38e3cd17d0e,2025-09-06 15:27:59,logout,,,True,
5791,d6fcda23e0bd16d7dbe6a21fc3bda7aa,2025-12-01 06:44:59,view_balance,,,True,
5792,e150e1990b25fecda58fceece428f4a5,2025-11-06 11:08:32,view_history,,,True,
5793,e0ccc5d47c580adaf96fe0465a0b0bc2,2025-10-11 06:17:42,pay_utility,53215.41,KZ253748936583159293,True,
5794,8ce0afaf3712f5d4bd3df21ce65cc317,2025-12-14 22:15:49,pay_utility,93577.83,KZ057359326921230056,True,
5795,2bfdbb5f31bcbcfe62ddd3d47fffdeee,2025-11-05 16:00:07,view_history,,,True,
5796,face4836dceffb23c0a209cf3bb8cc4c,2025-12-04 13:49:55,change_password,,,True,
5797,bcfbbbd8fc3dbed5ff0bee17f0f89c42,2025-12-12 11:14:58,view_balance,,,True,
5798,3dbca9eef1f1021d5cf6f43aadaa99d1,2025-10-10 20:49:15,view_history,,,True,
5799,6e3ecba855197838575c1a6ded8a2bdb,2025-09-19 08:12:43,logout,,,True,
5800,24aa58387d672ab28ef51980f9a5caab,2025-09-18 22:44:16,logout,,,True,
5801,3528a4c8ab5b6d44502c03a9ec6dc6d2,2025-11-09 02:01:57,view_history,,,True,
5802,11d834c8bdd4c772d345c6af8d8d5e5e,2025-11-13 08:55:00,open_card,,,True,
5803,ded2a8b7ef65f13356430add78edeabd,2025-11-26 16:36:47,view_history,,,True,
5804,ddbd45fa9e81eb9aabdbebd8be861fb1,2025-09-21 03:31:55,login,,,True,
5805,cd5cd1cbedaa7d35b6db5da3fa3dd2fd,2025-11-21 04:51:39,make_transfer,118591.26,KZ049432388428013511,True,
5806,ec56ec1e4fdc1f9f7cd5b6c6c6fe6b92,2025-10-05 16:27:39,open_card,,,True,
5807,7dff7c139dbeb1e28e62f03a5f8d3b90,2025-10-21 11:01:20,open_card,,,True,
5808,5edcc2d9ca9ed2ecbd62ffe7ae1cf9ab,2025-10-15 11:47:01,view_balance,,,True,
5809,2d75a89f9cedab71ef8b0f801dac530d,2025-12-26 18:56:23,change_password,,,True,
5810,af7da360bdbef64ade1cddfdd0abbc91,2025-09-14 21:00:23,view_balance,,,True,
5811,3f1aa47b5efe4dabaafae6e8eef1aed1,2025-11-27 21:24:22,change_password,,,True,
5812,6d850efd1dcb418dcaf1e7c3dfea0d76,2025-11-24 08:23:46,change_password,,,True,
5813,b7d1e95ecdf8a4d4b2eb5c682af3af3b,2025-10-15 15:17:28,view_history,,,True,
5814,edabff692a640dbec5add2ec3bdf6e6f,2025-12-02 15:27:57,make_transfer,104700.26,KZ258062884961704474,True,
5815,85aa7e015ff0e28cfc02676f4c4aa6ee,2025-12-27 06:11:01,make_transfer,11996.39,KZ007689138318260336,True,
5816,e7a3aeb2eaeaabaccec5a9e4d5dafaba,2025-09-08 19:42:22,view_balance,,,True,
5817,aa68e0d68ca6cf9dbef8d51e36cfb2fb,2025-11-23 07:44:19,pay_utility,186436.64,KZ960883957344244738,True,
5818,caf881b37fb389d72aed64fcdc7feecc,2025-12-17 08:22:30,make_transfer,177714.52,KZ884123036926922793,True,
5819,960d82acfd8baacc0fb57c00b93ed5e7,2025-09-14 18:23:04,make_transfer,88603.81,KZ609067955973573051,True,
5820,2eac53ebf0caa3fb0debd30d9da1be5d,2025-09-20 10:11:29,make_transfer,139255.36,KZ230751260656533331,True,
5821,21dadb2b3bda95ffd9ab3d7afebece12,2025-12-16 22:33:31,view_balance,,,True,
5822,f8f26f8efd1f2927f0c8cc72eceb9cfe,2025-11-01 23:44:41,view_history,,,True,
5823,f5f5ea1aafe4e30a694bfc06e3db3f43,2025-09-29 21:16:20,open_card,,,True,
5824,e3f4f08f4befaa2dae39bd22ff0659bb,2025-11-20 23:24:30,view_history,,,True,
5825,16d706dfe8b46a6c8cadff46da2c2aa5,2025-12-12 03:11:08,open_card,,,True,
5826,58734f4f7cfdf26fddcdf8f9d0b3f1c8,2025-11-13 18:48:52,open_card,,,False,timeout
5827,527241ceea7d9a4dc0a0fe8448d37010,2025-09-27 04:06:30,view_history,,,True,
5828,420d18b618efa6ee0dcc2adacfbb6f8a,2025-12-13 01:20:18,change_password,,,True,
5829,fbba5cec2d69a2e09fdc190b041c2e3a,2025-11-14 17:57:50,logout,,,True,
5830,7dbb7cf5aac4c36d86abdbbcabd3709b,2025-09-14 00:58:24,change_password,,,True,
5831,cada8c3c47c0ec3df2cecceed0cfe584,2025-11-10 16:47:19,login,,,True,
5832,b0358db80cd392bf603caddeccfea56c,2025-12-10 18:22:26,logout,,,True,
5833,efe759ba075748dcbc73ff4bcd01215f,2025-11-18 22:54:24,view_balance,,,True,
5834,2d2de5c0d2548d7cf72d0bada4edb0f4,2025-11-18 10:59:41,logout,,,True,
5835,5d42a804d8d3ebb6f13fb54aeab71c8a,2025-09-26 02:56:20,view_balance,,,True,
5836,caa9dbbb04ca31f8bea1f91dfe0fdd0f,2025-09-19 14:47:55,view_balance,,,True,
5837,84d90decc0b293eafcd31d70efbf3d74,2025-10-11 14:49:25,login,,,False,validation_failed
5838,ba1efe5ba67ba0cadba6d644e1db6ece,2025-11-05 22:38:04,view_history,,,True,
5839,7aeafd66bf19ea3643792d0c7d6f5cc0,2025-09-02 16:21:53,open_card,,,False,auth_error
5840,ebdccebf8cbbc8c93cbfb83f9cd2aede,2025-09-05 07:11:20,logout,,,True,
5841,70bfe30febe7ac7deab532bd89d2ac67,2025-11-28 18:24:30,login,,,True,
5842,9ae2cbd182bcfacfe0dd6c0cee4ccb7e,2025-12-14 09:03:39,pay_utility,63110.73,KZ242738196509020405,True,
5843,aef5b319c7db4e1bdf6549ed53c4eeeb,2025-11-25 21:17:41,login,,,True,
5844,2abdcbe6bf5fa24f90bc8b60b1f1adfb,2025-11-27 19:19:02,login,,,True,
5845,a4bff2cfb9ce1ded91cbc3cab8c7f5a3,2025-11-19 14:55:09,view_history,,,True,
5846,7d560c9f26f7b9bac8d9dd5ffea2beff,2025-12-16 19:33:55,view_history,,,True,
5847,c0f6e47cef8ab16b1aeceeaebbac4ba6,2025-11-03 03:30:43,pay_utility,35563.69,KZ957327847944044618,True,
5848,bf53d579dddde6e7fab010eae1ccbd17,2025-11-19 09:44:19,view_history,,,True,
5849,f78f33dea58c5bd381f6cf2ee7e22bfc,2025-10-17 19:27:37,open_card,,,True,
5850,86da73d1e571db5a82cbd06f6dbc603b,2025-09-19 07:22:52,make_transfer,56493.37,KZ611424837096323787,True,
5851,dcb76e0291742ccaad7a7ab5afbdca1b,2025-10-25 02:26:19,view_balance,,,True,
5852,52a701f3dede7f95cee9fdd8eac7ef3d,2025-09-21 08:30:33,make_transfer,97453.02,KZ950283842710614025,True,
5853,27b9346c35ad3cf3bba1f95c151c2a8d,2025-10-11 06:44:17,make_transfer,34783.08,KZ657220271120815169,True,
5854,b6d90926d78c8d1620b174d37632bae6,2025-09-07 12:41:54,view_history,,,True,
5855,2ec9f2418f4be405aaaceabbe97ae4bb,2025-12-27 09:35:58,view_balance,,,True,
5856,b6f5226ffec368ecabe761850bc9fef6,2025-10-06 00:41:34,view_history,,,True,
5857,b9afef7c82fc561a73bf95901cc01856,2025-09-05 17:39:20,view_history,,,True,
5858,b53f548fbe053dfbdd9bccbf08c1c5e0,2025-11-18 11:03:10,make_transfer,73189.74,KZ249365444241713557,True,
5859,27f09ec3af5988db34e3bfacbda70cb4,2025-11-14 22:30:03,pay_utility,77791.4,KZ311702689174348181,True,
5860,f61fe7fbccb055ec2cfc7dbdcee1b47b,2025-10-03 06:57:31,view_balance,,,True,
5861,6ea4ba30aed92cb2e63fd9b2555f4ef2,2025-10-03 02:36:22,login,,,True,
5862,b0feb4d9ceeb2eaac1acc5f6e3f7199a,2025-11-11 07:07:28,view_balance,,,True,
5863,96d155f8c7e8fbc50b84bb216653c3b9,2025-10-16 05:22:15,view_history,,,True,
5864,00fad70ad1bf4ef8c80e1b61f1c0c73b,2025-11-07 02:58:25,logout,,,True,
5865,aecdb5c5b91ddcbcf6cfed95cb7ffca5,2025-10-13 10:31:03,view_balance,,,True,
5866,d52ec3eda1662365a4abd3f415f044d2,2025-12-02 15:06:15,logout,,,True,
5867,2a1cdb3ad22bfcfa13bc2b4bcd37c68f,2025-11-07 06:26:06,make_transfer,84774.32,KZ394609328391448643,True,
5868,d1f5fb2f3aa17f2f5bbbb859ec6b317c,2025-09-06 23:03:49,make_transfer,62418.12,KZ673106671772743358,True,
5869,9ab8bcfb9b97f73bf653a0deadb5a651,2025-10-02 02:14:32,logout,,,True,
5870,a3eff00e5ee957b9e1e1a3d74634facf,2025-10-07 15:49:10,make_transfer,130182.39,KZ414218705008708062,True,
5871,284aa169d3fcadcfc0203b44cf0db5d4,2025-09-16 22:52:37,view_balance,,,True,
5872,ccc4e34f482b6da9d23b3fee26bd6bae,2025-10-03 16:47:49,login,,,True,
5873,19e46647eaedcaf3534e71515e5b2265,2025-10-17 20:04:20,make_transfer,31883.55,KZ954235890708258949,True,
5874,eebe8236ad1c3cc831cb2cdb16dbd0df,2025-11-20 02:49:38,make_transfer,48387.02,KZ464223226773503375,True,
5875,183b6d7c4ebc704beaba62c2c2234511,2025-11-19 03:39:27,view_balance,,,True,
5876,0ebc18ffbbf6ee4ec25c7cbb34c87af9,2025-09-11 05:16:56,change_password,,,True,
5877,bae4ca8efecf14b7d99be53bd26dad8c,2025-10-26 01:28:37,view_balance,,,True,
5878,872785ac70164cffd66eb0f804fc106f,2025-09-04 00:45:12,open_card,,,True,
5879,47afa7a9bf7ccbefeecdc74faa7bbeb7,2025-10-28 18:11:18,view_history,,,True,
5880,87afff68f9b2be05016f298db1b9de6e,2025-10-07 08:05:44,view_history,,,True,
5881,4039b7d75dcb508f9bcfd7dfa6e3facf,2025-10-12 20:00:56,pay_utility,188702.43,KZ678238448013863742,True,
5882,ba383c76accdb77e407ceb30fc8f76fa,2025-10-13 20:39:59,login,,,True,
5883,4e6fd52db73f60cbfffdd4ce03ff68d2,2025-10-23 15:10:15,make_transfer,66390.39,KZ305631813920309818,True,
5884,29cbefca05bfd28ce43b4c78137cb4ad,2025-11-19 05:11:46,make_transfer,62980.28,KZ851084328366915510,True,
5885,fe2fdca517d6c5db070e88de19d39ce6,2025-10-02 19:17:30,pay_utility,10306.65,KZ805248083177522603,True,
5886,0ff3243aabaa695f1e5addcca29cc443,2025-09-02 22:21:25,login,,,True,
5887,8c18438d8ea8fbfc0fe509046d409ac4,2025-09-29 04:54:15,logout,,,True,
5888,44c9d1bccb5d73fea0c34af4a667eb88,2025-11-30 23:18:44,make_transfer,181385.66,KZ650666617077950348,True,
5889,fab9e1d40aca45a0e1bf8aff233b411e,2025-12-18 02:11:44,pay_utility,86535.23,KZ336347689777472491,True,
5890,e0d86e1cfff3d80b8e18cebc3f02c141,2025-12-24 13:13:40,view_balance,,,True,
5891,fcf1aaae8aedcf090eec65ccededc7d8,2025-10-27 16:41:17,view_history,,,True,
5892,8cd93ddb97ab79ef9b62be7cf64f9231,2025-09-28 14:19:17,login,,,True,
5893,e7fcaebbbfb13d3dcf48458e90dcff8b,2025-12-12 23:24:16,make_transfer,53296.25,KZ132524512905052953,True,
5894,ca713fb6ce5126dafbc1a19bb2fcecc4,2025-11-25 02:26:59,view_history,,,True,
5895,09069d5558b049ef86107c889aa793be,2025-09-24 09:43:13,open_card,,,True,
5896,b6dce1aa1bb7a9c88ec2a2ecfcfdd6e4,2025-12-20 06:27:03,make_transfer,97636.11,KZ010920057076304046,True,
5897,c7eec697e455ac49abb0ada5993df9dd,2025-11-14 07:41:56,logout,,,True,
5898,3ae5950f4e74deaf778b6e3d4ee21dc6,2025-09-03 16:55:13,logout,,,True,
5899,eb1fead2eea8b7cb6a7485cfff5efe4f,2025-12-25 01:38:28,view_history,,,True,
5900,ccd0b2bad685318629da90e5e3b5d87b,2025-11-25 09:46:55,logout,,,True,
5901,cdd7e794c3d83f3b06cb4d62b2c7100c,2025-12-27 15:39:48,change_password,,,True,
5902,e3edfdbfb3f3fad4624bdfbefec8b5be,2025-12-21 15:02:14,view_history,,,True,
5903,011feb7cf1c17f0cb7fb21ec83c8d5fb,2025-10-29 12:09:45,change_password,,,False,timeout
5904,3bbaa5eff8a87ced5cefde58a878b46b,2025-11-04 17:52:31,pay_utility,192208.12,KZ581759545135492149,True,
5905,20514caee4a0b52cd90e8e23bd8bf8bf,2025-09-12 22:58:20,pay_utility,135874.06,KZ010161018269257382,True,
5906,27a679ad3dc5ad9ad1bdf0772acc7c2f,2025-12-22 05:01:01,login,,,True,
5907,cbea41ccba8fde7af50dc7f9d03f1eed,2025-11-16 23:19:08,login,,,True,
5908,9ab8bcfb9b97f73bf653a0deadb5a651,2025-10-02 02:11:36,open_card,,,True,
5909,f20fc591bb2fbd2fc35ebeafa0acddcd,2025-11-16 14:27:47,view_balance,,,True,
5910,e62cada9d7ddbceebf6ee6ae4bc2d774,2025-11-27 07:18:08,logout,,,True,
5911,943b3e1ddebbdbad9aeb587c3eacf6ed,2025-10-17 03:23:28,view_history,,,True,
5912,68905ebf05fe20be9a5e4ce0bf2ac2b0,2025-11-25 01:20:38,make_transfer,91067.89,KZ609388190747876191,True,
5913,d3f8196525819dbbf5edba9deeaa267f,2025-10-21 00:03:04,logout,,,True,
5914,f941d5655cda12b889aabeac3f9e75b2,2025-11-26 00:36:51,login,,,True,
5915,ab3a42de6a7eceae6ebdd0a18b7b7afe,2025-10-12 18:47:40,view_balance,,,True,
5916,1fb19e79f4eb2d7abe8e82d38c0e03db,2025-10-27 17:55:19,change_password,,,True,
5917,d40e5cbf6bfa42dfba2f21ea89ad52cd,2025-10-04 13:15:47,change_password,,,True,
5918,6d1dbd369930349acb144203bcdc9c31,2025-11-07 22:27:14,logout,,,True,
5919,b0eef60b6ce0bf65280a43a26fbcac9f,2025-11-15 22:01:56,login,,,True,
5920,e2e8ded6fe5ca88ee7c3dcad684f7b8a,2025-11-29 17:50:27,make_transfer,126922.36,KZ740080733223163185,True,
5921,bcba9a7e09f484acd8bfff2ec1cbb292,2025-10-18 06:37:21,view_balance,,,True,
5922,040d1e1eed1f4b9f95d896fceff4feca,2025-11-13 22:42:28,login,,,True,
5923,8ce0afaf3712f5d4bd3df21ce65cc317,2025-12-14 22:26:52,view_balance,,,True,
5924,e3e99bab5ee0de045aedf3dd42cc5bb3,2025-12-05 10:24:04,pay_utility,146918.33,KZ298805097787722652,True,
5925,d2abf58e929c8eb303cd3ccb09b623ec,2025-12-26 01:49:06,login,,,True,
5926,ebe55c12a3bc140f9bdaf9df65b094e2,2025-12-13 17:23:58,login,,,True,
5927,5afcee607063fe7f3bb1eccdbaa3f9aa,2025-09-12 02:35:41,change_password,,,True,
5928,5cd2402510f618687a5c0b080632b143,2025-11-20 22:41:34,open_card,,,True,
5929,219c12bf2e9bfbbafccbd9c4831bf0fb,2025-11-09 03:08:59,view_history,,,True,
5930,7b11b69dcffb4da1cdb1eddcbea6bcc3,2025-10-16 20:08:54,change_password,,,True,
5931,b67ac3c66a449dedabadb6e5fbfecef6,2025-10-26 00:12:54,view_balance,,,True,
5932,befff57b95125c7f4ba1a6e4ff6a1485,2025-10-04 22:36:56,logout,,,True,
5933,3d7fe0df7ebde2bfe87ede83b1cdba2e,2025-12-16 16:35:17,change_password,,,True,
5934,bdaa0ce0ccdcc1d0127cfcac2f52372b,2025-10-08 01:07:18,make_transfer,175586.53,KZ454875920372670543,True,
5935,fed16bc16a15b640efd99a04fcfb6afc,2025-10-31 05:06:50,pay_utility,67431.38,KZ063064892217398402,True,
5936,fa8a37f0cc3cb78eaaf538dfb45f8f1d,2025-09-25 04:25:55,pay_utility,158446.77,KZ175980037056327505,True,
5937,a8cbf9b4a868bf8de4ff0a10ebbf18ad,2025-12-18 20:09:23,logout,,,True,
5938,bdeee3b1694bcba6c2afd9801021db0a,2025-09-19 10:16:50,make_transfer,6719.93,KZ691919270645248495,True,
5939,bad41eb45def7dadbc6febc01136d7f8,2025-11-11 06:40:33,change_password,,,True,
5940,6e72fa72de41c2270d333cceb2845ea0,2025-10-17 19:55:49,logout,,,True,
5941,c97dfe777b18dc1fbc3ebca374332e8f,2025-12-03 20:13:49,make_transfer,197007.03,KZ701337812849883968,True,
5942,ffebead627f3a5490b0b995e987e8cbc,2025-09-11 03:27:26,view_balance,,,True,
5943,ddfdbcd8650efbd69cfef8de6492b401,2025-11-07 14:05:17,logout,,,True,
5944,124acd46a62bef926a984b3fa6beef9d,2025-10-10 04:16:43,login,,,True,
5945,9ba4c80f7496407b9cec1acf7bd54476,2025-10-02 07:19:59,view_history,,,True,
5946,2d2de5c0d2548d7cf72d0bada4edb0f4,2025-11-18 11:15:09,logout,,,True,
5947,03b16e44dfe2c58affb6cac9d771ca05,2025-10-29 03:42:12,make_transfer,172760.78,KZ692862568529496807,True,
5948,aafb8df7df1f74e9f6de307dd667bd00,2025-10-12 03:39:37,view_history,,,True,
5949,ab25db6ec1cb9efb0cab73c8dadbe3ad,2025-09-17 07:04:20,view_history,,,True,
5950,e5b35d9fcabdeb758adbe86e771dc6f0,2025-11-22 20:30:44,change_password,,,True,
5951,fbc2f1dd0fdc85cbcdfe6533d16ed926,2025-11-26 20:44:03,change_password,,,True,
5952,84bc73a8af7f1d4fbf8b313dafbc7ab5,2025-12-01 19:59:17,view_history,,,True,
5953,aaedd43475fc27ea2e2199d0808b4aaa,2025-10-28 12:38:04,make_transfer,160630.67,KZ825753930799307942,True,
5954,c0a1ee1b1bd651b3dff7cbae6ce958db,2025-11-28 17:44:42,make_transfer,151679.24,KZ466711319605745435,True,
5955,88daa9cfcc6adaf6ecbc4e15d0ecc360,2025-11-19 17:01:19,logout,,,True,
5956,d2ef62b1542ebeade213c78329221762,2025-09-27 02:15:24,view_balance,,,True,
5957,e7e9bfdf4943cc2ad7ec52c6303a8fe8,2025-09-01 17:07:11,change_password,,,True,
5958,8d4f255ddaa9ca300bda98abcfdefacd,2025-09-06 11:30:27,open_card,,,True,
5959,6b811aeaeadd68e22e2a159d6f8fa5a4,2025-10-29 07:58:01,view_balance,,,True,
5960,3fa7b879f393a3becc4a38d48fbf89f7,2025-09-18 00:56:17,change_password,,,True,
5961,b46bed0eccc829b9f09a073eb6d1773e,2025-09-07 12:54:06,pay_utility,153987.53,KZ906503666462688899,True,
5962,c4e9b8a6e7b333f7ac96db26d81e8a2c,2025-09-13 06:09:52,login,,,True,
5963,3e616678ae2db30e2603d8c6521f0ffd,2025-11-15 19:12:09,logout,,,True,
5964,d08590c2a025a3f6ddae8ef4b06a1663,2025-10-07 02:29:28,change_password,,,True,
5965,c4c925ea56ffda22ad53dbdecae9b9e1,2025-12-27 05:54:09,view_balance,,,True,
5966,2afd6b4f57cde07c6a4d73afee9b8dae,2025-10-29 12:51:11,logout,,,False,timeout
5967,b2f6d24eca3ec2a8ccf65bb808c21a39,2025-12-12 02:52:58,change_password,,,True,
5968,8cb075d06e6cabed47dc1eadd994503c,2025-10-25 03:40:03,pay_utility,118164.15,KZ396795446048094368,True,
5969,c97fff0eaa0e1ba7dfdae1b12c7b7d35,2025-09-24 04:36:36,pay_utility,20276.72,KZ083270817628140719,True,
5970,a79caa1db2cd383e5bc7dcaac9edafcd,2025-11-26 17:04:43,login,,,True,
5971,fcd073df97d44aaaebbe9b11ead11ada,2025-11-18 03:36:55,change_password,,,True,
5972,af57471cde7e6aec1bf5bebba7ec6afe,2025-11-22 16:00:30,pay_utility,130422.38,KZ110889508966418448,True,
5973,d0dc6ddd80628ebccfeef870dfbaa213,2025-10-30 12:12:36,view_history,,,True,
5974,ec60f8b1565fd0c151faaf472fedbe2a,2025-12-18 21:54:27,view_history,,,False,timeout
5975,00a337c0db3bf9d49c33a9fdf5bb9f7e,2025-09-01 00:47:57,pay_utility,9360.81,KZ394905724388418962,True,
5976,8d23d4cbc99e460c9d97f706c9995a8b,2025-09-10 06:05:51,logout,,,False,timeout
5977,abfbcf99db4baf66882afd61a7a8d3d7,2025-11-12 14:21:22,pay_utility,141598.19,KZ627750658759326632,True,
5978,2ffe52bfa9102a6cc0cb07dc5e0b7fbf,2025-11-07 09:47:40,pay_utility,20758.22,KZ286103140295517897,True,
5979,916cc26ff011ab1c94d42ca4cbdf6fad,2025-10-22 14:55:00,pay_utility,51394.19,KZ797669500228711849,True,
5980,bebd06cec44cc2ff62c577eb3cf0f3bf,2025-09-03 11:42:36,logout,,,True,
5981,46b0553cf6da8d3db24ad3e7784dbea4,2025-11-26 13:07:56,login,,,True,
5982,fa3bfff8bb74fffb2ca800d6c8f2ca2f,2025-09-04 23:27:15,logout,,,True,
5983,636e4f66de8d6ae41bc4e7ae20608db6,2025-12-21 00:12:15,logout,,,True,
5984,97b84ead2a3cedd8fbded3bc00dfb3db,2025-11-27 12:17:07,view_balance,,,True,
5985,3527e3ede34aca2a27634a48660bffb8,2025-10-30 13:57:36,open_card,,,True,
5986,ddebabb2e403dec82a9fab6e596ecfde,2025-10-03 04:29:19,pay_utility,192840.81,KZ603687184425705449,True,
5987,e9649d9394e35ae463edc0ce17bec5aa,2025-11-29 05:23:30,view_balance,,,True,
5988,fd373bc6e2b9e4ce36ef558e1a39234e,2025-11-14 11:17:55,logout,,,True,
5989,fcc9aab2ae9e6db6cff75d6c8dea7bca,2025-10-15 01:57:57,pay_utility,75357.38,KZ569664916770860409,True,
5990,6e72fa72de41c2270d333cceb2845ea0,2025-10-17 19:38:44,make_transfer,12617.11,KZ432558610784741702,True,
5991,c3e1e76140f40edee309a868deca5edd,2025-10-17 10:06:16,view_history,,,True,
5992,19cd3dbe93a93eb8ab802e928c1a7e2d,2025-09-14 00:24:59,view_balance,,,True,
5993,ee9e82e468eeab3e3d7b0aae418e3a91,2025-10-21 10:38:03,pay_utility,194119.31,KZ063825989269314359,True,
5994,aba372b02757c9ec5bd2bba80ecaafca,2025-12-29 07:41:45,open_card,,,True,
5995,2161777e7ffdc664da9a079a328c2dc3,2025-11-28 12:07:51,logout,,,True,
5996,f37aaafbe68bee944f698e992030eeb5,2025-12-23 08:55:26,logout,,,True,
5997,8bc227f9dc0bb41e8096deaa7e68afd5,2025-11-02 15:05:19,change_password,,,True,
5998,409f15c7def5fcb2bdbb8d000fc7edb9,2025-12-20 05:26:35,login,,,True,
5999,8d23d4cbc99e460c9d97f706c9995a8b,2025-09-10 06:03:27,view_balance,,,True,
6000,ad82cbc904e41a60b8d4dcbda0dd6572,2025-09-06 16:32:46,open_card,,,True,
