customer_id,first_name,last_name,iin,birth_date,gender,city,segment,manager_id,registered_at,updated_at
1,Вениамин,Козлов,276804025016,2008-11-20,M,Pavlodar,mass,29,2025-12-05 00:42:45,2026-05-04 00:42:45
2,Ирина,Николаева,142271333204,1971-03-14,F,Pavlodar,mass,36,2023-09-24 23:11:09,2023-12-08 23:11:09
3,Елена,Кудрявцева,022021263322,2018-02-19,F,Astana,premium,41,2024-05-18 17:14:56,2024-06-30 17:14:56
4,Варфоломей,Ларионов,965687203229,1988-03-25,M,Karaganda,premium,32,2025-07-16 09:35:43,2025-10-25 09:35:43
5,София,Беляева,757453914781,1974-05-09,F,Pavlodar,premium,5,2025-08-06 15:51:45,2025-11-12 15:51:45
6,Феврония,Родионова,980765261449,1983-08-18,F,Semey,wealth,12,2024-04-29 09:26:44,2024-09-05 09:26:44
7,Амос,Новиков,661757503098,1987-08-03,M,Karaganda,mass,16,2023-07-23 03:40:07,2023-12-15 03:40:07
8,Вадим,Рябов,077145284257,1978-01-17,M,Aktobe,mass,43,2025-10-04 00:28:08,2026-03-19 00:28:08
9,Елизавета,Селезнева,200550700035,1984-12-25,F,Oskemen,mass,35,2024-10-08 07:31:53,2024-11-10 07:31:53
10,Элеонора,Козлова,104447690438,1982-04-22,F,Karaganda,mass,35,2025-04-26 08:08:34,2025-08-18 08:08:34
11,Феликс,Лазарев,294850989981,2003-07-27,M,Oskemen,mass,26,2024-10-24 18:42:31,2024-11-08 18:42:31
12,Трифон,Гаврилов,972677641207,1965-06-20,M,Taraz,mass,4,2024-12-07 23:35:44,2025-05-05 23:35:44
13,Елена,Третьякова,901562182564,2012-05-12,F,Atyrau,premium,21,2024-08-03 07:49:57,2024-10-08 07:49:57
14,Харитон,Матвеев,216499065055,1971-11-19,M,Taraz,mass,16,2024-02-14 01:39:45,2024-05-18 01:39:45
15,Агата,Мишина,769608269111,2009-08-19,F,Shymkent,mass,19,2025-07-22 09:06:26,2025-12-23 09:06:26
16,Гордей,Игнатов,624980420762,1999-08-22,M,Semey,premium,28,2023-12-27 13:46:17,2024-05-18 13:46:17
17,Панфил,Александров,958511387882,1982-05-21,M,Astana,mass,50,2025-09-07 21:03:16,2026-01-28 21:03:16
18,Ирина,Степанова,921714197467,1982-04-06,F,Aktobe,mass,45,2023-04-08 04:12:51,2023-05-05 04:12:51
19,Екатерина,Кондратьева,284372013892,2017-07-20,F,Semey,mass,44,2023-07-21 22:05:30,2023-12-05 22:05:30
20,Лукия,Орлова,919214736535,1982-11-07,F,Almaty,premium,28,2023-05-14 23:52:04,2023-05-14 23:52:04
21,Вадим,Щербаков,966195636516,1994-01-05,M,Shymkent,premium,37,2024-12-23 10:55:18,2025-03-10 10:55:18
22,Антонина,Ефимова,276346579762,2019-07-23,F,Atyrau,mass,6,2024-06-17 23:40:42,2024-12-26 23:40:42
23,Мечислав,Елисеев,102480461642,2018-11-09,M,Almaty,wealth,50,2024-02-11 14:45:09,2024-03-09 14:45:09
24,Иванна,Константинова,502848695986,2005-04-14,F,Pavlodar,wealth,36,2025-05-20 18:08:16,2025-09-11 18:08:16
25,Аникей,Артемьев,782742472380,1973-07-13,M,Karaganda,mass,45,2023-11-30 08:31:44,2024-01-08 08:31:44
26,Родион,Беляков,542495687303,1994-12-27,M,Pavlodar,premium,48,2025-10-26 10:33:39,2026-05-02 10:33:39
27,Владилен,Туров,436778995956,1967-07-13,M,Pavlodar,mass,30,2024-08-18 16:42:33,2024-10-03 16:42:33
28,Наркис,Федоров,438294847092,1966-02-26,M,Almaty,wealth,2,2025-04-08 11:39:47,2025-06-10 11:39:47
29,Устин,Анисимов,241942369771,1987-11-27,M,Astana,premium,2,2023-08-24 23:20:51,2023-11-11 23:20:51
30,Юлия,Доронина,582636875056,1966-03-09,F,Semey,premium,22,2024-11-19 01:47:56,2024-11-22 01:47:56
31,Майя,Игнатьева,968747928544,2013-02-25,F,Aktobe,mass,16,2023-09-10 08:53:33,2023-10-02 08:53:33
32,Евдокия,Крюкова,463081273872,1960-11-28,F,Semey,mass,6,2023-07-12 09:44:12,2023-09-11 09:44:12
33,Ангелина,Соловьева,664702635454,2009-05-18,F,Taraz,mass,45,2024-08-17 06:11:45,2024-12-11 06:11:45
34,Елизавета,Мамонтова,737961725759,1977-05-31,F,Aktobe,mass,24,2025-02-20 15:45:53,2025-04-06 15:45:53
35,Кира,Федорова,295618485441,1964-08-10,F,Aktobe,wealth,31,2025-12-16 01:25:52,2026-01-14 01:25:52
36,Игорь,Князев,601539176725,2000-06-01,M,Oskemen,mass,38,2024-11-15 08:55:24,2025-03-04 08:55:24
37,Антонина,Щербакова,907620251464,1962-12-05,F,Karaganda,mass,46,2024-05-27 04:56:21,2024-08-07 04:56:21
38,Ирина,Панова,275811212107,2013-05-20,F,Atyrau,mass,29,2025-10-19 02:45:01,2025-11-19 02:45:01
39,Майя,Сорокина,954004320985,1961-11-10,F,Aktobe,premium,3,2024-01-25 14:15:35,2024-08-07 14:15:35
40,Моисей,Казаков,915640336836,1985-11-09,M,Pavlodar,wealth,49,2024-09-05 07:18:32,2025-01-23 07:18:32
41,Епифан,Агафонов,394596541376,1964-08-18,M,Karaganda,mass,36,2024-09-21 21:39:44,2024-10-24 21:39:44
42,Ираида,Филатова,067730428196,1973-10-24,F,Oskemen,premium,19,2024-10-08 01:28:53,2025-02-15 01:28:53
43,Анжела,Кошелева,411571078372,1960-03-25,F,Aktobe,premium,20,2024-10-31 08:29:45,2025-03-30 08:29:45
44,Глафира,Лукина,437398923843,2002-06-07,F,Pavlodar,mass,43,2023-07-28 19:31:26,2024-01-10 19:31:26
45,Иннокентий,Сорокин,931809018907,1983-10-11,M,Taraz,premium,45,2024-08-10 22:51:28,2024-11-19 22:51:28
46,Роман,Щербаков,833778006997,1998-12-07,M,Astana,wealth,41,2023-08-11 13:05:17,2024-02-07 13:05:17
47,Касьян,Стрелков,907231557108,2015-08-06,M,Karaganda,mass,38,2024-10-02 18:15:41,2024-11-07 18:15:41
48,Федосий,Поляков,208961435642,1987-02-07,M,Karaganda,mass,31,2024-09-14 03:43:31,2024-10-11 03:43:31
49,Любосмысл,Одинцов,260830879978,1985-09-04,M,Karaganda,premium,23,2024-12-05 05:37:24,2025-01-30 05:37:24
50,Аполлон,Данилов,768696345702,1997-04-11,M,Shymkent,mass,9,2024-04-04 15:16:12,2024-08-20 15:16:12
51,Александра,Константинова,828487319198,1995-08-27,F,Semey,mass,6,2024-07-05 07:01:43,2024-10-14 07:01:43
52,Лука,Власов,372363646936,2018-02-07,M,Astana,premium,30,2025-04-04 06:52:31,2025-09-30 06:52:31
53,Ираида,Голубева,009125339655,1973-11-11,F,Pavlodar,premium,7,2024-03-06 10:52:52,2024-07-09 10:52:52
54,Екатерина,Сысоева,349806593311,2000-10-17,F,Astana,premium,14,2023-05-14 15:57:16,2023-10-25 15:57:16
55,Ферапонт,Шашков,728558277529,1971-08-30,M,Semey,mass,12,2025-11-09 13:44:52,2025-12-07 13:44:52
56,Лука,Соболев,750214104354,1979-11-16,M,Atyrau,mass,47,2025-08-18 23:37:10,2026-03-06 23:37:10
57,Полина,Афанасьева,984174831165,1989-03-04,F,Pavlodar,premium,34,2024-09-17 03:58:57,2024-12-01 03:58:57
58,Оксана,Баранова,716858484837,1988-01-15,F,Pavlodar,mass,43,2024-07-31 04:32:54,2024-10-04 04:32:54
59,Иванна,Кудрявцева,400473109564,2019-09-09,F,Pavlodar,wealth,47,2023-04-29 19:16:01,2023-05-12 19:16:01
60,Зинаида,Кононова,526218375889,2015-10-11,F,Atyrau,premium,42,2024-04-25 14:37:54,2024-09-14 14:37:54
61,Феликс,Беляков,217330854160,2007-08-04,M,Karaganda,mass,27,2024-04-16 02:06:16,2024-08-10 02:06:16
62,Иванна,Дементьева,395817004464,1979-05-04,F,Semey,mass,23,2025-07-22 12:40:14,2025-11-09 12:40:14
63,Фотий,Котов,460350321230,1998-08-20,M,Shymkent,mass,25,2025-03-15 02:16:23,2025-07-29 02:16:23
64,Фортунат,Власов,808009855741,1961-11-14,M,Taraz,mass,40,2024-08-05 06:06:18,2024-11-30 06:06:18
65,Майя,Полякова,255333315159,1991-05-06,F,Taraz,premium,42,2025-10-01 10:05:54,2025-11-07 10:05:54
66,Всеслав,Панфилов,117096455686,2016-01-11,M,Taraz,wealth,41,2025-09-16 19:43:48,2025-12-05 19:43:48
67,Семен,Тарасов,675304032690,2013-04-18,M,Semey,mass,30,2024-10-06 21:29:32,2025-03-03 21:29:32
68,Анисим,Самойлов,341018375124,1999-06-03,M,Semey,premium,40,2024-09-26 05:18:48,2024-11-05 05:18:48
69,Валерия,Степанова,760633532896,1973-06-28,F,Taraz,mass,38,2024-12-14 14:35:34,2025-06-01 14:35:34
70,Гордей,Вишняков,635933786876,2007-03-23,M,Astana,premium,43,2023-06-06 12:40:19,2023-09-22 12:40:19
71,Наталья,Кириллова,937191275575,2019-05-21,F,Taraz,wealth,40,2025-12-12 12:40:49,2026-01-14 12:40:49
72,Ангелина,Блинова,669703796772,1981-06-16,F,Aktobe,wealth,31,2025-07-26 18:48:07,2025-09-13 18:48:07
73,Марина,Кириллова,775411680439,2006-04-14,F,Astana,mass,6,2024-02-05 05:31:31,2024-08-18 05:31:31
74,Руслан,Лобанов,149243005293,1962-07-12,M,Taraz,mass,46,2025-03-26 09:02:28,2025-09-08 09:02:28
75,Зоя,Лыткина,286174002857,2007-05-08,F,Pavlodar,mass,50,2023-10-12 19:51:58,2023-12-24 19:51:58
76,Фадей,Самойлов,474195052146,1981-07-31,M,Atyrau,mass,12,2025-02-25 20:56:45,2025-08-14 20:56:45
77,Автоном,Федосеев,575080337302,2018-12-13,M,Astana,wealth,38,2024-07-12 12:55:27,2025-01-16 12:55:27
78,Валерия,Федосеева,368694117902,1977-11-23,F,Almaty,mass,20,2025-08-16 22:37:26,2025-12-25 22:37:26
79,Синклитикия,Ситникова,062806274449,1990-06-01,F,Shymkent,mass,45,2023-09-18 06:29:44,2024-01-23 06:29:44
80,Ираида,Комиссарова,044912132471,1999-10-28,F,Taraz,mass,3,2023-05-29 07:42:09,2023-12-01 07:42:09
81,Лукия,Макарова,990638691670,1966-01-12,F,Karaganda,wealth,42,2024-04-10 10:42:20,2024-07-12 10:42:20
82,Кира,Кудряшова,143401332901,2006-06-13,F,Pavlodar,premium,8,2024-12-03 05:57:22,2025-02-08 05:57:22
83,Галина,Панова,294184840683,1991-03-03,F,Astana,premium,35,2024-01-10 09:46:21,2024-03-24 09:46:21
84,Агата,Пестова,967512170538,2009-06-28,F,Shymkent,premium,6,2023-08-12 18:14:15,2023-08-28 18:14:15
85,Иванна,Лыткина,578096463876,1976-04-28,F,Shymkent,mass,33,2024-11-18 01:13:30,2024-12-02 01:13:30
86,Сидор,Фадеев,192952019266,1968-05-19,M,Semey,premium,11,2024-07-18 19:40:50,2024-12-16 19:40:50
87,Денис,Селезнев,939080972256,1962-09-19,M,Oskemen,premium,35,2025-07-08 02:20:14,2025-09-20 02:20:14
88,Валентина,Беспалова,620044263778,1995-10-09,F,Shymkent,wealth,24,2024-08-23 16:08:09,2025-01-01 16:08:09
89,Ярослав,Петухов,220236281353,1974-04-18,M,Oskemen,premium,30,2025-02-07 16:30:53,2025-06-14 16:30:53
90,Прасковья,Кошелева,592304864584,1983-09-23,F,Taraz,wealth,26,2024-08-08 23:54:35,2024-11-09 23:54:35
91,Евстафий,Степанов,150572961937,1990-06-03,M,Semey,mass,49,2024-11-15 22:23:25,2024-12-21 22:23:25
92,Мстислав,Фадеев,007851819336,1986-11-05,M,Atyrau,mass,33,2024-04-23 07:34:28,2024-08-31 07:34:28
93,Галина,Потапова,836957760497,2011-11-24,F,Atyrau,mass,47,2024-01-05 05:40:30,2024-01-18 05:40:30
94,Светлана,Русакова,681609103164,2014-11-09,F,Oskemen,wealth,48,2025-07-09 07:19:14,2026-01-11 07:19:14
95,Август,Моисеев,594394556868,1983-09-19,M,Atyrau,mass,13,2024-01-08 19:26:47,2024-03-11 19:26:47
96,Лидия,Емельянова,776445972558,1995-05-25,F,Taraz,wealth,10,2024-06-07 14:45:41,2024-08-20 14:45:41
97,Адам,Макаров,967282521720,2007-08-23,M,Karaganda,premium,15,2025-03-11 01:54:38,2025-03-24 01:54:38
98,Митофан,Шашков,170594984193,2017-12-11,M,Almaty,wealth,6,2024-11-02 13:14:30,2025-04-17 13:14:30
99,Леон,Журавлев,991819934999,1963-05-12,M,Almaty,mass,37,2024-07-01 00:13:06,2024-12-02 00:13:06
100,Арефий,Журавлев,954984111421,1990-03-30,M,Aktobe,premium,44,2023-05-25 13:41:31,2023-12-04 13:41:31
101,Ферапонт,Блохин,885061132227,1989-07-28,M,Aktobe,premium,47,2025-07-04 04:05:20,2025-11-27 04:05:20
102,Богдан,Михайлов,264169876693,1979-10-24,M,Karaganda,mass,31,2025-04-07 03:36:16,2025-05-16 03:36:16
103,Пелагея,Авдеева,797887657553,2010-08-12,F,Astana,mass,36,2023-11-26 04:36:34,2024-04-03 04:36:34
104,Архип,Мишин,351250584540,2001-06-25,M,Aktobe,premium,2,2024-05-23 06:50:50,2024-09-01 06:50:50
105,Синклитикия,Комиссарова,503099090477,2017-12-11,F,Pavlodar,mass,25,2023-09-16 23:12:47,2024-01-08 23:12:47
106,Василиса,Гусева,818193198794,2008-11-04,F,Pavlodar,premium,25,2024-12-11 21:16:18,2025-02-07 21:16:18
107,Савелий,Блохин,187066982054,1964-05-14,M,Karaganda,premium,3,2024-09-15 12:50:43,2024-12-26 12:50:43
108,Таисия,Сергеева,805287356331,2019-03-25,F,Semey,mass,27,2025-05-05 06:46:12,2025-07-20 06:46:12
109,Иванна,Лобанова,716503635642,1976-06-30,F,Semey,mass,16,2025-10-29 06:22:04,2025-12-25 06:22:04
110,Элеонора,Родионова,404453230435,1977-02-01,F,Almaty,mass,25,2023-08-05 01:50:09,2024-01-24 01:50:09
111,Еремей,Гущин,775483909919,2002-12-19,M,Karaganda,premium,39,2023-07-20 21:47:09,2024-01-16 21:47:09
112,Тимур,Симонов,735325409489,1993-04-04,M,Taraz,mass,3,2024-11-19 16:24:40,2025-04-12 16:24:40
113,Евстигней,Кулаков,557212525937,2003-11-02,M,Oskemen,mass,11,2023-12-02 19:58:44,2024-06-06 19:58:44
114,Ксения,Власова,495600896748,1980-10-05,F,Astana,premium,10,2025-07-10 19:13:26,2025-07-12 19:13:26
115,Мстислав,Быков,666440505290,1998-08-18,M,Shymkent,mass,7,2024-07-31 09:36:57,2024-12-12 09:36:57
116,Софрон,Савельев,237094262809,2018-04-21,M,Almaty,mass,26,2025-04-28 17:20:27,2025-08-03 17:20:27
117,Варвара,Крылова,014475805028,2010-11-06,F,Oskemen,mass,3,2024-06-13 08:56:20,2024-07-02 08:56:20
118,Елена,Голубева,093957730128,1994-11-29,F,Semey,mass,25,2023-06-24 06:23:18,2024-01-03 06:23:18
119,Мартьян,Лебедев,590483793702,2000-06-02,M,Oskemen,mass,23,2023-10-13 01:13:55,2024-03-02 01:13:55
120,Феврония,Жданова,606770176731,1960-06-19,F,Aktobe,mass,24,2024-10-14 18:16:23,2025-04-26 18:16:23
121,Елизавета,Сафонова,455105578047,2010-03-13,F,Karaganda,premium,34,2025-09-17 19:54:49,2025-10-30 19:54:49
122,Елена,Иванова,211227397464,1972-02-26,F,Aktobe,mass,26,2025-07-10 19:42:41,2025-10-03 19:42:41
123,Анжела,Рогова,486536641337,2016-10-11,F,Oskemen,premium,16,2023-09-29 13:31:39,2023-12-21 13:31:39
124,Анастасия,Данилова,919170792780,1996-09-14,F,Oskemen,mass,41,2025-03-18 11:36:53,2025-06-03 11:36:53
125,Артем,Лихачев,434555984097,2008-03-02,M,Atyrau,premium,6,2025-04-16 02:50:15,2025-05-13 02:50:15
126,Амос,Самойлов,609637940255,2012-01-30,M,Atyrau,mass,29,2024-02-26 02:37:50,2024-05-31 02:37:50
127,Лора,Богданова,530149191342,2003-04-29,F,Taraz,mass,7,2024-09-12 02:22:16,2025-01-02 02:22:16
128,Раиса,Фролова,818661921159,1980-10-19,F,Pavlodar,premium,12,2025-02-07 21:40:58,2025-03-26 21:40:58
129,Ирина,Агафонова,844022775753,1977-09-05,F,Oskemen,mass,17,2024-11-20 23:12:21,2025-05-10 23:12:21
130,Пелагея,Соболева,331341689563,1981-05-27,F,Aktobe,mass,12,2024-07-08 03:39:22,2024-10-11 03:39:22
131,Тимур,Титов,131666954134,1964-10-22,M,Taraz,mass,32,2024-07-25 11:33:22,2024-08-28 11:33:22
132,Филимон,Игнатьев,644741572022,2001-01-10,M,Atyrau,premium,50,2023-09-18 11:24:28,2024-04-01 11:24:28
133,Олимпиада,Николаева,178380759187,1986-09-16,F,Almaty,mass,17,2024-06-16 07:52:24,2024-09-13 07:52:24
134,Савватий,Константинов,285376112203,1985-03-20,M,Atyrau,premium,11,2024-10-07 20:10:09,2024-12-28 20:10:09
135,Надежда,Пономарева,598174026711,1988-11-23,F,Karaganda,wealth,44,2025-03-09 05:42:06,2025-06-17 05:42:06
136,Антонина,Белова,630774768445,1968-05-10,F,Oskemen,premium,43,2025-08-07 05:19:43,2026-02-01 05:19:43
137,Нина,Казакова,398432518787,1964-02-14,F,Astana,premium,30,2023-08-13 21:09:26,2023-08-17 21:09:26
138,Панфил,Тихонов,092616192623,2018-03-20,M,Shymkent,mass,26,2023-05-24 18:31:31,2023-10-31 18:31:31
139,Октябрина,Князева,400205540318,1971-11-10,F,Oskemen,mass,15,2023-12-18 01:11:46,2024-03-25 01:11:46
140,Аполлинарий,Муравьев,323886605613,1979-02-11,M,Shymkent,mass,40,2023-12-13 20:53:40,2024-06-05 20:53:40
141,Антонина,Семенова,175393120566,1962-05-28,F,Aktobe,mass,34,2023-08-03 17:54:03,2024-01-05 17:54:03
142,Олимпий,Артемьев,089414559991,2010-12-28,M,Pavlodar,mass,35,2023-11-26 11:41:19,2024-05-18 11:41:19
143,Мартьян,Лаврентьев,002007565470,2008-02-20,M,Semey,premium,10,2023-11-10 08:10:56,2024-01-20 08:10:56
144,Велимир,Крылов,285368606780,1967-09-26,M,Pavlodar,mass,30,2025-02-16 21:27:02,2025-07-22 21:27:02
145,Евдоким,Пономарев,717719577117,1984-02-10,M,Astana,wealth,2,2025-02-17 02:12:18,2025-05-13 02:12:18
146,Синклитикия,Третьякова,750434532157,1980-06-28,F,Semey,mass,3,2025-03-27 07:55:44,2025-03-30 07:55:44
147,Вышеслав,Родионов,919087622938,2011-04-11,M,Taraz,mass,33,2025-11-13 08:36:36,2026-05-04 08:36:36
148,Добромысл,Матвеев,990428350253,2015-11-13,M,Karaganda,mass,24,2025-06-30 16:08:27,2025-11-28 16:08:27
149,Октябрина,Крылова,571905660373,1987-08-03,F,Astana,mass,34,2023-10-31 17:13:03,2023-12-30 17:13:03
150,Анжела,Зуева,202848475563,2013-02-06,F,Atyrau,mass,28,2024-08-14 22:50:15,2025-01-30 22:50:15
151,Ульян,Комаров,387732027511,2001-10-23,M,Taraz,mass,8,2025-05-02 14:43:06,2025-09-16 14:43:06
152,Алла,Кулагина,480837628179,1995-07-20,F,Semey,mass,44,2023-04-18 17:31:41,2023-07-03 17:31:41
153,София,Дьячкова,855017107214,2016-07-18,F,Astana,premium,38,2023-09-13 18:58:35,2023-11-18 18:58:35
154,Агафон,Лыткин,680881909474,1994-05-03,M,Pavlodar,mass,23,2025-12-08 21:47:03,2026-01-31 21:47:03
155,Вадим,Гущин,166648403467,1982-05-09,M,Semey,wealth,2,2025-03-24 15:31:04,2025-06-29 15:31:04
156,Жанна,Сергеева,353205082843,2012-05-23,F,Karaganda,mass,7,2024-08-26 06:09:29,2024-10-28 06:09:29
157,Орест,Мартынов,909287388158,1992-03-09,M,Atyrau,mass,46,2025-04-02 06:07:10,2025-09-28 06:07:10
158,Ольга,Соболева,519843402250,2015-02-04,F,Karaganda,wealth,9,2023-05-05 05:23:51,2023-07-31 05:23:51
159,Олег,Лихачев,171153076533,1974-02-17,M,Pavlodar,wealth,41,2023-06-04 13:56:59,2023-10-06 13:56:59
160,Анастасия,Сергеева,863683721075,2010-11-29,F,Almaty,mass,39,2025-07-05 01:24:16,2025-09-24 01:24:16
161,Натан,Смирнов,430336986730,1978-10-23,M,Karaganda,premium,5,2024-03-16 05:53:01,2024-06-13 05:53:01
162,Мария,Белоусова,044148338757,1980-03-27,F,Shymkent,mass,5,2023-10-17 20:14:00,2023-10-25 20:14:00
163,Оксана,Дмитриева,013758056409,1974-10-20,F,Atyrau,mass,11,2025-12-10 13:43:54,2025-12-23 13:43:54
164,Панфил,Игнатов,677222058134,1986-06-04,M,Atyrau,mass,13,2025-01-25 17:47:34,2025-02-18 17:47:34
165,Федор,Нестеров,941748263331,1964-01-02,M,Aktobe,mass,30,2025-06-02 18:19:42,2025-08-08 18:19:42
166,Севастьян,Степанов,160684720359,2002-08-07,M,Atyrau,mass,31,2023-08-26 15:23:57,2023-11-10 15:23:57
167,Евграф,Анисимов,555919491210,1967-01-11,M,Pavlodar,mass,41,2024-11-21 01:57:28,2024-12-28 01:57:28
168,Екатерина,Меркушева,033324876544,1973-04-18,F,Atyrau,premium,38,2025-02-06 00:01:09,2025-08-19 00:01:09
169,Арефий,Савин,125343460216,1996-01-15,M,Almaty,mass,22,2023-05-28 20:23:11,2023-11-20 20:23:11
170,Тит,Семенов,233738869237,1988-10-14,M,Aktobe,premium,27,2025-11-10 00:29:02,2026-04-13 00:29:02
171,Лонгин,Павлов,877885135188,1962-08-06,M,Shymkent,mass,13,2025-06-21 09:46:02,2025-07-05 09:46:02
172,Антип,Логинов,313439624494,2009-06-18,M,Taraz,mass,11,2025-11-27 09:56:02,2026-02-01 09:56:02
173,Самсон,Овчинников,159866240770,1971-11-14,M,Shymkent,premium,1,2025-03-14 23:35:57,2025-05-10 23:35:57
174,Светлана,Яковлева,643324683156,1993-07-28,F,Semey,premium,39,2024-04-17 14:14:15,2024-09-19 14:14:15
175,Анастасия,Кондратьева,096827821788,2013-10-30,F,Pavlodar,premium,21,2025-02-28 02:53:30,2025-08-21 02:53:30
176,Симон,Федоров,924307517257,1992-02-29,M,Semey,mass,11,2023-12-23 23:18:29,2024-06-08 23:18:29
177,Дорофей,Виноградов,775998622848,1993-05-06,M,Aktobe,premium,19,2025-03-05 20:29:52,2025-07-01 20:29:52
178,Чеслав,Виноградов,590858320812,1996-09-16,M,Atyrau,mass,10,2024-09-05 22:04:20,2024-11-24 22:04:20
179,Измаил,Маслов,616027174706,2016-10-31,M,Pavlodar,mass,28,2023-10-25 21:28:39,2024-02-24 21:28:39
180,Варвара,Фокина,798750072831,2005-02-26,F,Atyrau,mass,11,2025-12-26 22:25:48,2026-01-11 22:25:48
181,Филарет,Крылов,554619471980,1980-02-15,M,Shymkent,mass,47,2025-02-28 14:30:14,2025-03-05 14:30:14
182,Фока,Кириллов,736765018014,1971-02-01,M,Semey,mass,31,2025-08-26 12:14:19,2026-02-21 12:14:19
183,Андрон,Орехов,041567485627,2004-08-26,M,Karaganda,premium,13,2025-06-03 01:16:20,2025-12-19 01:16:20
184,Анжелика,Гаврилова,720429306986,1973-05-19,F,Astana,wealth,33,2023-09-01 07:47:38,2023-09-20 07:47:38
185,Фортунат,Воронцов,492088836418,1964-02-12,M,Almaty,wealth,9,2023-06-18 15:18:46,2023-12-04 15:18:46
186,Станимир,Веселов,927331448644,1974-12-18,M,Astana,mass,45,2025-01-28 12:02:32,2025-08-01 12:02:32
187,Казимир,Ершов,945467688784,2003-10-16,M,Astana,mass,29,2023-05-10 18:53:34,2023-05-21 18:53:34
188,Лонгин,Журавлев,767559635706,1982-04-20,M,Oskemen,mass,43,2025-04-07 03:40:00,2025-09-27 03:40:00
189,Иванна,Афанасьева,061888042902,2017-09-18,F,Pavlodar,mass,16,2025-07-31 06:02:21,2025-08-20 06:02:21
190,Василиса,Агафонова,841461450066,1987-04-30,F,Semey,premium,14,2024-10-02 05:31:55,2025-03-18 05:31:55
191,Клавдия,Рыбакова,024564671723,2016-11-05,F,Aktobe,premium,34,2023-05-02 13:36:08,2023-08-05 13:36:08
192,Лука,Гущин,874211828137,1964-03-03,M,Atyrau,mass,50,2025-11-14 18:28:52,2026-03-09 18:28:52
193,Анжела,Кузнецова,907545979618,1969-04-16,F,Pavlodar,premium,39,2024-02-25 05:27:52,2024-07-29 05:27:52
194,Оксана,Ефремова,972994147727,1988-02-29,F,Semey,premium,14,2024-08-01 11:33:22,2024-09-21 11:33:22
195,Феоктист,Комаров,369695631345,2019-11-08,M,Pavlodar,premium,48,2024-03-31 01:41:17,2024-08-14 01:41:17
196,Анжела,Белякова,501617122862,2008-07-20,F,Almaty,mass,29,2023-07-16 10:09:00,2023-08-11 10:09:00
197,Ермил,Селезнев,277269399350,1982-07-19,M,Karaganda,premium,50,2023-12-01 03:24:36,2024-03-23 03:24:36
198,Капитон,Титов,675679216115,1993-11-03,M,Almaty,mass,18,2023-06-11 03:14:15,2023-10-31 03:14:15
199,Любовь,Бобылева,237113096645,1992-02-15,F,Astana,wealth,46,2025-08-19 18:22:06,2025-11-08 18:22:06
200,Архип,Бобылев,715438632964,2010-05-11,M,Almaty,mass,43,2023-04-26 18:26:56,2023-07-23 18:26:56
201,Зинаида,Фомина,696399352983,2005-08-22,F,Oskemen,mass,3,2025-04-28 03:20:02,2025-07-12 03:20:02
202,Кондратий,Яковлев,195006784157,1999-01-17,M,Astana,premium,44,2025-02-05 07:54:54,2025-03-16 07:54:54
203,Порфирий,Щукин,007552236406,2007-12-25,M,Almaty,premium,47,2024-09-16 01:38:58,2025-02-21 01:38:58
204,Тихон,Крюков,709173074364,2007-11-10,M,Karaganda,mass,48,2023-11-17 00:22:58,2024-02-25 00:22:58
205,Клавдия,Костина,697739551055,1967-08-21,F,Aktobe,mass,48,2023-04-22 03:50:41,2023-10-28 03:50:41
206,Светлана,Кузнецова,811621650795,2017-11-01,F,Semey,mass,19,2025-05-28 10:02:19,2025-11-15 10:02:19
207,Фадей,Петухов,593622014366,1973-09-02,M,Atyrau,premium,24,2025-04-18 20:47:14,2025-07-07 20:47:14
208,Валентина,Субботина,776236344741,2017-11-30,F,Atyrau,mass,18,2025-07-11 23:39:45,2025-08-15 23:39:45
209,Всеволод,Белоусов,000505459559,2002-05-09,M,Shymkent,mass,26,2025-04-05 00:03:20,2025-06-01 00:03:20
210,Валерия,Белозерова,030299671155,1973-02-11,F,Oskemen,mass,3,2025-08-15 09:27:28,2025-10-10 09:27:28
211,Валентина,Кононова,265739806196,1984-07-14,F,Aktobe,premium,35,2025-05-07 21:43:37,2025-09-29 21:43:37
212,Фадей,Степанов,580292483780,1972-06-19,M,Oskemen,mass,15,2024-12-10 03:35:37,2024-12-29 03:35:37
213,Ираида,Боброва,371287442180,1963-11-14,F,Shymkent,premium,38,2025-05-28 19:48:50,2025-07-08 19:48:50
214,Эрнест,Никитин,502195507620,2000-04-19,M,Atyrau,mass,31,2024-03-26 07:57:03,2024-05-08 07:57:03
215,Мефодий,Ершов,781627345231,1978-02-25,M,Semey,wealth,33,2023-09-02 10:21:51,2024-02-24 10:21:51
216,Иванна,Селезнева,195857069509,2018-03-31,F,Pavlodar,premium,27,2023-09-06 19:21:54,2023-12-09 19:21:54
217,Селиван,Максимов,947389854279,1967-07-09,M,Aktobe,premium,35,2024-01-16 07:32:46,2024-04-29 07:32:46
218,Алла,Тарасова,751066331628,1997-12-31,F,Atyrau,mass,40,2025-06-20 23:14:13,2025-08-29 23:14:13
219,Наталья,Никонова,743523377867,2000-01-25,F,Shymkent,mass,14,2023-11-18 17:33:25,2024-03-27 17:33:25
220,Ирина,Соловьева,660368846023,2014-08-21,F,Almaty,premium,25,2023-10-18 13:08:25,2024-01-28 13:08:25
221,Агата,Миронова,864268205521,1963-03-27,F,Taraz,mass,42,2024-01-02 04:56:11,2024-01-02 04:56:11
222,Владислав,Кабанов,335570028939,1984-10-21,M,Karaganda,premium,13,2025-10-03 15:10:35,2026-01-27 15:10:35
223,Иванна,Сорокина,410298988569,2010-07-10,F,Oskemen,wealth,16,2024-05-21 23:43:49,2024-11-30 23:43:49
224,Нинель,Жданова,884237278435,1983-08-17,F,Karaganda,mass,6,2023-04-21 09:16:31,2023-08-01 09:16:31
225,Наталья,Шилова,438296941782,1978-03-11,F,Karaganda,wealth,40,2025-10-14 06:00:49,2026-01-13 06:00:49
226,Авксентий,Макаров,094089833885,1984-08-24,M,Oskemen,mass,49,2023-10-25 20:52:02,2024-03-03 20:52:02
227,Анжела,Фокина,154903874153,1960-10-02,F,Almaty,premium,14,2024-11-18 16:11:24,2025-02-23 16:11:24
228,Геннадий,Некрасов,252463427382,1976-02-20,M,Atyrau,mass,37,2025-01-31 12:20:05,2025-07-25 12:20:05
229,Анатолий,Щукин,858187404186,2007-11-27,M,Taraz,wealth,32,2023-09-19 20:13:43,2023-12-04 20:13:43
230,Маргарита,Логинова,012280723583,1996-12-09,F,Astana,mass,44,2024-06-03 05:56:35,2024-11-05 05:56:35
231,Устин,Куликов,592357406498,2017-06-20,M,Taraz,mass,41,2024-05-19 05:18:19,2024-10-22 05:18:19
232,Нина,Гусева,336763879754,1975-01-04,F,Shymkent,wealth,2,2023-08-14 21:54:50,2023-09-15 21:54:50
233,Андроник,Тимофеев,723094075916,1967-07-25,M,Pavlodar,mass,15,2024-02-22 15:12:16,2024-04-25 15:12:16
234,Майя,Мясникова,510398489519,2008-05-19,F,Shymkent,premium,39,2024-10-03 03:51:52,2025-01-27 03:51:52
235,Алина,Мясникова,335843230883,2002-02-03,F,Semey,mass,45,2024-07-12 03:19:26,2024-11-14 03:19:26
236,Людмила,Никитина,757518427682,1967-02-08,F,Pavlodar,premium,16,2025-02-27 23:10:33,2025-07-09 23:10:33
237,Зинаида,Харитонова,848126626100,2007-12-29,F,Almaty,mass,7,2025-03-14 03:12:26,2025-05-25 03:12:26
238,Валентина,Казакова,000247436007,1973-02-08,F,Almaty,mass,50,2025-08-24 01:31:14,2025-12-02 01:31:14
239,Федот,Доронин,823097392917,1968-06-05,M,Semey,premium,14,2024-06-22 08:48:48,2024-10-21 08:48:48
240,Надежда,Турова,177514230692,1998-12-13,F,Taraz,mass,11,2024-02-02 14:00:40,2024-04-12 14:00:40
241,Якуб,Дементьев,566172463970,1991-11-23,M,Shymkent,premium,35,2024-11-20 16:59:58,2024-12-17 16:59:58
242,Герман,Стрелков,778416318442,2003-12-20,M,Karaganda,premium,12,2024-08-18 16:39:25,2025-01-04 16:39:25
243,Жанна,Князева,858154854757,1961-09-05,F,Atyrau,wealth,24,2025-02-02 00:30:43,2025-08-19 00:30:43
244,Гремислав,Туров,981671243060,1971-08-23,M,Shymkent,wealth,3,2025-02-05 00:55:18,2025-03-28 00:55:18
245,Демьян,Бобылев,586572360924,1967-03-05,M,Oskemen,wealth,41,2024-08-20 17:53:58,2024-09-04 17:53:58
246,Надежда,Козлова,870657802512,1994-07-27,F,Karaganda,mass,34,2024-06-07 00:03:34,2024-11-22 00:03:34
247,Денис,Зиновьев,741634681143,1974-03-11,M,Semey,premium,29,2024-05-26 03:48:25,2024-08-24 03:48:25
248,Лора,Шарова,468325357349,1960-01-07,F,Almaty,mass,39,2024-06-15 13:05:37,2024-06-19 13:05:37
249,Остап,Брагин,923798955504,1974-01-02,M,Shymkent,mass,24,2023-07-03 14:59:41,2023-11-29 14:59:41
250,Ипат,Федотов,039777186595,1986-12-13,M,Almaty,premium,37,2025-05-06 15:08:41,2025-08-11 15:08:41
251,Гордей,Устинов,384917789660,2007-01-16,M,Almaty,mass,35,2023-10-24 22:01:11,2024-03-16 22:01:11
252,Велимир,Щербаков,169975047134,1964-06-03,M,Semey,mass,17,2025-01-30 07:15:46,2025-02-20 07:15:46
253,Александра,Гордеева,115461672073,2011-09-04,F,Astana,mass,43,2024-08-04 10:10:16,2024-11-17 10:10:16
254,Олимпиада,Полякова,367138864926,1973-12-29,F,Astana,mass,48,2024-12-21 12:47:40,2025-01-03 12:47:40
255,Евстигней,Зыков,880614025252,2003-05-02,M,Atyrau,premium,10,2023-05-04 04:00:51,2023-10-28 04:00:51
256,Родион,Шестаков,520262490669,1992-04-25,M,Astana,mass,19,2024-12-10 05:02:18,2025-05-25 05:02:18
257,Ксения,Бирюкова,038515490253,1995-04-17,F,Shymkent,mass,23,2025-05-08 11:27:15,2025-10-30 11:27:15
258,Елизавета,Цветкова,992023999923,1995-03-30,F,Shymkent,mass,47,2025-01-01 03:40:45,2025-04-08 03:40:45
259,Аким,Прохоров,436416562168,1972-02-18,M,Pavlodar,wealth,10,2024-10-29 16:23:51,2025-04-14 16:23:51
260,Евдоким,Власов,913877844498,1984-07-24,M,Shymkent,wealth,13,2025-02-08 21:24:26,2025-03-07 21:24:26
261,Максим,Матвеев,666520071846,1976-07-03,M,Pavlodar,mass,31,2025-06-24 23:11:21,2025-07-29 23:11:21
262,Архип,Меркушев,702479709984,1989-02-23,M,Oskemen,mass,28,2025-06-16 16:57:34,2025-09-27 16:57:34
263,Клавдий,Шестаков,739556701488,1982-01-16,M,Semey,premium,26,2024-04-17 00:07:36,2024-10-22 00:07:36
264,Симон,Власов,602338446051,2017-12-18,M,Oskemen,mass,47,2024-06-07 11:26:12,2024-10-13 11:26:12
265,Терентий,Суханов,533048880367,1974-09-17,M,Astana,mass,8,2025-06-29 05:02:16,2025-12-26 05:02:16
266,Алевтина,Андреева,779615013881,1972-12-21,F,Shymkent,wealth,46,2024-03-21 12:54:27,2024-04-03 12:54:27
267,Иванна,Борисова,921890704486,2004-04-08,F,Karaganda,mass,38,2025-02-18 14:13:11,2025-08-05 14:13:11
268,Фаина,Силина,608268210310,2011-11-11,F,Atyrau,mass,22,2024-09-22 10:31:55,2024-10-14 10:31:55
269,Капитон,Петров,666571459023,1993-12-30,M,Astana,wealth,28,2025-09-10 10:48:50,2026-01-28 10:48:50
270,Велимир,Кириллов,625566176946,1985-10-06,M,Pavlodar,premium,21,2025-03-06 08:51:53,2025-05-11 08:51:53
271,Нина,Коновалова,474882211477,1978-08-07,F,Atyrau,mass,27,2023-05-26 19:20:24,2023-06-06 19:20:24
272,Лариса,Кудряшова,266203571335,1962-08-12,F,Shymkent,mass,22,2025-01-06 06:08:20,2025-04-02 06:08:20
273,Элеонора,Панфилова,646853747827,1988-04-21,F,Semey,premium,2,2023-06-06 08:08:58,2023-07-29 08:08:58
274,Валерия,Блинова,209685358773,1962-11-02,F,Aktobe,mass,6,2023-10-04 12:55:51,2024-02-08 12:55:51
275,Флорентин,Пономарев,231779404519,2006-12-23,M,Aktobe,wealth,21,2024-12-15 09:06:41,2025-01-20 09:06:41
276,Ираклий,Соловьев,203813088381,2019-02-13,M,Aktobe,mass,37,2023-09-11 07:16:52,2024-03-23 07:16:52
277,Нина,Смирнова,123411206523,1988-07-28,F,Aktobe,mass,46,2024-03-16 17:39:48,2024-05-27 17:39:48
278,Спиридон,Стрелков,850090303786,1999-12-31,M,Atyrau,mass,20,2025-07-08 21:40:21,2025-10-01 21:40:21
279,Тимофей,Зимин,097508603674,1980-01-29,M,Shymkent,wealth,40,2023-12-31 02:08:26,2024-03-06 02:08:26
280,Евпраксия,Громова,678404341761,1969-03-26,F,Pavlodar,wealth,46,2024-11-24 18:15:02,2024-12-21 18:15:02
281,Нина,Виноградова,345221402649,2010-11-20,F,Taraz,premium,45,2024-06-09 03:55:10,2024-08-08 03:55:10
282,Максимильян,Ефремов,954545819018,1993-12-29,M,Taraz,mass,42,2024-02-21 02:55:13,2024-08-08 02:55:13
283,Лонгин,Нестеров,896011535163,2011-02-28,M,Aktobe,mass,46,2025-09-29 17:07:52,2025-12-26 17:07:52
284,Владилен,Молчанов,412350783882,2012-12-11,M,Pavlodar,premium,21,2024-05-13 23:20:28,2024-11-11 23:20:28
285,Клавдия,Селезнева,211583428106,1972-12-01,F,Oskemen,premium,28,2024-11-10 11:32:26,2024-12-14 11:32:26
286,Леонид,Харитонов,886964483240,2004-09-09,M,Karaganda,premium,33,2025-08-12 03:08:34,2025-10-19 03:08:34
287,Надежда,Большакова,004359075872,2006-05-18,F,Astana,premium,40,2023-05-27 06:23:37,2023-06-18 06:23:37
288,Олимпий,Игнатов,906730374547,1997-10-08,M,Taraz,wealth,19,2024-09-03 03:12:18,2024-11-16 03:12:18
289,Лавр,Жданов,775041098620,2005-05-11,M,Astana,wealth,18,2025-11-24 01:00:22,2026-01-27 01:00:22
290,Владимир,Григорьев,276976317215,1962-12-20,M,Taraz,mass,10,2024-04-09 15:42:06,2024-09-08 15:42:06
291,Пантелеймон,Харитонов,724627367113,1987-01-14,M,Oskemen,premium,49,2023-08-26 08:11:34,2024-01-09 08:11:34
292,Натан,Ларионов,418094696096,1998-09-26,M,Atyrau,premium,18,2024-12-07 02:14:36,2025-03-02 02:14:36
293,Дарья,Горбачева,546267569300,1966-02-04,F,Almaty,mass,7,2025-04-01 20:43:19,2025-08-13 20:43:19
294,Филарет,Антонов,720605825190,2014-04-01,M,Shymkent,mass,43,2024-01-29 09:37:46,2024-08-11 09:37:46
295,Онуфрий,Хохлов,249692497310,1965-08-06,M,Pavlodar,mass,22,2023-06-27 20:15:49,2023-07-12 20:15:49
296,Агата,Антонова,092361546142,1963-02-16,F,Astana,mass,37,2023-04-27 15:48:32,2023-10-30 15:48:32
297,Ия,Никитина,460031330774,1996-03-27,F,Astana,premium,15,2023-10-27 09:58:03,2023-10-27 09:58:03
298,Нина,Устинова,459364690590,2001-03-27,F,Aktobe,premium,13,2023-04-28 01:07:11,2023-06-12 01:07:11
299,Фока,Кошелев,231648410092,1994-11-17,M,Astana,wealth,35,2023-04-15 11:17:48,2023-09-26 11:17:48
300,Лидия,Абрамова,490070186468,1973-05-12,F,Atyrau,mass,5,2024-08-06 06:06:09,2024-08-15 06:06:09
301,Пров,Зуев,962606980680,1969-07-16,M,Astana,mass,39,2024-08-17 03:58:30,2025-01-21 03:58:30
302,Ермил,Панфилов,896395187753,1970-10-31,M,Aktobe,mass,49,2025-10-27 17:32:39,2026-02-10 17:32:39
303,Савватий,Евсеев,490086704010,2018-06-21,M,Atyrau,mass,27,2024-01-17 12:24:50,2024-07-12 12:24:50
304,Глафира,Прохорова,654960149673,1960-05-29,F,Semey,mass,13,2024-01-22 19:46:51,2024-02-21 19:46:51
305,Борислав,Бобров,954620118941,1963-11-13,M,Almaty,premium,24,2024-04-06 12:04:12,2024-06-17 12:04:12
306,Софон,Нестеров,870791741875,1989-03-30,M,Pavlodar,mass,48,2024-10-11 15:38:21,2025-04-02 15:38:21
307,Юлия,Миронова,078324481943,1972-03-27,F,Oskemen,premium,13,2025-05-09 20:39:46,2025-10-17 20:39:46
308,Анна,Зыкова,160184138676,2014-11-11,F,Shymkent,premium,36,2023-04-07 15:47:39,2023-06-04 15:47:39
309,Измаил,Муравьев,958277235851,2011-06-21,M,Almaty,mass,3,2024-11-04 07:28:05,2024-11-14 07:28:05
310,Ксения,Цветкова,547842507912,2018-02-06,F,Astana,mass,31,2023-12-10 07:57:33,2024-05-29 07:57:33
311,Евпраксия,Куликова,559417186706,1994-07-12,F,Taraz,premium,3,2025-07-18 01:30:06,2025-10-01 01:30:06
312,Алевтина,Соловьева,577087096813,2015-07-18,F,Almaty,mass,24,2023-11-21 15:15:21,2024-01-04 15:15:21
313,Иннокентий,Мухин,135677877738,2005-03-05,M,Pavlodar,mass,4,2024-06-04 01:10:47,2024-06-20 01:10:47
314,Эмилия,Якушева,517652679890,2001-01-28,F,Astana,mass,26,2025-01-11 09:28:28,2025-02-25 09:28:28
315,Анжела,Панова,264856295134,2017-11-02,F,Almaty,mass,13,2023-04-24 21:53:50,2023-05-10 21:53:50
316,Павел,Доронин,643635684317,1975-05-29,M,Aktobe,mass,31,2023-07-22 16:06:27,2023-10-25 16:06:27
317,Ульяна,Григорьева,296151179711,1988-05-28,F,Atyrau,mass,29,2023-11-03 22:50:38,2024-01-08 22:50:38
318,Мария,Горшкова,033351394414,1988-09-22,F,Shymkent,mass,48,2025-06-25 17:24:15,2025-11-11 17:24:15
319,Милица,Николаева,897967793140,2009-06-05,F,Astana,mass,2,2024-03-08 01:41:30,2024-06-18 01:41:30
320,Гедеон,Лапин,065292054605,1977-06-11,M,Oskemen,mass,39,2024-09-30 12:54:40,2025-03-03 12:54:40
321,Аверкий,Рожков,183323980749,1999-09-12,M,Aktobe,mass,47,2023-06-14 02:36:35,2023-09-30 02:36:35
322,Валентина,Гуляева,139539530621,2001-06-16,F,Atyrau,wealth,9,2025-08-10 05:21:55,2025-09-30 05:21:55
323,Парамон,Поляков,483547271366,1971-02-21,M,Aktobe,mass,12,2023-08-31 11:41:25,2024-01-03 11:41:25
324,Демьян,Брагин,495344269837,1961-07-28,M,Aktobe,mass,38,2025-12-01 20:11:43,2025-12-15 20:11:43
325,Спартак,Суворов,112493259571,1968-06-23,M,Atyrau,wealth,11,2025-02-06 09:03:16,2025-06-25 09:03:16
326,Алла,Наумова,636605805343,1974-08-17,F,Astana,mass,10,2023-07-21 13:07:06,2023-11-26 13:07:06
327,Ипат,Фомичев,569877849110,1991-03-29,M,Aktobe,premium,24,2023-09-01 17:09:03,2023-10-06 17:09:03
328,Варвара,Панова,913711663294,1970-01-08,F,Astana,mass,50,2023-07-03 04:26:12,2023-11-03 04:26:12
329,Вера,Брагина,750120677929,1976-07-29,F,Taraz,mass,6,2025-11-17 17:53:58,2025-12-24 17:53:58
330,Октябрина,Харитонова,157250502129,2008-03-09,F,Almaty,premium,7,2023-05-04 05:37:38,2023-06-27 05:37:38
331,Светлана,Шилова,491332219111,1992-05-29,F,Aktobe,premium,47,2024-12-20 01:22:49,2024-12-30 01:22:49
332,Чеслав,Филиппов,263945281084,1992-12-18,M,Shymkent,mass,44,2025-01-29 08:52:36,2025-06-03 08:52:36
333,Пров,Костин,613697813128,1996-04-08,M,Astana,mass,28,2024-11-20 09:26:18,2025-05-24 09:26:18
334,Прасковья,Котова,578936995141,2003-11-25,F,Oskemen,mass,41,2025-03-20 01:10:23,2025-04-23 01:10:23
335,Трофим,Третьяков,069361600777,1978-02-11,M,Aktobe,premium,32,2025-09-20 00:56:07,2026-01-23 00:56:07
336,Галина,Кононова,507981484016,1987-03-10,F,Shymkent,mass,28,2024-06-23 13:08:05,2024-07-27 13:08:05
337,Олимпиада,Савельева,166654853496,1991-08-25,F,Aktobe,mass,4,2023-12-29 11:28:12,2024-01-05 11:28:12
338,Исидор,Ситников,708303336265,1965-11-16,M,Aktobe,mass,22,2025-08-21 12:37:09,2025-10-03 12:37:09
339,Иосиф,Одинцов,645404035304,1978-06-22,M,Taraz,mass,33,2024-06-27 13:57:31,2025-01-08 13:57:31
340,Ирина,Комиссарова,926908222586,1968-04-01,F,Atyrau,mass,38,2025-07-13 04:40:37,2025-10-07 04:40:37
341,Регина,Мартынова,427638452464,2009-02-14,F,Shymkent,mass,41,2025-10-23 05:08:27,2026-04-21 05:08:27
342,Ярослав,Журавлев,974956745653,1973-04-03,M,Karaganda,mass,48,2024-05-19 08:46:18,2024-11-10 08:46:18
343,Ирина,Быкова,896822162210,1987-11-10,F,Oskemen,mass,36,2023-08-19 10:33:40,2023-12-08 10:33:40
344,Анжела,Кулакова,207256077083,1986-09-25,F,Astana,mass,24,2024-03-08 22:47:50,2024-08-26 22:47:50
345,Конон,Фролов,255165754057,1988-02-12,M,Taraz,wealth,38,2024-11-19 00:06:52,2025-05-26 00:06:52
346,Ираида,Миронова,921224805615,2002-08-08,F,Karaganda,mass,10,2023-09-27 00:12:45,2023-12-28 00:12:45
347,Лариса,Рожкова,096869672539,1992-07-21,F,Astana,premium,16,2023-12-29 12:07:41,2024-04-20 12:07:41
348,София,Федорова,208228968740,1967-03-09,F,Oskemen,mass,48,2025-12-22 11:00:02,2026-04-06 11:00:02
349,Вера,Алексеева,886536874006,2016-07-13,F,Oskemen,wealth,42,2023-12-27 10:03:02,2024-01-30 10:03:02
350,Игнатий,Блинов,301598786734,1971-12-23,M,Aktobe,mass,44,2024-11-15 17:19:41,2025-04-15 17:19:41
351,Виктория,Крюкова,418982996699,1977-10-14,F,Aktobe,premium,11,2023-10-04 14:47:55,2023-10-16 14:47:55
352,Екатерина,Голубева,191505798422,1983-11-18,F,Aktobe,premium,32,2024-04-07 10:21:44,2024-07-13 10:21:44
353,Павел,Исаков,926441226936,2001-02-07,M,Astana,mass,31,2024-10-15 17:21:47,2024-11-18 17:21:47
354,Лора,Потапова,234505094366,2013-09-01,F,Almaty,mass,17,2023-04-08 01:34:17,2023-08-15 01:34:17
355,Октябрина,Аксенова,180114340742,1988-02-08,F,Almaty,mass,32,2025-02-24 11:17:37,2025-05-06 11:17:37
356,Анастасия,Ершова,867238397186,1999-06-22,F,Almaty,mass,10,2023-05-27 10:41:03,2023-06-09 10:41:03
357,Пантелеймон,Колесников,141844954171,1991-05-13,M,Astana,mass,19,2025-06-26 22:29:44,2025-08-11 22:29:44
358,Фотий,Блохин,562907192403,1985-07-03,M,Astana,mass,24,2023-11-24 07:07:43,2024-04-23 07:07:43
359,Адриан,Гордеев,086495096937,2011-01-23,M,Shymkent,mass,4,2023-08-26 13:50:59,2024-02-06 13:50:59
360,Ульяна,Щербакова,560227302346,2018-09-05,F,Shymkent,mass,20,2025-02-03 22:12:56,2025-06-08 22:12:56
361,Ольга,Иванова,630314326043,1976-09-19,F,Pavlodar,premium,28,2023-12-08 14:02:17,2023-12-31 14:02:17
362,Милован,Петухов,261465249411,1986-12-13,M,Karaganda,premium,28,2024-07-23 13:30:17,2024-10-06 13:30:17
363,Никита,Красильников,554478357074,1976-05-06,M,Pavlodar,mass,6,2024-06-14 21:01:58,2024-09-28 21:01:58
364,Наина,Белякова,748398209264,1961-08-10,F,Almaty,mass,8,2025-02-12 05:13:31,2025-02-15 05:13:31
365,Трифон,Лаврентьев,467738669680,1972-02-14,M,Almaty,mass,8,2024-02-28 08:30:16,2024-03-03 08:30:16
366,Эраст,Самсонов,664671344011,1999-12-12,M,Oskemen,mass,2,2023-08-04 23:46:30,2023-11-27 23:46:30
367,Ефим,Мартынов,800679875524,2003-08-11,M,Semey,premium,47,2025-06-07 14:23:07,2025-11-10 14:23:07
368,Елена,Дорофеева,055268166441,1977-03-30,F,Oskemen,mass,29,2025-05-07 01:56:27,2025-07-05 01:56:27
369,Поликарп,Мартынов,686127986777,1974-07-15,M,Atyrau,mass,19,2024-05-08 02:38:02,2024-10-31 02:38:02
370,Алексей,Колесников,161493200831,2005-03-02,M,Almaty,wealth,5,2024-02-16 08:51:49,2024-05-12 08:51:49
371,Лукия,Агафонова,549777588861,1964-07-10,F,Oskemen,wealth,30,2025-09-05 04:45:53,2026-03-17 04:45:53
372,Онуфрий,Владимиров,681551123777,2004-09-17,M,Astana,mass,42,2023-04-07 20:09:21,2023-07-09 20:09:21
373,Глафира,Одинцова,297084212746,1982-01-07,F,Shymkent,wealth,49,2023-09-14 19:52:06,2024-01-27 19:52:06
374,Октябрина,Русакова,498956947750,1990-05-08,F,Taraz,mass,50,2023-10-16 16:51:09,2023-11-27 16:51:09
375,Василиса,Ефремова,669067652465,1987-04-21,F,Taraz,mass,1,2025-10-29 11:11:58,2026-01-08 11:11:58
376,Творимир,Козлов,257668741303,1971-04-21,M,Semey,premium,19,2024-01-13 11:31:19,2024-03-07 11:31:19
377,Никодим,Капустин,360852834578,1983-04-21,M,Semey,mass,8,2024-07-25 06:40:27,2024-08-06 06:40:27
378,Феоктист,Нестеров,032757968226,2011-05-21,M,Shymkent,premium,25,2024-09-27 14:23:13,2025-02-07 14:23:13
379,Александр,Михайлов,174144041206,1996-02-18,M,Atyrau,premium,34,2025-09-14 13:26:23,2026-04-01 13:26:23
380,Наталья,Кузьмина,696974154495,2007-06-21,F,Astana,premium,14,2023-07-22 15:22:29,2023-11-15 15:22:29
381,Октябрина,Королева,396415013934,1972-10-25,F,Shymkent,wealth,38,2025-11-27 00:49:25,2026-03-14 00:49:25
382,Антип,Осипов,284138455974,2014-05-04,M,Shymkent,wealth,9,2023-05-16 14:03:42,2023-09-22 14:03:42
383,Марина,Большакова,170663930642,1967-12-10,F,Shymkent,premium,2,2023-11-12 09:17:32,2024-04-06 09:17:32
384,Екатерина,Панова,516505148191,1961-09-13,F,Aktobe,wealth,14,2024-06-04 03:52:19,2024-08-05 03:52:19
385,Лидия,Ширяева,408044832101,1972-12-02,F,Shymkent,mass,50,2025-10-05 06:21:40,2025-10-27 06:21:40
386,Натан,Матвеев,091720182980,1981-06-30,M,Atyrau,premium,16,2025-02-19 10:16:50,2025-06-25 10:16:50
387,Наина,Максимова,350069055176,1971-04-07,F,Aktobe,premium,27,2023-05-03 20:42:57,2023-08-25 20:42:57
388,Болеслав,Воронов,715129950896,2018-08-03,M,Shymkent,mass,4,2023-08-17 03:27:47,2023-12-18 03:27:47
389,Акулина,Дементьева,336550753311,2009-12-03,F,Aktobe,mass,14,2024-04-27 15:06:17,2024-09-30 15:06:17
390,София,Зайцева,274293450660,2002-10-01,F,Almaty,mass,44,2023-07-09 02:38:20,2023-08-22 02:38:20
391,Любовь,Цветкова,757600866388,1992-02-11,F,Pavlodar,mass,50,2024-06-09 01:14:29,2024-12-04 01:14:29
392,Архип,Гуляев,107767186829,1992-07-25,M,Almaty,mass,32,2025-08-25 09:36:01,2026-02-21 09:36:01
393,Андрон,Симонов,385456565010,1983-04-17,M,Atyrau,wealth,15,2025-12-23 17:07:20,2026-05-05 17:07:20
394,Алевтина,Селиверстова,666804668384,1970-12-02,F,Semey,mass,32,2025-06-17 02:58:16,2025-09-17 02:58:16
395,Иосиф,Медведев,244010507940,1982-06-05,M,Karaganda,mass,22,2023-07-09 00:45:57,2023-09-26 00:45:57
396,Адриан,Ефремов,485632123037,1966-07-17,M,Atyrau,premium,29,2024-03-29 03:53:59,2024-10-10 03:53:59
397,Герасим,Журавлев,000380194360,1965-01-02,M,Semey,mass,19,2024-03-30 09:22:53,2024-07-05 09:22:53
398,Василиса,Мухина,256037863974,1989-06-11,F,Atyrau,mass,7,2025-09-23 04:11:34,2025-10-19 04:11:34
399,Викентий,Воронцов,715624742703,1999-02-06,M,Semey,premium,49,2024-04-30 01:55:23,2024-07-30 01:55:23
400,Екатерина,Абрамова,133305605884,1977-07-13,F,Karaganda,premium,13,2024-05-12 06:10:51,2024-05-29 06:10:51
401,Зоя,Комиссарова,646853231894,1960-05-01,F,Karaganda,premium,15,2025-06-20 02:29:16,2025-10-17 02:29:16
402,Модест,Сергеев,937219300121,2012-07-17,M,Taraz,mass,2,2025-04-30 08:12:11,2025-06-19 08:12:11
403,Эрнст,Кошелев,218211218168,1990-05-11,M,Karaganda,mass,30,2025-03-15 18:45:04,2025-05-15 18:45:04
404,Валерия,Гуляева,999880197133,2013-10-15,F,Pavlodar,premium,16,2023-09-24 12:17:50,2023-10-05 12:17:50
405,Гремислав,Силин,126215547776,1975-01-08,M,Semey,mass,49,2023-08-09 06:41:10,2024-01-21 06:41:10
406,Ксения,Киселева,336742495022,1981-01-10,F,Pavlodar,mass,20,2024-08-07 07:30:49,2024-11-23 07:30:49
407,Фаина,Козлова,351043546444,2004-08-20,F,Taraz,mass,25,2024-05-24 18:00:07,2024-05-30 18:00:07
408,Леонтий,Игнатьев,092550221353,1989-07-15,M,Aktobe,mass,48,2024-10-04 16:43:19,2025-04-18 16:43:19
409,Марина,Афанасьева,977902874456,2002-05-06,F,Semey,wealth,10,2025-06-18 01:21:52,2025-09-27 01:21:52
410,Евстафий,Воробьев,457774731762,2000-05-14,M,Semey,mass,24,2025-05-12 00:12:47,2025-06-16 00:12:47
411,Христофор,Пахомов,883464753079,1973-10-15,M,Taraz,premium,41,2025-02-21 00:59:29,2025-07-25 00:59:29
412,Зинаида,Орлова,511548015064,1976-09-30,F,Karaganda,mass,25,2024-12-05 17:34:56,2025-02-15 17:34:56
413,Ладислав,Якушев,005184115409,1978-07-10,M,Shymkent,wealth,14,2025-05-06 14:17:27,2025-07-24 14:17:27
414,Фёкла,Константинова,153274294862,1989-07-04,F,Atyrau,mass,30,2023-09-15 01:17:30,2024-01-11 01:17:30
415,Виссарион,Евсеев,847726812874,2019-02-16,M,Shymkent,premium,37,2023-12-07 21:41:19,2023-12-31 21:41:19
416,Татьяна,Шарова,826296724959,1966-11-12,F,Astana,premium,50,2024-01-15 22:44:04,2024-08-01 22:44:04
417,Алина,Коновалова,200664331027,1972-03-30,F,Taraz,premium,48,2024-11-06 09:49:44,2025-03-04 09:49:44
418,Синклитикия,Котова,674421861171,1961-01-02,F,Aktobe,mass,29,2024-09-14 21:54:25,2024-12-14 21:54:25
419,Моисей,Виноградов,626886783300,1993-11-09,M,Karaganda,mass,24,2025-05-23 01:57:03,2025-07-23 01:57:03
420,Сильвестр,Юдин,931628781141,1989-05-07,M,Taraz,premium,41,2025-09-28 23:33:59,2025-11-15 23:33:59
421,Матвей,Попов,123143340863,1966-01-15,M,Karaganda,mass,20,2023-05-19 06:34:33,2023-12-01 06:34:33
422,Наина,Бирюкова,981959669636,1988-07-11,F,Oskemen,mass,22,2025-09-17 01:25:10,2025-09-21 01:25:10
423,Пелагея,Киселева,259268377603,1986-08-11,F,Karaganda,mass,25,2024-12-04 07:19:13,2025-01-25 07:19:13
424,Пимен,Кондратьев,732675962083,1981-09-25,M,Karaganda,premium,4,2025-05-01 00:21:32,2025-10-18 00:21:32
425,Митофан,Калашников,285160490991,1975-08-01,M,Atyrau,premium,14,2023-10-02 02:15:14,2023-12-01 02:15:14
426,Родион,Рогов,114635928493,1993-11-20,M,Shymkent,mass,29,2024-10-20 00:30:41,2025-02-05 00:30:41
427,Виктория,Кудряшова,474093551332,2010-06-07,F,Atyrau,mass,5,2023-11-13 19:07:10,2024-02-06 19:07:10
428,Демьян,Гурьев,908734437339,1966-05-23,M,Pavlodar,mass,8,2023-12-29 08:47:51,2024-04-05 08:47:51
429,Станимир,Меркушев,975466697208,2016-08-09,M,Almaty,premium,43,2025-06-15 10:43:11,2025-11-27 10:43:11
430,Касьян,Горбачев,125611073790,1976-12-09,M,Pavlodar,mass,28,2025-04-07 04:30:17,2025-06-10 04:30:17
431,Синклитикия,Носова,334870673179,1995-09-14,F,Aktobe,mass,11,2024-08-05 06:17:04,2024-12-08 06:17:04
432,Святополк,Абрамов,442411145152,1978-01-10,M,Almaty,premium,12,2025-09-22 21:10:16,2026-04-04 21:10:16
433,Поликарп,Шарапов,916001002470,1983-11-14,M,Almaty,premium,38,2025-04-09 10:31:20,2025-04-19 10:31:20
434,Христофор,Федотов,359247636332,1992-05-28,M,Pavlodar,mass,40,2025-05-28 07:10:00,2025-06-11 07:10:00
435,Лидия,Красильникова,084890159724,2019-02-10,F,Oskemen,premium,27,2023-07-20 13:08:54,2024-01-05 13:08:54
436,Иннокентий,Никонов,030834646049,2002-09-18,M,Astana,premium,25,2025-12-27 03:07:40,2026-03-12 03:07:40
437,Боян,Матвеев,877040899489,2003-04-04,M,Semey,mass,16,2024-01-01 19:04:27,2024-02-24 19:04:27
438,Радим,Николаев,190933276966,2007-12-15,M,Oskemen,mass,45,2023-11-20 02:15:55,2024-02-13 02:15:55
439,Ростислав,Ермаков,663773658821,1967-11-13,M,Astana,mass,22,2023-05-21 05:10:01,2023-11-26 05:10:01
440,Юлиан,Агафонов,133735134779,1971-05-01,M,Semey,premium,39,2023-11-29 20:23:37,2024-04-28 20:23:37
441,Натан,Ширяев,838226127880,1988-09-20,M,Aktobe,premium,45,2025-09-12 11:59:26,2025-10-13 11:59:26
442,Алевтина,Горшкова,622908178927,1976-01-23,F,Oskemen,premium,26,2023-08-15 01:23:30,2023-10-30 01:23:30
443,Любосмысл,Королев,443307297503,2012-01-26,M,Almaty,wealth,46,2025-12-08 06:34:39,2026-02-23 06:34:39
444,Пелагея,Соболева,448281638178,1993-10-12,F,Pavlodar,premium,11,2024-02-29 18:23:52,2024-03-14 18:23:52
445,Мина,Лаврентьев,153417213351,1993-09-04,M,Astana,wealth,30,2024-12-31 08:48:57,2025-06-15 08:48:57
446,Иванна,Александрова,310465055277,1976-03-31,F,Pavlodar,mass,42,2025-03-24 03:18:32,2025-09-19 03:18:32
447,Ирина,Бобылева,378547387508,2008-05-09,F,Astana,wealth,49,2025-02-28 05:51:54,2025-04-22 05:51:54
448,Эдуард,Филатов,043056027012,2008-11-03,M,Shymkent,mass,43,2025-06-28 04:15:49,2025-06-28 04:15:49
449,Кирилл,Наумов,764565935208,1981-04-09,M,Almaty,mass,10,2025-02-26 22:26:03,2025-05-13 22:26:03
450,Автоном,Михеев,231602394024,1972-11-06,M,Semey,mass,5,2023-04-25 19:21:25,2023-10-03 19:21:25
451,Евдокия,Михайлова,756518373922,2007-09-06,F,Astana,premium,36,2024-03-22 01:18:48,2024-07-04 01:18:48
452,Иларион,Молчанов,971720929715,1987-07-03,M,Atyrau,wealth,32,2025-01-27 03:54:37,2025-02-20 03:54:37
453,Надежда,Емельянова,568193379558,2002-10-12,F,Atyrau,mass,17,2024-01-13 05:04:42,2024-01-15 05:04:42
454,Федор,Мишин,529637644434,1985-09-24,M,Aktobe,mass,34,2024-02-26 19:50:36,2024-08-27 19:50:36
455,Иларион,Пахомов,943007910754,1960-12-16,M,Pavlodar,premium,33,2025-02-21 03:05:55,2025-08-27 03:05:55
456,Савелий,Юдин,986469777727,2007-05-19,M,Atyrau,mass,39,2024-08-26 08:27:17,2024-12-18 08:27:17
457,Селиверст,Третьяков,131304193688,1970-07-29,M,Aktobe,mass,31,2024-02-09 07:02:46,2024-04-24 07:02:46
458,Акулина,Тарасова,523968046436,1989-06-22,F,Aktobe,mass,7,2025-05-26 23:12:20,2025-05-27 23:12:20
459,Кира,Полякова,314051141623,1986-11-06,F,Taraz,mass,12,2023-07-03 00:48:35,2023-11-17 00:48:35
460,Милица,Шубина,417087121430,2019-10-08,F,Karaganda,mass,43,2025-09-10 09:17:07,2025-11-17 09:17:07
461,Илья,Тимофеев,773785983110,1973-12-14,M,Taraz,premium,1,2024-10-25 08:24:29,2025-05-09 08:24:29
462,Фома,Фомин,450420467121,1983-08-23,M,Karaganda,premium,28,2025-11-07 02:06:39,2025-12-27 02:06:39
463,Олимпиада,Жданова,519562109946,1968-02-27,F,Almaty,mass,27,2024-01-07 20:15:14,2024-05-20 20:15:14
464,Светлана,Коновалова,345632234300,1964-09-04,F,Taraz,mass,19,2024-01-14 03:45:46,2024-05-13 03:45:46
465,Наталья,Кононова,193300583737,2007-06-12,F,Atyrau,mass,16,2023-06-14 04:53:33,2023-11-27 04:53:33
466,Таисия,Суханова,817159617905,1990-10-06,F,Aktobe,premium,31,2025-05-29 05:35:55,2025-12-09 05:35:55
467,Милован,Филатов,147878533614,2003-04-26,M,Pavlodar,premium,33,2024-07-02 00:50:58,2024-07-07 00:50:58
468,Радован,Дорофеев,290918455045,2010-06-18,M,Pavlodar,mass,39,2024-04-26 15:15:52,2024-07-04 15:15:52
469,Лев,Максимов,268747532751,1964-02-03,M,Semey,mass,19,2025-06-25 23:49:24,2025-07-05 23:49:24
470,Игнатий,Ковалев,276285036307,2009-04-11,M,Aktobe,premium,9,2023-05-11 15:00:52,2023-08-23 15:00:52
471,Евдокия,Веселова,037220689576,2018-08-28,F,Aktobe,wealth,41,2025-02-01 22:19:08,2025-07-13 22:19:08
472,Виссарион,Кононов,258712739011,1975-10-19,M,Karaganda,premium,32,2023-09-16 09:45:40,2024-03-20 09:45:40
473,Терентий,Селиверстов,113600299157,1961-01-21,M,Atyrau,mass,25,2024-03-07 14:58:41,2024-06-13 14:58:41
474,Доброслав,Григорьев,602016099173,1967-08-16,M,Karaganda,mass,31,2025-09-09 23:11:07,2026-03-22 23:11:07
475,Екатерина,Гришина,425250051840,1980-02-15,F,Almaty,mass,28,2023-09-17 18:40:39,2023-12-24 18:40:39
476,Святополк,Егоров,966794929203,1992-05-04,M,Astana,mass,39,2025-01-03 03:41:46,2025-02-10 03:41:46
477,Харитон,Мишин,148662824329,1966-11-07,M,Almaty,wealth,10,2024-10-18 07:38:22,2025-05-05 07:38:22
478,Станислав,Кириллов,774059209133,1998-01-09,M,Oskemen,premium,27,2025-02-06 19:35:32,2025-07-10 19:35:32
479,Ия,Комарова,355452075782,1967-10-30,F,Karaganda,mass,1,2025-08-11 03:01:45,2025-10-02 03:01:45
480,Евлампий,Анисимов,903888218992,1980-02-24,M,Almaty,premium,9,2024-12-24 06:29:52,2025-01-23 06:29:52
481,Зосима,Денисов,937608803005,1997-05-13,M,Shymkent,wealth,12,2024-12-09 00:58:16,2025-04-08 00:58:16
482,Денис,Антонов,474601066113,1998-01-02,M,Oskemen,premium,46,2023-11-25 07:15:41,2024-01-30 07:15:41
483,Агафья,Рогова,195912621758,2002-01-09,F,Oskemen,mass,42,2024-01-04 16:32:01,2024-06-16 16:32:01
484,Синклитикия,Гусева,861106802505,1987-09-25,F,Karaganda,premium,13,2023-09-05 11:49:57,2024-02-15 11:49:57
485,Кир,Соловьев,557039032317,1991-12-04,M,Shymkent,premium,44,2025-04-28 15:54:24,2025-05-22 15:54:24
486,Алла,Жданова,570748016069,1980-10-10,F,Karaganda,wealth,44,2024-11-08 00:27:54,2025-04-24 00:27:54
487,Кузьма,Игнатов,576937338487,1994-10-10,M,Karaganda,mass,40,2023-11-04 01:49:28,2024-04-07 01:49:28
488,Владлен,Кабанов,900738784412,1966-02-11,M,Aktobe,premium,24,2023-04-24 19:23:20,2023-07-23 19:23:20
489,Селиверст,Орлов,499749994324,2015-08-05,M,Shymkent,mass,24,2025-10-19 18:14:11,2026-02-27 18:14:11
490,Агафья,Дроздова,528666728082,1974-03-12,F,Atyrau,mass,5,2024-12-13 21:16:34,2025-02-08 21:16:34
491,Ия,Воронова,345811193440,1990-09-20,F,Atyrau,mass,14,2023-07-19 09:17:55,2024-01-14 09:17:55
492,Ольга,Быкова,591259708792,1978-12-22,F,Almaty,wealth,44,2025-09-04 15:30:58,2025-12-21 15:30:58
493,Лукия,Герасимова,120844281084,1986-08-20,F,Shymkent,mass,23,2025-04-16 03:48:55,2025-08-01 03:48:55
494,Алла,Максимова,163630750663,1988-05-24,F,Almaty,mass,30,2024-08-31 06:15:10,2024-10-07 06:15:10
495,Ольга,Андреева,945048149029,1997-09-11,F,Semey,wealth,11,2023-07-29 13:52:10,2023-12-29 13:52:10
496,Ангелина,Власова,950808586644,1991-08-07,F,Semey,mass,34,2025-05-23 12:46:48,2025-12-04 12:46:48
497,Пелагея,Богданова,351426667990,1967-11-11,F,Astana,mass,42,2025-09-05 18:30:33,2025-09-09 18:30:33
498,Ульяна,Евдокимова,656586827518,1971-03-01,F,Taraz,wealth,30,2025-09-15 08:12:12,2025-12-29 08:12:12
499,Алла,Алексеева,526399609007,2006-07-23,F,Atyrau,mass,22,2025-12-23 12:09:46,2026-02-04 12:09:46
500,Виктория,Корнилова,630949374312,1971-05-02,F,Semey,mass,41,2025-04-27 06:34:48,2025-09-21 06:34:48
501,Татьяна,Блохина,813000716595,1962-04-08,F,Shymkent,mass,41,2023-08-20 03:01:44,2024-01-28 03:01:44
502,Клавдия,Михайлова,218783200109,1969-04-11,F,Astana,mass,39,2025-06-22 16:18:03,2025-07-23 16:18:03
503,Ипат,Ковалев,108921744624,1988-02-18,M,Oskemen,wealth,11,2025-08-07 14:43:03,2025-09-22 14:43:03
504,Тамара,Фадеева,681339505216,2008-01-31,F,Almaty,premium,33,2025-12-20 18:17:24,2026-07-02 18:17:24
505,Панкратий,Кошелев,232792493527,2004-06-24,M,Pavlodar,premium,26,2025-05-23 12:52:03,2025-07-11 12:52:03
506,Фёкла,Вишнякова,823573794847,1988-08-05,F,Atyrau,mass,39,2025-07-06 17:16:06,2025-10-12 17:16:06
507,Юлия,Цветкова,884892468953,1970-04-14,F,Shymkent,wealth,21,2025-06-09 05:37:37,2025-09-26 05:37:37
508,Станимир,Щербаков,637130347853,2013-12-27,M,Karaganda,premium,14,2024-12-29 16:55:47,2025-01-24 16:55:47
509,Нонна,Бурова,808473318494,1971-02-18,F,Oskemen,mass,39,2023-12-28 04:03:09,2024-03-20 04:03:09
510,Нинель,Петухова,075041905530,2002-02-26,F,Astana,wealth,27,2025-05-02 05:58:42,2025-11-03 05:58:42
511,Феврония,Котова,453636489136,1962-08-17,F,Karaganda,mass,1,2025-03-24 13:11:38,2025-04-28 13:11:38
512,Лев,Ермаков,207885060800,1987-04-19,M,Astana,mass,22,2025-02-03 01:13:33,2025-07-29 01:13:33
513,Юлия,Семенова,141878944155,2019-04-29,F,Oskemen,mass,21,2025-03-29 01:49:01,2025-10-12 01:49:01
514,Эмилия,Кондратьева,205867209002,1994-07-18,F,Karaganda,mass,7,2025-05-13 21:43:11,2025-08-08 21:43:11
515,Валерьян,Блохин,539768119346,1978-03-19,M,Pavlodar,mass,5,2023-09-19 05:11:27,2023-11-29 05:11:27
516,Евфросиния,Исаева,514110424531,2009-05-15,F,Astana,mass,28,2025-07-15 02:40:05,2025-09-07 02:40:05
517,Еремей,Белоусов,343039111265,1969-10-17,M,Almaty,premium,16,2024-11-19 07:32:28,2024-12-17 07:32:28
518,Болеслав,Яковлев,525286432864,1975-05-06,M,Karaganda,mass,41,2025-09-04 22:02:58,2025-11-16 22:02:58
519,Жанна,Захарова,574392301810,2002-07-30,F,Pavlodar,mass,2,2023-12-10 23:53:49,2024-01-24 23:53:49
520,Таисия,Воробьева,703408400622,2005-02-20,F,Shymkent,wealth,10,2023-07-12 21:49:17,2024-01-26 21:49:17
521,Глеб,Смирнов,343562483356,2013-06-12,M,Oskemen,mass,18,2025-09-19 14:08:13,2026-03-13 14:08:13
522,Осип,Савельев,614279371969,2016-03-28,M,Semey,mass,34,2025-08-01 10:05:46,2025-09-14 10:05:46
523,Фёкла,Воронова,359215781757,1991-02-17,F,Aktobe,mass,1,2023-06-12 02:37:04,2023-10-17 02:37:04
524,Кузьма,Морозов,966327002503,1998-08-09,M,Taraz,premium,1,2024-09-09 02:50:27,2024-09-21 02:50:27
525,Елизавета,Дмитриева,759597174920,1991-10-25,F,Karaganda,wealth,44,2025-08-11 12:03:42,2026-01-21 12:03:42
526,Ия,Филатова,895148817241,1987-05-13,F,Astana,mass,37,2024-10-24 11:02:54,2025-04-02 11:02:54
527,Оксана,Богданова,841439744440,2010-02-21,F,Almaty,wealth,27,2024-06-20 18:35:10,2024-07-12 18:35:10
528,Игорь,Стрелков,536880816475,1964-11-15,M,Astana,mass,18,2024-04-10 14:09:45,2024-09-23 14:09:45
529,Капитон,Устинов,243076702174,1980-01-21,M,Shymkent,mass,41,2025-01-23 04:53:08,2025-04-12 04:53:08
530,Ярослав,Сафонов,201852105392,2003-05-25,M,Shymkent,wealth,16,2023-09-28 08:20:16,2024-02-14 08:20:16
531,Евпраксия,Родионова,864618617542,2019-11-20,F,Astana,premium,32,2023-09-11 04:16:32,2023-12-14 04:16:32
532,Валерия,Некрасова,144045036860,1991-10-28,F,Shymkent,mass,47,2024-11-25 11:15:09,2025-03-22 11:15:09
533,Елена,Юдина,853730637377,1984-12-20,F,Aktobe,mass,5,2025-12-21 18:37:28,2026-06-04 18:37:28
534,Виктория,Бурова,175626555800,1974-04-12,F,Karaganda,mass,43,2024-12-10 08:21:18,2025-01-06 08:21:18
535,Ираида,Шарапова,798728187406,1970-04-09,F,Almaty,wealth,48,2023-05-19 02:29:40,2023-06-06 02:29:40
536,Вероника,Богданова,893639512422,1974-07-17,F,Pavlodar,wealth,34,2023-11-10 12:21:20,2023-12-29 12:21:20
537,Аристарх,Сергеев,001075836975,1977-01-21,M,Karaganda,premium,31,2024-05-13 23:19:18,2024-09-18 23:19:18
538,Ксения,Кириллова,884685151405,1962-01-08,F,Karaganda,wealth,19,2024-12-30 04:02:25,2025-03-04 04:02:25
539,Татьяна,Русакова,890589530614,1983-08-07,F,Almaty,mass,22,2024-01-10 12:55:05,2024-04-26 12:55:05
540,Ия,Быкова,028379048568,1963-03-04,F,Taraz,mass,27,2025-06-08 13:03:12,2025-11-08 13:03:12
541,Владилен,Абрамов,200564389007,1977-08-07,M,Semey,premium,25,2023-07-06 06:29:52,2023-12-27 06:29:52
542,Лазарь,Филатов,764414893140,1980-10-25,M,Astana,premium,1,2024-06-13 08:56:36,2024-08-10 08:56:36
543,Милица,Фокина,907801103622,2014-05-18,F,Pavlodar,mass,43,2023-11-26 06:23:58,2023-12-27 06:23:58
544,Ким,Овчинников,473927972652,2008-07-28,M,Semey,mass,4,2025-10-13 15:25:47,2026-01-09 15:25:47
545,София,Горшкова,098535177024,2000-09-15,F,Astana,mass,32,2024-01-08 04:28:43,2024-01-16 04:28:43
546,Нинель,Федорова,802648302140,1987-05-18,F,Almaty,premium,49,2025-03-21 05:35:41,2025-06-18 05:35:41
547,Эммануил,Волков,382720768797,1969-10-18,M,Semey,mass,47,2023-06-13 04:11:03,2023-12-03 04:11:03
548,Нина,Зиновьева,555137910790,1982-06-03,F,Semey,mass,22,2023-08-04 06:30:33,2023-12-28 06:30:33
549,Лидия,Елисеева,226703688400,1963-04-27,F,Taraz,mass,41,2025-11-21 04:42:37,2026-04-12 04:42:37
550,Ипатий,Козлов,263017281616,1964-06-12,M,Karaganda,mass,42,2024-11-07 22:22:55,2024-11-16 22:22:55
551,Будимир,Данилов,507072268376,1991-05-17,M,Astana,mass,33,2024-01-30 07:04:32,2024-05-22 07:04:32
552,Фирс,Сафонов,338468137346,2002-03-24,M,Aktobe,premium,2,2024-07-25 21:44:47,2024-09-04 21:44:47
553,Акулина,Фадеева,906857553280,1973-06-18,F,Pavlodar,wealth,42,2025-11-15 14:00:51,2025-12-05 14:00:51
554,Карп,Игнатьев,967518766531,2011-08-10,M,Aktobe,mass,22,2023-04-24 16:23:28,2023-06-25 16:23:28
555,Алина,Фадеева,964940503427,1980-08-11,F,Atyrau,wealth,9,2025-05-08 09:39:13,2025-09-22 09:39:13
556,Демид,Воронов,667314514811,2000-09-25,M,Almaty,mass,8,2023-10-27 10:16:23,2024-02-11 10:16:23
557,Регина,Кулагина,418801055341,2009-12-18,F,Karaganda,premium,19,2023-11-08 06:14:01,2023-12-08 06:14:01
558,Нинель,Фомичева,690734448241,1976-06-16,F,Atyrau,wealth,33,2023-06-26 13:22:22,2023-07-17 13:22:22
559,Клавдий,Королев,363455902358,2012-01-07,M,Semey,wealth,28,2023-06-27 23:22:23,2023-09-08 23:22:23
560,Фаина,Кудряшова,909874283312,2003-08-29,F,Oskemen,mass,11,2024-12-02 13:11:49,2025-02-13 13:11:49
561,Пелагея,Лыткина,612870995708,1962-04-24,F,Taraz,mass,19,2024-04-19 20:00:46,2024-09-12 20:00:46
562,Анна,Воронова,821784428971,1991-09-25,F,Astana,premium,15,2023-12-12 09:26:52,2024-06-15 09:26:52
563,Милен,Исаков,265773949738,2019-04-24,M,Almaty,premium,41,2025-01-30 18:27:39,2025-02-01 18:27:39
564,Мариан,Марков,962187218987,1960-04-14,M,Pavlodar,mass,32,2025-08-12 05:35:05,2026-01-01 05:35:05
565,Василий,Гордеев,666235988864,2016-07-09,M,Pavlodar,premium,23,2024-01-03 18:57:34,2024-05-21 18:57:34
566,Галина,Суханова,987442419633,1971-06-28,F,Oskemen,wealth,32,2025-03-03 20:45:53,2025-08-03 20:45:53
567,Надежда,Шубина,228453648420,2003-07-23,F,Karaganda,mass,41,2024-01-27 16:58:42,2024-02-07 16:58:42
568,Полина,Дмитриева,857196159037,1989-11-25,F,Taraz,wealth,50,2024-09-28 10:45:24,2025-02-16 10:45:24
569,Олег,Авдеев,311582893279,1963-03-28,M,Almaty,wealth,34,2024-02-29 22:26:47,2024-03-26 22:26:47
570,Таисия,Петрова,206607834888,1966-11-12,F,Astana,premium,47,2023-10-12 08:57:50,2024-04-09 08:57:50
571,Оксана,Беляева,590538874734,1968-12-10,F,Aktobe,premium,37,2025-12-10 23:12:07,2026-04-09 23:12:07
572,Лариса,Максимова,954952043351,1980-02-07,F,Atyrau,mass,26,2025-03-07 10:54:46,2025-09-20 10:54:46
573,Любомир,Андреев,131605295048,2006-12-15,M,Atyrau,wealth,15,2024-09-29 12:29:24,2024-10-14 12:29:24
574,Милица,Князева,313540677536,1988-11-14,F,Oskemen,premium,31,2025-04-16 10:40:13,2025-08-25 10:40:13
575,Софон,Шарапов,010511818465,1972-07-19,M,Semey,mass,26,2023-06-01 20:32:16,2023-06-03 20:32:16
576,Агата,Прохорова,965636152675,1982-07-16,F,Oskemen,mass,14,2025-09-01 10:41:14,2025-11-24 10:41:14
577,Тит,Суворов,431490710406,2013-05-01,M,Shymkent,mass,23,2025-07-15 07:14:07,2025-12-24 07:14:07
578,Остромир,Зайцев,129473795625,1969-03-28,M,Karaganda,mass,12,2025-01-11 03:59:01,2025-03-19 03:59:01
579,Евгений,Михеев,737528864179,1968-03-11,M,Atyrau,mass,10,2025-08-23 07:22:19,2025-10-04 07:22:19
580,Майя,Ефремова,805463515334,1987-12-20,F,Semey,mass,34,2023-07-19 23:39:56,2023-08-08 23:39:56
581,Сигизмунд,Исаев,214462186188,1991-01-15,M,Pavlodar,mass,40,2023-04-27 18:19:07,2023-09-17 18:19:07
582,Пров,Мишин,704503032960,1984-08-31,M,Oskemen,mass,3,2024-12-04 12:48:01,2025-05-31 12:48:01
583,Алла,Ершова,889964487800,1973-09-28,F,Shymkent,wealth,9,2025-03-25 03:56:24,2025-04-15 03:56:24
584,Ираида,Хохлова,600591608837,2012-08-24,F,Taraz,premium,1,2023-08-29 20:56:32,2024-02-15 20:56:32
585,Василиса,Гущина,085704215178,1960-04-15,F,Aktobe,mass,36,2024-10-30 02:17:57,2025-01-27 02:17:57
586,Константин,Быков,654107159772,1993-08-07,M,Oskemen,mass,47,2025-01-15 09:23:07,2025-03-19 09:23:07
587,Пелагея,Ильина,877332254821,1986-06-17,F,Aktobe,premium,29,2023-08-26 02:18:03,2023-11-01 02:18:03
588,Алексей,Туров,364680835273,1985-11-24,M,Karaganda,mass,45,2024-08-16 12:22:37,2024-12-22 12:22:37
589,Элеонора,Лаврентьева,240161153350,1969-05-20,F,Taraz,wealth,1,2025-09-29 07:10:47,2025-11-08 07:10:47
590,Жанна,Рогова,913157465674,1981-11-07,F,Aktobe,premium,24,2024-08-31 13:38:19,2025-01-31 13:38:19
591,Галина,Никифорова,092991425511,1986-12-19,F,Atyrau,premium,34,2024-08-23 02:34:41,2024-10-12 02:34:41
592,Устин,Попов,993784101830,1981-03-10,M,Karaganda,mass,6,2025-08-19 02:38:10,2026-02-20 02:38:10
593,Устин,Исаков,701053243429,1994-10-09,M,Shymkent,mass,49,2025-07-26 02:24:06,2025-08-29 02:24:06
594,Анна,Цветкова,874304752673,1990-06-28,F,Semey,wealth,1,2023-10-31 13:02:42,2024-04-04 13:02:42
595,Валерия,Суворова,112436423809,1997-11-01,F,Shymkent,mass,26,2023-06-08 21:18:46,2023-11-29 21:18:46
596,Викторин,Юдин,764811560664,1964-11-21,M,Aktobe,mass,17,2024-09-10 21:37:17,2025-03-18 21:37:17
597,Герасим,Чернов,778911478009,2012-12-11,M,Aktobe,mass,33,2024-04-21 09:27:37,2024-09-25 09:27:37
598,Кира,Панфилова,084053467022,1997-06-01,F,Almaty,mass,21,2024-10-11 22:30:42,2024-12-26 22:30:42
599,Ким,Аксенов,072007642962,2006-12-20,M,Atyrau,mass,3,2024-04-29 20:37:14,2024-05-18 20:37:14
600,Ольга,Воронова,968390974092,2018-07-29,F,Astana,wealth,28,2024-12-14 22:50:22,2025-01-12 22:50:22
601,Илья,Панов,582734747726,2014-03-30,M,Pavlodar,mass,44,2024-05-25 15:40:21,2024-08-05 15:40:21
602,Таисия,Куликова,762476027267,2014-08-31,F,Oskemen,premium,27,2025-12-25 10:46:59,2026-06-05 10:46:59
603,Мария,Пономарева,533818451346,2011-04-03,F,Astana,premium,32,2024-06-24 11:29:01,2024-11-14 11:29:01
604,Фёкла,Панфилова,323606134909,2009-12-02,F,Oskemen,mass,25,2025-10-06 17:12:27,2026-02-20 17:12:27
605,Всемил,Князев,029511774474,2013-10-05,M,Aktobe,mass,50,2024-12-08 04:05:53,2025-03-10 04:05:53
606,Архип,Егоров,655247291840,1989-12-20,M,Oskemen,premium,12,2024-02-19 02:19:12,2024-08-11 02:19:12
607,Павел,Александров,946616957932,2011-01-28,M,Oskemen,premium,6,2024-12-03 05:18:34,2025-03-07 05:18:34
608,Сильвестр,Федотов,658813819932,1962-10-09,M,Karaganda,premium,30,2023-12-01 04:03:10,2024-03-27 04:03:10
609,Авдей,Бобров,795163914900,1996-06-15,M,Semey,mass,25,2024-01-30 04:31:45,2024-02-17 04:31:45
610,Клавдия,Дьячкова,576974808870,1995-11-01,F,Semey,premium,42,2023-04-25 15:03:15,2023-08-15 15:03:15
611,Феврония,Савина,875773612423,1966-08-24,F,Oskemen,premium,32,2023-10-16 20:53:51,2024-04-25 20:53:51
612,Селиван,Князев,634220150857,1987-07-06,M,Shymkent,premium,41,2023-11-16 15:38:42,2024-02-02 15:38:42
613,Виктория,Третьякова,181682285103,2005-08-17,F,Semey,mass,31,2023-12-31 09:16:42,2024-06-06 09:16:42
614,Тимофей,Трофимов,555396844360,1980-03-03,M,Aktobe,mass,15,2023-04-10 12:18:51,2023-05-18 12:18:51
615,Любовь,Миронова,634998875226,1995-10-01,F,Astana,mass,33,2024-04-16 00:09:53,2024-05-03 00:09:53
616,Таисия,Фадеева,507452719827,1975-12-02,F,Almaty,premium,18,2024-06-12 06:05:13,2024-10-31 06:05:13
617,София,Мельникова,809502554573,2016-11-13,F,Astana,mass,31,2025-09-28 00:47:14,2025-10-27 00:47:14
618,Оксана,Тетерина,524558187186,2000-12-06,F,Almaty,mass,49,2025-10-06 08:47:54,2026-01-18 08:47:54
619,Лидия,Беспалова,559282253499,2003-09-29,F,Almaty,mass,33,2024-08-13 03:48:39,2024-12-11 03:48:39
620,Евдокия,Игнатова,439465177253,2007-08-02,F,Oskemen,mass,44,2025-07-16 18:55:12,2025-09-30 18:55:12
621,Изяслав,Дроздов,177861996772,1983-08-01,M,Oskemen,wealth,20,2024-05-25 02:50:40,2024-08-27 02:50:40
622,Нестор,Жуков,833570904614,1984-08-07,M,Almaty,wealth,46,2025-02-20 13:13:38,2025-04-12 13:13:38
623,Остап,Соловьев,804357764201,2003-01-13,M,Atyrau,mass,3,2024-02-22 01:43:42,2024-09-08 01:43:42
624,Лариса,Кононова,263162391173,1997-02-13,F,Shymkent,wealth,10,2024-01-26 01:28:45,2024-06-24 01:28:45
625,Олимпиада,Крюкова,435658617867,1992-05-28,F,Oskemen,premium,14,2024-05-22 17:24:55,2024-07-08 17:24:55
626,Марина,Блинова,367270143405,2005-12-15,F,Taraz,mass,37,2024-09-07 16:30:37,2024-12-27 16:30:37
627,Георгий,Горшков,352300051158,2011-06-28,M,Oskemen,premium,42,2023-04-23 07:04:09,2023-06-10 07:04:09
628,Анатолий,Гусев,248760635684,1961-12-04,M,Pavlodar,premium,19,2023-11-06 02:32:08,2023-11-07 02:32:08
629,Прасковья,Меркушева,422634675388,1973-09-09,F,Karaganda,wealth,10,2025-12-11 23:45:40,2026-02-01 23:45:40
630,Феврония,Суханова,687593322342,1979-06-28,F,Taraz,mass,9,2025-06-28 20:58:26,2025-10-18 20:58:26
631,Варлаам,Уваров,882041751955,2006-05-03,M,Astana,mass,49,2023-08-29 11:58:32,2023-10-21 11:58:32
632,Потап,Комаров,394205459034,1968-12-22,M,Taraz,mass,20,2023-05-12 08:12:22,2023-05-28 08:12:22
633,Светлана,Сысоева,906349263125,1971-06-24,F,Semey,mass,9,2023-05-07 03:40:46,2023-10-31 03:40:46
634,Оксана,Попова,886341199781,1969-10-24,F,Shymkent,mass,32,2023-11-11 22:56:22,2024-01-02 22:56:22
635,Вероника,Исакова,860004714577,1975-03-25,F,Shymkent,mass,1,2024-11-12 03:36:02,2025-02-09 03:36:02
636,Герман,Воробьев,944848804823,2008-06-11,M,Taraz,premium,43,2025-09-27 10:55:53,2026-03-29 10:55:53
637,Рюрик,Шаров,812192004812,1976-07-24,M,Aktobe,mass,46,2024-08-28 08:12:07,2024-12-24 08:12:07
638,Иванна,Ширяева,317877679068,1981-05-03,F,Shymkent,mass,21,2023-11-13 19:39:33,2023-11-15 19:39:33
639,Юлия,Шубина,894942476539,1976-09-18,F,Aktobe,mass,32,2024-08-22 12:47:20,2025-03-07 12:47:20
640,Марфа,Кулагина,350369124152,1991-03-09,F,Aktobe,mass,28,2024-02-20 20:17:06,2024-07-10 20:17:06
641,Болеслав,Красильников,885167175755,1964-03-19,M,Semey,mass,35,2023-04-16 07:48:35,2023-06-13 07:48:35
642,Максим,Красильников,166871968299,1986-08-07,M,Pavlodar,premium,27,2024-12-12 18:53:17,2025-04-12 18:53:17
643,Синклитикия,Щербакова,025396904187,1981-10-02,F,Pavlodar,wealth,11,2025-02-04 19:13:41,2025-07-19 19:13:41
644,Лариса,Исаева,809281791467,1960-12-18,F,Astana,premium,20,2024-11-25 05:47:45,2025-04-08 05:47:45
645,Севастьян,Уваров,248561877890,1982-12-01,M,Astana,premium,30,2023-11-01 03:21:30,2024-02-18 03:21:30
646,Тит,Петров,772196538689,1997-10-30,M,Almaty,premium,7,2023-07-17 01:15:05,2024-01-30 01:15:05
647,Юлия,Виноградова,963623074524,1983-11-04,F,Astana,wealth,46,2023-08-21 00:13:43,2023-12-23 00:13:43
648,Жанна,Евдокимова,601860092576,1995-04-29,F,Almaty,mass,42,2024-04-18 07:04:01,2024-08-08 07:04:01
649,Ия,Данилова,867605090987,1982-09-29,F,Taraz,wealth,44,2024-05-22 07:57:35,2024-08-18 07:57:35
650,Анна,Кудряшова,736671586777,1975-06-08,F,Oskemen,wealth,6,2023-04-09 16:42:32,2023-07-03 16:42:32
651,Антонина,Мишина,828176341327,1991-06-15,F,Taraz,wealth,29,2024-04-08 06:12:09,2024-07-09 06:12:09
652,Варлаам,Зуев,159757536105,2019-07-01,M,Pavlodar,wealth,17,2023-04-23 18:39:59,2023-05-30 18:39:59
653,Глафира,Шубина,919882509405,2019-11-20,F,Aktobe,mass,32,2024-07-03 12:34:52,2024-08-29 12:34:52
654,Ладимир,Лихачев,812984459115,1995-11-07,M,Atyrau,mass,48,2025-04-23 16:31:19,2025-06-28 16:31:19
655,Алевтина,Соловьева,392506387750,2005-07-11,F,Oskemen,premium,21,2023-09-30 15:32:37,2023-10-26 15:32:37
656,Любосмысл,Евсеев,659450644915,2010-02-24,M,Almaty,mass,31,2023-12-24 12:14:16,2024-06-21 12:14:16
657,Аполлон,Анисимов,922805471363,1987-05-02,M,Taraz,mass,37,2025-10-26 02:37:56,2026-03-05 02:37:56
658,Людмила,Давыдова,306731965772,2013-12-18,F,Shymkent,wealth,12,2025-08-05 06:16:23,2025-08-12 06:16:23
659,Нина,Куликова,047683481314,1982-08-10,F,Oskemen,mass,12,2023-12-15 20:38:55,2024-02-19 20:38:55
660,Зинаида,Лобанова,637506903195,1960-06-01,F,Taraz,mass,20,2025-06-08 16:37:19,2025-06-15 16:37:19
661,Надежда,Воронцова,645906131487,2005-07-07,F,Shymkent,wealth,29,2023-08-04 21:48:48,2023-08-11 21:48:48
662,Дмитрий,Романов,983231594699,2000-10-15,M,Semey,wealth,25,2023-05-18 06:03:10,2023-12-04 06:03:10
663,Дарья,Федорова,021947009486,2013-01-12,F,Astana,wealth,34,2023-05-09 20:17:25,2023-06-01 20:17:25
664,Эмилия,Беспалова,757621726434,2004-01-26,F,Astana,mass,36,2023-06-11 07:23:24,2023-10-12 07:23:24
665,Марина,Орехова,260810875130,1962-07-05,F,Almaty,mass,25,2025-02-20 08:09:11,2025-04-09 08:09:11
666,Жанна,Чернова,887513690987,1966-07-18,F,Karaganda,mass,14,2023-04-18 06:56:08,2023-09-11 06:56:08
667,Фортунат,Баранов,690288998380,1972-09-16,M,Atyrau,mass,40,2025-11-14 11:46:03,2026-05-04 11:46:03
668,Елизавета,Суворова,793969408381,2003-10-19,F,Aktobe,premium,1,2023-07-11 10:16:24,2023-12-18 10:16:24
669,Зоя,Рыбакова,160117051797,1995-09-22,F,Aktobe,premium,19,2025-11-18 01:10:32,2026-01-29 01:10:32
670,Зоя,Харитонова,820825041030,1966-01-17,F,Karaganda,mass,40,2025-09-10 20:34:08,2025-12-13 20:34:08
671,Агафья,Мясникова,765977001821,2001-06-13,F,Karaganda,premium,4,2023-12-05 19:31:22,2024-03-14 19:31:22
672,Октябрина,Мясникова,263704862153,1969-12-28,F,Astana,mass,34,2025-07-27 14:27:56,2025-12-10 14:27:56
673,Константин,Ларионов,931123587126,2010-07-26,M,Semey,mass,2,2024-04-06 00:49:14,2024-09-19 00:49:14
674,София,Яковлева,264766394915,1992-04-22,F,Karaganda,mass,19,2023-05-16 05:18:36,2023-10-26 05:18:36
675,Афанасий,Зуев,174204889162,1996-05-28,M,Pavlodar,mass,30,2023-04-19 11:43:04,2023-10-23 11:43:04
676,Любовь,Сафонова,361527597734,1996-08-15,F,Taraz,premium,20,2024-10-02 11:30:37,2024-11-25 11:30:37
677,Клавдия,Кабанова,638760251351,1999-09-28,F,Almaty,premium,14,2025-08-08 08:53:26,2025-11-14 08:53:26
678,Парамон,Пахомов,765813277467,2007-08-08,M,Almaty,premium,7,2025-03-26 00:16:24,2025-04-11 00:16:24
679,Ипатий,Панов,830937930639,2000-01-25,M,Oskemen,mass,46,2025-12-09 23:01:05,2026-01-22 23:01:05
680,Клавдия,Лазарева,181194566282,1970-03-03,F,Shymkent,mass,7,2025-02-23 20:08:25,2025-09-04 20:08:25
681,Нестор,Красильников,475934540463,1990-06-25,M,Astana,mass,5,2025-08-14 11:29:36,2025-09-28 11:29:36
682,Святополк,Киселев,919916277394,2015-10-16,M,Atyrau,mass,11,2024-03-31 14:16:35,2024-07-02 14:16:35
683,Жанна,Щербакова,903167293296,2019-02-27,F,Astana,mass,36,2025-06-17 07:42:27,2025-06-25 07:42:27
684,Филимон,Ефимов,531436233594,1990-09-10,M,Shymkent,mass,47,2023-07-22 04:59:13,2023-09-26 04:59:13
685,Фирс,Анисимов,990635188103,1973-10-25,M,Atyrau,wealth,16,2024-08-17 14:42:55,2025-03-04 14:42:55
686,Лавр,Лебедев,088616848711,1972-06-11,M,Karaganda,premium,6,2023-07-30 21:59:14,2023-09-15 21:59:14
687,Николай,Егоров,720035419612,2013-02-03,M,Almaty,mass,12,2023-12-26 21:59:33,2024-05-03 21:59:33
688,Авксентий,Воронцов,159670139165,2013-12-19,M,Pavlodar,premium,41,2025-10-10 18:47:44,2025-12-22 18:47:44
689,Антип,Сысоев,756927003768,1967-03-04,M,Oskemen,mass,48,2024-10-20 15:07:38,2025-04-10 15:07:38
690,Эрнст,Кононов,966957338334,2008-12-22,M,Karaganda,mass,38,2025-02-07 05:10:02,2025-03-22 05:10:02
691,Сергей,Щукин,837948417398,1988-05-31,M,Pavlodar,wealth,41,2024-01-23 12:33:31,2024-03-01 12:33:31
692,Ия,Носова,891920421418,2009-04-13,F,Aktobe,mass,13,2024-12-21 23:32:10,2025-04-24 23:32:10
693,Елизавета,Кошелева,463197615424,1987-08-19,F,Shymkent,mass,41,2024-10-13 10:05:50,2024-12-31 10:05:50
694,Людмила,Полякова,533615403296,1988-01-15,F,Oskemen,wealth,18,2024-04-13 20:21:52,2024-09-02 20:21:52
695,Евдокия,Орехова,997597682583,1968-07-29,F,Pavlodar,wealth,10,2024-05-18 13:15:48,2024-10-24 13:15:48
696,Зоя,Ларионова,689247721802,2016-10-17,F,Almaty,mass,23,2025-10-08 07:28:31,2026-03-15 07:28:31
697,Вера,Исаева,943828196208,2006-12-19,F,Semey,mass,16,2024-06-03 19:09:43,2024-09-07 19:09:43
698,Антонина,Лихачева,220643794314,1988-03-06,F,Astana,mass,30,2024-01-13 23:40:44,2024-03-23 23:40:44
699,Андрон,Никифоров,119185337566,1995-06-26,M,Shymkent,mass,40,2024-01-07 04:30:42,2024-07-19 04:30:42
700,Потап,Морозов,705774911170,1992-04-28,M,Taraz,mass,6,2024-03-11 14:39:24,2024-06-24 14:39:24
701,Фаина,Громова,556318841922,2017-11-04,F,Semey,mass,4,2023-11-23 21:28:35,2024-05-05 21:28:35
702,Влас,Тарасов,799133635207,1997-03-23,M,Semey,mass,3,2024-08-27 22:57:46,2024-10-17 22:57:46
703,Лавр,Большаков,075381259725,2005-10-31,M,Pavlodar,mass,13,2025-05-31 16:22:29,2025-12-10 16:22:29
704,Наина,Захарова,212066541087,1978-06-11,F,Karaganda,wealth,37,2025-01-22 17:39:03,2025-07-29 17:39:03
705,Евпраксия,Титова,883065825321,1989-12-16,F,Karaganda,mass,47,2023-08-31 01:16:47,2023-12-08 01:16:47
706,София,Шашкова,145298268868,1984-08-08,F,Almaty,mass,29,2024-09-18 11:21:12,2024-12-24 11:21:12
707,Михей,Лобанов,697326201149,1978-05-12,M,Astana,premium,48,2025-09-22 22:36:47,2026-03-15 22:36:47
708,Сидор,Сысоев,174862050623,1993-11-10,M,Almaty,mass,32,2023-07-13 08:49:00,2023-10-31 08:49:00
709,Ираида,Никонова,869877226916,1960-03-04,F,Almaty,wealth,37,2024-11-03 18:59:24,2025-02-22 18:59:24
710,Глафира,Сидорова,720385397536,1996-07-06,F,Shymkent,premium,26,2023-10-12 16:14:06,2024-01-15 16:14:06
711,Ольга,Меркушева,686490219645,1974-09-27,F,Almaty,mass,33,2025-01-09 14:50:08,2025-06-18 14:50:08
712,Лавр,Дементьев,817182604150,1969-04-24,M,Atyrau,mass,17,2024-04-26 13:25:20,2024-09-13 13:25:20
713,Мартьян,Брагин,743839582347,1969-07-19,M,Karaganda,premium,42,2023-12-04 16:16:15,2024-03-29 16:16:15
714,Викентий,Абрамов,107511092485,1968-08-30,M,Karaganda,mass,2,2023-08-29 01:02:12,2023-09-05 01:02:12
715,Анжела,Баранова,702943463324,2012-11-25,F,Oskemen,premium,40,2025-08-29 17:48:08,2026-01-27 17:48:08
716,Зиновий,Самойлов,307835066394,1962-06-14,M,Pavlodar,mass,32,2024-02-04 08:57:29,2024-08-16 08:57:29
717,Никон,Меркушев,077947290378,1979-06-06,M,Atyrau,mass,7,2024-08-31 15:25:55,2024-09-02 15:25:55
718,Федосий,Громов,945463960564,2000-07-11,M,Aktobe,wealth,11,2024-05-02 02:10:59,2024-05-12 02:10:59
719,Анна,Вишнякова,690423761332,2012-05-09,F,Oskemen,mass,46,2024-04-24 13:32:53,2024-08-15 13:32:53
720,Николай,Попов,795436056614,1985-01-08,M,Pavlodar,premium,45,2025-09-18 18:51:52,2026-01-04 18:51:52
721,Капитон,Беляков,934998115649,1993-06-28,M,Semey,mass,31,2025-10-25 21:43:04,2025-11-11 21:43:04
722,Владилен,Панов,023733505253,1972-04-18,M,Taraz,mass,31,2024-05-13 10:52:25,2024-07-06 10:52:25
723,Модест,Муравьев,215680681749,1966-07-06,M,Atyrau,mass,16,2024-02-20 08:29:30,2024-07-29 08:29:30
724,Иванна,Логинова,847033173482,1971-06-04,F,Oskemen,premium,33,2023-08-24 03:36:46,2023-12-06 03:36:46
725,Наум,Бирюков,405457770226,1990-08-20,M,Aktobe,wealth,35,2025-04-27 04:26:42,2025-09-28 04:26:42
726,Маргарита,Киселева,538669665404,1990-09-20,F,Semey,premium,40,2023-06-03 14:05:30,2023-11-11 14:05:30
727,Игорь,Воронов,225399533854,1983-09-04,M,Atyrau,mass,43,2025-04-17 03:42:01,2025-10-02 03:42:01
728,Аким,Орехов,172635375178,2017-04-16,M,Karaganda,mass,39,2023-11-05 04:03:10,2024-04-15 04:03:10
729,Тамара,Большакова,337943201353,1965-12-20,F,Karaganda,wealth,17,2025-06-26 03:08:29,2025-10-30 03:08:29
730,Эмилия,Полякова,251049543113,1964-11-20,F,Almaty,wealth,5,2023-05-18 06:22:08,2023-07-28 06:22:08
731,Арсений,Калашников,796285036242,2015-06-21,M,Atyrau,premium,49,2024-06-17 06:42:52,2024-08-24 06:42:52
732,Октябрина,Бурова,532882690792,2003-08-16,F,Astana,mass,16,2023-08-23 16:50:59,2023-12-05 16:50:59
733,Ладислав,Кулагин,892064884284,1999-11-05,M,Oskemen,mass,48,2025-04-27 09:20:50,2025-08-03 09:20:50
734,Надежда,Андреева,264830534210,1993-11-18,F,Shymkent,wealth,26,2025-12-07 06:11:43,2026-01-29 06:11:43
735,Вышеслав,Соловьев,222640926483,1990-12-19,M,Taraz,mass,2,2025-02-12 12:34:43,2025-06-17 12:34:43
736,Александра,Антонова,022394186588,1994-03-22,F,Taraz,mass,49,2023-12-20 09:01:33,2024-02-16 09:01:33
737,Семен,Андреев,600942829235,1980-10-18,M,Astana,premium,4,2024-01-06 18:54:21,2024-05-31 18:54:21
738,Валерий,Фролов,828170181147,1976-01-19,M,Shymkent,premium,12,2025-03-10 06:29:33,2025-05-11 06:29:33
739,Тимофей,Кузьмин,505010118852,1982-01-19,M,Oskemen,mass,46,2025-01-31 18:10:43,2025-02-28 18:10:43
740,Никанор,Панов,091254757846,2006-08-15,M,Taraz,wealth,39,2025-07-18 03:21:12,2025-12-12 03:21:12
741,Маргарита,Агафонова,454825326433,1988-03-21,F,Oskemen,mass,49,2023-11-22 15:26:01,2023-11-26 15:26:01
742,Тимур,Гаврилов,457173199237,1993-05-02,M,Karaganda,mass,9,2024-10-11 03:11:51,2025-01-25 03:11:51
743,Фрол,Кононов,920436453549,2003-01-05,M,Astana,mass,22,2025-04-23 19:02:20,2025-06-11 19:02:20
744,Виктория,Доронина,917202504746,1985-07-24,F,Taraz,mass,34,2023-05-31 07:50:00,2023-10-27 07:50:00
745,Павел,Лапин,456575918377,2016-12-26,M,Aktobe,mass,10,2023-07-10 09:11:29,2024-01-21 09:11:29
746,Валерьян,Щукин,303915481529,1960-01-19,M,Astana,mass,3,2025-09-26 04:35:43,2025-12-02 04:35:43
747,Пелагея,Горбачева,916168373495,2009-02-26,F,Taraz,premium,43,2023-10-17 21:45:31,2024-01-08 21:45:31
748,Орест,Субботин,568728429399,1964-08-07,M,Atyrau,mass,17,2024-02-16 02:06:15,2024-03-14 02:06:15
749,Климент,Морозов,294105374301,2003-03-03,M,Astana,wealth,21,2024-06-10 16:05:10,2024-06-24 16:05:10
750,Маргарита,Рябова,409128495482,2014-10-11,F,Shymkent,mass,11,2024-11-10 10:50:34,2025-04-12 10:50:34
751,Нинель,Зуева,107148976104,1962-12-07,F,Shymkent,mass,24,2024-05-02 11:05:55,2024-10-22 11:05:55
752,Жанна,Красильникова,130900097884,1983-12-25,F,Atyrau,mass,40,2024-02-17 05:54:58,2024-06-30 05:54:58
753,Митофан,Комаров,062660660866,2000-08-05,M,Taraz,premium,20,2023-09-01 04:41:52,2023-11-15 04:41:52
754,Маргарита,Некрасова,332110511410,1989-11-06,F,Taraz,premium,16,2024-10-28 16:09:06,2025-04-29 16:09:06
755,Людмила,Семенова,695592401100,1982-08-16,F,Pavlodar,mass,32,2024-10-11 10:52:01,2025-02-06 10:52:01
756,Марфа,Егорова,487769781812,1968-05-12,F,Oskemen,mass,10,2023-10-20 01:04:40,2023-10-30 01:04:40
757,Евграф,Меркушев,997476783048,2004-12-14,M,Karaganda,mass,10,2025-04-29 07:21:29,2025-07-23 07:21:29
758,Варвара,Блохина,966498475570,1989-11-02,F,Almaty,mass,38,2024-07-05 11:03:27,2024-12-12 11:03:27
759,Радован,Тарасов,962354360292,1983-10-22,M,Almaty,premium,15,2024-09-01 10:00:31,2024-09-11 10:00:31
760,Еремей,Носков,000858908777,2013-11-06,M,Almaty,mass,38,2023-05-01 09:44:35,2023-06-24 09:44:35
761,Фёкла,Лыткина,937160432409,1983-03-01,F,Shymkent,premium,19,2023-10-24 20:05:45,2024-04-12 20:05:45
762,Акулина,Васильева,210935509880,1981-06-28,F,Astana,wealth,50,2024-10-31 18:02:33,2025-05-13 18:02:33
763,Лора,Николаева,417741620733,1976-12-24,F,Semey,mass,47,2023-04-17 18:52:12,2023-04-21 18:52:12
764,Владлен,Устинов,185496087487,1996-02-08,M,Karaganda,mass,13,2025-10-27 18:50:39,2026-04-03 18:50:39
765,Татьяна,Ершова,092694736104,1960-05-01,F,Atyrau,mass,2,2023-10-30 05:12:16,2024-04-17 05:12:16
766,Ангелина,Никонова,898085511497,1990-07-26,F,Astana,premium,3,2024-03-06 13:33:13,2024-08-16 13:33:13
767,Таисия,Никитина,401969689289,2007-08-20,F,Taraz,mass,32,2025-04-23 14:25:08,2025-07-10 14:25:08
768,Феврония,Рябова,378968302381,1979-01-17,F,Atyrau,wealth,6,2024-11-09 23:58:42,2025-01-07 23:58:42
769,Игорь,Суханов,558855625287,1963-08-27,M,Aktobe,mass,6,2025-03-22 14:06:12,2025-09-06 14:06:12
770,Вероника,Устинова,095144352557,1967-05-11,F,Taraz,mass,12,2025-03-30 00:56:52,2025-09-12 00:56:52
771,Эдуард,Смирнов,717862468578,2004-03-13,M,Semey,mass,4,2024-03-25 23:29:47,2024-07-13 23:29:47
772,Кирилл,Гордеев,821945268726,1960-02-17,M,Astana,mass,38,2024-04-12 02:35:48,2024-05-30 02:35:48
773,Вероника,Титова,859272200392,1970-02-07,F,Atyrau,mass,42,2024-01-23 19:23:49,2024-03-16 19:23:49
774,Тимур,Максимов,121778346642,2016-12-21,M,Shymkent,mass,25,2023-09-03 01:59:34,2023-12-02 01:59:34
775,Демид,Макаров,242004080424,1985-10-07,M,Shymkent,mass,18,2023-07-24 02:05:18,2023-09-07 02:05:18
776,Алевтина,Титова,704322889244,1971-12-23,F,Almaty,wealth,16,2023-11-04 23:29:10,2024-04-17 23:29:10
777,Агафья,Ефимова,612320853409,1969-08-11,F,Karaganda,mass,17,2024-12-02 16:24:28,2025-02-02 16:24:28
778,Изот,Сафонов,107743417746,1984-05-24,M,Atyrau,mass,41,2024-03-28 08:27:00,2024-07-08 08:27:00
779,Лидия,Соколова,120342329005,1972-04-16,F,Karaganda,mass,3,2025-09-23 11:29:21,2025-11-14 11:29:21
780,Дарья,Белоусова,195722300512,2012-10-22,F,Oskemen,mass,6,2024-11-03 06:12:56,2025-01-29 06:12:56
781,Антонин,Гусев,257924217794,1979-05-30,M,Pavlodar,mass,7,2024-04-13 20:54:09,2024-05-05 20:54:09
782,Пантелеймон,Назаров,433460060211,1964-01-21,M,Shymkent,mass,14,2023-05-28 05:43:00,2023-07-17 05:43:00
783,Викентий,Кононов,460773778468,1974-04-09,M,Oskemen,mass,1,2025-03-03 09:56:18,2025-04-15 09:56:18
784,Ангелина,Мухина,840104461778,2007-08-17,F,Atyrau,premium,22,2025-11-25 06:48:17,2026-03-20 06:48:17
785,Прохор,Гуляев,594672227704,1993-09-09,M,Semey,mass,6,2023-09-04 04:25:18,2024-01-30 04:25:18
786,Митофан,Копылов,075853678018,1971-05-05,M,Karaganda,mass,33,2023-10-07 01:51:03,2024-03-10 01:51:03
787,Христофор,Киселев,352311482826,2006-06-20,M,Shymkent,premium,29,2025-04-27 06:24:55,2025-05-15 06:24:55
788,Нонна,Овчинникова,731280777687,1967-07-03,F,Taraz,mass,49,2023-12-23 03:25:55,2024-06-30 03:25:55
789,Ефрем,Блохин,907537767936,2005-03-20,M,Aktobe,wealth,19,2025-10-07 01:47:30,2025-12-12 01:47:30
790,Юрий,Соловьев,654490175734,2005-07-01,M,Pavlodar,mass,2,2025-10-04 06:07:51,2025-10-15 06:07:51
791,Спиридон,Антонов,233355452122,1988-11-08,M,Taraz,premium,4,2025-12-28 02:43:04,2026-03-31 02:43:04
792,Оксана,Носкова,307602485670,2016-01-07,F,Semey,mass,9,2023-09-11 18:09:24,2023-09-27 18:09:24
793,Амвросий,Семенов,825897279654,1982-05-04,M,Semey,mass,25,2025-03-31 22:00:53,2025-09-30 22:00:53
794,Самуил,Сазонов,210662156741,1981-10-10,M,Pavlodar,wealth,46,2024-07-07 03:55:35,2024-08-09 03:55:35
795,Милица,Котова,419240396193,1986-01-26,F,Almaty,mass,26,2023-12-22 00:05:27,2024-02-18 00:05:27
796,Валентина,Емельянова,299003422585,1962-01-07,F,Karaganda,premium,7,2025-01-16 06:16:49,2025-04-20 06:16:49
797,Прокл,Богданов,193948060608,1981-06-04,M,Karaganda,mass,14,2024-06-09 01:27:27,2024-12-21 01:27:27
798,Анжелика,Маркова,373211055775,2014-05-29,F,Karaganda,mass,38,2025-06-15 07:43:23,2025-07-08 07:43:23
799,Ювеналий,Куликов,690400077499,1968-07-20,M,Oskemen,premium,27,2024-08-13 17:51:35,2025-02-28 17:51:35
800,Артемий,Гусев,085345850636,2004-08-14,M,Aktobe,premium,19,2025-12-20 18:46:08,2026-05-21 18:46:08
801,Кир,Ефремов,986363806886,2011-08-03,M,Aktobe,mass,35,2023-04-22 00:01:34,2023-07-05 00:01:34
802,Фотий,Хохлов,301918126122,1990-04-18,M,Pavlodar,mass,6,2025-05-08 11:26:30,2025-07-12 11:26:30
803,Любосмысл,Щербаков,254786734347,1964-02-28,M,Semey,premium,7,2024-01-18 00:05:14,2024-02-16 00:05:14
804,Эдуард,Лобанов,808336873609,1979-02-04,M,Astana,mass,50,2024-10-20 23:57:48,2024-12-14 23:57:48
805,Кира,Панова,851548459698,1986-01-19,F,Almaty,mass,16,2023-06-25 13:37:57,2023-09-10 13:37:57
806,Силантий,Елисеев,124658102370,2019-11-04,M,Taraz,mass,45,2023-10-10 07:31:11,2024-04-04 07:31:11
807,Петр,Комаров,950259742845,2011-05-22,M,Atyrau,premium,27,2024-04-19 22:27:37,2024-11-01 22:27:37
808,Валерия,Красильникова,566769482533,2011-01-10,F,Karaganda,mass,22,2023-07-24 02:41:07,2023-12-15 02:41:07
809,Устин,Молчанов,857898188277,1998-07-26,M,Pavlodar,premium,36,2025-03-04 23:10:28,2025-03-18 23:10:28
810,Екатерина,Горбунова,431790473975,1979-10-09,F,Taraz,premium,43,2024-04-02 01:58:25,2024-09-03 01:58:25
811,Нонна,Белозерова,187898898116,2014-09-22,F,Pavlodar,mass,2,2024-03-05 16:02:27,2024-07-23 16:02:27
812,Зосима,Тихонов,516055369258,1968-10-24,M,Shymkent,wealth,13,2024-11-10 05:11:38,2025-03-25 05:11:38
813,Лукия,Шарапова,187315782888,1974-09-25,F,Oskemen,wealth,15,2024-05-24 13:00:12,2024-05-24 13:00:12
814,Радован,Власов,380087506839,1962-04-15,M,Almaty,mass,25,2024-02-16 07:32:22,2024-06-30 07:32:22
815,Павел,Артемьев,268347858966,1964-07-06,M,Taraz,mass,41,2024-04-13 03:42:55,2024-06-23 03:42:55
816,Антонина,Веселова,530987741107,2004-02-23,F,Oskemen,mass,4,2025-12-13 08:31:32,2026-01-23 08:31:32
817,Парфен,Веселов,962914019392,1996-01-02,M,Astana,mass,35,2023-11-04 15:58:35,2023-11-24 15:58:35
818,Зоя,Давыдова,960132489345,1990-12-12,F,Pavlodar,mass,13,2025-12-20 17:05:03,2026-02-13 17:05:03
819,Виктория,Зимина,357150820842,1964-09-29,F,Karaganda,mass,14,2025-10-15 02:25:42,2026-04-07 02:25:42
820,Олимпиада,Виноградова,599745908688,2012-11-03,F,Semey,wealth,12,2023-09-01 20:34:30,2023-09-27 20:34:30
821,Будимир,Никонов,157476248858,2006-03-25,M,Shymkent,premium,44,2025-04-07 07:00:34,2025-06-27 07:00:34
822,Анжелика,Тарасова,790757469474,2004-07-16,F,Karaganda,mass,34,2025-12-01 13:45:24,2026-06-18 13:45:24
823,Пимен,Белов,050816319660,1990-01-21,M,Semey,mass,7,2023-08-03 23:36:12,2024-01-25 23:36:12
824,Маргарита,Корнилова,069053345057,1984-02-02,F,Karaganda,mass,40,2024-11-11 05:50:14,2025-04-15 05:50:14
825,Василиса,Наумова,919879628477,1982-07-01,F,Semey,mass,42,2023-10-20 06:04:59,2023-11-22 06:04:59
826,Анастасия,Сафонова,756624548964,1992-01-09,F,Shymkent,mass,35,2023-07-11 04:38:06,2023-10-21 04:38:06
827,Тамара,Шилова,760627906945,1994-06-29,F,Semey,mass,40,2024-11-26 08:47:26,2025-04-22 08:47:26
828,Лора,Агафонова,183547756066,1981-04-21,F,Taraz,mass,45,2024-07-31 08:14:06,2024-10-07 08:14:06
829,Виталий,Тихонов,366501257332,2006-12-21,M,Pavlodar,mass,38,2024-02-20 12:11:36,2024-05-30 12:11:36
830,Мина,Уваров,612967878295,2011-05-15,M,Astana,mass,26,2025-08-09 12:07:08,2025-09-20 12:07:08
831,Наталья,Беспалова,353949315458,1979-12-10,F,Taraz,premium,39,2025-10-10 02:16:02,2026-04-28 02:16:02
832,Алла,Меркушева,173065995034,1985-10-10,F,Aktobe,mass,1,2025-09-17 16:04:28,2025-11-05 16:04:28
833,Ия,Моисеева,655914405752,1963-05-20,F,Astana,wealth,24,2024-03-27 04:52:04,2024-05-19 04:52:04
834,Ксения,Казакова,433173884852,1998-03-29,F,Oskemen,wealth,21,2025-02-19 21:39:42,2025-03-02 21:39:42
835,Василий,Игнатьев,188270713596,2006-12-26,M,Oskemen,premium,4,2023-04-23 04:42:06,2023-09-24 04:42:06
836,Сильвестр,Соболев,325574895974,1989-02-08,M,Atyrau,premium,27,2023-11-16 08:59:43,2024-05-27 08:59:43
837,Виктория,Прохорова,817598267438,2015-01-20,F,Aktobe,mass,33,2024-06-27 09:42:41,2024-07-29 09:42:41
838,Ольга,Цветкова,984318808326,1980-10-27,F,Astana,mass,9,2023-04-25 04:01:53,2023-10-06 04:01:53
839,Велимир,Шестаков,003026511385,1994-05-14,M,Pavlodar,premium,40,2023-10-04 13:04:40,2024-04-04 13:04:40
840,Тамара,Фомина,924649610357,1975-01-17,F,Taraz,mass,14,2025-08-05 08:05:16,2025-08-22 08:05:16
841,Викентий,Фадеев,811816866607,1968-01-23,M,Semey,mass,27,2023-09-28 18:14:26,2023-12-04 18:14:26
842,Ирина,Дроздова,401450478437,1992-07-31,F,Semey,premium,18,2025-07-20 17:14:25,2025-11-20 17:14:25
843,Зиновий,Константинов,936576485735,1976-04-18,M,Oskemen,mass,42,2024-12-07 19:04:24,2025-04-06 19:04:24
844,Пахом,Сазонов,177969993155,2015-02-27,M,Karaganda,premium,27,2025-10-27 09:16:47,2025-12-09 09:16:47
845,Феликс,Туров,656252167258,1978-03-25,M,Taraz,premium,20,2023-12-11 10:08:40,2024-02-17 10:08:40
846,Юлия,Горбачева,474132038594,1970-06-13,F,Shymkent,mass,39,2025-08-27 08:13:19,2026-01-23 08:13:19
847,Тамара,Козлова,413657972781,2010-02-01,F,Semey,mass,9,2025-12-28 18:23:49,2026-02-04 18:23:49
848,Ювеналий,Гущин,137701007486,2001-10-08,M,Semey,premium,33,2023-09-21 02:11:54,2024-02-13 02:11:54
849,Ираида,Новикова,773516308797,1978-02-13,F,Almaty,mass,20,2025-01-07 02:46:16,2025-03-08 02:46:16
850,Евгения,Дорофеева,851081278801,2011-10-13,F,Shymkent,wealth,47,2024-03-10 21:07:24,2024-08-07 21:07:24
851,Ксения,Русакова,128508959064,2014-08-10,F,Astana,mass,26,2024-02-20 23:54:41,2024-03-03 23:54:41
852,Мартьян,Шестаков,189947117613,1969-05-17,M,Shymkent,mass,3,2023-12-12 19:52:47,2024-01-11 19:52:47
853,Аверьян,Королев,697916705435,2019-03-29,M,Shymkent,mass,42,2024-09-29 19:13:39,2025-03-18 19:13:39
854,Вероника,Воронцова,721276613069,1973-06-20,F,Atyrau,mass,25,2023-10-27 07:53:51,2023-11-28 07:53:51
855,Олег,Виноградов,893378709753,2012-05-05,M,Oskemen,wealth,2,2023-08-23 05:47:16,2024-03-08 05:47:16
856,Вячеслав,Гришин,243333920987,1962-04-20,M,Shymkent,mass,4,2025-05-10 09:52:51,2025-08-26 09:52:51
857,Амвросий,Тарасов,240507948021,1985-03-30,M,Semey,premium,7,2024-12-25 04:49:30,2025-03-22 04:49:30
858,Светлана,Рябова,662722169449,2017-05-27,F,Oskemen,mass,28,2025-04-07 18:07:04,2025-06-24 18:07:04
859,Назар,Гаврилов,732892818400,1965-04-30,M,Astana,wealth,33,2024-12-16 09:22:17,2025-01-16 09:22:17
860,Радован,Александров,742429440007,1992-11-09,M,Oskemen,mass,10,2025-06-01 23:08:02,2025-10-30 23:08:02
861,Глеб,Фомин,741042420083,2007-08-11,M,Aktobe,mass,20,2023-07-25 00:53:39,2023-09-14 00:53:39
862,Ксения,Молчанова,051553442010,1977-11-06,F,Karaganda,premium,26,2025-07-04 20:14:48,2025-08-13 20:14:48
863,Лидия,Носова,841302180024,1968-12-26,F,Aktobe,mass,41,2023-05-31 15:06:33,2023-10-28 15:06:33
864,Ферапонт,Кириллов,056120655907,2016-08-13,M,Aktobe,premium,1,2023-11-18 21:09:53,2024-02-06 21:09:53
865,Борислав,Доронин,706582889369,2017-04-25,M,Karaganda,premium,5,2024-02-16 01:55:40,2024-04-06 01:55:40
866,Алла,Степанова,835243022042,1980-12-05,F,Shymkent,wealth,21,2024-05-05 09:16:53,2024-08-24 09:16:53
867,Глеб,Симонов,655994079149,2019-03-29,M,Shymkent,mass,14,2025-05-29 00:15:28,2025-09-25 00:15:28
868,Ян,Васильев,510016086099,1967-07-05,M,Karaganda,mass,44,2024-07-21 09:07:03,2025-01-16 09:07:03
869,Анжелика,Дорофеева,040855260805,1995-10-18,F,Aktobe,mass,35,2023-06-22 19:02:53,2023-07-27 19:02:53
870,Пров,Нестеров,857299395005,1997-07-27,M,Oskemen,mass,31,2023-11-15 20:31:04,2024-05-03 20:31:04
871,Парамон,Мартынов,305060186575,1997-12-28,M,Semey,premium,10,2023-09-04 18:06:48,2023-12-31 18:06:48
872,Элеонора,Зуева,462521905144,2009-07-04,F,Karaganda,mass,32,2024-05-17 02:00:06,2024-07-28 02:00:06
873,Павел,Дорофеев,195866168972,2014-09-16,M,Pavlodar,mass,35,2025-01-23 00:35:38,2025-03-27 00:35:38
874,Екатерина,Симонова,251413319526,1984-09-09,F,Semey,premium,9,2023-05-17 04:32:59,2023-05-17 04:32:59
875,Соломон,Андреев,620493195600,1965-09-08,M,Astana,mass,5,2025-04-02 06:34:26,2025-05-26 06:34:26
876,Мечислав,Горбунов,696182424401,1982-04-21,M,Almaty,mass,21,2024-05-09 00:44:38,2024-09-28 00:44:38
877,Венедикт,Бобров,793974264686,1984-07-18,M,Almaty,wealth,37,2024-11-15 13:10:07,2025-03-01 13:10:07
878,Феврония,Мартынова,789057555059,1960-04-03,F,Pavlodar,mass,36,2023-08-18 21:29:12,2023-09-24 21:29:12
879,Степан,Харитонов,481231332466,1982-05-03,M,Atyrau,mass,45,2025-03-27 21:31:43,2025-09-01 21:31:43
880,Ксения,Соловьева,380323616760,2002-11-11,F,Taraz,mass,45,2025-02-14 07:35:24,2025-05-22 07:35:24
881,Ефим,Афанасьев,060857823471,2006-03-04,M,Atyrau,mass,21,2025-01-05 20:55:30,2025-04-10 20:55:30
882,Эммануил,Павлов,065829209962,2009-12-12,M,Atyrau,mass,28,2024-12-07 08:59:57,2025-04-13 08:59:57
883,Агата,Ершова,207343738573,1988-08-11,F,Karaganda,mass,33,2025-11-09 13:09:33,2026-04-13 13:09:33
884,Ладислав,Блохин,724316732166,1991-02-18,M,Karaganda,mass,1,2024-10-21 19:44:06,2025-04-16 19:44:06
885,Екатерина,Комиссарова,117494631300,1967-02-03,F,Shymkent,mass,46,2025-07-19 18:52:49,2025-08-13 18:52:49
886,Всеслав,Фадеев,553079045379,1971-06-21,M,Karaganda,wealth,6,2024-12-14 07:07:44,2025-01-27 07:07:44
887,Зоя,Калинина,217786411122,2002-12-12,F,Taraz,mass,28,2024-10-02 23:00:09,2024-12-29 23:00:09
888,Лидия,Ковалева,596325315758,1992-06-23,F,Aktobe,mass,3,2023-07-27 06:56:31,2024-01-16 06:56:31
889,Агата,Чернова,247880119925,2004-01-27,F,Atyrau,premium,6,2025-04-14 14:18:37,2025-08-07 14:18:37
890,Нина,Захарова,226740853104,1961-02-17,F,Semey,mass,5,2023-06-22 11:11:47,2023-11-24 11:11:47
891,Василиса,Щербакова,271399358283,1980-08-03,F,Aktobe,mass,3,2023-04-20 16:07:58,2023-10-16 16:07:58
892,Твердислав,Крюков,342983129924,2007-09-14,M,Karaganda,wealth,35,2024-07-21 21:14:05,2024-10-21 21:14:05
893,Иван,Овчинников,471669736159,2005-12-23,M,Aktobe,wealth,35,2024-08-31 04:20:47,2025-03-07 04:20:47
894,Тамара,Щукина,455186093514,1984-08-08,F,Oskemen,premium,9,2023-09-29 04:23:23,2023-12-02 04:23:23
895,Людмила,Богданова,895971125245,1981-05-17,F,Atyrau,wealth,7,2025-05-06 22:08:55,2025-06-13 22:08:55
896,Никон,Самойлов,091821897521,1964-01-07,M,Astana,mass,12,2024-03-09 02:24:29,2024-05-06 02:24:29
897,Андроник,Кудряшов,634195665843,1961-01-02,M,Semey,mass,19,2023-07-04 23:58:56,2023-08-21 23:58:56
898,Акулина,Рыбакова,925966050447,2009-05-16,F,Shymkent,mass,21,2024-12-03 21:41:57,2025-02-20 21:41:57
899,Анжела,Самойлова,600794790823,2012-10-12,F,Pavlodar,mass,5,2023-07-27 05:39:07,2023-10-19 05:39:07
900,Лонгин,Игнатьев,483209338778,1980-03-02,M,Aktobe,mass,29,2023-06-20 01:57:33,2023-11-05 01:57:33
901,Наталья,Дроздова,957450774521,2007-12-07,F,Atyrau,premium,40,2025-09-19 11:20:08,2025-12-31 11:20:08
902,Онуфрий,Рогов,024585496463,1993-04-13,M,Atyrau,mass,12,2024-11-28 04:30:10,2025-02-28 04:30:10
903,Наина,Калинина,805191873865,1976-10-03,F,Pavlodar,mass,20,2023-08-19 21:23:31,2023-09-08 21:23:31
904,Викентий,Маслов,104339447612,2014-01-07,M,Shymkent,wealth,5,2023-11-12 05:36:01,2023-12-06 05:36:01
905,Адриан,Меркушев,594119354889,1983-09-18,M,Taraz,mass,9,2025-03-18 21:21:15,2025-04-13 21:21:15
906,Лидия,Романова,804505184059,1964-06-19,F,Astana,premium,26,2024-02-02 14:36:29,2024-03-29 14:36:29
907,Юлия,Рыбакова,182895968820,2003-07-22,F,Semey,premium,34,2024-11-06 15:56:31,2024-12-22 15:56:31
908,Митофан,Беляев,214399734035,1965-04-17,M,Astana,mass,37,2024-01-25 15:14:32,2024-04-29 15:14:32
909,Поликарп,Сазонов,818010872870,2011-02-03,M,Shymkent,mass,3,2024-04-14 18:05:31,2024-04-22 18:05:31
910,Валентина,Николаева,604986853762,2017-12-10,F,Shymkent,wealth,37,2025-10-19 10:22:40,2026-03-01 10:22:40
911,Нина,Сафонова,283524180679,2002-07-15,F,Karaganda,wealth,20,2024-11-02 05:24:24,2025-03-19 05:24:24
912,Олег,Назаров,031764608287,1992-04-16,M,Oskemen,mass,34,2025-05-26 00:10:56,2025-12-07 00:10:56
913,Богдан,Афанасьев,089474527225,1977-07-07,M,Semey,mass,12,2025-01-19 19:33:27,2025-04-10 19:33:27
914,Леонид,Кононов,410344203633,1995-08-16,M,Shymkent,mass,37,2024-12-04 03:05:41,2025-01-19 03:05:41
915,Мартьян,Поляков,371467668001,2005-07-13,M,Pavlodar,mass,39,2024-05-01 22:25:01,2024-10-23 22:25:01
916,Мариан,Гуляев,743616469392,1967-06-17,M,Shymkent,mass,6,2025-08-07 13:08:42,2026-01-24 13:08:42
917,Давыд,Воробьев,793908760338,1976-06-04,M,Taraz,wealth,42,2025-06-27 09:02:40,2025-12-19 09:02:40
918,Раиса,Калашникова,340804115037,1992-11-06,F,Almaty,mass,43,2024-10-06 03:03:21,2025-04-16 03:03:21
919,Викентий,Лобанов,969706503984,2005-06-09,M,Atyrau,premium,49,2025-11-11 23:34:42,2026-01-22 23:34:42
920,Сократ,Григорьев,602686153796,1990-07-18,M,Shymkent,mass,24,2025-10-18 06:40:20,2026-01-25 06:40:20
921,Милен,Шестаков,556349805740,1981-09-04,M,Oskemen,premium,18,2025-11-26 22:33:29,2026-05-22 22:33:29
922,Гедеон,Фролов,525932043813,1979-07-22,M,Shymkent,premium,23,2023-12-28 17:17:48,2023-12-30 17:17:48
923,Варфоломей,Куликов,281151019717,1987-08-10,M,Taraz,wealth,7,2024-08-12 17:35:40,2024-08-29 17:35:40
924,Исай,Лазарев,688026954208,1970-06-19,M,Astana,mass,26,2023-12-07 22:23:58,2024-03-29 22:23:58
925,Дементий,Елисеев,083993857535,1976-09-10,M,Astana,mass,38,2023-10-09 19:20:01,2024-04-14 19:20:01
926,Виктория,Мишина,284810643129,1962-03-19,F,Atyrau,mass,1,2025-02-14 18:34:58,2025-06-07 18:34:58
927,Афиноген,Борисов,270171666095,1971-03-03,M,Semey,premium,32,2025-09-28 12:06:50,2026-04-01 12:06:50
928,Семен,Суворов,475235053764,1968-06-13,M,Pavlodar,premium,34,2024-01-28 12:23:54,2024-02-08 12:23:54
929,Феоктист,Мишин,476809619415,1989-10-04,M,Aktobe,wealth,4,2023-11-23 13:01:45,2024-05-09 13:01:45
930,Фока,Третьяков,710565682612,1984-11-20,M,Aktobe,mass,18,2024-07-22 19:49:14,2025-01-05 19:49:14
931,Феофан,Носков,870995776771,2016-11-18,M,Karaganda,mass,18,2023-12-13 19:00:13,2024-06-12 19:00:13
932,Ярополк,Марков,439613187548,1996-07-11,M,Aktobe,mass,13,2025-05-20 19:51:15,2025-05-20 19:51:15
933,Лука,Алексеев,284390510015,1997-04-18,M,Astana,mass,20,2025-01-12 01:09:22,2025-04-18 01:09:22
934,Потап,Виноградов,929029526310,1978-03-19,M,Astana,mass,32,2023-08-02 18:22:13,2023-08-05 18:22:13
935,Рюрик,Зуев,388947837905,1995-04-28,M,Taraz,mass,4,2024-12-20 11:24:04,2025-03-07 11:24:04
936,Клавдия,Евсеева,093137753361,1977-01-09,F,Shymkent,wealth,11,2023-10-25 15:40:19,2024-01-31 15:40:19
937,Кир,Капустин,927697953615,2006-01-16,M,Almaty,premium,48,2024-10-12 20:54:42,2025-02-15 20:54:42
938,Аполлон,Казаков,123806622321,1985-04-10,M,Oskemen,mass,24,2023-12-04 04:00:34,2024-05-22 04:00:34
939,Сильвестр,Богданов,299060736409,1983-12-17,M,Taraz,wealth,30,2024-12-22 06:44:46,2025-07-09 06:44:46
940,Ксения,Суворова,234587279693,1981-07-10,F,Pavlodar,mass,37,2023-06-06 01:23:17,2023-10-04 01:23:17
941,Нонна,Петрова,559022033595,2015-06-22,F,Aktobe,premium,6,2024-11-23 11:00:14,2025-02-18 11:00:14
942,Арефий,Фомин,395381824913,2012-10-18,M,Astana,mass,12,2023-11-13 11:21:51,2024-02-19 11:21:51
943,Конон,Воробьев,965289833370,2010-10-30,M,Pavlodar,mass,43,2023-05-20 14:56:18,2023-12-03 14:56:18
944,Анна,Горбачева,906745319074,2009-12-20,F,Aktobe,mass,11,2025-05-13 20:01:17,2025-07-05 20:01:17
945,Фёкла,Селезнева,849728660461,2018-02-22,F,Almaty,premium,34,2023-09-17 02:42:13,2023-12-31 02:42:13
946,Мария,Суворова,244543141960,2016-06-15,F,Taraz,wealth,10,2023-07-18 00:07:51,2023-11-07 00:07:51
947,Фома,Жданов,590946701481,1998-03-02,M,Almaty,premium,20,2025-12-05 12:39:19,2026-02-01 12:39:19
948,Андроник,Савельев,560991163171,1962-05-27,M,Atyrau,premium,12,2023-11-04 17:11:35,2024-03-30 17:11:35
949,Ульяна,Кулагина,793862216746,1977-01-20,F,Semey,premium,39,2023-10-20 16:37:52,2023-12-03 16:37:52
950,Евгений,Марков,687231403039,2009-06-14,M,Oskemen,mass,33,2025-03-11 12:05:30,2025-04-27 12:05:30
951,Элеонора,Мухина,788100133885,2010-01-31,F,Semey,premium,12,2024-04-18 08:09:53,2024-10-15 08:09:53
952,Сидор,Алексеев,847287437129,1979-06-10,M,Shymkent,mass,11,2023-04-19 08:17:10,2023-10-18 08:17:10
953,Аркадий,Савельев,293985766819,1996-05-02,M,Almaty,mass,12,2024-03-21 20:11:22,2024-08-26 20:11:22
954,Валентина,Корнилова,928747065264,1969-05-18,F,Karaganda,mass,32,2025-05-28 12:18:57,2025-11-15 12:18:57
955,Лукия,Кулакова,151807165235,2002-06-25,F,Taraz,mass,5,2025-05-10 06:40:11,2025-07-29 06:40:11
956,Анжелика,Селезнева,357963470593,1998-06-03,F,Aktobe,mass,37,2023-10-13 08:57:37,2024-04-01 08:57:37
957,Дементий,Волков,954480880196,1966-05-19,M,Atyrau,wealth,42,2024-05-19 00:35:23,2024-09-23 00:35:23
958,Иосиф,Рогов,102279645409,2002-07-29,M,Karaganda,mass,11,2025-08-13 00:17:55,2025-11-30 00:17:55
959,Нинель,Быкова,791437435566,1997-09-17,F,Taraz,mass,41,2023-06-30 08:45:55,2023-08-22 08:45:55
960,Светлана,Галкина,633057532115,1991-07-30,F,Almaty,wealth,23,2025-06-06 20:21:55,2025-10-08 20:21:55
961,Эмилия,Яковлева,494704533644,2011-05-09,F,Oskemen,premium,29,2025-03-27 14:23:20,2025-06-14 14:23:20
962,Михаил,Давыдов,360804364079,2010-09-10,M,Pavlodar,premium,12,2024-10-27 17:35:04,2025-02-22 17:35:04
963,Ия,Колесникова,535330340315,2001-07-04,F,Pavlodar,premium,14,2025-10-11 20:03:20,2026-01-28 20:03:20
964,Надежда,Носова,696553394423,1983-06-25,F,Aktobe,premium,15,2025-05-04 21:05:40,2025-07-21 21:05:40
965,Лукия,Ларионова,315626892525,1984-03-10,F,Pavlodar,mass,2,2023-10-18 21:09:03,2024-02-29 21:09:03
966,Эммануил,Зайцев,346499657582,1982-05-10,M,Shymkent,mass,1,2025-08-03 16:56:23,2026-02-13 16:56:23
967,Лора,Голубева,140385167345,1971-04-10,F,Almaty,mass,1,2025-08-20 22:15:49,2025-08-30 22:15:49
968,Лора,Белова,391658173117,2001-05-26,F,Taraz,wealth,26,2025-03-21 05:32:06,2025-06-20 05:32:06
969,Тамара,Ларионова,689548969232,1983-04-09,F,Taraz,mass,25,2025-06-19 13:22:39,2025-08-14 13:22:39
970,Никандр,Бобров,502814970232,1983-10-14,M,Pavlodar,mass,42,2025-10-17 16:00:26,2025-11-13 16:00:26
971,Ипполит,Владимиров,747667505993,1972-08-20,M,Atyrau,wealth,18,2025-02-25 16:17:32,2025-06-02 16:17:32
972,Эраст,Уваров,648029380278,1964-03-17,M,Shymkent,mass,36,2025-07-27 03:54:19,2025-12-30 03:54:19
973,Виктория,Миронова,438912517003,2011-06-18,F,Astana,mass,14,2024-10-24 11:38:49,2024-10-26 11:38:49
974,Болеслав,Логинов,447197384476,1991-03-01,M,Taraz,mass,48,2025-12-08 16:47:44,2025-12-22 16:47:44
975,Вячеслав,Фомичев,091257810297,1964-03-09,M,Shymkent,premium,19,2025-03-21 03:36:47,2025-07-16 03:36:47
976,Милий,Никифоров,790411728087,1983-03-26,M,Semey,mass,47,2023-05-06 05:08:13,2023-11-20 05:08:13
977,Никифор,Титов,632176890355,1999-07-16,M,Shymkent,wealth,44,2023-09-01 08:18:20,2023-12-30 08:18:20
978,Чеслав,Рогов,015856372257,1982-03-12,M,Oskemen,mass,41,2025-01-17 07:04:01,2025-03-06 07:04:01
979,Анжелика,Никифорова,009145236496,1966-08-19,F,Oskemen,wealth,4,2024-05-22 21:09:49,2024-09-23 21:09:49
980,Тамара,Мельникова,953562357811,1975-09-29,F,Shymkent,mass,25,2024-01-20 22:08:20,2024-07-29 22:08:20
981,Лора,Авдеева,108111662839,1977-07-09,F,Almaty,premium,35,2025-04-19 16:24:31,2025-06-08 16:24:31
982,Владимир,Агафонов,490555532018,2015-01-26,M,Pavlodar,wealth,33,2023-04-06 14:41:41,2023-09-28 14:41:41
983,Светлана,Тарасова,374271461874,1984-01-17,F,Shymkent,mass,32,2025-10-18 04:10:05,2026-02-16 04:10:05
984,Наталья,Панфилова,314830816591,1985-08-23,F,Astana,mass,21,2023-10-09 18:49:02,2024-04-22 18:49:02
985,Майя,Соколова,377444714876,1976-02-20,F,Almaty,mass,25,2025-05-21 22:50:23,2025-06-09 22:50:23
986,Майя,Никифорова,063172580582,1974-02-01,F,Astana,wealth,42,2024-02-20 15:20:28,2024-03-12 15:20:28
987,Дмитрий,Селиверстов,107591314444,1960-10-03,M,Astana,wealth,38,2023-08-13 19:53:07,2023-09-10 19:53:07
988,Екатерина,Александрова,397860355945,1981-12-09,F,Taraz,premium,21,2025-04-06 06:25:57,2025-10-21 06:25:57
989,Пелагея,Григорьева,337572611981,1977-05-05,F,Shymkent,mass,20,2024-03-17 11:41:05,2024-09-09 11:41:05
990,Зиновий,Кудрявцев,229245877146,1973-10-06,M,Pavlodar,premium,40,2025-11-14 14:49:21,2026-04-15 14:49:21
991,Виктория,Воробьева,651702447770,1991-03-16,F,Karaganda,premium,11,2024-05-20 01:26:54,2024-10-05 01:26:54
992,Кира,Сазонова,806312527951,1997-06-29,F,Atyrau,mass,43,2025-06-15 06:34:48,2025-12-31 06:34:48
993,Варлаам,Селезнев,614422892863,1978-04-15,M,Karaganda,wealth,31,2025-10-30 09:34:26,2026-02-11 09:34:26
994,Тимур,Щукин,899771425919,1977-01-12,M,Shymkent,premium,33,2024-07-31 13:19:53,2024-09-09 13:19:53
995,Степан,Петров,168728468539,1961-10-10,M,Pavlodar,mass,32,2023-06-23 16:14:22,2023-09-29 16:14:22
996,Мартын,Шашков,635085162764,1999-11-20,M,Pavlodar,mass,30,2024-03-04 22:32:12,2024-07-10 22:32:12
997,Ян,Титов,865261698133,1995-10-26,M,Semey,mass,49,2025-01-04 05:33:23,2025-02-16 05:33:23
998,Фёкла,Мельникова,435593224677,1972-03-30,F,Atyrau,wealth,39,2024-05-21 20:51:40,2024-05-26 20:51:40
999,Виктория,Сорокина,745904645553,2004-09-05,F,Aktobe,premium,23,2025-03-31 03:29:51,2025-09-22 03:29:51
1000,Евгения,Никонова,165342856275,2007-11-02,F,Astana,mass,19,2024-11-10 15:55:28,2025-05-27 15:55:28
