contact_id,customer_id,contact_type,contact_value,is_primary,verified,created_at
1,1,phone,82706537947,True,True,2025-12-05 00:42:45
2,1,email,вениамин.козлов1@example.kz,True,True,2025-12-05 00:42:45
3,1,address,"к. Соболево, наб. Гончарова, д. 5/7, 239240",True,False,2025-12-05 00:42:45
4,2,phone,8 (581) 814-12-47,True,True,2023-09-24 23:11:09
5,2,email,ирина.николаева2@example.kz,True,True,2023-09-24 23:11:09
6,2,address,"г. Кизел, наб. Нагорная, д. 1/7 к. 4, 153051",True,False,2023-09-24 23:11:09
7,2,phone,8 220 472 7790,False,False,2023-09-24 23:11:09
8,3,phone,+7 043 289 86 14,True,True,2024-05-18 17:14:56
9,3,email,елена.кудрявцева3@example.kz,True,True,2024-05-18 17:14:56
10,3,address,"г. Барнаул, пр. Л.Толстого, д. 917, 893246",True,False,2024-05-18 17:14:56
11,3,phone,+7 953 962 1851,False,False,2024-05-18 17:14:56
12,4,phone,8 (888) 806-7065,True,True,2025-07-16 09:35:43
13,4,email,варфоломей.ларионов4@example.kz,True,True,2025-07-16 09:35:43
14,4,address,"к. Борзя, алл. Крайняя, д. 3 к. 658, 772217",True,False,2025-07-16 09:35:43
15,4,phone,+7 430 305 4868,False,False,2025-07-16 09:35:43
16,5,phone,8 (403) 450-54-15,True,True,2025-08-06 15:51:45
17,5,email,софия.беляева5@example.kz,True,True,2025-08-06 15:51:45
18,5,address,"клх Саранск, наб. Техническая, д. 8/6 к. 2, 169284",True,False,2025-08-06 15:51:45
19,6,phone,8 115 447 9627,True,True,2024-04-29 09:26:44
20,6,email,феврония.родионова6@example.kz,True,True,2024-04-29 09:26:44
21,6,address,"г. Новая Игирма, пр. Прохладный, д. 616 стр. 30, 021355",True,False,2024-04-29 09:26:44
22,7,phone,8 909 275 57 19,True,True,2023-07-23 03:40:07
23,7,email,амос.новиков7@example.kz,True,True,2023-07-23 03:40:07
24,7,address,"с. Можайск, наб. Ленская, д. 802 стр. 9/2, 473947",True,False,2023-07-23 03:40:07
25,8,phone,+7 (121) 727-1551,True,True,2025-10-04 00:28:08
26,8,email,вадим.рябов8@example.kz,True,True,2025-10-04 00:28:08
27,8,address,"ст. Ербогачен, бул. Локомотивный, д. 9 стр. 41, 370589",True,False,2025-10-04 00:28:08
28,8,phone,8 782 911 4678,False,False,2025-10-04 00:28:08
29,9,phone,8 691 251 77 85,True,True,2024-10-08 07:31:53
30,9,email,елизавета.селезнева9@example.kz,True,True,2024-10-08 07:31:53
31,9,address,"ст. Губкинский, пер. Горный, д. 582 к. 62, 584143",True,False,2024-10-08 07:31:53
32,9,phone,8 (424) 981-8299,False,False,2024-10-08 07:31:53
33,10,phone,+7 (299) 590-01-09,True,True,2025-04-26 08:08:34
34,10,email,элеонора.козлова10@example.kz,True,True,2025-04-26 08:08:34
35,10,address,"ст. Холмск, пер. Совхозный, д. 9/5 к. 8, 647102",True,False,2025-04-26 08:08:34
36,11,phone,8 (677) 359-25-55,True,True,2024-10-24 18:42:31
37,11,email,феликс.лазарев11@example.kz,True,True,2024-10-24 18:42:31
38,11,address,"ст. Обнинск, пер. Веселый, д. 4 стр. 2/5, 321046",True,False,2024-10-24 18:42:31
39,11,phone,86325953278,False,False,2024-10-24 18:42:31
40,12,phone,8 (747) 016-87-33,True,True,2024-12-07 23:35:44
41,12,email,трифон.гаврилов12@example.kz,True,True,2024-12-07 23:35:44
42,12,address,"г. Лесной (Сверд.), пер. Чайкиной, д. 9 к. 316, 565060",True,False,2024-12-07 23:35:44
43,13,phone,88358416878,True,True,2024-08-03 07:49:57
44,13,email,елена.третьякова13@example.kz,True,True,2024-08-03 07:49:57
45,13,address,"п. Владимир, наб. Лазо, д. 3 к. 99, 800025",True,False,2024-08-03 07:49:57
46,13,phone,8 (872) 982-59-52,False,False,2024-08-03 07:49:57
47,14,phone,8 949 588 87 94,True,True,2024-02-14 01:39:45
48,14,email,харитон.матвеев14@example.kz,True,True,2024-02-14 01:39:45
49,14,address,"к. Надым, ул. Баумана, д. 1 стр. 5/4, 972896",True,False,2024-02-14 01:39:45
50,14,phone,+7 (309) 130-75-62,False,False,2024-02-14 01:39:45
51,15,phone,8 368 970 28 38,True,True,2025-07-22 09:06:26
52,15,email,агата.мишина15@example.kz,True,True,2025-07-22 09:06:26
53,15,address,"д. Октябрьский (Башк.), алл. Высоцкого, д. 9 к. 5, 334843",True,False,2025-07-22 09:06:26
54,16,phone,+74375758441,True,True,2023-12-27 13:46:17
55,16,email,гордей.игнатов16@example.kz,True,True,2023-12-27 13:46:17
56,16,address,"ст. Нефтегорск (Самар.), наб. Западная, д. 2, 747338",True,False,2023-12-27 13:46:17
57,16,phone,+78421993308,False,False,2023-12-27 13:46:17
58,17,phone,+7 (301) 657-1208,True,True,2025-09-07 21:03:16
59,17,email,панфил.александров17@example.kz,True,True,2025-09-07 21:03:16
60,17,address,"клх Сортавала, бул. Крымский, д. 6 к. 1, 938026",True,False,2025-09-07 21:03:16
61,17,phone,+7 (067) 240-04-99,False,False,2025-09-07 21:03:16
62,18,phone,+7 547 887 28 74,True,True,2023-04-08 04:12:51
63,18,email,ирина.степанова18@example.kz,True,True,2023-04-08 04:12:51
64,18,address,"к. Жигулевск, пр. Иркутский, д. 60 стр. 4, 966851",True,False,2023-04-08 04:12:51
65,19,phone,8 122 753 04 63,True,True,2023-07-21 22:05:30
66,19,email,екатерина.кондратьева19@example.kz,True,True,2023-07-21 22:05:30
67,19,address,"к. Махачкала, бул. Заречный, д. 6 стр. 20, 426841",True,False,2023-07-21 22:05:30
68,20,phone,+75933272795,True,True,2023-05-14 23:52:04
69,20,email,лукия.орлова20@example.kz,True,True,2023-05-14 23:52:04
70,20,address,"ст. Углегорск, ш. Красноярское, д. 29 стр. 9/6, 910883",True,False,2023-05-14 23:52:04
71,20,phone,88225871397,False,False,2023-05-14 23:52:04
72,21,phone,+7 870 728 67 90,True,True,2024-12-23 10:55:18
73,21,email,вадим.щербаков21@example.kz,True,True,2024-12-23 10:55:18
74,21,address,"клх Апатиты, наб. Школьная, д. 29 к. 265, 170462",True,False,2024-12-23 10:55:18
75,22,phone,+7 (656) 766-18-25,True,True,2024-06-17 23:40:42
76,22,email,антонина.ефимова22@example.kz,True,True,2024-06-17 23:40:42
77,22,address,"д. Палана, алл. Главная, д. 804 стр. 9/7, 375243",True,False,2024-06-17 23:40:42
78,22,phone,+7 069 033 11 90,False,False,2024-06-17 23:40:42
79,23,phone,8 (903) 067-38-30,True,True,2024-02-11 14:45:09
80,23,email,мечислав.елисеев23@example.kz,True,True,2024-02-11 14:45:09
81,23,address,"п. Чайковский, пер. Ломоносова, д. 34 к. 56, 089268",True,False,2024-02-11 14:45:09
82,24,phone,8 (056) 856-62-46,True,True,2025-05-20 18:08:16
83,24,email,иванна.константинова24@example.kz,True,True,2025-05-20 18:08:16
84,24,address,"п. Кимры, ш. Среднее, д. 1/9 к. 7/9, 634351",True,False,2025-05-20 18:08:16
85,24,phone,8 (518) 304-69-90,False,False,2025-05-20 18:08:16
86,25,phone,+7 398 373 54 03,True,True,2023-11-30 08:31:44
87,25,email,аникей.артемьев25@example.kz,True,True,2023-11-30 08:31:44
88,25,address,"клх Сосьва (Хант.), бул. Логовой, д. 4/9, 467854",True,False,2023-11-30 08:31:44
89,25,phone,+75877175355,False,False,2023-11-30 08:31:44
90,26,phone,8 093 204 89 96,True,True,2025-10-26 10:33:39
91,26,email,родион.беляков26@example.kz,True,True,2025-10-26 10:33:39
92,26,address,"п. Мытищи, пр. Высоковольтный, д. 9/6, 777252",True,False,2025-10-26 10:33:39
93,26,phone,+7 (872) 808-01-00,False,False,2025-10-26 10:33:39
94,27,phone,8 231 203 87 50,True,True,2024-08-18 16:42:33
95,27,email,владилен.туров27@example.kz,True,True,2024-08-18 16:42:33
96,27,address,"г. Азов (Рост.), пер. Морозова, д. 508 стр. 1, 211823",True,False,2024-08-18 16:42:33
97,28,phone,+7 (984) 546-1567,True,True,2025-04-08 11:39:47
98,28,email,наркис.федоров28@example.kz,True,True,2025-04-08 11:39:47
99,28,address,"к. Валдай, ш. Речное, д. 766 стр. 1/1, 176591",True,False,2025-04-08 11:39:47
100,29,phone,8 (033) 974-0148,True,True,2023-08-24 23:20:51
101,29,email,устин.анисимов29@example.kz,True,True,2023-08-24 23:20:51
102,29,address,"ст. Можга, алл. Средняя, д. 2/5, 939685",True,False,2023-08-24 23:20:51
103,30,phone,8 218 501 63 15,True,True,2024-11-19 01:47:56
104,30,email,юлия.доронина30@example.kz,True,True,2024-11-19 01:47:56
105,30,address,"г. Кущевская, пр. Курский, д. 9 к. 7/3, 194311",True,False,2024-11-19 01:47:56
106,31,phone,+72626551104,True,True,2023-09-10 08:53:33
107,31,email,майя.игнатьева31@example.kz,True,True,2023-09-10 08:53:33
108,31,address,"ст. Куртамыш, алл. Базарная, д. 86, 101581",True,False,2023-09-10 08:53:33
109,32,phone,89560466183,True,True,2023-07-12 09:44:12
110,32,email,евдокия.крюкова32@example.kz,True,True,2023-07-12 09:44:12
111,32,address,"п. Дзержинск, наб. Флотская, д. 3/2 к. 56, 471543",True,False,2023-07-12 09:44:12
112,32,phone,8 (993) 712-40-65,False,False,2023-07-12 09:44:12
113,33,phone,86575692459,True,True,2024-08-17 06:11:45
114,33,email,ангелина.соловьева33@example.kz,True,True,2024-08-17 06:11:45
115,33,address,"к. Ижевск, наб. Мира, д. 4/6 к. 5/7, 193982",True,False,2024-08-17 06:11:45
116,33,phone,8 (073) 741-6724,False,False,2024-08-17 06:11:45
117,34,phone,+7 (426) 617-9796,True,True,2025-02-20 15:45:53
118,34,email,елизавета.мамонтова34@example.kz,True,True,2025-02-20 15:45:53
119,34,address,"ст. Новосибирск, ш. Кольцевое, д. 335 стр. 696, 101438",True,False,2025-02-20 15:45:53
120,35,phone,8 (899) 375-6798,True,True,2025-12-16 01:25:52
121,35,email,кира.федорова35@example.kz,True,True,2025-12-16 01:25:52
122,35,address,"г. Старый Оскол, наб. Карбышева, д. 612, 573875",True,False,2025-12-16 01:25:52
123,36,phone,8 (177) 514-01-05,True,True,2024-11-15 08:55:24
124,36,email,игорь.князев36@example.kz,True,True,2024-11-15 08:55:24
125,36,address,"клх Корсаков, алл. Большая, д. 9 стр. 8/4, 226609",True,False,2024-11-15 08:55:24
126,37,phone,+7 (796) 603-3419,True,True,2024-05-27 04:56:21
127,37,email,антонина.щербакова37@example.kz,True,True,2024-05-27 04:56:21
128,37,address,"к. Мурманск, пр. Торговый, д. 8, 969691",True,False,2024-05-27 04:56:21
129,38,phone,8 579 249 9125,True,True,2025-10-19 02:45:01
130,38,email,ирина.панова38@example.kz,True,True,2025-10-19 02:45:01
131,38,address,"к. Гдов, наб. Малая, д. 7/3, 627828",True,False,2025-10-19 02:45:01
132,38,phone,+7 (742) 257-90-50,False,False,2025-10-19 02:45:01
133,39,phone,8 (236) 887-67-67,True,True,2024-01-25 14:15:35
134,39,email,майя.сорокина39@example.kz,True,True,2024-01-25 14:15:35
135,39,address,"г. Хабаровск, ш. Проточное, д. 1, 384279",True,False,2024-01-25 14:15:35
136,40,phone,8 (881) 914-85-80,True,True,2024-09-05 07:18:32
137,40,email,моисей.казаков40@example.kz,True,True,2024-09-05 07:18:32
138,40,address,"с. Волоколамск, ш. Покровское, д. 1 стр. 5/6, 713395",True,False,2024-09-05 07:18:32
139,41,phone,86292330958,True,True,2024-09-21 21:39:44
140,41,email,епифан.агафонов41@example.kz,True,True,2024-09-21 21:39:44
141,41,address,"к. Лянтор, пер. Черемуховый, д. 126 к. 3, 325367",True,False,2024-09-21 21:39:44
142,42,phone,+7 (946) 671-16-84,True,True,2024-10-08 01:28:53
143,42,email,ираида.филатова42@example.kz,True,True,2024-10-08 01:28:53
144,42,address,"с. Мценск, ул. Студенческая, д. 6/2 стр. 4/7, 745458",True,False,2024-10-08 01:28:53
145,42,phone,82975001701,False,False,2024-10-08 01:28:53
146,43,phone,+7 (770) 632-42-41,True,True,2024-10-31 08:29:45
147,43,email,анжела.кошелева43@example.kz,True,True,2024-10-31 08:29:45
148,43,address,"г. Обоянь, бул. Мелиоративный, д. 464 стр. 2/2, 371293",True,False,2024-10-31 08:29:45
149,44,phone,8 (700) 516-2713,True,True,2023-07-28 19:31:26
150,44,email,глафира.лукина44@example.kz,True,True,2023-07-28 19:31:26
151,44,address,"клх Волоколамск, наб. Нахимова, д. 3, 221890",True,False,2023-07-28 19:31:26
152,44,phone,82753269731,False,False,2023-07-28 19:31:26
153,45,phone,+7 219 656 52 34,True,True,2024-08-10 22:51:28
154,45,email,иннокентий.сорокин45@example.kz,True,True,2024-08-10 22:51:28
155,45,address,"д. Шаховская, бул. Балтийский, д. 943 стр. 56, 376137",True,False,2024-08-10 22:51:28
156,46,phone,81805526965,True,True,2023-08-11 13:05:17
157,46,email,роман.щербаков46@example.kz,True,True,2023-08-11 13:05:17
158,46,address,"ст. Брянск, пер. Профсоюзный, д. 143, 684866",True,False,2023-08-11 13:05:17
159,46,phone,8 188 924 14 18,False,False,2023-08-11 13:05:17
160,47,phone,+7 (285) 691-4630,True,True,2024-10-02 18:15:41
161,47,email,касьян.стрелков47@example.kz,True,True,2024-10-02 18:15:41
162,47,address,"с. Гатчина, пер. Горный, д. 3 к. 102, 758842",True,False,2024-10-02 18:15:41
163,47,phone,8 241 056 4814,False,False,2024-10-02 18:15:41
164,48,phone,81778507925,True,True,2024-09-14 03:43:31
165,48,email,федосий.поляков48@example.kz,True,True,2024-09-14 03:43:31
166,48,address,"ст. Волхов, бул. Пограничный, д. 18 стр. 103, 562208",True,False,2024-09-14 03:43:31
167,48,phone,8 353 654 19 51,False,False,2024-09-14 03:43:31
168,49,phone,8 (023) 806-1744,True,True,2024-12-05 05:37:24
169,49,email,любосмысл.одинцов49@example.kz,True,True,2024-12-05 05:37:24
170,49,address,"д. Середниково, наб. Путейская, д. 5, 759738",True,False,2024-12-05 05:37:24
171,49,phone,+7 (206) 038-5050,False,False,2024-12-05 05:37:24
172,50,phone,8 413 836 70 24,True,True,2024-04-04 15:16:12
173,50,email,аполлон.данилов50@example.kz,True,True,2024-04-04 15:16:12
174,50,address,"п. Тосно, бул. Жуковского, д. 2/2 к. 26, 623445",True,False,2024-04-04 15:16:12
175,50,phone,8 557 431 32 91,False,False,2024-04-04 15:16:12
176,51,phone,+7 (127) 756-18-53,True,True,2024-07-05 07:01:43
177,51,email,александра.константинова51@example.kz,True,True,2024-07-05 07:01:43
178,51,address,"с. Кунгур, ул. Авиационная, д. 1, 521356",True,False,2024-07-05 07:01:43
179,51,phone,8 (044) 206-7883,False,False,2024-07-05 07:01:43
180,52,phone,+7 712 100 32 36,True,True,2025-04-04 06:52:31
181,52,email,лука.власов52@example.kz,True,True,2025-04-04 06:52:31
182,52,address,"д. Черский, ш. Линейное, д. 813 к. 61, 070296",True,False,2025-04-04 06:52:31
183,52,phone,8 706 625 32 44,False,False,2025-04-04 06:52:31
184,53,phone,8 (209) 993-47-68,True,True,2024-03-06 10:52:52
185,53,email,ираида.голубева53@example.kz,True,True,2024-03-06 10:52:52
186,53,address,"г. Лагань, алл. Маркса Карла, д. 48 к. 865, 598564",True,False,2024-03-06 10:52:52
187,54,phone,+7 (059) 304-07-85,True,True,2023-05-14 15:57:16
188,54,email,екатерина.сысоева54@example.kz,True,True,2023-05-14 15:57:16
189,54,address,"г. Котлас, алл. Физкультурная, д. 739 стр. 3, 395590",True,False,2023-05-14 15:57:16
190,54,phone,8 992 937 8427,False,False,2023-05-14 15:57:16
191,55,phone,+7 103 930 8705,True,True,2025-11-09 13:44:52
192,55,email,ферапонт.шашков55@example.kz,True,True,2025-11-09 13:44:52
193,55,address,"к. Ижевск, ул. Рабочая, д. 39 к. 285, 691545",True,False,2025-11-09 13:44:52
194,56,phone,+7 (267) 528-95-39,True,True,2025-08-18 23:37:10
195,56,email,лука.соболев56@example.kz,True,True,2025-08-18 23:37:10
196,56,address,"к. Магас, алл. Молодежная, д. 1/3, 939172",True,False,2025-08-18 23:37:10
197,57,phone,8 135 521 5704,True,True,2024-09-17 03:58:57
198,57,email,полина.афанасьева57@example.kz,True,True,2024-09-17 03:58:57
199,57,address,"клх Борзя, наб. Олимпийская, д. 806 к. 3/7, 658617",True,False,2024-09-17 03:58:57
200,57,phone,83271040541,False,False,2024-09-17 03:58:57
201,58,phone,+7 526 218 15 99,True,True,2024-07-31 04:32:54
202,58,email,оксана.баранова58@example.kz,True,True,2024-07-31 04:32:54
203,58,address,"с. Забайкальск, пр. Депутатский, д. 415 стр. 96, 443106",True,False,2024-07-31 04:32:54
204,58,phone,88720506149,False,False,2024-07-31 04:32:54
205,59,phone,8 (310) 324-17-14,True,True,2023-04-29 19:16:01
206,59,email,иванна.кудрявцева59@example.kz,True,True,2023-04-29 19:16:01
207,59,address,"с. Кунгур, бул. Красина, д. 75, 270477",True,False,2023-04-29 19:16:01
208,60,phone,+73490211586,True,True,2024-04-25 14:37:54
209,60,email,зинаида.кононова60@example.kz,True,True,2024-04-25 14:37:54
210,60,address,"ст. Оса, пр. Шишкина, д. 57 стр. 960, 172233",True,False,2024-04-25 14:37:54
211,61,phone,+7 (061) 632-94-51,True,True,2024-04-16 02:06:16
212,61,email,феликс.беляков61@example.kz,True,True,2024-04-16 02:06:16
213,61,address,"д. Переславль-Залесский, наб. Томская, д. 1/9 стр. 2/7, 299911",True,False,2024-04-16 02:06:16
214,61,phone,81485646799,False,False,2024-04-16 02:06:16
215,62,phone,8 (024) 629-96-06,True,True,2025-07-22 12:40:14
216,62,email,иванна.дементьева62@example.kz,True,True,2025-07-22 12:40:14
217,62,address,"г. Сорочинск, наб. Южная, д. 5 к. 5, 132475",True,False,2025-07-22 12:40:14
218,62,phone,+76913736785,False,False,2025-07-22 12:40:14
219,63,phone,+7 821 486 2890,True,True,2025-03-15 02:16:23
220,63,email,фотий.котов63@example.kz,True,True,2025-03-15 02:16:23
221,63,address,"ст. Кандалакша, алл. Спортивная, д. 1/6, 457861",True,False,2025-03-15 02:16:23
222,63,phone,+7 357 972 7985,False,False,2025-03-15 02:16:23
223,64,phone,8 241 406 0293,True,True,2024-08-05 06:06:18
224,64,email,фортунат.власов64@example.kz,True,True,2024-08-05 06:06:18
225,64,address,"клх Каргасок, бул. Специалистов, д. 307 к. 19, 494466",True,False,2024-08-05 06:06:18
226,65,phone,8 743 748 9691,True,True,2025-10-01 10:05:54
227,65,email,майя.полякова65@example.kz,True,True,2025-10-01 10:05:54
228,65,address,"д. Шадринск, наб. Победы, д. 671 стр. 6, 443283",True,False,2025-10-01 10:05:54
229,66,phone,+7 965 207 4466,True,True,2025-09-16 19:43:48
230,66,email,всеслав.панфилов66@example.kz,True,True,2025-09-16 19:43:48
231,66,address,"д. Холмск, наб. Минская, д. 6/9, 282417",True,False,2025-09-16 19:43:48
232,67,phone,+7 (482) 513-53-46,True,True,2024-10-06 21:29:32
233,67,email,семен.тарасов67@example.kz,True,True,2024-10-06 21:29:32
234,67,address,"к. Черняховск, пр. Пригородный, д. 1/2 к. 4/9, 684602",True,False,2024-10-06 21:29:32
235,68,phone,+7 (356) 972-52-17,True,True,2024-09-26 05:18:48
236,68,email,анисим.самойлов68@example.kz,True,True,2024-09-26 05:18:48
237,68,address,"к. Беслан, пр. Бульварный, д. 32, 129666",True,False,2024-09-26 05:18:48
238,69,phone,8 760 083 50 58,True,True,2024-12-14 14:35:34
239,69,email,валерия.степанова69@example.kz,True,True,2024-12-14 14:35:34
240,69,address,"клх Адлер, бул. Новгородский, д. 55 стр. 71, 210447",True,False,2024-12-14 14:35:34
241,69,phone,8 (985) 625-7532,False,False,2024-12-14 14:35:34
242,70,phone,8 033 230 98 21,True,True,2023-06-06 12:40:19
243,70,email,гордей.вишняков70@example.kz,True,True,2023-06-06 12:40:19
244,70,address,"с. Краснотурьинск, пер. Сосновый, д. 110 стр. 767, 847230",True,False,2023-06-06 12:40:19
245,70,phone,+76184992618,False,False,2023-06-06 12:40:19
246,71,phone,81411739348,True,True,2025-12-12 12:40:49
247,71,email,наталья.кириллова71@example.kz,True,True,2025-12-12 12:40:49
248,71,address,"клх Поярково, алл. Вокзальная, д. 4/8 к. 4, 011972",True,False,2025-12-12 12:40:49
249,71,phone,+7 811 437 44 70,False,False,2025-12-12 12:40:49
250,72,phone,+7 204 556 11 00,True,True,2025-07-26 18:48:07
251,72,email,ангелина.блинова72@example.kz,True,True,2025-07-26 18:48:07
252,72,address,"к. Новороссийка, пер. Флотский, д. 355 к. 866, 676212",True,False,2025-07-26 18:48:07
253,73,phone,+7 216 979 7296,True,True,2024-02-05 05:31:31
254,73,email,марина.кириллова73@example.kz,True,True,2024-02-05 05:31:31
255,73,address,"ст. Гудермес, пр. Урожайный, д. 8/1 к. 145, 588916",True,False,2024-02-05 05:31:31
256,74,phone,+7 (756) 289-0028,True,True,2025-03-26 09:02:28
257,74,email,руслан.лобанов74@example.kz,True,True,2025-03-26 09:02:28
258,74,address,"ст. Заводоуковск, ш. Победа, д. 4, 408386",True,False,2025-03-26 09:02:28
259,75,phone,8 317 797 17 75,True,True,2023-10-12 19:51:58
260,75,email,зоя.лыткина75@example.kz,True,True,2023-10-12 19:51:58
261,75,address,"клх Анапа, пр. Коммуны, д. 188, 994883",True,False,2023-10-12 19:51:58
262,76,phone,8 (550) 375-89-97,True,True,2025-02-25 20:56:45
263,76,email,фадей.самойлов76@example.kz,True,True,2025-02-25 20:56:45
264,76,address,"г. Владимир, алл. Центральная, д. 6 стр. 9, 102726",True,False,2025-02-25 20:56:45
265,77,phone,+7 493 316 37 35,True,True,2024-07-12 12:55:27
266,77,email,автоном.федосеев77@example.kz,True,True,2024-07-12 12:55:27
267,77,address,"г. Яшкуль, пер. Волжский, д. 8/9 стр. 17, 869782",True,False,2024-07-12 12:55:27
268,77,phone,82216995866,False,False,2024-07-12 12:55:27
269,78,phone,83465472269,True,True,2025-08-16 22:37:26
270,78,email,валерия.федосеева78@example.kz,True,True,2025-08-16 22:37:26
271,78,address,"клх Усть-Калманка, алл. Путейская, д. 59 стр. 3, 885158",True,False,2025-08-16 22:37:26
272,79,phone,8 (996) 846-08-10,True,True,2023-09-18 06:29:44
273,79,email,синклитикия.ситникова79@example.kz,True,True,2023-09-18 06:29:44
274,79,address,"г. Белый Яр (Томск.), наб. Приморская, д. 5, 043805",True,False,2023-09-18 06:29:44
275,80,phone,8 (198) 386-38-40,True,True,2023-05-29 07:42:09
276,80,email,ираида.комиссарова80@example.kz,True,True,2023-05-29 07:42:09
277,80,address,"с. Мичуринск, ул. Полевая, д. 4 стр. 4/6, 347212",True,False,2023-05-29 07:42:09
278,80,phone,+7 (816) 064-84-22,False,False,2023-05-29 07:42:09
279,81,phone,84057202590,True,True,2024-04-10 10:42:20
280,81,email,лукия.макарова81@example.kz,True,True,2024-04-10 10:42:20
281,81,address,"ст. Хоста, наб. Станционная, д. 9 стр. 92, 826886",True,False,2024-04-10 10:42:20
282,82,phone,+7 533 555 43 98,True,True,2024-12-03 05:57:22
283,82,email,кира.кудряшова82@example.kz,True,True,2024-12-03 05:57:22
284,82,address,"г. Нефтекамск, алл. Петровская, д. 256 к. 5/9, 085887",True,False,2024-12-03 05:57:22
285,82,phone,8 (043) 581-12-88,False,False,2024-12-03 05:57:22
286,83,phone,+7 133 613 8612,True,True,2024-01-10 09:46:21
287,83,email,галина.панова83@example.kz,True,True,2024-01-10 09:46:21
288,83,address,"клх Надым, ул. Уральская, д. 924, 934667",True,False,2024-01-10 09:46:21
289,83,phone,8 650 618 09 19,False,False,2024-01-10 09:46:21
290,84,phone,+7 158 144 9147,True,True,2023-08-12 18:14:15
291,84,email,агата.пестова84@example.kz,True,True,2023-08-12 18:14:15
292,84,address,"ст. Архангельск, алл. Проточная, д. 96 к. 3, 508821",True,False,2023-08-12 18:14:15
293,85,phone,+7 099 688 1435,True,True,2024-11-18 01:13:30
294,85,email,иванна.лыткина85@example.kz,True,True,2024-11-18 01:13:30
295,85,address,"клх Тобольск, алл. Воронежская, д. 59, 129087",True,False,2024-11-18 01:13:30
296,85,phone,8 (141) 413-9755,False,False,2024-11-18 01:13:30
297,86,phone,+7 (314) 913-57-75,True,True,2024-07-18 19:40:50
298,86,email,сидор.фадеев86@example.kz,True,True,2024-07-18 19:40:50
299,86,address,"д. Хасавюрт, ш. Куйбышева, д. 3/1 к. 4, 645257",True,False,2024-07-18 19:40:50
300,86,phone,8 (754) 781-29-14,False,False,2024-07-18 19:40:50
301,87,phone,+7 (834) 110-80-99,True,True,2025-07-08 02:20:14
302,87,email,денис.селезнев87@example.kz,True,True,2025-07-08 02:20:14
303,87,address,"г. Усть-Илимск, пер. Дорожников, д. 75 к. 59, 788165",True,False,2025-07-08 02:20:14
304,87,phone,8 (039) 282-7229,False,False,2025-07-08 02:20:14
305,88,phone,82750373145,True,True,2024-08-23 16:08:09
306,88,email,валентина.беспалова88@example.kz,True,True,2024-08-23 16:08:09
307,88,address,"клх Каргасок, ш. Ватутина, д. 8/8 стр. 205, 498926",True,False,2024-08-23 16:08:09
308,89,phone,8 591 846 38 65,True,True,2025-02-07 16:30:53
309,89,email,ярослав.петухов89@example.kz,True,True,2025-02-07 16:30:53
310,89,address,"ст. Старая Русса, ул. О.Кошевого, д. 37 стр. 91, 322259",True,False,2025-02-07 16:30:53
311,89,phone,+7 365 177 73 92,False,False,2025-02-07 16:30:53
312,90,phone,8 030 299 22 80,True,True,2024-08-08 23:54:35
313,90,email,прасковья.кошелева90@example.kz,True,True,2024-08-08 23:54:35
314,90,address,"п. Красноярск, пер. Кольцова, д. 441, 977236",True,False,2024-08-08 23:54:35
315,91,phone,82929842579,True,True,2024-11-15 22:23:25
316,91,email,евстафий.степанов91@example.kz,True,True,2024-11-15 22:23:25
317,91,address,"с. Орехово-Зуево, ул. Юбилейная, д. 98, 291279",True,False,2024-11-15 22:23:25
318,92,phone,80881172980,True,True,2024-04-23 07:34:28
319,92,email,мстислав.фадеев92@example.kz,True,True,2024-04-23 07:34:28
320,92,address,"к. Балашиха, пер. Карла Либкнехта, д. 77 стр. 2, 247314",True,False,2024-04-23 07:34:28
321,92,phone,88643009818,False,False,2024-04-23 07:34:28
322,93,phone,+7 635 651 2694,True,True,2024-01-05 05:40:30
323,93,email,галина.потапова93@example.kz,True,True,2024-01-05 05:40:30
324,93,address,"д. Норильск, наб. М.Горького, д. 96 стр. 3/6, 449562",True,False,2024-01-05 05:40:30
325,93,phone,+7 372 138 65 89,False,False,2024-01-05 05:40:30
326,94,phone,+7 260 127 9611,True,True,2025-07-09 07:19:14
327,94,email,светлана.русакова94@example.kz,True,True,2025-07-09 07:19:14
328,94,address,"к. Валаам, ул. Серова, д. 9/5 стр. 827, 384309",True,False,2025-07-09 07:19:14
329,94,phone,8 (839) 205-3021,False,False,2025-07-09 07:19:14
330,95,phone,+76566938011,True,True,2024-01-08 19:26:47
331,95,email,август.моисеев95@example.kz,True,True,2024-01-08 19:26:47
332,95,address,"к. Кяхта, пер. Омский, д. 7/1, 268181",True,False,2024-01-08 19:26:47
333,95,phone,8 (451) 848-9476,False,False,2024-01-08 19:26:47
334,96,phone,87357790714,True,True,2024-06-07 14:45:41
335,96,email,лидия.емельянова96@example.kz,True,True,2024-06-07 14:45:41
336,96,address,"клх Кетченеры, бул. Угловой, д. 7 стр. 9, 434165",True,False,2024-06-07 14:45:41
337,97,phone,+7 827 553 94 23,True,True,2025-03-11 01:54:38
338,97,email,адам.макаров97@example.kz,True,True,2025-03-11 01:54:38
339,97,address,"п. Кондопога, алл. Курганная, д. 63 к. 21, 790807",True,False,2025-03-11 01:54:38
340,97,phone,8 957 947 2846,False,False,2025-03-11 01:54:38
341,98,phone,+7 (920) 867-8085,True,True,2024-11-02 13:14:30
342,98,email,митофан.шашков98@example.kz,True,True,2024-11-02 13:14:30
343,98,address,"с. Горно-Алтайск, пер. Бажова, д. 1 стр. 236, 594284",True,False,2024-11-02 13:14:30
344,99,phone,+7 (479) 552-7636,True,True,2024-07-01 00:13:06
345,99,email,леон.журавлев99@example.kz,True,True,2024-07-01 00:13:06
346,99,address,"ст. Петухово, пр. Осенний, д. 49 к. 943, 632270",True,False,2024-07-01 00:13:06
347,99,phone,+7 (672) 885-74-48,False,False,2024-07-01 00:13:06
348,100,phone,80612034717,True,True,2023-05-25 13:41:31
349,100,email,арефий.журавлев100@example.kz,True,True,2023-05-25 13:41:31
350,100,address,"к. Новосибирск, пер. Иркутский, д. 1 стр. 2/6, 998245",True,False,2023-05-25 13:41:31
351,101,phone,8 877 169 4722,True,True,2025-07-04 04:05:20
352,101,email,ферапонт.блохин101@example.kz,True,True,2025-07-04 04:05:20
353,101,address,"клх Элиста, пр. Мостовой, д. 425 стр. 6, 496475",True,False,2025-07-04 04:05:20
354,101,phone,88762202341,False,False,2025-07-04 04:05:20
355,102,phone,+7 (261) 117-8006,True,True,2025-04-07 03:36:16
356,102,email,богдан.михайлов102@example.kz,True,True,2025-04-07 03:36:16
357,102,address,"к. Южно-Курильск, ул. Разина, д. 4, 472282",True,False,2025-04-07 03:36:16
358,103,phone,+7 055 778 4872,True,True,2023-11-26 04:36:34
359,103,email,пелагея.авдеева103@example.kz,True,True,2023-11-26 04:36:34
360,103,address,"клх Фатеж, пер. Гоголя, д. 8 к. 81, 564240",True,False,2023-11-26 04:36:34
361,103,phone,+7 825 478 0774,False,False,2023-11-26 04:36:34
362,104,phone,+7 649 308 5368,True,True,2024-05-23 06:50:50
363,104,email,архип.мишин104@example.kz,True,True,2024-05-23 06:50:50
364,104,address,"п. Жуковский, бул. Разина, д. 4/5 стр. 963, 484631",True,False,2024-05-23 06:50:50
365,104,phone,+7 (241) 797-49-73,False,False,2024-05-23 06:50:50
366,105,phone,8 020 802 1442,True,True,2023-09-16 23:12:47
367,105,email,синклитикия.комиссарова105@example.kz,True,True,2023-09-16 23:12:47
368,105,address,"п. Верхотурье, ул. Журавлева, д. 75, 757051",True,False,2023-09-16 23:12:47
369,105,phone,+7 (046) 187-23-46,False,False,2023-09-16 23:12:47
370,106,phone,+7 136 730 3718,True,True,2024-12-11 21:16:18
371,106,email,василиса.гусева106@example.kz,True,True,2024-12-11 21:16:18
372,106,address,"с. Мирный, алл. Западная, д. 547 к. 15, 136502",True,False,2024-12-11 21:16:18
373,107,phone,+79163009792,True,True,2024-09-15 12:50:43
374,107,email,савелий.блохин107@example.kz,True,True,2024-09-15 12:50:43
375,107,address,"п. Ербогачен, ул. Титова, д. 305 к. 427, 857306",True,False,2024-09-15 12:50:43
376,108,phone,8 240 778 4873,True,True,2025-05-05 06:46:12
377,108,email,таисия.сергеева108@example.kz,True,True,2025-05-05 06:46:12
378,108,address,"к. Снежногорск (Мурм.), ш. Приморское, д. 882 к. 5, 708620",True,False,2025-05-05 06:46:12
379,108,phone,85935186387,False,False,2025-05-05 06:46:12
380,109,phone,8 (294) 565-1181,True,True,2025-10-29 06:22:04
381,109,email,иванна.лобанова109@example.kz,True,True,2025-10-29 06:22:04
382,109,address,"п. Архыз, ул. Вахитова, д. 11, 789940",True,False,2025-10-29 06:22:04
383,110,phone,8 391 037 1705,True,True,2023-08-05 01:50:09
384,110,email,элеонора.родионова110@example.kz,True,True,2023-08-05 01:50:09
385,110,address,"ст. Беслан, наб. Дорожная, д. 441 стр. 913, 338392",True,False,2023-08-05 01:50:09
386,111,phone,8 (861) 957-6122,True,True,2023-07-20 21:47:09
387,111,email,еремей.гущин111@example.kz,True,True,2023-07-20 21:47:09
388,111,address,"клх Ербогачен, пер. Азина, д. 6 стр. 6, 659398",True,False,2023-07-20 21:47:09
389,111,phone,+7 (684) 577-6004,False,False,2023-07-20 21:47:09
390,112,phone,80824043350,True,True,2024-11-19 16:24:40
391,112,email,тимур.симонов112@example.kz,True,True,2024-11-19 16:24:40
392,112,address,"г. Ачинск, наб. Прудовая, д. 64 к. 53, 196931",True,False,2024-11-19 16:24:40
393,113,phone,8 727 919 4096,True,True,2023-12-02 19:58:44
394,113,email,евстигней.кулаков113@example.kz,True,True,2023-12-02 19:58:44
395,113,address,"ст. Наро-Фоминск, ш. Блюхера, д. 2/4 к. 560, 589258",True,False,2023-12-02 19:58:44
396,113,phone,+7 (206) 799-8136,False,False,2023-12-02 19:58:44
397,114,phone,+76225179086,True,True,2025-07-10 19:13:26
398,114,email,ксения.власова114@example.kz,True,True,2025-07-10 19:13:26
399,114,address,"с. Таштагол, ш. Мельничное, д. 97 к. 77, 898331",True,False,2025-07-10 19:13:26
400,114,phone,+76591166553,False,False,2025-07-10 19:13:26
401,115,phone,8 590 425 9792,True,True,2024-07-31 09:36:57
402,115,email,мстислав.быков115@example.kz,True,True,2024-07-31 09:36:57
403,115,address,"ст. Кировск (Ленин.), бул. Королева, д. 21, 392405",True,False,2024-07-31 09:36:57
404,115,phone,+7 477 053 83 38,False,False,2024-07-31 09:36:57
405,116,phone,8 (487) 920-6980,True,True,2025-04-28 17:20:27
406,116,email,софрон.савельев116@example.kz,True,True,2025-04-28 17:20:27
407,116,address,"г. Листвянка (Иркут.), ш. Поперечное, д. 270, 451046",True,False,2025-04-28 17:20:27
408,117,phone,+7 (681) 579-8123,True,True,2024-06-13 08:56:20
409,117,email,варвара.крылова117@example.kz,True,True,2024-06-13 08:56:20
410,117,address,"г. Котлас, наб. Орджоникидзе, д. 7/3 стр. 655, 384046",True,False,2024-06-13 08:56:20
411,118,phone,+7 843 256 2168,True,True,2023-06-24 06:23:18
412,118,email,елена.голубева118@example.kz,True,True,2023-06-24 06:23:18
413,118,address,"п. Хоста, пр. Труда, д. 8, 329832",True,False,2023-06-24 06:23:18
414,118,phone,+78262925188,False,False,2023-06-24 06:23:18
415,119,phone,+7 252 056 64 74,True,True,2023-10-13 01:13:55
416,119,email,мартьян.лебедев119@example.kz,True,True,2023-10-13 01:13:55
417,119,address,"г. Гусь-Хрустальный, ул. Черемуховая, д. 49, 051728",True,False,2023-10-13 01:13:55
418,120,phone,87526772233,True,True,2024-10-14 18:16:23
419,120,email,феврония.жданова120@example.kz,True,True,2024-10-14 18:16:23
420,120,address,"ст. Амдерма, пр. Минский, д. 23 к. 87, 736609",True,False,2024-10-14 18:16:23
421,120,phone,8 569 998 80 81,False,False,2024-10-14 18:16:23
422,121,phone,8 (703) 886-08-68,True,True,2025-09-17 19:54:49
423,121,email,елизавета.сафонова121@example.kz,True,True,2025-09-17 19:54:49
424,121,address,"к. Саранск, наб. Февральская, д. 3/7 к. 1, 771812",True,False,2025-09-17 19:54:49
425,121,phone,88266570279,False,False,2025-09-17 19:54:49
426,122,phone,+7 (714) 521-1175,True,True,2025-07-10 19:42:41
427,122,email,елена.иванова122@example.kz,True,True,2025-07-10 19:42:41
428,122,address,"клх Тихорецк, алл. Циолковского, д. 1/3 стр. 3, 220644",True,False,2025-07-10 19:42:41
429,123,phone,8 (421) 230-94-07,True,True,2023-09-29 13:31:39
430,123,email,анжела.рогова123@example.kz,True,True,2023-09-29 13:31:39
431,123,address,"д. Адыгейск, пр. Ручейный, д. 89 стр. 7/8, 990384",True,False,2023-09-29 13:31:39
432,123,phone,88302205020,False,False,2023-09-29 13:31:39
433,124,phone,89451016224,True,True,2025-03-18 11:36:53
434,124,email,анастасия.данилова124@example.kz,True,True,2025-03-18 11:36:53
435,124,address,"клх Чегем, ул. Студенческая, д. 6 к. 7, 681472",True,False,2025-03-18 11:36:53
436,124,phone,+7 458 683 39 01,False,False,2025-03-18 11:36:53
437,125,phone,88179469548,True,True,2025-04-16 02:50:15
438,125,email,артем.лихачев125@example.kz,True,True,2025-04-16 02:50:15
439,125,address,"д. Уэлен, пер. Машиностроителей, д. 3/4 к. 4, 107139",True,False,2025-04-16 02:50:15
440,126,phone,8 605 583 03 44,True,True,2024-02-26 02:37:50
441,126,email,амос.самойлов126@example.kz,True,True,2024-02-26 02:37:50
442,126,address,"к. Терней, наб. Лесная, д. 755 стр. 623, 770272",True,False,2024-02-26 02:37:50
443,126,phone,8 (857) 608-49-58,False,False,2024-02-26 02:37:50
444,127,phone,8 (039) 551-2405,True,True,2024-09-12 02:22:16
445,127,email,лора.богданова127@example.kz,True,True,2024-09-12 02:22:16
446,127,address,"д. Шерегеш, алл. Огородная, д. 6 к. 246, 357438",True,False,2024-09-12 02:22:16
447,127,phone,+72150317807,False,False,2024-09-12 02:22:16
448,128,phone,8 (235) 784-5218,True,True,2025-02-07 21:40:58
449,128,email,раиса.фролова128@example.kz,True,True,2025-02-07 21:40:58
450,128,address,"клх Ахтубинск, пр. Пограничный, д. 240 к. 8, 184094",True,False,2025-02-07 21:40:58
451,128,phone,+7 (533) 448-5714,False,False,2025-02-07 21:40:58
452,129,phone,+7 (241) 098-81-38,True,True,2024-11-20 23:12:21
453,129,email,ирина.агафонова129@example.kz,True,True,2024-11-20 23:12:21
454,129,address,"к. Диксон, ш. Дальневосточное, д. 22 стр. 6, 020701",True,False,2024-11-20 23:12:21
455,129,phone,8 016 629 97 95,False,False,2024-11-20 23:12:21
456,130,phone,+75381792171,True,True,2024-07-08 03:39:22
457,130,email,пелагея.соболева130@example.kz,True,True,2024-07-08 03:39:22
458,130,address,"клх Смирных, алл. Вольная, д. 59 к. 7, 557701",True,False,2024-07-08 03:39:22
459,131,phone,8 (157) 724-59-92,True,True,2024-07-25 11:33:22
460,131,email,тимур.титов131@example.kz,True,True,2024-07-25 11:33:22
461,131,address,"ст. Воткинск, пер. Кирпичный, д. 9 к. 7/7, 938276",True,False,2024-07-25 11:33:22
462,132,phone,+7 539 669 58 32,True,True,2023-09-18 11:24:28
463,132,email,филимон.игнатьев132@example.kz,True,True,2023-09-18 11:24:28
464,132,address,"г. Чулым, пр. 40 лет Победы, д. 572 стр. 2/2, 570132",True,False,2023-09-18 11:24:28
465,133,phone,80227846997,True,True,2024-06-16 07:52:24
466,133,email,олимпиада.николаева133@example.kz,True,True,2024-06-16 07:52:24
467,133,address,"клх Мокшан, пер. Свободы, д. 6/2 к. 798, 405800",True,False,2024-06-16 07:52:24
468,133,phone,8 (514) 036-9656,False,False,2024-06-16 07:52:24
469,134,phone,8 668 327 23 86,True,True,2024-10-07 20:10:09
470,134,email,савватий.константинов134@example.kz,True,True,2024-10-07 20:10:09
471,134,address,"п. Лысьва, алл. Элеваторная, д. 310 стр. 7/3, 267969",True,False,2024-10-07 20:10:09
472,134,phone,+7 (786) 876-53-26,False,False,2024-10-07 20:10:09
473,135,phone,80973846895,True,True,2025-03-09 05:42:06
474,135,email,надежда.пономарева135@example.kz,True,True,2025-03-09 05:42:06
475,135,address,"д. Старый Оскол, наб. Урожайная, д. 2/3 стр. 8, 891371",True,False,2025-03-09 05:42:06
476,135,phone,8 (949) 058-0778,False,False,2025-03-09 05:42:06
477,136,phone,8 (956) 544-20-94,True,True,2025-08-07 05:19:43
478,136,email,антонина.белова136@example.kz,True,True,2025-08-07 05:19:43
479,136,address,"клх Соловки, алл. Больничная, д. 1 стр. 8, 281442",True,False,2025-08-07 05:19:43
480,136,phone,84440192927,False,False,2025-08-07 05:19:43
481,137,phone,8 243 728 0512,True,True,2023-08-13 21:09:26
482,137,email,нина.казакова137@example.kz,True,True,2023-08-13 21:09:26
483,137,address,"ст. Прохладный, алл. Щетинкина, д. 63 к. 141, 767478",True,False,2023-08-13 21:09:26
484,137,phone,+7 (667) 428-6047,False,False,2023-08-13 21:09:26
485,138,phone,8 580 185 69 45,True,True,2023-05-24 18:31:31
486,138,email,панфил.тихонов138@example.kz,True,True,2023-05-24 18:31:31
487,138,address,"ст. Внуково (метеост.), бул. Черняховского, д. 4/4 к. 3, 800106",True,False,2023-05-24 18:31:31
488,138,phone,+7 817 534 43 00,False,False,2023-05-24 18:31:31
489,139,phone,81093911192,True,True,2023-12-18 01:11:46
490,139,email,октябрина.князева139@example.kz,True,True,2023-12-18 01:11:46
491,139,address,"г. Йошкар-Ола, наб. Павлика Морозова, д. 774 к. 5, 140665",True,False,2023-12-18 01:11:46
492,139,phone,+7 442 717 3962,False,False,2023-12-18 01:11:46
493,140,phone,8 (128) 639-17-41,True,True,2023-12-13 20:53:40
494,140,email,аполлинарий.муравьев140@example.kz,True,True,2023-12-13 20:53:40
495,140,address,"г. Холмск, наб. Подстанция, д. 172 стр. 364, 690877",True,False,2023-12-13 20:53:40
496,141,phone,8 618 306 71 98,True,True,2023-08-03 17:54:03
497,141,email,антонина.семенова141@example.kz,True,True,2023-08-03 17:54:03
498,141,address,"клх Медногорск, ул. Революционная, д. 9 к. 2, 432806",True,False,2023-08-03 17:54:03
499,142,phone,+7 (461) 571-7320,True,True,2023-11-26 11:41:19
500,142,email,олимпий.артемьев142@example.kz,True,True,2023-11-26 11:41:19
501,142,address,"клх Чусовой, пр. 30 лет Победы, д. 884, 005050",True,False,2023-11-26 11:41:19
502,143,phone,8 138 782 93 10,True,True,2023-11-10 08:10:56
503,143,email,мартьян.лаврентьев143@example.kz,True,True,2023-11-10 08:10:56
504,143,address,"клх Ангарск, пер. Трудовой, д. 12 к. 50, 792911",True,False,2023-11-10 08:10:56
505,143,phone,+7 799 313 65 65,False,False,2023-11-10 08:10:56
506,144,phone,+7 982 530 92 51,True,True,2025-02-16 21:27:02
507,144,email,велимир.крылов144@example.kz,True,True,2025-02-16 21:27:02
508,144,address,"п. Пушкин, бул. Павлова, д. 47, 219620",True,False,2025-02-16 21:27:02
509,144,phone,8 (100) 219-46-72,False,False,2025-02-16 21:27:02
510,145,phone,+7 (248) 763-2909,True,True,2025-02-17 02:12:18
511,145,email,евдоким.пономарев145@example.kz,True,True,2025-02-17 02:12:18
512,145,address,"д. Верхний Тагил, ш. Мичурина, д. 7 стр. 483, 819588",True,False,2025-02-17 02:12:18
513,145,phone,+7 (734) 031-2772,False,False,2025-02-17 02:12:18
514,146,phone,+7 (005) 436-45-97,True,True,2025-03-27 07:55:44
515,146,email,синклитикия.третьякова146@example.kz,True,True,2025-03-27 07:55:44
516,146,address,"клх Беломорск, алл. Авиационная, д. 278 стр. 637, 353153",True,False,2025-03-27 07:55:44
517,146,phone,+7 363 631 79 70,False,False,2025-03-27 07:55:44
518,147,phone,8 239 726 52 73,True,True,2025-11-13 08:36:36
519,147,email,вышеслав.родионов147@example.kz,True,True,2025-11-13 08:36:36
520,147,address,"п. Нарткала, ул. Таежная, д. 3, 776253",True,False,2025-11-13 08:36:36
521,147,phone,+79292983168,False,False,2025-11-13 08:36:36
522,148,phone,8 (397) 740-63-35,True,True,2025-06-30 16:08:27
523,148,email,добромысл.матвеев148@example.kz,True,True,2025-06-30 16:08:27
524,148,address,"д. Дудинка, ул. Марта 8, д. 907 стр. 768, 177318",True,False,2025-06-30 16:08:27
525,149,phone,+7 632 543 1074,True,True,2023-10-31 17:13:03
526,149,email,октябрина.крылова149@example.kz,True,True,2023-10-31 17:13:03
527,149,address,"ст. Холмогоры, пер. Железнодорожный, д. 8/3 стр. 3/6, 016580",True,False,2023-10-31 17:13:03
528,150,phone,+76498931950,True,True,2024-08-14 22:50:15
529,150,email,анжела.зуева150@example.kz,True,True,2024-08-14 22:50:15
530,150,address,"г. Орел, пр. Дорожный, д. 6 к. 28, 253817",True,False,2024-08-14 22:50:15
531,151,phone,83355486401,True,True,2025-05-02 14:43:06
532,151,email,ульян.комаров151@example.kz,True,True,2025-05-02 14:43:06
533,151,address,"с. Ступино, пер. Красногвардейский, д. 9/9 стр. 8, 137116",True,False,2025-05-02 14:43:06
534,151,phone,+7 (411) 241-27-23,False,False,2025-05-02 14:43:06
535,152,phone,8 (046) 827-5670,True,True,2023-04-18 17:31:41
536,152,email,алла.кулагина152@example.kz,True,True,2023-04-18 17:31:41
537,152,address,"г. Апатиты, ш. Щорса, д. 6/6, 988774",True,False,2023-04-18 17:31:41
538,153,phone,82424375402,True,True,2023-09-13 18:58:35
539,153,email,софия.дьячкова153@example.kz,True,True,2023-09-13 18:58:35
540,153,address,"с. Завьялиха, алл. Февральская, д. 32 стр. 23, 592745",True,False,2023-09-13 18:58:35
541,153,phone,+7 (380) 552-57-82,False,False,2023-09-13 18:58:35
542,154,phone,8 (410) 672-7520,True,True,2025-12-08 21:47:03
543,154,email,агафон.лыткин154@example.kz,True,True,2025-12-08 21:47:03
544,154,address,"с. Льгов, бул. Братский, д. 6/2 стр. 1/3, 406937",True,False,2025-12-08 21:47:03
545,155,phone,8 150 939 8343,True,True,2025-03-24 15:31:04
546,155,email,вадим.гущин155@example.kz,True,True,2025-03-24 15:31:04
547,155,address,"д. Светлогорск (Калин.), бул. Базарный, д. 4/8 стр. 9, 562656",True,False,2025-03-24 15:31:04
548,155,phone,8 045 547 8137,False,False,2025-03-24 15:31:04
549,156,phone,8 742 662 99 12,True,True,2024-08-26 06:09:29
550,156,email,жанна.сергеева156@example.kz,True,True,2024-08-26 06:09:29
551,156,address,"с. Туапсе, ул. Менделеева, д. 506 к. 3/9, 923264",True,False,2024-08-26 06:09:29
552,156,phone,8 (704) 947-8730,False,False,2024-08-26 06:09:29
553,157,phone,+7 244 714 6273,True,True,2025-04-02 06:07:10
554,157,email,орест.мартынов157@example.kz,True,True,2025-04-02 06:07:10
555,157,address,"ст. Кяхта, ул. Коммунаров, д. 7/5 к. 2/6, 429025",True,False,2025-04-02 06:07:10
556,157,phone,8 (252) 045-65-04,False,False,2025-04-02 06:07:10
557,158,phone,+78183219285,True,True,2023-05-05 05:23:51
558,158,email,ольга.соболева158@example.kz,True,True,2023-05-05 05:23:51
559,158,address,"к. Новый Уренгой, пер. Есенина, д. 30, 576521",True,False,2023-05-05 05:23:51
560,159,phone,+7 (283) 389-8881,True,True,2023-06-04 13:56:59
561,159,email,олег.лихачев159@example.kz,True,True,2023-06-04 13:56:59
562,159,address,"г. Гдов, ул. Ильича, д. 5, 279852",True,False,2023-06-04 13:56:59
563,160,phone,+70132234232,True,True,2025-07-05 01:24:16
564,160,email,анастасия.сергеева160@example.kz,True,True,2025-07-05 01:24:16
565,160,address,"клх Вязьма, ул. Леваневского, д. 1/4, 089071",True,False,2025-07-05 01:24:16
566,161,phone,+70140119393,True,True,2024-03-16 05:53:01
567,161,email,натан.смирнов161@example.kz,True,True,2024-03-16 05:53:01
568,161,address,"г. Верхотурье, ш. Литейное, д. 6, 893891",True,False,2024-03-16 05:53:01
569,162,phone,+7 908 334 28 01,True,True,2023-10-17 20:14:00
570,162,email,мария.белоусова162@example.kz,True,True,2023-10-17 20:14:00
571,162,address,"к. Чикола, пр. Загородный, д. 75, 383615",True,False,2023-10-17 20:14:00
572,163,phone,+7 718 275 48 01,True,True,2025-12-10 13:43:54
573,163,email,оксана.дмитриева163@example.kz,True,True,2025-12-10 13:43:54
574,163,address,"г. Орехово-Зуево, пр. Труда, д. 4/9 к. 5/7, 175207",True,False,2025-12-10 13:43:54
575,163,phone,+7 678 112 66 91,False,False,2025-12-10 13:43:54
576,164,phone,+7 (153) 539-61-36,True,True,2025-01-25 17:47:34
577,164,email,панфил.игнатов164@example.kz,True,True,2025-01-25 17:47:34
578,164,address,"ст. Черемхово, наб. Ушакова, д. 8 стр. 8/9, 271147",True,False,2025-01-25 17:47:34
579,164,phone,8 (320) 101-70-26,False,False,2025-01-25 17:47:34
580,165,phone,85249911877,True,True,2025-06-02 18:19:42
581,165,email,федор.нестеров165@example.kz,True,True,2025-06-02 18:19:42
582,165,address,"клх Талдом, пер. Лесхозный, д. 9 к. 206, 756770",True,False,2025-06-02 18:19:42
583,165,phone,+7 284 276 2467,False,False,2025-06-02 18:19:42
584,166,phone,+7 978 897 78 28,True,True,2023-08-26 15:23:57
585,166,email,севастьян.степанов166@example.kz,True,True,2023-08-26 15:23:57
586,166,address,"к. Тавда, пр. К.Маркса, д. 6 стр. 109, 559056",True,False,2023-08-26 15:23:57
587,167,phone,+7 655 650 33 34,True,True,2024-11-21 01:57:28
588,167,email,евграф.анисимов167@example.kz,True,True,2024-11-21 01:57:28
589,167,address,"ст. Мезень, наб. Краснодарская, д. 185, 698640",True,False,2024-11-21 01:57:28
590,167,phone,8 (905) 696-59-17,False,False,2024-11-21 01:57:28
591,168,phone,+7 357 852 94 56,True,True,2025-02-06 00:01:09
592,168,email,екатерина.меркушева168@example.kz,True,True,2025-02-06 00:01:09
593,168,address,"клх Буденновск, алл. Высотная, д. 1 стр. 7, 919195",True,False,2025-02-06 00:01:09
594,169,phone,+71987635148,True,True,2023-05-28 20:23:11
595,169,email,арефий.савин169@example.kz,True,True,2023-05-28 20:23:11
596,169,address,"клх Улан-Удэ, алл. Зои Космодемьянской, д. 5/9 к. 9/3, 829737",True,False,2023-05-28 20:23:11
597,169,phone,+78969083572,False,False,2023-05-28 20:23:11
598,170,phone,+7 (246) 651-3644,True,True,2025-11-10 00:29:02
599,170,email,тит.семенов170@example.kz,True,True,2025-11-10 00:29:02
600,170,address,"клх Шаховская, пр. Волочаевский, д. 123, 477866",True,False,2025-11-10 00:29:02
601,171,phone,+7 324 204 4820,True,True,2025-06-21 09:46:02
602,171,email,лонгин.павлов171@example.kz,True,True,2025-06-21 09:46:02
603,171,address,"г. Великий Устюг, пер. Победы, д. 265 к. 3/4, 981898",True,False,2025-06-21 09:46:02
604,171,phone,+77139155963,False,False,2025-06-21 09:46:02
605,172,phone,8 321 234 76 49,True,True,2025-11-27 09:56:02
606,172,email,антип.логинов172@example.kz,True,True,2025-11-27 09:56:02
607,172,address,"д. Озеры, ул. Крупской, д. 8/4 стр. 3, 754090",True,False,2025-11-27 09:56:02
608,172,phone,+7 348 645 1837,False,False,2025-11-27 09:56:02
609,173,phone,8 064 413 43 27,True,True,2025-03-14 23:35:57
610,173,email,самсон.овчинников173@example.kz,True,True,2025-03-14 23:35:57
611,173,address,"ст. Асбест, ш. Тихое, д. 8/7 к. 7, 248156",True,False,2025-03-14 23:35:57
612,174,phone,88570027206,True,True,2024-04-17 14:14:15
613,174,email,светлана.яковлева174@example.kz,True,True,2024-04-17 14:14:15
614,174,address,"к. Чайковский, ул. Авиационная, д. 38, 577242",True,False,2024-04-17 14:14:15
615,174,phone,85431652669,False,False,2024-04-17 14:14:15
616,175,phone,+7 (008) 931-7342,True,True,2025-02-28 02:53:30
617,175,email,анастасия.кондратьева175@example.kz,True,True,2025-02-28 02:53:30
618,175,address,"д. Рубцовск, наб. Учительская, д. 252 стр. 886, 133344",True,False,2025-02-28 02:53:30
619,176,phone,8 (626) 393-43-62,True,True,2023-12-23 23:18:29
620,176,email,симон.федоров176@example.kz,True,True,2023-12-23 23:18:29
621,176,address,"г. Любань, алл. Курчатова, д. 85 к. 307, 636694",True,False,2023-12-23 23:18:29
622,176,phone,+7 180 053 75 99,False,False,2023-12-23 23:18:29
623,177,phone,+7 048 964 6528,True,True,2025-03-05 20:29:52
624,177,email,дорофей.виноградов177@example.kz,True,True,2025-03-05 20:29:52
625,177,address,"к. Зеленогорск (Ленин.), пр. Лазо, д. 3/2 стр. 9, 241502",True,False,2025-03-05 20:29:52
626,177,phone,8 (456) 449-48-56,False,False,2025-03-05 20:29:52
627,178,phone,+7 (572) 870-32-03,True,True,2024-09-05 22:04:20
628,178,email,чеслав.виноградов178@example.kz,True,True,2024-09-05 22:04:20
629,178,address,"с. Крымск, бул. Павлика Морозова, д. 2/8, 758777",True,False,2024-09-05 22:04:20
630,179,phone,+7 215 134 22 84,True,True,2023-10-25 21:28:39
631,179,email,измаил.маслов179@example.kz,True,True,2023-10-25 21:28:39
632,179,address,"д. Холмогоры, пр. Магистральный, д. 27, 041659",True,False,2023-10-25 21:28:39
633,180,phone,+7 520 177 74 90,True,True,2025-12-26 22:25:48
634,180,email,варвара.фокина180@example.kz,True,True,2025-12-26 22:25:48
635,180,address,"клх Юрьевец (Иван.), наб. Карьерная, д. 50 к. 1, 896164",True,False,2025-12-26 22:25:48
636,181,phone,+7 (361) 032-66-42,True,True,2025-02-28 14:30:14
637,181,email,филарет.крылов181@example.kz,True,True,2025-02-28 14:30:14
638,181,address,"с. Рыльск, ш. Гоголя, д. 25 стр. 9, 776749",True,False,2025-02-28 14:30:14
639,181,phone,86165926610,False,False,2025-02-28 14:30:14
640,182,phone,8 (573) 278-8147,True,True,2025-08-26 12:14:19
641,182,email,фока.кириллов182@example.kz,True,True,2025-08-26 12:14:19
642,182,address,"ст. Сосногорск, алл. Полярная, д. 4 к. 5/1, 081866",True,False,2025-08-26 12:14:19
643,183,phone,+7 794 549 18 01,True,True,2025-06-03 01:16:20
644,183,email,андрон.орехов183@example.kz,True,True,2025-06-03 01:16:20
645,183,address,"ст. Истра, ул. Народная, д. 5/6 к. 8/5, 232194",True,False,2025-06-03 01:16:20
646,183,phone,+7 680 061 02 77,False,False,2025-06-03 01:16:20
647,184,phone,8 974 995 64 12,True,True,2023-09-01 07:47:38
648,184,email,анжелика.гаврилова184@example.kz,True,True,2023-09-01 07:47:38
649,184,address,"п. Вязьма, бул. Енисейский, д. 337, 683147",True,False,2023-09-01 07:47:38
650,184,phone,+7 (760) 122-77-70,False,False,2023-09-01 07:47:38
651,185,phone,8 (933) 496-05-01,True,True,2023-06-18 15:18:46
652,185,email,фортунат.воронцов185@example.kz,True,True,2023-06-18 15:18:46
653,185,address,"ст. Таганрог, пер. Ленина, д. 876 стр. 4/1, 695814",True,False,2023-06-18 15:18:46
654,185,phone,8 717 957 60 24,False,False,2023-06-18 15:18:46
655,186,phone,+7 (757) 383-9597,True,True,2025-01-28 12:02:32
656,186,email,станимир.веселов186@example.kz,True,True,2025-01-28 12:02:32
657,186,address,"клх Охотск, ш. Терешковой, д. 3/4 к. 2, 223297",True,False,2025-01-28 12:02:32
658,186,phone,+7 674 338 00 54,False,False,2025-01-28 12:02:32
659,187,phone,8 228 015 6193,True,True,2023-05-10 18:53:34
660,187,email,казимир.ершов187@example.kz,True,True,2023-05-10 18:53:34
661,187,address,"с. Красноярск, ш. Крылова, д. 384 к. 807, 199180",True,False,2023-05-10 18:53:34
662,187,phone,8 (121) 352-4787,False,False,2023-05-10 18:53:34
663,188,phone,+7 255 213 76 03,True,True,2025-04-07 03:40:00
664,188,email,лонгин.журавлев188@example.kz,True,True,2025-04-07 03:40:00
665,188,address,"к. Териберка, ул. Физкультурная, д. 7, 328632",True,False,2025-04-07 03:40:00
666,188,phone,8 667 850 72 08,False,False,2025-04-07 03:40:00
667,189,phone,+7 155 626 06 02,True,True,2025-07-31 06:02:21
668,189,email,иванна.афанасьева189@example.kz,True,True,2025-07-31 06:02:21
669,189,address,"с. Петушки, бул. Свободы, д. 6 стр. 348, 738997",True,False,2025-07-31 06:02:21
670,190,phone,8 634 108 5628,True,True,2024-10-02 05:31:55
671,190,email,василиса.агафонова190@example.kz,True,True,2024-10-02 05:31:55
672,190,address,"г. Тихорецк, наб. 50 лет Октября, д. 10 стр. 4, 681054",True,False,2024-10-02 05:31:55
673,190,phone,8 (510) 174-9075,False,False,2024-10-02 05:31:55
674,191,phone,+7 (998) 935-4492,True,True,2023-05-02 13:36:08
675,191,email,клавдия.рыбакова191@example.kz,True,True,2023-05-02 13:36:08
676,191,address,"г. Мценск, пер. Тупиковый, д. 8 стр. 726, 106273",True,False,2023-05-02 13:36:08
677,192,phone,8 (158) 698-86-49,True,True,2025-11-14 18:28:52
678,192,email,лука.гущин192@example.kz,True,True,2025-11-14 18:28:52
679,192,address,"с. Сургут (Хант.), пр. Тополиный, д. 38 стр. 8/3, 377028",True,False,2025-11-14 18:28:52
680,193,phone,8 196 115 9408,True,True,2024-02-25 05:27:52
681,193,email,анжела.кузнецова193@example.kz,True,True,2024-02-25 05:27:52
682,193,address,"к. Мезень, наб. Пушкина, д. 1/3 к. 79, 443270",True,False,2024-02-25 05:27:52
683,194,phone,+7 851 067 94 97,True,True,2024-08-01 11:33:22
684,194,email,оксана.ефремова194@example.kz,True,True,2024-08-01 11:33:22
685,194,address,"с. Шерегеш, ш. Придорожное, д. 8/8, 519966",True,False,2024-08-01 11:33:22
686,194,phone,+7 (658) 074-1209,False,False,2024-08-01 11:33:22
687,195,phone,+78181398909,True,True,2024-03-31 01:41:17
688,195,email,феоктист.комаров195@example.kz,True,True,2024-03-31 01:41:17
689,195,address,"д. Ангарск, бул. Осенний, д. 443, 189569",True,False,2024-03-31 01:41:17
690,196,phone,+7 705 626 0856,True,True,2023-07-16 10:09:00
691,196,email,анжела.белякова196@example.kz,True,True,2023-07-16 10:09:00
692,196,address,"г. Волгоград, алл. Февральская, д. 52 стр. 724, 095200",True,False,2023-07-16 10:09:00
693,197,phone,+76152654610,True,True,2023-12-01 03:24:36
694,197,email,ермил.селезнев197@example.kz,True,True,2023-12-01 03:24:36
695,197,address,"ст. Шарья, алл. 8-е Марта, д. 2/5 стр. 957, 170630",True,False,2023-12-01 03:24:36
696,197,phone,+78913824967,False,False,2023-12-01 03:24:36
697,198,phone,+7 832 582 38 68,True,True,2023-06-11 03:14:15
698,198,email,капитон.титов198@example.kz,True,True,2023-06-11 03:14:15
699,198,address,"г. Слюдянка, наб. Славянская, д. 507 стр. 7, 398402",True,False,2023-06-11 03:14:15
700,199,phone,8 (914) 161-2846,True,True,2025-08-19 18:22:06
701,199,email,любовь.бобылева199@example.kz,True,True,2025-08-19 18:22:06
702,199,address,"клх Неплюевка, наб. Докучаева, д. 4 стр. 6, 795020",True,False,2025-08-19 18:22:06
703,200,phone,87002687681,True,True,2023-04-26 18:26:56
704,200,email,архип.бобылев200@example.kz,True,True,2023-04-26 18:26:56
705,200,address,"ст. Саянск, ул. К.Маркса, д. 6/7 стр. 20, 537030",True,False,2023-04-26 18:26:56
706,201,phone,+75319433750,True,True,2025-04-28 03:20:02
707,201,email,зинаида.фомина201@example.kz,True,True,2025-04-28 03:20:02
708,201,address,"клх Шерегеш, ул. Привольная, д. 2/5, 283999",True,False,2025-04-28 03:20:02
709,201,phone,+7 (192) 124-93-84,False,False,2025-04-28 03:20:02
710,202,phone,+7 (089) 487-0605,True,True,2025-02-05 07:54:54
711,202,email,кондратий.яковлев202@example.kz,True,True,2025-02-05 07:54:54
712,202,address,"к. Городовиковск, пер. Ульянова, д. 6/9 стр. 530, 875063",True,False,2025-02-05 07:54:54
713,202,phone,8 190 361 3325,False,False,2025-02-05 07:54:54
714,203,phone,+71107609543,True,True,2024-09-16 01:38:58
715,203,email,порфирий.щукин203@example.kz,True,True,2024-09-16 01:38:58
716,203,address,"п. Невинномысск, ш. Орджоникидзе, д. 81, 791100",True,False,2024-09-16 01:38:58
717,204,phone,8 512 070 49 61,True,True,2023-11-17 00:22:58
718,204,email,тихон.крюков204@example.kz,True,True,2023-11-17 00:22:58
719,204,address,"д. Беломорск, ш. Революции, д. 2/7 к. 19, 676991",True,False,2023-11-17 00:22:58
720,205,phone,8 078 593 1109,True,True,2023-04-22 03:50:41
721,205,email,клавдия.костина205@example.kz,True,True,2023-04-22 03:50:41
722,205,address,"д. Грозный, пер. Таманский, д. 7 стр. 8/3, 200249",True,False,2023-04-22 03:50:41
723,205,phone,8 854 982 27 49,False,False,2023-04-22 03:50:41
724,206,phone,8 450 892 0388,True,True,2025-05-28 10:02:19
725,206,email,светлана.кузнецова206@example.kz,True,True,2025-05-28 10:02:19
726,206,address,"к. Каменск-Уральский, бул. Проезжий, д. 853, 959959",True,False,2025-05-28 10:02:19
727,206,phone,+76521707303,False,False,2025-05-28 10:02:19
728,207,phone,+7 (793) 375-6362,True,True,2025-04-18 20:47:14
729,207,email,фадей.петухов207@example.kz,True,True,2025-04-18 20:47:14
730,207,address,"г. Бугульма, ул. Донская, д. 84 к. 69, 033423",True,False,2025-04-18 20:47:14
731,208,phone,+72583230241,True,True,2025-07-11 23:39:45
732,208,email,валентина.субботина208@example.kz,True,True,2025-07-11 23:39:45
733,208,address,"с. Вытегра, алл. Маяковского, д. 4/6 к. 3, 112233",True,False,2025-07-11 23:39:45
734,208,phone,8 (655) 963-0993,False,False,2025-07-11 23:39:45
735,209,phone,8 (425) 304-2897,True,True,2025-04-05 00:03:20
736,209,email,всеволод.белоусов209@example.kz,True,True,2025-04-05 00:03:20
737,209,address,"ст. Советский, пер. Ключевой, д. 78 стр. 8, 255877",True,False,2025-04-05 00:03:20
738,209,phone,8 (496) 903-33-73,False,False,2025-04-05 00:03:20
739,210,phone,8 346 692 54 81,True,True,2025-08-15 09:27:28
740,210,email,валерия.белозерова210@example.kz,True,True,2025-08-15 09:27:28
741,210,address,"к. Саянск, наб. Угловая, д. 678 стр. 8/8, 657546",True,False,2025-08-15 09:27:28
742,211,phone,+7 273 415 1488,True,True,2025-05-07 21:43:37
743,211,email,валентина.кононова211@example.kz,True,True,2025-05-07 21:43:37
744,211,address,"п. Внуково (метеост.), ул. Терешковой, д. 683, 544439",True,False,2025-05-07 21:43:37
745,211,phone,+7 (840) 445-66-90,False,False,2025-05-07 21:43:37
746,212,phone,8 (826) 333-73-89,True,True,2024-12-10 03:35:37
747,212,email,фадей.степанов212@example.kz,True,True,2024-12-10 03:35:37
748,212,address,"к. Верещагино (Перм.), ш. Енисейское, д. 7/4 к. 8/9, 529240",True,False,2024-12-10 03:35:37
749,213,phone,8 (553) 666-84-59,True,True,2025-05-28 19:48:50
750,213,email,ираида.боброва213@example.kz,True,True,2025-05-28 19:48:50
751,213,address,"п. Елатьма, пер. Черняховского, д. 4/7 к. 486, 159741",True,False,2025-05-28 19:48:50
752,213,phone,+7 (182) 097-02-31,False,False,2025-05-28 19:48:50
753,214,phone,8 433 481 70 58,True,True,2024-03-26 07:57:03
754,214,email,эрнест.никитин214@example.kz,True,True,2024-03-26 07:57:03
755,214,address,"к. Приморско-Ахтарск, алл. Заозерная, д. 78 к. 2/7, 234672",True,False,2024-03-26 07:57:03
756,214,phone,89493874302,False,False,2024-03-26 07:57:03
757,215,phone,8 (169) 385-97-77,True,True,2023-09-02 10:21:51
758,215,email,мефодий.ершов215@example.kz,True,True,2023-09-02 10:21:51
759,215,address,"к. Середниково, бул. Строителей, д. 3/7 к. 72, 629160",True,False,2023-09-02 10:21:51
760,216,phone,+7 (248) 413-7681,True,True,2023-09-06 19:21:54
761,216,email,иванна.селезнева216@example.kz,True,True,2023-09-06 19:21:54
762,216,address,"ст. Воронеж, ш. 40 лет Победы, д. 8/3 стр. 4, 701765",True,False,2023-09-06 19:21:54
763,217,phone,8 360 041 25 77,True,True,2024-01-16 07:32:46
764,217,email,селиван.максимов217@example.kz,True,True,2024-01-16 07:32:46
765,217,address,"г. Уссурийск, алл. Бабушкина, д. 57 стр. 12, 241862",True,False,2024-01-16 07:32:46
766,218,phone,+7 042 752 30 83,True,True,2025-06-20 23:14:13
767,218,email,алла.тарасова218@example.kz,True,True,2025-06-20 23:14:13
768,218,address,"ст. Троицк (Моск.), бул. Пушкинский, д. 5/8 стр. 190, 335331",True,False,2025-06-20 23:14:13
769,218,phone,+7 600 531 3122,False,False,2025-06-20 23:14:13
770,219,phone,+7 681 558 3938,True,True,2023-11-18 17:33:25
771,219,email,наталья.никонова219@example.kz,True,True,2023-11-18 17:33:25
772,219,address,"г. Кирово-Чепецк, ул. 70 лет Октября, д. 3, 650637",True,False,2023-11-18 17:33:25
773,220,phone,+7 (149) 501-3649,True,True,2023-10-18 13:08:25
774,220,email,ирина.соловьева220@example.kz,True,True,2023-10-18 13:08:25
775,220,address,"клх Уварово, алл. Ударная, д. 795 стр. 35, 715099",True,False,2023-10-18 13:08:25
776,221,phone,8 (683) 890-30-91,True,True,2024-01-02 04:56:11
777,221,email,агата.миронова221@example.kz,True,True,2024-01-02 04:56:11
778,221,address,"клх Ростов-на-Дону, пер. Российский, д. 825, 326303",True,False,2024-01-02 04:56:11
779,222,phone,87524508640,True,True,2025-10-03 15:10:35
780,222,email,владислав.кабанов222@example.kz,True,True,2025-10-03 15:10:35
781,222,address,"к. Королев, пер. Трактовый, д. 73, 270171",True,False,2025-10-03 15:10:35
782,223,phone,+7 (023) 212-9833,True,True,2024-05-21 23:43:49
783,223,email,иванна.сорокина223@example.kz,True,True,2024-05-21 23:43:49
784,223,address,"клх Снежинск, алл. Ивановская, д. 36 к. 54, 347156",True,False,2024-05-21 23:43:49
785,224,phone,8 277 689 62 70,True,True,2023-04-21 09:16:31
786,224,email,нинель.жданова224@example.kz,True,True,2023-04-21 09:16:31
787,224,address,"ст. Великий Устюг, пер. Амурский, д. 74 к. 5/8, 689715",True,False,2023-04-21 09:16:31
788,225,phone,+7 (732) 300-85-76,True,True,2025-10-14 06:00:49
789,225,email,наталья.шилова225@example.kz,True,True,2025-10-14 06:00:49
790,225,address,"клх Одинцово, пр. Свердлова, д. 260 к. 3/4, 458750",True,False,2025-10-14 06:00:49
791,225,phone,8 633 705 02 49,False,False,2025-10-14 06:00:49
792,226,phone,8 (243) 992-01-16,True,True,2023-10-25 20:52:02
793,226,email,авксентий.макаров226@example.kz,True,True,2023-10-25 20:52:02
794,226,address,"д. Калач-на-Дону, алл. Войкова, д. 5 к. 5/7, 195243",True,False,2023-10-25 20:52:02
795,226,phone,8 402 701 16 86,False,False,2023-10-25 20:52:02
796,227,phone,+76225223728,True,True,2024-11-18 16:11:24
797,227,email,анжела.фокина227@example.kz,True,True,2024-11-18 16:11:24
798,227,address,"д. Катав-Ивановск, алл. Привокзальная, д. 53, 791214",True,False,2024-11-18 16:11:24
799,228,phone,+7 614 150 93 77,True,True,2025-01-31 12:20:05
800,228,email,геннадий.некрасов228@example.kz,True,True,2025-01-31 12:20:05
801,228,address,"г. Курган, бул. Дачный, д. 138, 984775",True,False,2025-01-31 12:20:05
802,228,phone,86555535669,False,False,2025-01-31 12:20:05
803,229,phone,+7 551 076 2091,True,True,2023-09-19 20:13:43
804,229,email,анатолий.щукин229@example.kz,True,True,2023-09-19 20:13:43
805,229,address,"к. Сеймчан, бул. Шишкина, д. 4/1 стр. 1, 057397",True,False,2023-09-19 20:13:43
806,229,phone,8 915 671 64 93,False,False,2023-09-19 20:13:43
807,230,phone,+7 (898) 027-14-87,True,True,2024-06-03 05:56:35
808,230,email,маргарита.логинова230@example.kz,True,True,2024-06-03 05:56:35
809,230,address,"г. Старая Русса, пер. Слободской, д. 33 стр. 116, 564347",True,False,2024-06-03 05:56:35
810,231,phone,+7 287 153 99 15,True,True,2024-05-19 05:18:19
811,231,email,устин.куликов231@example.kz,True,True,2024-05-19 05:18:19
812,231,address,"клх Учалы, ш. Лесозаводское, д. 24 к. 2, 159319",True,False,2024-05-19 05:18:19
813,231,phone,8 256 904 0983,False,False,2024-05-19 05:18:19
814,232,phone,8 655 289 93 16,True,True,2023-08-14 21:54:50
815,232,email,нина.гусева232@example.kz,True,True,2023-08-14 21:54:50
816,232,address,"к. Долинск, ш. Новосельское, д. 8/3 к. 3, 954814",True,False,2023-08-14 21:54:50
817,233,phone,87374605233,True,True,2024-02-22 15:12:16
818,233,email,андроник.тимофеев233@example.kz,True,True,2024-02-22 15:12:16
819,233,address,"ст. Сузун, пр. Горького, д. 90 стр. 6/7, 566184",True,False,2024-02-22 15:12:16
820,233,phone,+73861259047,False,False,2024-02-22 15:12:16
821,234,phone,+7 (927) 742-33-30,True,True,2024-10-03 03:51:52
822,234,email,майя.мясникова234@example.kz,True,True,2024-10-03 03:51:52
823,234,address,"клх Дубна, пр. Радужный, д. 815 к. 20, 962630",True,False,2024-10-03 03:51:52
824,234,phone,+7 367 492 61 76,False,False,2024-10-03 03:51:52
825,235,phone,+77501111783,True,True,2024-07-12 03:19:26
826,235,email,алина.мясникова235@example.kz,True,True,2024-07-12 03:19:26
827,235,address,"к. Витим, алл. Серова, д. 7/5 стр. 61, 826068",True,False,2024-07-12 03:19:26
828,236,phone,8 (871) 898-1312,True,True,2025-02-27 23:10:33
829,236,email,людмила.никитина236@example.kz,True,True,2025-02-27 23:10:33
830,236,address,"д. Северо-Курильск, ул. Вокзальная, д. 49 к. 91, 011845",True,False,2025-02-27 23:10:33
831,236,phone,8 (260) 340-8487,False,False,2025-02-27 23:10:33
832,237,phone,+7 (975) 859-88-31,True,True,2025-03-14 03:12:26
833,237,email,зинаида.харитонова237@example.kz,True,True,2025-03-14 03:12:26
834,237,address,"г. Калач, наб. Рыбацкая, д. 99, 954296",True,False,2025-03-14 03:12:26
835,238,phone,+7 844 626 71 46,True,True,2025-08-24 01:31:14
836,238,email,валентина.казакова238@example.kz,True,True,2025-08-24 01:31:14
837,238,address,"г. Ярославль, наб. Тупиковая, д. 9 стр. 36, 660931",True,False,2025-08-24 01:31:14
838,238,phone,+71818615155,False,False,2025-08-24 01:31:14
839,239,phone,+72340163611,True,True,2024-06-22 08:48:48
840,239,email,федот.доронин239@example.kz,True,True,2024-06-22 08:48:48
841,239,address,"д. Сургут (Хант.), пер. Тимирязева, д. 9, 910256",True,False,2024-06-22 08:48:48
842,239,phone,+7 (588) 967-92-40,False,False,2024-06-22 08:48:48
843,240,phone,8 (222) 694-0539,True,True,2024-02-02 14:00:40
844,240,email,надежда.турова240@example.kz,True,True,2024-02-02 14:00:40
845,240,address,"п. Санкт-Петербург, ш. Семашко, д. 5 к. 9/4, 146511",True,False,2024-02-02 14:00:40
846,240,phone,+7 312 901 48 70,False,False,2024-02-02 14:00:40
847,241,phone,8 827 788 16 09,True,True,2024-11-20 16:59:58
848,241,email,якуб.дементьев241@example.kz,True,True,2024-11-20 16:59:58
849,241,address,"клх Рославль, пер. Мелиораторов, д. 18 стр. 3/9, 215285",True,False,2024-11-20 16:59:58
850,242,phone,+7 676 251 5381,True,True,2024-08-18 16:39:25
851,242,email,герман.стрелков242@example.kz,True,True,2024-08-18 16:39:25
852,242,address,"с. Магадан, алл. Центральная, д. 4/5 к. 879, 509754",True,False,2024-08-18 16:39:25
853,243,phone,8 105 265 0167,True,True,2025-02-02 00:30:43
854,243,email,жанна.князева243@example.kz,True,True,2025-02-02 00:30:43
855,243,address,"д. Токсово, пр. Волжский, д. 1/3, 376545",True,False,2025-02-02 00:30:43
856,243,phone,8 284 177 22 56,False,False,2025-02-02 00:30:43
857,244,phone,+7 531 340 2665,True,True,2025-02-05 00:55:18
858,244,email,гремислав.туров244@example.kz,True,True,2025-02-05 00:55:18
859,244,address,"клх Камышин, бул. Физкультурный, д. 967 к. 3/6, 862110",True,False,2025-02-05 00:55:18
860,245,phone,+7 (258) 030-56-90,True,True,2024-08-20 17:53:58
861,245,email,демьян.бобылев245@example.kz,True,True,2024-08-20 17:53:58
862,245,address,"к. Лесной (Сверд.), ул. Карла Либкнехта, д. 39 к. 53, 436371",True,False,2024-08-20 17:53:58
863,246,phone,8 (923) 923-1260,True,True,2024-06-07 00:03:34
864,246,email,надежда.козлова246@example.kz,True,True,2024-06-07 00:03:34
865,246,address,"п. Россошь, пер. Крымский, д. 706, 335670",True,False,2024-06-07 00:03:34
866,246,phone,8 (604) 145-4563,False,False,2024-06-07 00:03:34
867,247,phone,8 020 005 3474,True,True,2024-05-26 03:48:25
868,247,email,денис.зиновьев247@example.kz,True,True,2024-05-26 03:48:25
869,247,address,"п. Краснодар, наб. Герцена, д. 2 к. 308, 559895",True,False,2024-05-26 03:48:25
870,248,phone,+7 (439) 611-2910,True,True,2024-06-15 13:05:37
871,248,email,лора.шарова248@example.kz,True,True,2024-06-15 13:05:37
872,248,address,"клх Светлогорск (Калин.), ул. Кутузова, д. 8, 820236",True,False,2024-06-15 13:05:37
873,248,phone,8 (485) 571-6176,False,False,2024-06-15 13:05:37
874,249,phone,8 (802) 942-4090,True,True,2023-07-03 14:59:41
875,249,email,остап.брагин249@example.kz,True,True,2023-07-03 14:59:41
876,249,address,"с. Тымовское, ул. Мелиоративная, д. 9/7 стр. 7/5, 202939",True,False,2023-07-03 14:59:41
877,249,phone,+7 878 844 3448,False,False,2023-07-03 14:59:41
878,250,phone,+7 230 834 02 42,True,True,2025-05-06 15:08:41
879,250,email,ипат.федотов250@example.kz,True,True,2025-05-06 15:08:41
880,250,address,"клх Кош-Агач, пер. Пограничный, д. 659, 184269",True,False,2025-05-06 15:08:41
881,250,phone,+75005342408,False,False,2025-05-06 15:08:41
882,251,phone,81649837354,True,True,2023-10-24 22:01:11
883,251,email,гордей.устинов251@example.kz,True,True,2023-10-24 22:01:11
884,251,address,"п. Светлогорск (Калин.), бул. Блюхера, д. 3, 172722",True,False,2023-10-24 22:01:11
885,251,phone,+7 (972) 404-2269,False,False,2023-10-24 22:01:11
886,252,phone,+7 (121) 637-6182,True,True,2025-01-30 07:15:46
887,252,email,велимир.щербаков252@example.kz,True,True,2025-01-30 07:15:46
888,252,address,"с. Оренбург, ул. Полевая, д. 223, 290018",True,False,2025-01-30 07:15:46
889,252,phone,8 132 797 2457,False,False,2025-01-30 07:15:46
890,253,phone,+7 (308) 481-00-18,True,True,2024-08-04 10:10:16
891,253,email,александра.гордеева253@example.kz,True,True,2024-08-04 10:10:16
892,253,address,"д. Пушкин, ул. Вольная, д. 736, 543617",True,False,2024-08-04 10:10:16
893,254,phone,+7 (131) 451-95-15,True,True,2024-12-21 12:47:40
894,254,email,олимпиада.полякова254@example.kz,True,True,2024-12-21 12:47:40
895,254,address,"д. Ейск, пр. Герцена, д. 36, 945147",True,False,2024-12-21 12:47:40
896,255,phone,8 410 225 2677,True,True,2023-05-04 04:00:51
897,255,email,евстигней.зыков255@example.kz,True,True,2023-05-04 04:00:51
898,255,address,"д. Ростов, наб. Безымянная, д. 352 стр. 6/6, 676952",True,False,2023-05-04 04:00:51
899,256,phone,+7 (668) 788-7883,True,True,2024-12-10 05:02:18
900,256,email,родион.шестаков256@example.kz,True,True,2024-12-10 05:02:18
901,256,address,"д. Раменское, пер. Новосельский, д. 135 стр. 60, 210552",True,False,2024-12-10 05:02:18
902,256,phone,+77286333021,False,False,2024-12-10 05:02:18
903,257,phone,+7 (606) 501-91-79,True,True,2025-05-08 11:27:15
904,257,email,ксения.бирюкова257@example.kz,True,True,2025-05-08 11:27:15
905,257,address,"п. Норильск, ул. Владимирская, д. 709, 272847",True,False,2025-05-08 11:27:15
906,258,phone,8 570 412 00 92,True,True,2025-01-01 03:40:45
907,258,email,елизавета.цветкова258@example.kz,True,True,2025-01-01 03:40:45
908,258,address,"с. Ревда (Сверд.), пр. Отрадный, д. 4 стр. 3/5, 862369",True,False,2025-01-01 03:40:45
909,259,phone,+7 362 891 7756,True,True,2024-10-29 16:23:51
910,259,email,аким.прохоров259@example.kz,True,True,2024-10-29 16:23:51
911,259,address,"г. Обоянь, пр. Омский, д. 2 стр. 615, 342811",True,False,2024-10-29 16:23:51
912,259,phone,+7 (904) 383-0341,False,False,2024-10-29 16:23:51
913,260,phone,89097005140,True,True,2025-02-08 21:24:26
914,260,email,евдоким.власов260@example.kz,True,True,2025-02-08 21:24:26
915,260,address,"с. Тарко-Сале, наб. Черняховского, д. 3, 568182",True,False,2025-02-08 21:24:26
916,261,phone,+7 967 904 2271,True,True,2025-06-24 23:11:21
917,261,email,максим.матвеев261@example.kz,True,True,2025-06-24 23:11:21
918,261,address,"п. Диксон, алл. О.Кошевого, д. 8 стр. 55, 960633",True,False,2025-06-24 23:11:21
919,261,phone,89129710248,False,False,2025-06-24 23:11:21
920,262,phone,+7 717 524 21 49,True,True,2025-06-16 16:57:34
921,262,email,архип.меркушев262@example.kz,True,True,2025-06-16 16:57:34
922,262,address,"г. Бреды, бул. Бажова, д. 8, 721970",True,False,2025-06-16 16:57:34
923,263,phone,8 466 927 5895,True,True,2024-04-17 00:07:36
924,263,email,клавдий.шестаков263@example.kz,True,True,2024-04-17 00:07:36
925,263,address,"клх Псебай, пр. Механический, д. 490 стр. 521, 296136",True,False,2024-04-17 00:07:36
926,263,phone,8 (157) 787-11-21,False,False,2024-04-17 00:07:36
927,264,phone,8 636 515 59 73,True,True,2024-06-07 11:26:12
928,264,email,симон.власов264@example.kz,True,True,2024-06-07 11:26:12
929,264,address,"к. Сергиев Посад, пер. Прудовой, д. 3/4, 909605",True,False,2024-06-07 11:26:12
930,264,phone,8 730 306 44 21,False,False,2024-06-07 11:26:12
931,265,phone,+7 (146) 147-68-34,True,True,2025-06-29 05:02:16
932,265,email,терентий.суханов265@example.kz,True,True,2025-06-29 05:02:16
933,265,address,"г. Ростов-на-Дону, ш. Строителей, д. 63 к. 8/8, 659608",True,False,2025-06-29 05:02:16
934,266,phone,83199255027,True,True,2024-03-21 12:54:27
935,266,email,алевтина.андреева266@example.kz,True,True,2024-03-21 12:54:27
936,266,address,"ст. Мокшан, ш. Плеханова, д. 9, 727910",True,False,2024-03-21 12:54:27
937,266,phone,+7 (368) 296-3533,False,False,2024-03-21 12:54:27
938,267,phone,80550448177,True,True,2025-02-18 14:13:11
939,267,email,иванна.борисова267@example.kz,True,True,2025-02-18 14:13:11
940,267,address,"к. Нижний Тагил, пр. Щорса, д. 727 стр. 3, 866464",True,False,2025-02-18 14:13:11
941,268,phone,81111096179,True,True,2024-09-22 10:31:55
942,268,email,фаина.силина268@example.kz,True,True,2024-09-22 10:31:55
943,268,address,"д. Черемхово, бул. Малиновый, д. 4/4, 861371",True,False,2024-09-22 10:31:55
944,268,phone,8 766 053 8444,False,False,2024-09-22 10:31:55
945,269,phone,+76306000258,True,True,2025-09-10 10:48:50
946,269,email,капитон.петров269@example.kz,True,True,2025-09-10 10:48:50
947,269,address,"п. Холмск, алл. Черняховского, д. 79 к. 396, 265826",True,False,2025-09-10 10:48:50
948,270,phone,+7 (128) 196-4825,True,True,2025-03-06 08:51:53
949,270,email,велимир.кириллов270@example.kz,True,True,2025-03-06 08:51:53
950,270,address,"г. Ардон, ул. Амурская, д. 298 к. 1/3, 523343",True,False,2025-03-06 08:51:53
951,271,phone,8 (364) 041-2091,True,True,2023-05-26 19:20:24
952,271,email,нина.коновалова271@example.kz,True,True,2023-05-26 19:20:24
953,271,address,"д. Горячий Ключ, алл. Запорожская, д. 3, 175361",True,False,2023-05-26 19:20:24
954,271,phone,8 (061) 713-66-57,False,False,2023-05-26 19:20:24
955,272,phone,+7 (240) 299-01-55,True,True,2025-01-06 06:08:20
956,272,email,лариса.кудряшова272@example.kz,True,True,2025-01-06 06:08:20
957,272,address,"п. Троицк (Челяб.), наб. Индустриальная, д. 19 стр. 388, 513052",True,False,2025-01-06 06:08:20
958,272,phone,+7 (124) 473-1584,False,False,2025-01-06 06:08:20
959,273,phone,8 (768) 634-23-46,True,True,2023-06-06 08:08:58
960,273,email,элеонора.панфилова273@example.kz,True,True,2023-06-06 08:08:58
961,273,address,"п. Карачаевск, пр. Седова, д. 7/5 стр. 2, 639551",True,False,2023-06-06 08:08:58
962,273,phone,8 (208) 496-49-85,False,False,2023-06-06 08:08:58
963,274,phone,8 012 562 53 13,True,True,2023-10-04 12:55:51
964,274,email,валерия.блинова274@example.kz,True,True,2023-10-04 12:55:51
965,274,address,"п. Можайск, ул. 8 Марта, д. 853, 381649",True,False,2023-10-04 12:55:51
966,275,phone,+7 (831) 849-1966,True,True,2024-12-15 09:06:41
967,275,email,флорентин.пономарев275@example.kz,True,True,2024-12-15 09:06:41
968,275,address,"п. Каменск-Шахтинский, ш. Журавлева, д. 1/5, 117295",True,False,2024-12-15 09:06:41
969,275,phone,86390409074,False,False,2024-12-15 09:06:41
970,276,phone,+7 (608) 805-01-71,True,True,2023-09-11 07:16:52
971,276,email,ираклий.соловьев276@example.kz,True,True,2023-09-11 07:16:52
972,276,address,"к. Мокшан, пр. Российский, д. 8 к. 864, 159103",True,False,2023-09-11 07:16:52
973,276,phone,+7 021 563 2135,False,False,2023-09-11 07:16:52
974,277,phone,8 (004) 010-4145,True,True,2024-03-16 17:39:48
975,277,email,нина.смирнова277@example.kz,True,True,2024-03-16 17:39:48
976,277,address,"клх Зеленоград, пер. Бажова, д. 325, 718839",True,False,2024-03-16 17:39:48
977,277,phone,8 (745) 731-44-15,False,False,2024-03-16 17:39:48
978,278,phone,8 (331) 170-3037,True,True,2025-07-08 21:40:21
979,278,email,спиридон.стрелков278@example.kz,True,True,2025-07-08 21:40:21
980,278,address,"с. Воронеж, алл. Комарова, д. 8 к. 28, 356798",True,False,2025-07-08 21:40:21
981,279,phone,+7 (631) 462-4912,True,True,2023-12-31 02:08:26
982,279,email,тимофей.зимин279@example.kz,True,True,2023-12-31 02:08:26
983,279,address,"клх Выборг, ул. Бажова, д. 14, 875418",True,False,2023-12-31 02:08:26
984,280,phone,+7 563 268 68 50,True,True,2024-11-24 18:15:02
985,280,email,евпраксия.громова280@example.kz,True,True,2024-11-24 18:15:02
986,280,address,"к. Внуково (метеост.), бул. Кошевого, д. 4/5, 629489",True,False,2024-11-24 18:15:02
987,281,phone,8 (861) 031-31-00,True,True,2024-06-09 03:55:10
988,281,email,нина.виноградова281@example.kz,True,True,2024-06-09 03:55:10
989,281,address,"г. Тутончаны, наб. Космическая, д. 7/7, 347323",True,False,2024-06-09 03:55:10
990,281,phone,8 494 012 8974,False,False,2024-06-09 03:55:10
991,282,phone,+7 (251) 225-7207,True,True,2024-02-21 02:55:13
992,282,email,максимильян.ефремов282@example.kz,True,True,2024-02-21 02:55:13
993,282,address,"г. Ижевск, ул. Стахановская, д. 895 к. 873, 009438",True,False,2024-02-21 02:55:13
994,282,phone,8 (221) 145-7758,False,False,2024-02-21 02:55:13
995,283,phone,+77457054589,True,True,2025-09-29 17:07:52
996,283,email,лонгин.нестеров283@example.kz,True,True,2025-09-29 17:07:52
997,283,address,"к. Торжок, бул. Колхозный, д. 46 стр. 85, 396531",True,False,2025-09-29 17:07:52
998,283,phone,+7 (614) 878-2455,False,False,2025-09-29 17:07:52
999,284,phone,8 964 430 98 59,True,True,2024-05-13 23:20:28
1000,284,email,владилен.молчанов284@example.kz,True,True,2024-05-13 23:20:28
1001,284,address,"ст. Сергиев Посад, ш. Белинского, д. 2 стр. 872, 849824",True,False,2024-05-13 23:20:28
1002,285,phone,8 (414) 070-34-91,True,True,2024-11-10 11:32:26
1003,285,email,клавдия.селезнева285@example.kz,True,True,2024-11-10 11:32:26
1004,285,address,"к. Адыгейск, наб. Советская, д. 642 к. 9, 142369",True,False,2024-11-10 11:32:26
1005,286,phone,+7 430 753 66 61,True,True,2025-08-12 03:08:34
1006,286,email,леонид.харитонов286@example.kz,True,True,2025-08-12 03:08:34
1007,286,address,"д. Минусинск, пер. Спартака, д. 3, 426834",True,False,2025-08-12 03:08:34
1008,286,phone,+71497826612,False,False,2025-08-12 03:08:34
1009,287,phone,8 (758) 575-6766,True,True,2023-05-27 06:23:37
1010,287,email,надежда.большакова287@example.kz,True,True,2023-05-27 06:23:37
1011,287,address,"д. Арзамас, ул. Казачья, д. 4 к. 3, 062607",True,False,2023-05-27 06:23:37
1012,287,phone,8 (701) 041-5914,False,False,2023-05-27 06:23:37
1013,288,phone,87501980382,True,True,2024-09-03 03:12:18
1014,288,email,олимпий.игнатов288@example.kz,True,True,2024-09-03 03:12:18
1015,288,address,"п. Елец, бул. Чехова, д. 479 к. 310, 813317",True,False,2024-09-03 03:12:18
1016,289,phone,+7 876 014 6723,True,True,2025-11-24 01:00:22
1017,289,email,лавр.жданов289@example.kz,True,True,2025-11-24 01:00:22
1018,289,address,"ст. Югорск, пр. Краснофлотский, д. 422, 883774",True,False,2025-11-24 01:00:22
1019,289,phone,+71975466176,False,False,2025-11-24 01:00:22
1020,290,phone,8 204 719 60 94,True,True,2024-04-09 15:42:06
1021,290,email,владимир.григорьев290@example.kz,True,True,2024-04-09 15:42:06
1022,290,address,"г. Новокузнецк, пр. Гафури, д. 1, 588358",True,False,2024-04-09 15:42:06
1023,291,phone,8 812 259 57 24,True,True,2023-08-26 08:11:34
1024,291,email,пантелеймон.харитонов291@example.kz,True,True,2023-08-26 08:11:34
1025,291,address,"г. Стерлитамак, пр. Осенний, д. 3 к. 6, 100231",True,False,2023-08-26 08:11:34
1026,292,phone,+7 775 331 26 61,True,True,2024-12-07 02:14:36
1027,292,email,натан.ларионов292@example.kz,True,True,2024-12-07 02:14:36
1028,292,address,"г. Ачинск, ул. Щербакова, д. 1 стр. 25, 629833",True,False,2024-12-07 02:14:36
1029,293,phone,+77743326831,True,True,2025-04-01 20:43:19
1030,293,email,дарья.горбачева293@example.kz,True,True,2025-04-01 20:43:19
1031,293,address,"п. Асбест, ул. Терешковой, д. 9/2, 287339",True,False,2025-04-01 20:43:19
1032,294,phone,8 (855) 982-17-66,True,True,2024-01-29 09:37:46
1033,294,email,филарет.антонов294@example.kz,True,True,2024-01-29 09:37:46
1034,294,address,"п. Томпа, ул. Пригородная, д. 4/1 к. 1, 446512",True,False,2024-01-29 09:37:46
1035,295,phone,+71893898469,True,True,2023-06-27 20:15:49
1036,295,email,онуфрий.хохлов295@example.kz,True,True,2023-06-27 20:15:49
1037,295,address,"д. Соликамск, бул. Красноармейский, д. 556 к. 15, 385037",True,False,2023-06-27 20:15:49
1038,296,phone,+7 990 516 99 18,True,True,2023-04-27 15:48:32
1039,296,email,агата.антонова296@example.kz,True,True,2023-04-27 15:48:32
1040,296,address,"к. Байкальск, ул. Минина, д. 75, 430003",True,False,2023-04-27 15:48:32
1041,297,phone,8 (960) 870-6626,True,True,2023-10-27 09:58:03
1042,297,email,ия.никитина297@example.kz,True,True,2023-10-27 09:58:03
1043,297,address,"г. Самара, пер. Нахимова, д. 4, 603319",True,False,2023-10-27 09:58:03
1044,297,phone,+7 368 900 3010,False,False,2023-10-27 09:58:03
1045,298,phone,+7 (724) 055-93-42,True,True,2023-04-28 01:07:11
1046,298,email,нина.устинова298@example.kz,True,True,2023-04-28 01:07:11
1047,298,address,"клх Горячий Ключ, ул. Магистральная, д. 9 стр. 67, 745843",True,False,2023-04-28 01:07:11
1048,298,phone,8 (458) 810-5697,False,False,2023-04-28 01:07:11
1049,299,phone,+71328348315,True,True,2023-04-15 11:17:48
1050,299,email,фока.кошелев299@example.kz,True,True,2023-04-15 11:17:48
1051,299,address,"п. Саранск, ш. Просвещения, д. 107 стр. 5, 410496",True,False,2023-04-15 11:17:48
1052,299,phone,8 (066) 703-36-26,False,False,2023-04-15 11:17:48
1053,300,phone,8 (040) 850-9549,True,True,2024-08-06 06:06:09
1054,300,email,лидия.абрамова300@example.kz,True,True,2024-08-06 06:06:09
1055,300,address,"к. Юрьев-Польский, ш. Войкова, д. 718 к. 9, 699842",True,False,2024-08-06 06:06:09
1056,301,phone,8 732 044 13 84,True,True,2024-08-17 03:58:30
1057,301,email,пров.зуев301@example.kz,True,True,2024-08-17 03:58:30
1058,301,address,"г. Энгельс, наб. Угольная, д. 1 к. 649, 277070",True,False,2024-08-17 03:58:30
1059,301,phone,8 (057) 836-09-14,False,False,2024-08-17 03:58:30
1060,302,phone,88517244472,True,True,2025-10-27 17:32:39
1061,302,email,ермил.панфилов302@example.kz,True,True,2025-10-27 17:32:39
1062,302,address,"п. Южно-Курильск, ул. Лесозаводская, д. 902 стр. 6/1, 044058",True,False,2025-10-27 17:32:39
1063,303,phone,+7 935 118 7181,True,True,2024-01-17 12:24:50
1064,303,email,савватий.евсеев303@example.kz,True,True,2024-01-17 12:24:50
1065,303,address,"к. Холмогоры, ш. Карбышева, д. 364 к. 659, 657490",True,False,2024-01-17 12:24:50
1066,303,phone,+7 (504) 290-19-35,False,False,2024-01-17 12:24:50
1067,304,phone,8 (895) 369-0261,True,True,2024-01-22 19:46:51
1068,304,email,глафира.прохорова304@example.kz,True,True,2024-01-22 19:46:51
1069,304,address,"д. Теберда, бул. Правды, д. 880 стр. 6/5, 943535",True,False,2024-01-22 19:46:51
1070,305,phone,+7 (751) 376-5158,True,True,2024-04-06 12:04:12
1071,305,email,борислав.бобров305@example.kz,True,True,2024-04-06 12:04:12
1072,305,address,"клх Стерлитамак, алл. Рылеева, д. 4/3 стр. 36, 455116",True,False,2024-04-06 12:04:12
1073,306,phone,8 829 732 70 21,True,True,2024-10-11 15:38:21
1074,306,email,софон.нестеров306@example.kz,True,True,2024-10-11 15:38:21
1075,306,address,"ст. Усть-Камчатск, пр. Сельский, д. 70 стр. 321, 652683",True,False,2024-10-11 15:38:21
1076,307,phone,+71559991015,True,True,2025-05-09 20:39:46
1077,307,email,юлия.миронова307@example.kz,True,True,2025-05-09 20:39:46
1078,307,address,"клх Североморск, ш. Спартака, д. 8 стр. 92, 209957",True,False,2025-05-09 20:39:46
1079,307,phone,8 572 894 13 47,False,False,2025-05-09 20:39:46
1080,308,phone,8 098 898 6456,True,True,2023-04-07 15:47:39
1081,308,email,анна.зыкова308@example.kz,True,True,2023-04-07 15:47:39
1082,308,address,"п. Байкальск, бул. Союзный, д. 9/5 стр. 2, 421447",True,False,2023-04-07 15:47:39
1083,309,phone,8 (324) 491-34-21,True,True,2024-11-04 07:28:05
1084,309,email,измаил.муравьев309@example.kz,True,True,2024-11-04 07:28:05
1085,309,address,"г. Шатки, пер. Омский, д. 670, 496782",True,False,2024-11-04 07:28:05
1086,309,phone,8 (411) 767-41-24,False,False,2024-11-04 07:28:05
1087,310,phone,+7 513 152 85 47,True,True,2023-12-10 07:57:33
1088,310,email,ксения.цветкова310@example.kz,True,True,2023-12-10 07:57:33
1089,310,address,"г. Ряжск, бул. Карла Маркса, д. 18, 329633",True,False,2023-12-10 07:57:33
1090,311,phone,+77272742318,True,True,2025-07-18 01:30:06
1091,311,email,евпраксия.куликова311@example.kz,True,True,2025-07-18 01:30:06
1092,311,address,"с. Бомнак, пер. Снежный, д. 70 к. 7, 578243",True,False,2025-07-18 01:30:06
1093,311,phone,+77769587413,False,False,2025-07-18 01:30:06
1094,312,phone,+7 467 536 12 75,True,True,2023-11-21 15:15:21
1095,312,email,алевтина.соловьева312@example.kz,True,True,2023-11-21 15:15:21
1096,312,address,"клх Пермь, алл. Леваневского, д. 7/4 стр. 944, 608545",True,False,2023-11-21 15:15:21
1097,312,phone,8 676 640 47 35,False,False,2023-11-21 15:15:21
1098,313,phone,+7 476 392 8319,True,True,2024-06-04 01:10:47
1099,313,email,иннокентий.мухин313@example.kz,True,True,2024-06-04 01:10:47
1100,313,address,"д. Улан-Удэ, бул. Колхозный, д. 2/6, 810835",True,False,2024-06-04 01:10:47
1101,314,phone,8 (328) 634-2556,True,True,2025-01-11 09:28:28
1102,314,email,эмилия.якушева314@example.kz,True,True,2025-01-11 09:28:28
1103,314,address,"г. Астрахань, ш. Кузнечное, д. 8/1, 440330",True,False,2025-01-11 09:28:28
1104,314,phone,+71662411186,False,False,2025-01-11 09:28:28
1105,315,phone,+7 089 219 6394,True,True,2023-04-24 21:53:50
1106,315,email,анжела.панова315@example.kz,True,True,2023-04-24 21:53:50
1107,315,address,"д. Апрелевка, наб. Гафури, д. 51 к. 7/5, 136847",True,False,2023-04-24 21:53:50
1108,316,phone,+78836076581,True,True,2023-07-22 16:06:27
1109,316,email,павел.доронин316@example.kz,True,True,2023-07-22 16:06:27
1110,316,address,"д. Аргаяш, ш. Инженерное, д. 6/8 к. 345, 182379",True,False,2023-07-22 16:06:27
1111,317,phone,+7 (126) 978-9307,True,True,2023-11-03 22:50:38
1112,317,email,ульяна.григорьева317@example.kz,True,True,2023-11-03 22:50:38
1113,317,address,"к. Нарьян-Мар, ул. Космонавтов, д. 1/5, 878753",True,False,2023-11-03 22:50:38
1114,318,phone,8 778 811 6162,True,True,2025-06-25 17:24:15
1115,318,email,мария.горшкова318@example.kz,True,True,2025-06-25 17:24:15
1116,318,address,"д. Городовиковск, алл. Бабушкина, д. 806, 872866",True,False,2025-06-25 17:24:15
1117,319,phone,+7 416 448 5959,True,True,2024-03-08 01:41:30
1118,319,email,милица.николаева319@example.kz,True,True,2024-03-08 01:41:30
1119,319,address,"к. Троицк (Моск.), алл. Попова, д. 8 стр. 4/6, 287056",True,False,2024-03-08 01:41:30
1120,319,phone,+7 (271) 043-31-87,False,False,2024-03-08 01:41:30
1121,320,phone,8 109 792 1583,True,True,2024-09-30 12:54:40
1122,320,email,гедеон.лапин320@example.kz,True,True,2024-09-30 12:54:40
1123,320,address,"п. Кырен, ш. Кузнецова, д. 6 к. 5/9, 192134",True,False,2024-09-30 12:54:40
1124,320,phone,+7 (491) 289-65-99,False,False,2024-09-30 12:54:40
1125,321,phone,84973203319,True,True,2023-06-14 02:36:35
1126,321,email,аверкий.рожков321@example.kz,True,True,2023-06-14 02:36:35
1127,321,address,"п. Сорочинск, наб. Сибирская, д. 828, 754813",True,False,2023-06-14 02:36:35
1128,322,phone,8 (666) 754-8581,True,True,2025-08-10 05:21:55
1129,322,email,валентина.гуляева322@example.kz,True,True,2025-08-10 05:21:55
1130,322,address,"клх Лабинск, алл. Николаева, д. 8/5 стр. 686, 057563",True,False,2025-08-10 05:21:55
1131,322,phone,88365203758,False,False,2025-08-10 05:21:55
1132,323,phone,+7 (094) 515-4809,True,True,2023-08-31 11:41:25
1133,323,email,парамон.поляков323@example.kz,True,True,2023-08-31 11:41:25
1134,323,address,"клх Кырен, пр. Розы Люксембург, д. 144 стр. 879, 278105",True,False,2023-08-31 11:41:25
1135,324,phone,+7 922 216 1070,True,True,2025-12-01 20:11:43
1136,324,email,демьян.брагин324@example.kz,True,True,2025-12-01 20:11:43
1137,324,address,"ст. Урюпинск, ш. Каштановое, д. 355 к. 9, 660138",True,False,2025-12-01 20:11:43
1138,325,phone,+7 (412) 704-93-86,True,True,2025-02-06 09:03:16
1139,325,email,спартак.суворов325@example.kz,True,True,2025-02-06 09:03:16
1140,325,address,"к. Кызыл, наб. Пригородная, д. 8 стр. 297, 121259",True,False,2025-02-06 09:03:16
1141,326,phone,+7 203 571 3432,True,True,2023-07-21 13:07:06
1142,326,email,алла.наумова326@example.kz,True,True,2023-07-21 13:07:06
1143,326,address,"с. Луга, наб. Казачья, д. 7, 343244",True,False,2023-07-21 13:07:06
1144,326,phone,8 (417) 595-58-72,False,False,2023-07-21 13:07:06
1145,327,phone,+7 962 893 6543,True,True,2023-09-01 17:09:03
1146,327,email,ипат.фомичев327@example.kz,True,True,2023-09-01 17:09:03
1147,327,address,"г. Токма, наб. Красноярская, д. 5/1, 827279",True,False,2023-09-01 17:09:03
1148,328,phone,8 596 905 1502,True,True,2023-07-03 04:26:12
1149,328,email,варвара.панова328@example.kz,True,True,2023-07-03 04:26:12
1150,328,address,"к. Нарым, ул. Техническая, д. 5 стр. 97, 079799",True,False,2023-07-03 04:26:12
1151,329,phone,8 673 459 57 64,True,True,2025-11-17 17:53:58
1152,329,email,вера.брагина329@example.kz,True,True,2025-11-17 17:53:58
1153,329,address,"ст. Терскол, пр. Кузнецова, д. 7, 282498",True,False,2025-11-17 17:53:58
1154,330,phone,+7 (922) 501-4257,True,True,2023-05-04 05:37:38
1155,330,email,октябрина.харитонова330@example.kz,True,True,2023-05-04 05:37:38
1156,330,address,"с. Абакан, алл. Путейская, д. 54 стр. 423, 132850",True,False,2023-05-04 05:37:38
1157,331,phone,8 (251) 786-37-67,True,True,2024-12-20 01:22:49
1158,331,email,светлана.шилова331@example.kz,True,True,2024-12-20 01:22:49
1159,331,address,"с. Губкин, ш. Запрудное, д. 6/5 к. 7/9, 579039",True,False,2024-12-20 01:22:49
1160,331,phone,+7 (355) 580-99-61,False,False,2024-12-20 01:22:49
1161,332,phone,+7 (273) 034-6156,True,True,2025-01-29 08:52:36
1162,332,email,чеслав.филиппов332@example.kz,True,True,2025-01-29 08:52:36
1163,332,address,"п. Лодейное Поле, пр. Мусы Джалиля, д. 346 к. 96, 715160",True,False,2025-01-29 08:52:36
1164,332,phone,+7 (529) 867-07-66,False,False,2025-01-29 08:52:36
1165,333,phone,+7 464 197 8575,True,True,2024-11-20 09:26:18
1166,333,email,пров.костин333@example.kz,True,True,2024-11-20 09:26:18
1167,333,address,"ст. Инта, пер. Пархоменко, д. 620 к. 4, 607401",True,False,2024-11-20 09:26:18
1168,333,phone,8 (750) 954-65-40,False,False,2024-11-20 09:26:18
1169,334,phone,8 (424) 560-7540,True,True,2025-03-20 01:10:23
1170,334,email,прасковья.котова334@example.kz,True,True,2025-03-20 01:10:23
1171,334,address,"клх Ахтубинск, бул. Димитрова, д. 22 стр. 822, 457938",True,False,2025-03-20 01:10:23
1172,334,phone,87015502916,False,False,2025-03-20 01:10:23
1173,335,phone,8 (154) 660-2416,True,True,2025-09-20 00:56:07
1174,335,email,трофим.третьяков335@example.kz,True,True,2025-09-20 00:56:07
1175,335,address,"д. Кудымкар, пер. Петровский, д. 859 к. 56, 480962",True,False,2025-09-20 00:56:07
1176,336,phone,+74063062447,True,True,2024-06-23 13:08:05
1177,336,email,галина.кононова336@example.kz,True,True,2024-06-23 13:08:05
1178,336,address,"п. Кимры, бул. Механизаторов, д. 51, 969586",True,False,2024-06-23 13:08:05
1179,336,phone,8 (805) 555-72-77,False,False,2024-06-23 13:08:05
1180,337,phone,+7 (826) 460-9178,True,True,2023-12-29 11:28:12
1181,337,email,олимпиада.савельева337@example.kz,True,True,2023-12-29 11:28:12
1182,337,address,"п. Туруханск, наб. Мира, д. 8 к. 1/3, 959660",True,False,2023-12-29 11:28:12
1183,338,phone,+78736826911,True,True,2025-08-21 12:37:09
1184,338,email,исидор.ситников338@example.kz,True,True,2025-08-21 12:37:09
1185,338,address,"п. Вытегра, наб. Водопроводная, д. 96 стр. 6/4, 945515",True,False,2025-08-21 12:37:09
1186,338,phone,8 (886) 367-7472,False,False,2025-08-21 12:37:09
1187,339,phone,+7 (640) 857-21-69,True,True,2024-06-27 13:57:31
1188,339,email,иосиф.одинцов339@example.kz,True,True,2024-06-27 13:57:31
1189,339,address,"с. Калач-на-Дону, ул. Вольная, д. 99 стр. 799, 593297",True,False,2024-06-27 13:57:31
1190,340,phone,+7 509 688 32 75,True,True,2025-07-13 04:40:37
1191,340,email,ирина.комиссарова340@example.kz,True,True,2025-07-13 04:40:37
1192,340,address,"с. Камышлов, алл. Кирова, д. 803 к. 4/8, 278195",True,False,2025-07-13 04:40:37
1193,341,phone,+7 (371) 006-87-61,True,True,2025-10-23 05:08:27
1194,341,email,регина.мартынова341@example.kz,True,True,2025-10-23 05:08:27
1195,341,address,"клх Углегорск, бул. Железнодорожный, д. 8/1, 605687",True,False,2025-10-23 05:08:27
1196,341,phone,8 112 491 25 65,False,False,2025-10-23 05:08:27
1197,342,phone,+7 (373) 415-17-73,True,True,2024-05-19 08:46:18
1198,342,email,ярослав.журавлев342@example.kz,True,True,2024-05-19 08:46:18
1199,342,address,"к. Саянск, ш. Курчатова, д. 5 к. 922, 035954",True,False,2024-05-19 08:46:18
1200,342,phone,+72947742229,False,False,2024-05-19 08:46:18
1201,343,phone,+76430394290,True,True,2023-08-19 10:33:40
1202,343,email,ирина.быкова343@example.kz,True,True,2023-08-19 10:33:40
1203,343,address,"клх Тикси, ш. Кольцова, д. 3/6 стр. 99, 856728",True,False,2023-08-19 10:33:40
1204,343,phone,8 (276) 015-34-33,False,False,2023-08-19 10:33:40
1205,344,phone,+7 (491) 357-79-08,True,True,2024-03-08 22:47:50
1206,344,email,анжела.кулакова344@example.kz,True,True,2024-03-08 22:47:50
1207,344,address,"к. Аршан (Бурят.), бул. Песочный, д. 9 к. 948, 079833",True,False,2024-03-08 22:47:50
1208,344,phone,+72337209484,False,False,2024-03-08 22:47:50
1209,345,phone,+7 312 840 33 39,True,True,2024-11-19 00:06:52
1210,345,email,конон.фролов345@example.kz,True,True,2024-11-19 00:06:52
1211,345,address,"г. Уварово, наб. Станционная, д. 27, 173189",True,False,2024-11-19 00:06:52
1212,346,phone,+7 (974) 909-6173,True,True,2023-09-27 00:12:45
1213,346,email,ираида.миронова346@example.kz,True,True,2023-09-27 00:12:45
1214,346,address,"к. Плесецк, наб. 8-е Марта, д. 95 стр. 9/5, 483548",True,False,2023-09-27 00:12:45
1215,346,phone,8 (471) 270-5877,False,False,2023-09-27 00:12:45
1216,347,phone,+7 (216) 417-58-23,True,True,2023-12-29 12:07:41
1217,347,email,лариса.рожкова347@example.kz,True,True,2023-12-29 12:07:41
1218,347,address,"п. Меренга, наб. Суворова, д. 2/5 стр. 39, 236229",True,False,2023-12-29 12:07:41
1219,347,phone,+7 (587) 964-34-74,False,False,2023-12-29 12:07:41
1220,348,phone,8 245 557 4696,True,True,2025-12-22 11:00:02
1221,348,email,софия.федорова348@example.kz,True,True,2025-12-22 11:00:02
1222,348,address,"ст. Печора, пр. 40 лет Октября, д. 57, 334450",True,False,2025-12-22 11:00:02
1223,349,phone,8 665 883 3987,True,True,2023-12-27 10:03:02
1224,349,email,вера.алексеева349@example.kz,True,True,2023-12-27 10:03:02
1225,349,address,"г. Королев, наб. Ильича, д. 1/7, 349960",True,False,2023-12-27 10:03:02
1226,350,phone,+7 054 857 41 72,True,True,2024-11-15 17:19:41
1227,350,email,игнатий.блинов350@example.kz,True,True,2024-11-15 17:19:41
1228,350,address,"ст. Псебай, ш. Короткое, д. 4, 735984",True,False,2024-11-15 17:19:41
1229,351,phone,8 (840) 215-5732,True,True,2023-10-04 14:47:55
1230,351,email,виктория.крюкова351@example.kz,True,True,2023-10-04 14:47:55
1231,351,address,"п. Сковородино, наб. Выгонная, д. 5 к. 721, 670808",True,False,2023-10-04 14:47:55
1232,352,phone,8 096 085 8749,True,True,2024-04-07 10:21:44
1233,352,email,екатерина.голубева352@example.kz,True,True,2024-04-07 10:21:44
1234,352,address,"клх Буденновск, ул. Урожайная, д. 28 стр. 4/2, 477251",True,False,2024-04-07 10:21:44
1235,353,phone,+7 (957) 860-69-40,True,True,2024-10-15 17:21:47
1236,353,email,павел.исаков353@example.kz,True,True,2024-10-15 17:21:47
1237,353,address,"г. Кимры, пр. Короткий, д. 4 к. 9, 395923",True,False,2024-10-15 17:21:47
1238,354,phone,+7 (342) 108-90-28,True,True,2023-04-08 01:34:17
1239,354,email,лора.потапова354@example.kz,True,True,2023-04-08 01:34:17
1240,354,address,"к. Можга, бул. Снежный, д. 34, 433502",True,False,2023-04-08 01:34:17
1241,354,phone,8 (160) 736-07-76,False,False,2023-04-08 01:34:17
1242,355,phone,+7 (369) 112-8981,True,True,2025-02-24 11:17:37
1243,355,email,октябрина.аксенова355@example.kz,True,True,2025-02-24 11:17:37
1244,355,address,"г. Сунтар, пер. Фурманова, д. 7 стр. 23, 748170",True,False,2025-02-24 11:17:37
1245,356,phone,+7 666 155 4164,True,True,2023-05-27 10:41:03
1246,356,email,анастасия.ершова356@example.kz,True,True,2023-05-27 10:41:03
1247,356,address,"клх Охотск, ул. Прохладная, д. 1 к. 33, 282270",True,False,2023-05-27 10:41:03
1248,356,phone,+7 934 596 2622,False,False,2023-05-27 10:41:03
1249,357,phone,8 (225) 120-7346,True,True,2025-06-26 22:29:44
1250,357,email,пантелеймон.колесников357@example.kz,True,True,2025-06-26 22:29:44
1251,357,address,"д. Москва, ш. Заводское, д. 1, 026086",True,False,2025-06-26 22:29:44
1252,357,phone,88221053161,False,False,2025-06-26 22:29:44
1253,358,phone,+7 776 872 90 47,True,True,2023-11-24 07:07:43
1254,358,email,фотий.блохин358@example.kz,True,True,2023-11-24 07:07:43
1255,358,address,"п. Мостовской, пер. Нефтяников, д. 477 стр. 93, 231164",True,False,2023-11-24 07:07:43
1256,359,phone,81334245798,True,True,2023-08-26 13:50:59
1257,359,email,адриан.гордеев359@example.kz,True,True,2023-08-26 13:50:59
1258,359,address,"к. Ребриха, бул. Безымянный, д. 460 к. 30, 326509",True,False,2023-08-26 13:50:59
1259,360,phone,8 (753) 967-37-94,True,True,2025-02-03 22:12:56
1260,360,email,ульяна.щербакова360@example.kz,True,True,2025-02-03 22:12:56
1261,360,address,"клх Лагань, ш. Энтузиастов, д. 3 стр. 6, 871584",True,False,2025-02-03 22:12:56
1262,361,phone,+7 560 821 37 11,True,True,2023-12-08 14:02:17
1263,361,email,ольга.иванова361@example.kz,True,True,2023-12-08 14:02:17
1264,361,address,"ст. Нефтеюганск, пр. Спартака, д. 782 к. 42, 358929",True,False,2023-12-08 14:02:17
1265,362,phone,8 (808) 583-8252,True,True,2024-07-23 13:30:17
1266,362,email,милован.петухов362@example.kz,True,True,2024-07-23 13:30:17
1267,362,address,"клх Южно-Сахалинск, ш. Деповское, д. 4/5, 646867",True,False,2024-07-23 13:30:17
1268,363,phone,8 (524) 014-84-39,True,True,2024-06-14 21:01:58
1269,363,email,никита.красильников363@example.kz,True,True,2024-06-14 21:01:58
1270,363,address,"ст. Приморско-Ахтарск, алл. Мусы Джалиля, д. 73, 669335",True,False,2024-06-14 21:01:58
1271,364,phone,+7 342 619 23 72,True,True,2025-02-12 05:13:31
1272,364,email,наина.белякова364@example.kz,True,True,2025-02-12 05:13:31
1273,364,address,"г. Геленджик, наб. Пушкинская, д. 4/8 стр. 2, 215406",True,False,2025-02-12 05:13:31
1274,365,phone,+71769274381,True,True,2024-02-28 08:30:16
1275,365,email,трифон.лаврентьев365@example.kz,True,True,2024-02-28 08:30:16
1276,365,address,"п. Тавда, пр. 60 лет СССР, д. 514 стр. 9, 645101",True,False,2024-02-28 08:30:16
1277,365,phone,8 (397) 396-41-78,False,False,2024-02-28 08:30:16
1278,366,phone,89698609191,True,True,2023-08-04 23:46:30
1279,366,email,эраст.самсонов366@example.kz,True,True,2023-08-04 23:46:30
1280,366,address,"ст. Коломна, пер. 60 лет СССР, д. 1/6 к. 8/9, 660392",True,False,2023-08-04 23:46:30
1281,366,phone,+7 514 607 4555,False,False,2023-08-04 23:46:30
1282,367,phone,+7 (470) 574-2388,True,True,2025-06-07 14:23:07
1283,367,email,ефим.мартынов367@example.kz,True,True,2025-06-07 14:23:07
1284,367,address,"ст. Нижневартовск, ш. Тюленина, д. 955, 541165",True,False,2025-06-07 14:23:07
1285,367,phone,87263475575,False,False,2025-06-07 14:23:07
1286,368,phone,+7 (250) 139-48-84,True,True,2025-05-07 01:56:27
1287,368,email,елена.дорофеева368@example.kz,True,True,2025-05-07 01:56:27
1288,368,address,"д. Буденновск, ул. Революционная, д. 5/3, 856261",True,False,2025-05-07 01:56:27
1289,368,phone,+79915370382,False,False,2025-05-07 01:56:27
1290,369,phone,+70733337320,True,True,2024-05-08 02:38:02
1291,369,email,поликарп.мартынов369@example.kz,True,True,2024-05-08 02:38:02
1292,369,address,"г. Щельяюр, ш. Октября, д. 9/9 к. 36, 964546",True,False,2024-05-08 02:38:02
1293,369,phone,8 535 851 2538,False,False,2024-05-08 02:38:02
1294,370,phone,82187851935,True,True,2024-02-16 08:51:49
1295,370,email,алексей.колесников370@example.kz,True,True,2024-02-16 08:51:49
1296,370,address,"к. Цимлянск, пр. Бабушкина, д. 7/2, 087805",True,False,2024-02-16 08:51:49
1297,371,phone,8 (215) 149-40-97,True,True,2025-09-05 04:45:53
1298,371,email,лукия.агафонова371@example.kz,True,True,2025-09-05 04:45:53
1299,371,address,"с. Кашира, пр. Гоголя, д. 6 стр. 99, 289509",True,False,2025-09-05 04:45:53
1300,371,phone,+7 591 191 8623,False,False,2025-09-05 04:45:53
1301,372,phone,+7 (922) 071-5116,True,True,2023-04-07 20:09:21
1302,372,email,онуфрий.владимиров372@example.kz,True,True,2023-04-07 20:09:21
1303,372,address,"с. Соль-Илецк, ш. Кутузова, д. 51, 264712",True,False,2023-04-07 20:09:21
1304,372,phone,+76335157184,False,False,2023-04-07 20:09:21
1305,373,phone,+7 908 051 2080,True,True,2023-09-14 19:52:06
1306,373,email,глафира.одинцова373@example.kz,True,True,2023-09-14 19:52:06
1307,373,address,"с. Мелеуз, ш. Грибоедова, д. 823, 835129",True,False,2023-09-14 19:52:06
1308,373,phone,8 927 282 7090,False,False,2023-09-14 19:52:06
1309,374,phone,8 (144) 152-9821,True,True,2023-10-16 16:51:09
1310,374,email,октябрина.русакова374@example.kz,True,True,2023-10-16 16:51:09
1311,374,address,"д. Елец, наб. Смирнова, д. 8/2 стр. 653, 373605",True,False,2023-10-16 16:51:09
1312,375,phone,+7 791 815 8998,True,True,2025-10-29 11:11:58
1313,375,email,василиса.ефремова375@example.kz,True,True,2025-10-29 11:11:58
1314,375,address,"к. Москва, пр. Ивановский, д. 7, 661707",True,False,2025-10-29 11:11:58
1315,375,phone,+7 587 964 74 08,False,False,2025-10-29 11:11:58
1316,376,phone,+7 314 998 2508,True,True,2024-01-13 11:31:19
1317,376,email,творимир.козлов376@example.kz,True,True,2024-01-13 11:31:19
1318,376,address,"к. Орехово-Зуево, наб. Интернациональная, д. 9/9, 850317",True,False,2024-01-13 11:31:19
1319,377,phone,+7 (351) 373-99-00,True,True,2024-07-25 06:40:27
1320,377,email,никодим.капустин377@example.kz,True,True,2024-07-25 06:40:27
1321,377,address,"клх Гдов, ул. Слободская, д. 3 к. 4/6, 022939",True,False,2024-07-25 06:40:27
1322,378,phone,+76943460666,True,True,2024-09-27 14:23:13
1323,378,email,феоктист.нестеров378@example.kz,True,True,2024-09-27 14:23:13
1324,378,address,"ст. Сузун, пер. Комсомольский, д. 1/8 к. 23, 127128",True,False,2024-09-27 14:23:13
1325,379,phone,8 246 484 4941,True,True,2025-09-14 13:26:23
1326,379,email,александр.михайлов379@example.kz,True,True,2025-09-14 13:26:23
1327,379,address,"ст. Каневская, пер. Машиностроителей, д. 92, 771130",True,False,2025-09-14 13:26:23
1328,380,phone,8 211 369 57 27,True,True,2023-07-22 15:22:29
1329,380,email,наталья.кузьмина380@example.kz,True,True,2023-07-22 15:22:29
1330,380,address,"ст. Касимов, наб. Московская, д. 525 стр. 85, 066248",True,False,2023-07-22 15:22:29
1331,380,phone,+7 323 570 71 39,False,False,2023-07-22 15:22:29
1332,381,phone,8 (482) 285-0116,True,True,2025-11-27 00:49:25
1333,381,email,октябрина.королева381@example.kz,True,True,2025-11-27 00:49:25
1334,381,address,"клх Москва, МГУ, ул. Волгоградская, д. 730 к. 790, 309810",True,False,2025-11-27 00:49:25
1335,382,phone,8 (964) 967-37-94,True,True,2023-05-16 14:03:42
1336,382,email,антип.осипов382@example.kz,True,True,2023-05-16 14:03:42
1337,382,address,"с. Елабуга, пер. Терешковой, д. 52 к. 56, 506420",True,False,2023-05-16 14:03:42
1338,383,phone,8 (683) 625-36-66,True,True,2023-11-12 09:17:32
1339,383,email,марина.большакова383@example.kz,True,True,2023-11-12 09:17:32
1340,383,address,"с. Осташков, наб. Энтузиастов, д. 7 к. 48, 339395",True,False,2023-11-12 09:17:32
1341,383,phone,8 (865) 436-27-18,False,False,2023-11-12 09:17:32
1342,384,phone,8 (496) 033-58-26,True,True,2024-06-04 03:52:19
1343,384,email,екатерина.панова384@example.kz,True,True,2024-06-04 03:52:19
1344,384,address,"с. Апшеронск, алл. 50 лет Победы, д. 34 стр. 4/3, 573275",True,False,2024-06-04 03:52:19
1345,385,phone,89801110005,True,True,2025-10-05 06:21:40
1346,385,email,лидия.ширяева385@example.kz,True,True,2025-10-05 06:21:40
1347,385,address,"к. Канск, алл. Горняцкая, д. 2 стр. 6, 752441",True,False,2025-10-05 06:21:40
1348,385,phone,8 (222) 618-9628,False,False,2025-10-05 06:21:40
1349,386,phone,8 (743) 127-1026,True,True,2025-02-19 10:16:50
1350,386,email,натан.матвеев386@example.kz,True,True,2025-02-19 10:16:50
1351,386,address,"с. Зеленоград, пер. Гастелло, д. 3/8, 795515",True,False,2025-02-19 10:16:50
1352,386,phone,+7 229 462 13 54,False,False,2025-02-19 10:16:50
1353,387,phone,+7 597 099 62 54,True,True,2023-05-03 20:42:57
1354,387,email,наина.максимова387@example.kz,True,True,2023-05-03 20:42:57
1355,387,address,"д. Апшеронск, наб. Ольховая, д. 534 к. 7/6, 471580",True,False,2023-05-03 20:42:57
1356,387,phone,+7 (909) 046-37-66,False,False,2023-05-03 20:42:57
1357,388,phone,+7 465 586 6525,True,True,2023-08-17 03:27:47
1358,388,email,болеслав.воронов388@example.kz,True,True,2023-08-17 03:27:47
1359,388,address,"с. Лесной (Сверд.), ул. Химиков, д. 258 к. 421, 251293",True,False,2023-08-17 03:27:47
1360,389,phone,+7 100 591 29 75,True,True,2024-04-27 15:06:17
1361,389,email,акулина.дементьева389@example.kz,True,True,2024-04-27 15:06:17
1362,389,address,"г. Дзержинск, бул. Широкий, д. 21, 633016",True,False,2024-04-27 15:06:17
1363,389,phone,8 837 379 2749,False,False,2024-04-27 15:06:17
1364,390,phone,+7 728 012 3428,True,True,2023-07-09 02:38:20
1365,390,email,софия.зайцева390@example.kz,True,True,2023-07-09 02:38:20
1366,390,address,"клх Буденновск, алл. Космонавтов, д. 72, 968436",True,False,2023-07-09 02:38:20
1367,391,phone,+75380442101,True,True,2024-06-09 01:14:29
1368,391,email,любовь.цветкова391@example.kz,True,True,2024-06-09 01:14:29
1369,391,address,"клх Билибино, ш. Парижской Коммуны, д. 270 стр. 6, 945757",True,False,2024-06-09 01:14:29
1370,392,phone,8 747 583 3920,True,True,2025-08-25 09:36:01
1371,392,email,архип.гуляев392@example.kz,True,True,2025-08-25 09:36:01
1372,392,address,"с. Славгород, ш. Шолохова, д. 8/8 к. 72, 025626",True,False,2025-08-25 09:36:01
1373,392,phone,8 062 292 3106,False,False,2025-08-25 09:36:01
1374,393,phone,8 (245) 307-62-48,True,True,2025-12-23 17:07:20
1375,393,email,андрон.симонов393@example.kz,True,True,2025-12-23 17:07:20
1376,393,address,"п. Суздаль, бул. Тюленина, д. 7/3 стр. 1/6, 157942",True,False,2025-12-23 17:07:20
1377,393,phone,+7 (873) 670-4254,False,False,2025-12-23 17:07:20
1378,394,phone,86919284552,True,True,2025-06-17 02:58:16
1379,394,email,алевтина.селиверстова394@example.kz,True,True,2025-06-17 02:58:16
1380,394,address,"г. Анапа, наб. Марта 8, д. 63 к. 85, 859532",True,False,2025-06-17 02:58:16
1381,395,phone,8 939 933 7970,True,True,2023-07-09 00:45:57
1382,395,email,иосиф.медведев395@example.kz,True,True,2023-07-09 00:45:57
1383,395,address,"с. Дубна, наб. Широкая, д. 8/5 стр. 476, 250733",True,False,2023-07-09 00:45:57
1384,395,phone,+7 559 782 4575,False,False,2023-07-09 00:45:57
1385,396,phone,88339914038,True,True,2024-03-29 03:53:59
1386,396,email,адриан.ефремов396@example.kz,True,True,2024-03-29 03:53:59
1387,396,address,"ст. Октябрьский (Башк.), бул. Заречный, д. 5 к. 52, 061572",True,False,2024-03-29 03:53:59
1388,397,phone,8 (682) 975-14-74,True,True,2024-03-30 09:22:53
1389,397,email,герасим.журавлев397@example.kz,True,True,2024-03-30 09:22:53
1390,397,address,"к. Жигулевск, алл. Энергетиков, д. 610 стр. 6/3, 680656",True,False,2024-03-30 09:22:53
1391,397,phone,+7 (590) 459-90-80,False,False,2024-03-30 09:22:53
1392,398,phone,+7 (711) 221-82-31,True,True,2025-09-23 04:11:34
1393,398,email,василиса.мухина398@example.kz,True,True,2025-09-23 04:11:34
1394,398,address,"к. Ведено, наб. Ленинская, д. 7/9 к. 786, 813721",True,False,2025-09-23 04:11:34
1395,398,phone,+73308003700,False,False,2025-09-23 04:11:34
1396,399,phone,+7 (322) 855-6608,True,True,2024-04-30 01:55:23
1397,399,email,викентий.воронцов399@example.kz,True,True,2024-04-30 01:55:23
1398,399,address,"г. Псков, ул. Дорожная, д. 19 стр. 83, 519582",True,False,2024-04-30 01:55:23
1399,400,phone,8 328 094 48 58,True,True,2024-05-12 06:10:51
1400,400,email,екатерина.абрамова400@example.kz,True,True,2024-05-12 06:10:51
1401,400,address,"ст. Каневская, наб. Герцена, д. 55 стр. 2/5, 079863",True,False,2024-05-12 06:10:51
1402,400,phone,+7 (106) 133-94-39,False,False,2024-05-12 06:10:51
1403,401,phone,+75703943804,True,True,2025-06-20 02:29:16
1404,401,email,зоя.комиссарова401@example.kz,True,True,2025-06-20 02:29:16
1405,401,address,"ст. Иркутск, алл. Тюленина, д. 6/8 к. 3/8, 894319",True,False,2025-06-20 02:29:16
1406,401,phone,+7 009 004 04 76,False,False,2025-06-20 02:29:16
1407,402,phone,82105336514,True,True,2025-04-30 08:12:11
1408,402,email,модест.сергеев402@example.kz,True,True,2025-04-30 08:12:11
1409,402,address,"к. Асино, наб. Морская, д. 8, 107201",True,False,2025-04-30 08:12:11
1410,402,phone,+7 379 844 09 71,False,False,2025-04-30 08:12:11
1411,403,phone,+7 (316) 600-76-76,True,True,2025-03-15 18:45:04
1412,403,email,эрнст.кошелев403@example.kz,True,True,2025-03-15 18:45:04
1413,403,address,"д. Балашов, ул. Бригадная, д. 8 стр. 14, 337009",True,False,2025-03-15 18:45:04
1414,404,phone,8 873 045 19 57,True,True,2023-09-24 12:17:50
1415,404,email,валерия.гуляева404@example.kz,True,True,2023-09-24 12:17:50
1416,404,address,"к. Обоянь, пер. Краснофлотский, д. 6 стр. 3/7, 754278",True,False,2023-09-24 12:17:50
1417,405,phone,8 561 942 55 77,True,True,2023-08-09 06:41:10
1418,405,email,гремислав.силин405@example.kz,True,True,2023-08-09 06:41:10
1419,405,address,"к. Терней, алл. Пугачева, д. 39 стр. 26, 188081",True,False,2023-08-09 06:41:10
1420,405,phone,80482357155,False,False,2023-08-09 06:41:10
1421,406,phone,8 (686) 395-6137,True,True,2024-08-07 07:30:49
1422,406,email,ксения.киселева406@example.kz,True,True,2024-08-07 07:30:49
1423,406,address,"клх Абакан, ш. Олимпийское, д. 3/2 стр. 4, 438130",True,False,2024-08-07 07:30:49
1424,407,phone,+7 041 321 1471,True,True,2024-05-24 18:00:07
1425,407,email,фаина.козлова407@example.kz,True,True,2024-05-24 18:00:07
1426,407,address,"клх Печенга, бул. Чкалова, д. 7, 346997",True,False,2024-05-24 18:00:07
1427,407,phone,89070755047,False,False,2024-05-24 18:00:07
1428,408,phone,8 816 995 70 60,True,True,2024-10-04 16:43:19
1429,408,email,леонтий.игнатьев408@example.kz,True,True,2024-10-04 16:43:19
1430,408,address,"с. Краснодар, ул. Нижняя, д. 81 стр. 6/4, 054873",True,False,2024-10-04 16:43:19
1431,409,phone,86102908718,True,True,2025-06-18 01:21:52
1432,409,email,марина.афанасьева409@example.kz,True,True,2025-06-18 01:21:52
1433,409,address,"к. Хабаровск, ш. Сосновое, д. 2 к. 3/8, 204956",True,False,2025-06-18 01:21:52
1434,409,phone,+7 213 773 06 26,False,False,2025-06-18 01:21:52
1435,410,phone,+7 423 597 3711,True,True,2025-05-12 00:12:47
1436,410,email,евстафий.воробьев410@example.kz,True,True,2025-05-12 00:12:47
1437,410,address,"п. Шенкурск, ул. Бабушкина, д. 6/7 стр. 985, 670468",True,False,2025-05-12 00:12:47
1438,410,phone,8 111 457 68 32,False,False,2025-05-12 00:12:47
1439,411,phone,+7 021 923 78 58,True,True,2025-02-21 00:59:29
1440,411,email,христофор.пахомов411@example.kz,True,True,2025-02-21 00:59:29
1441,411,address,"г. Кабанск, пр. Пограничный, д. 333 стр. 3, 050801",True,False,2025-02-21 00:59:29
1442,411,phone,8 (498) 042-5373,False,False,2025-02-21 00:59:29
1443,412,phone,+7 (777) 312-6881,True,True,2024-12-05 17:34:56
1444,412,email,зинаида.орлова412@example.kz,True,True,2024-12-05 17:34:56
1445,412,address,"ст. Тихвин, ш. Профсоюзное, д. 9/2, 365346",True,False,2024-12-05 17:34:56
1446,412,phone,+7 605 603 5679,False,False,2024-12-05 17:34:56
1447,413,phone,+7 (279) 862-3984,True,True,2025-05-06 14:17:27
1448,413,email,ладислав.якушев413@example.kz,True,True,2025-05-06 14:17:27
1449,413,address,"с. Шатура, пр. Песчаный, д. 620, 647548",True,False,2025-05-06 14:17:27
1450,413,phone,85478769899,False,False,2025-05-06 14:17:27
1451,414,phone,82751758891,True,True,2023-09-15 01:17:30
1452,414,email,фёкла.константинова414@example.kz,True,True,2023-09-15 01:17:30
1453,414,address,"к. Лысьва, пер. Курский, д. 6 стр. 49, 435864",True,False,2023-09-15 01:17:30
1454,414,phone,+79639243588,False,False,2023-09-15 01:17:30
1455,415,phone,8 379 821 4339,True,True,2023-12-07 21:41:19
1456,415,email,виссарион.евсеев415@example.kz,True,True,2023-12-07 21:41:19
1457,415,address,"клх Тайшет, алл. Ветеранов, д. 5/8 к. 3, 914168",True,False,2023-12-07 21:41:19
1458,415,phone,8 013 477 89 48,False,False,2023-12-07 21:41:19
1459,416,phone,86340679176,True,True,2024-01-15 22:44:04
1460,416,email,татьяна.шарова416@example.kz,True,True,2024-01-15 22:44:04
1461,416,address,"г. Дивногорск, ул. Коммунаров, д. 501, 884216",True,False,2024-01-15 22:44:04
1462,417,phone,+7 (090) 015-9446,True,True,2024-11-06 09:49:44
1463,417,email,алина.коновалова417@example.kz,True,True,2024-11-06 09:49:44
1464,417,address,"п. Южно-Сахалинск, пер. Черемуховый, д. 4 стр. 90, 326389",True,False,2024-11-06 09:49:44
1465,418,phone,+7 219 947 1136,True,True,2024-09-14 21:54:25
1466,418,email,синклитикия.котова418@example.kz,True,True,2024-09-14 21:54:25
1467,418,address,"с. Шуя, алл. Проточная, д. 2, 346996",True,False,2024-09-14 21:54:25
1468,419,phone,8 (331) 167-72-69,True,True,2025-05-23 01:57:03
1469,419,email,моисей.виноградов419@example.kz,True,True,2025-05-23 01:57:03
1470,419,address,"д. Курчатов, бул. Победа, д. 9/6, 078967",True,False,2025-05-23 01:57:03
1471,420,phone,83521962633,True,True,2025-09-28 23:33:59
1472,420,email,сильвестр.юдин420@example.kz,True,True,2025-09-28 23:33:59
1473,420,address,"с. Кызыл, бул. Ленина, д. 86, 931706",True,False,2025-09-28 23:33:59
1474,420,phone,85560767616,False,False,2025-09-28 23:33:59
1475,421,phone,+75345472239,True,True,2023-05-19 06:34:33
1476,421,email,матвей.попов421@example.kz,True,True,2023-05-19 06:34:33
1477,421,address,"с. Ноглики, ш. Курганное, д. 921, 418472",True,False,2023-05-19 06:34:33
1478,422,phone,+72642364281,True,True,2025-09-17 01:25:10
1479,422,email,наина.бирюкова422@example.kz,True,True,2025-09-17 01:25:10
1480,422,address,"д. Беломорск, бул. Смоленский, д. 9 стр. 7/3, 039111",True,False,2025-09-17 01:25:10
1481,422,phone,+72817852282,False,False,2025-09-17 01:25:10
1482,423,phone,+7 (052) 480-8806,True,True,2024-12-04 07:19:13
1483,423,email,пелагея.киселева423@example.kz,True,True,2024-12-04 07:19:13
1484,423,address,"г. Соболево, ш. Шахтерское, д. 69, 737213",True,False,2024-12-04 07:19:13
1485,423,phone,+7 (901) 620-47-87,False,False,2024-12-04 07:19:13
1486,424,phone,8 886 878 59 96,True,True,2025-05-01 00:21:32
1487,424,email,пимен.кондратьев424@example.kz,True,True,2025-05-01 00:21:32
1488,424,address,"п. Теберда, алл. Подгорная, д. 61 к. 2, 664505",True,False,2025-05-01 00:21:32
1489,424,phone,8 (303) 627-92-46,False,False,2025-05-01 00:21:32
1490,425,phone,+7 (203) 747-6775,True,True,2023-10-02 02:15:14
1491,425,email,митофан.калашников425@example.kz,True,True,2023-10-02 02:15:14
1492,425,address,"п. Пушкин, алл. Краснофлотская, д. 145, 766194",True,False,2023-10-02 02:15:14
1493,425,phone,8 887 071 5534,False,False,2023-10-02 02:15:14
1494,426,phone,8 (201) 284-0083,True,True,2024-10-20 00:30:41
1495,426,email,родион.рогов426@example.kz,True,True,2024-10-20 00:30:41
1496,426,address,"с. Печора, ш. Бажова, д. 6 к. 6, 891776",True,False,2024-10-20 00:30:41
1497,427,phone,8 (089) 812-6574,True,True,2023-11-13 19:07:10
1498,427,email,виктория.кудряшова427@example.kz,True,True,2023-11-13 19:07:10
1499,427,address,"ст. Каменск-Шахтинский, пер. Серова, д. 7, 004023",True,False,2023-11-13 19:07:10
1500,427,phone,8 936 268 94 30,False,False,2023-11-13 19:07:10
1501,428,phone,+7 204 713 72 71,True,True,2023-12-29 08:47:51
1502,428,email,демьян.гурьев428@example.kz,True,True,2023-12-29 08:47:51
1503,428,address,"ст. Неплюевка, бул. Жуковского, д. 5/9 стр. 6, 984933",True,False,2023-12-29 08:47:51
1504,428,phone,+7 674 584 7609,False,False,2023-12-29 08:47:51
1505,429,phone,+74128333721,True,True,2025-06-15 10:43:11
1506,429,email,станимир.меркушев429@example.kz,True,True,2025-06-15 10:43:11
1507,429,address,"клх Петропавловск-Камчатский, пер. Толстого, д. 2 к. 82, 506662",True,False,2025-06-15 10:43:11
1508,429,phone,8 705 514 37 76,False,False,2025-06-15 10:43:11
1509,430,phone,83663439252,True,True,2025-04-07 04:30:17
1510,430,email,касьян.горбачев430@example.kz,True,True,2025-04-07 04:30:17
1511,430,address,"ст. Великие Луки, ул. Нижняя, д. 728, 120072",True,False,2025-04-07 04:30:17
1512,431,phone,+7 245 591 0245,True,True,2024-08-05 06:17:04
1513,431,email,синклитикия.носова431@example.kz,True,True,2024-08-05 06:17:04
1514,431,address,"д. Великие Луки, пер. Советский, д. 72, 149498",True,False,2024-08-05 06:17:04
1515,431,phone,+7 942 179 42 81,False,False,2024-08-05 06:17:04
1516,432,phone,8 (934) 065-27-75,True,True,2025-09-22 21:10:16
1517,432,email,святополк.абрамов432@example.kz,True,True,2025-09-22 21:10:16
1518,432,address,"клх Петухово, ш. Белорусское, д. 6 к. 83, 201091",True,False,2025-09-22 21:10:16
1519,432,phone,+7 (172) 214-55-93,False,False,2025-09-22 21:10:16
1520,433,phone,8 (661) 894-37-05,True,True,2025-04-09 10:31:20
1521,433,email,поликарп.шарапов433@example.kz,True,True,2025-04-09 10:31:20
1522,433,address,"п. Нефтегорск (Самар.), ул. Речная, д. 7, 776572",True,False,2025-04-09 10:31:20
1523,433,phone,8 659 202 4617,False,False,2025-04-09 10:31:20
1524,434,phone,8 202 389 7432,True,True,2025-05-28 07:10:00
1525,434,email,христофор.федотов434@example.kz,True,True,2025-05-28 07:10:00
1526,434,address,"ст. Алдан, наб. Кутузова, д. 6 стр. 917, 325848",True,False,2025-05-28 07:10:00
1527,434,phone,8 899 936 07 98,False,False,2025-05-28 07:10:00
1528,435,phone,+78704506917,True,True,2023-07-20 13:08:54
1529,435,email,лидия.красильникова435@example.kz,True,True,2023-07-20 13:08:54
1530,435,address,"д. Холмск, наб. Главная, д. 5/5, 394640",True,False,2023-07-20 13:08:54
1531,436,phone,8 (303) 736-0601,True,True,2025-12-27 03:07:40
1532,436,email,иннокентий.никонов436@example.kz,True,True,2025-12-27 03:07:40
1533,436,address,"г. Таштагол, ш. Фрунзе, д. 479 стр. 2, 685283",True,False,2025-12-27 03:07:40
1534,437,phone,+7 615 370 1242,True,True,2024-01-01 19:04:27
1535,437,email,боян.матвеев437@example.kz,True,True,2024-01-01 19:04:27
1536,437,address,"с. Жиганск, алл. Ростовская, д. 2 к. 5, 121031",True,False,2024-01-01 19:04:27
1537,438,phone,+72175188781,True,True,2023-11-20 02:15:55
1538,438,email,радим.николаев438@example.kz,True,True,2023-11-20 02:15:55
1539,438,address,"ст. Великий Устюг, ш. Звездное, д. 3 к. 4/9, 091122",True,False,2023-11-20 02:15:55
1540,438,phone,8 288 375 0566,False,False,2023-11-20 02:15:55
1541,439,phone,+7 863 239 79 13,True,True,2023-05-21 05:10:01
1542,439,email,ростислав.ермаков439@example.kz,True,True,2023-05-21 05:10:01
1543,439,address,"с. Москва, МГУ, наб. Выгонная, д. 407 стр. 195, 560571",True,False,2023-05-21 05:10:01
1544,440,phone,+7 (198) 819-27-78,True,True,2023-11-29 20:23:37
1545,440,email,юлиан.агафонов440@example.kz,True,True,2023-11-29 20:23:37
1546,440,address,"д. Аршан (Бурят.), наб. Высоковольтная, д. 9 стр. 5/1, 042462",True,False,2023-11-29 20:23:37
1547,440,phone,+75618517446,False,False,2023-11-29 20:23:37
1548,441,phone,+7 045 212 8991,True,True,2025-09-12 11:59:26
1549,441,email,натан.ширяев441@example.kz,True,True,2025-09-12 11:59:26
1550,441,address,"г. Кулунда, наб. Волжская, д. 49 к. 530, 881898",True,False,2025-09-12 11:59:26
1551,442,phone,+78416046154,True,True,2023-08-15 01:23:30
1552,442,email,алевтина.горшкова442@example.kz,True,True,2023-08-15 01:23:30
1553,442,address,"г. Витим, ул. Загородная, д. 1/8 стр. 7, 429831",True,False,2023-08-15 01:23:30
1554,442,phone,8 229 107 3228,False,False,2023-08-15 01:23:30
1555,443,phone,+7 (608) 493-7830,True,True,2025-12-08 06:34:39
1556,443,email,любосмысл.королев443@example.kz,True,True,2025-12-08 06:34:39
1557,443,address,"д. Осташков, ш. Гагарина, д. 3, 969443",True,False,2025-12-08 06:34:39
1558,443,phone,81649701693,False,False,2025-12-08 06:34:39
1559,444,phone,+72929132033,True,True,2024-02-29 18:23:52
1560,444,email,пелагея.соболева444@example.kz,True,True,2024-02-29 18:23:52
1561,444,address,"клх Певек, алл. Энергетическая, д. 490, 061537",True,False,2024-02-29 18:23:52
1562,444,phone,+7 (215) 566-84-73,False,False,2024-02-29 18:23:52
1563,445,phone,+7 (365) 337-74-60,True,True,2024-12-31 08:48:57
1564,445,email,мина.лаврентьев445@example.kz,True,True,2024-12-31 08:48:57
1565,445,address,"с. Сладково, ул. Таежная, д. 9/5, 614244",True,False,2024-12-31 08:48:57
1566,445,phone,+7 (607) 819-75-43,False,False,2024-12-31 08:48:57
1567,446,phone,8 (347) 642-73-72,True,True,2025-03-24 03:18:32
1568,446,email,иванна.александрова446@example.kz,True,True,2025-03-24 03:18:32
1569,446,address,"клх Ступино, алл. Безымянная, д. 945 к. 2, 846019",True,False,2025-03-24 03:18:32
1570,447,phone,+7 344 389 98 27,True,True,2025-02-28 05:51:54
1571,447,email,ирина.бобылева447@example.kz,True,True,2025-02-28 05:51:54
1572,447,address,"г. Мценск, ш. Маркса Карла, д. 1 стр. 4/3, 464493",True,False,2025-02-28 05:51:54
1573,448,phone,8 999 516 79 33,True,True,2025-06-28 04:15:49
1574,448,email,эдуард.филатов448@example.kz,True,True,2025-06-28 04:15:49
1575,448,address,"ст. Нарым, пр. Слободской, д. 8 к. 96, 119236",True,False,2025-06-28 04:15:49
1576,448,phone,+7 376 811 8723,False,False,2025-06-28 04:15:49
1577,449,phone,+7 (351) 040-9614,True,True,2025-02-26 22:26:03
1578,449,email,кирилл.наумов449@example.kz,True,True,2025-02-26 22:26:03
1579,449,address,"г. Невинномысск, пер. Стадионный, д. 949, 074820",True,False,2025-02-26 22:26:03
1580,450,phone,8 (365) 118-93-94,True,True,2023-04-25 19:21:25
1581,450,email,автоном.михеев450@example.kz,True,True,2023-04-25 19:21:25
1582,450,address,"клх Нижнекамск, ш. Докучаева, д. 20 к. 343, 302333",True,False,2023-04-25 19:21:25
1583,450,phone,+7 (470) 739-20-13,False,False,2023-04-25 19:21:25
1584,451,phone,8 462 127 6025,True,True,2024-03-22 01:18:48
1585,451,email,евдокия.михайлова451@example.kz,True,True,2024-03-22 01:18:48
1586,451,address,"клх Радужный, ул. Авиационная, д. 31, 163248",True,False,2024-03-22 01:18:48
1587,451,phone,8 (899) 572-9893,False,False,2024-03-22 01:18:48
1588,452,phone,8 (629) 745-49-30,True,True,2025-01-27 03:54:37
1589,452,email,иларион.молчанов452@example.kz,True,True,2025-01-27 03:54:37
1590,452,address,"к. Оймякон, пр. Социалистический, д. 420 стр. 787, 082832",True,False,2025-01-27 03:54:37
1591,452,phone,+7 (089) 813-8815,False,False,2025-01-27 03:54:37
1592,453,phone,8 (814) 458-2206,True,True,2024-01-13 05:04:42
1593,453,email,надежда.емельянова453@example.kz,True,True,2024-01-13 05:04:42
1594,453,address,"п. Кетченеры, бул. Родниковый, д. 89 стр. 268, 724500",True,False,2024-01-13 05:04:42
1595,454,phone,+7 000 152 9113,True,True,2024-02-26 19:50:36
1596,454,email,федор.мишин454@example.kz,True,True,2024-02-26 19:50:36
1597,454,address,"с. Углич, наб. Коммунальная, д. 625 стр. 2/9, 442182",True,False,2024-02-26 19:50:36
1598,455,phone,89874781224,True,True,2025-02-21 03:05:55
1599,455,email,иларион.пахомов455@example.kz,True,True,2025-02-21 03:05:55
1600,455,address,"с. Соболево, пер. Демьяна Бедного, д. 1/1, 043655",True,False,2025-02-21 03:05:55
1601,456,phone,+7 584 826 69 13,True,True,2024-08-26 08:27:17
1602,456,email,савелий.юдин456@example.kz,True,True,2024-08-26 08:27:17
1603,456,address,"ст. Курск, алл. Космонавтов, д. 1 стр. 5, 960807",True,False,2024-08-26 08:27:17
1604,457,phone,+7 633 699 8795,True,True,2024-02-09 07:02:46
1605,457,email,селиверст.третьяков457@example.kz,True,True,2024-02-09 07:02:46
1606,457,address,"п. Бодайбо, наб. Коммунистическая, д. 964, 880442",True,False,2024-02-09 07:02:46
1607,458,phone,8 (773) 836-3816,True,True,2025-05-26 23:12:20
1608,458,email,акулина.тарасова458@example.kz,True,True,2025-05-26 23:12:20
1609,458,address,"п. Бологое, бул. Ушакова, д. 3, 642036",True,False,2025-05-26 23:12:20
1610,458,phone,+7 (586) 314-41-70,False,False,2025-05-26 23:12:20
1611,459,phone,8 462 554 02 63,True,True,2023-07-03 00:48:35
1612,459,email,кира.полякова459@example.kz,True,True,2023-07-03 00:48:35
1613,459,address,"д. Казань, алл. Солнечная, д. 576 к. 5/5, 315388",True,False,2023-07-03 00:48:35
1614,459,phone,8 (245) 279-0504,False,False,2023-07-03 00:48:35
1615,460,phone,+7 433 335 3849,True,True,2025-09-10 09:17:07
1616,460,email,милица.шубина460@example.kz,True,True,2025-09-10 09:17:07
1617,460,address,"с. Кизел, ш. Кузнечное, д. 819, 180933",True,False,2025-09-10 09:17:07
1618,460,phone,81373265306,False,False,2025-09-10 09:17:07
1619,461,phone,+7 119 875 6178,True,True,2024-10-25 08:24:29
1620,461,email,илья.тимофеев461@example.kz,True,True,2024-10-25 08:24:29
1621,461,address,"г. Кабанск, ш. Нагорное, д. 691, 182980",True,False,2024-10-25 08:24:29
1622,461,phone,+7 (657) 744-9160,False,False,2024-10-25 08:24:29
1623,462,phone,83659520149,True,True,2025-11-07 02:06:39
1624,462,email,фома.фомин462@example.kz,True,True,2025-11-07 02:06:39
1625,462,address,"ст. Тула, ш. Лунное, д. 484 стр. 96, 509263",True,False,2025-11-07 02:06:39
1626,463,phone,+7 (239) 982-13-74,True,True,2024-01-07 20:15:14
1627,463,email,олимпиада.жданова463@example.kz,True,True,2024-01-07 20:15:14
1628,463,address,"с. Бузулук, наб. Подгорная, д. 3, 050537",True,False,2024-01-07 20:15:14
1629,464,phone,8 660 811 26 00,True,True,2024-01-14 03:45:46
1630,464,email,светлана.коновалова464@example.kz,True,True,2024-01-14 03:45:46
1631,464,address,"д. Карабудахкент, пр. Розы Люксембург, д. 306 к. 2/6, 123455",True,False,2024-01-14 03:45:46
1632,465,phone,+7 688 269 1776,True,True,2023-06-14 04:53:33
1633,465,email,наталья.кононова465@example.kz,True,True,2023-06-14 04:53:33
1634,465,address,"д. Кулунда, бул. Дорожный, д. 934 к. 487, 437882",True,False,2023-06-14 04:53:33
1635,465,phone,8 033 591 01 57,False,False,2023-06-14 04:53:33
1636,466,phone,+7 908 599 1449,True,True,2025-05-29 05:35:55
1637,466,email,таисия.суханова466@example.kz,True,True,2025-05-29 05:35:55
1638,466,address,"клх Семлячики, пер. Мелиоративный, д. 7/7 к. 9, 184285",True,False,2025-05-29 05:35:55
1639,466,phone,86932591408,False,False,2025-05-29 05:35:55
1640,467,phone,+79932312342,True,True,2024-07-02 00:50:58
1641,467,email,милован.филатов467@example.kz,True,True,2024-07-02 00:50:58
1642,467,address,"д. Уфа, пр. Солнечный, д. 3/7, 760723",True,False,2024-07-02 00:50:58
1643,467,phone,+78389359538,False,False,2024-07-02 00:50:58
1644,468,phone,+7 (804) 056-12-99,True,True,2024-04-26 15:15:52
1645,468,email,радован.дорофеев468@example.kz,True,True,2024-04-26 15:15:52
1646,468,address,"г. Усть-Баргузин, пр. Гайдара, д. 56, 869656",True,False,2024-04-26 15:15:52
1647,468,phone,+7 308 761 23 85,False,False,2024-04-26 15:15:52
1648,469,phone,85143468239,True,True,2025-06-25 23:49:24
1649,469,email,лев.максимов469@example.kz,True,True,2025-06-25 23:49:24
1650,469,address,"клх Бавлы, ш. Тракторное, д. 4/1, 869661",True,False,2025-06-25 23:49:24
1651,469,phone,+7 168 311 3950,False,False,2025-06-25 23:49:24
1652,470,phone,+7 168 094 1491,True,True,2023-05-11 15:00:52
1653,470,email,игнатий.ковалев470@example.kz,True,True,2023-05-11 15:00:52
1654,470,address,"с. Подольск, ш. Привольное, д. 7/3, 534407",True,False,2023-05-11 15:00:52
1655,471,phone,8 (794) 620-72-66,True,True,2025-02-01 22:19:08
1656,471,email,евдокия.веселова471@example.kz,True,True,2025-02-01 22:19:08
1657,471,address,"к. Ангарск, ш. Звездное, д. 8/7 стр. 229, 068841",True,False,2025-02-01 22:19:08
1658,471,phone,+7 (337) 312-5523,False,False,2025-02-01 22:19:08
1659,472,phone,8 617 817 0321,True,True,2023-09-16 09:45:40
1660,472,email,виссарион.кононов472@example.kz,True,True,2023-09-16 09:45:40
1661,472,address,"г. Оленегорск (Якут.), алл. Челюскинцев, д. 68, 778956",True,False,2023-09-16 09:45:40
1662,473,phone,+7 337 184 44 90,True,True,2024-03-07 14:58:41
1663,473,email,терентий.селиверстов473@example.kz,True,True,2024-03-07 14:58:41
1664,473,address,"г. Диксон, наб. Московская, д. 564 к. 437, 167812",True,False,2024-03-07 14:58:41
1665,474,phone,8 (782) 210-21-79,True,True,2025-09-09 23:11:07
1666,474,email,доброслав.григорьев474@example.kz,True,True,2025-09-09 23:11:07
1667,474,address,"клх Калязин, пер. Маркса Карла, д. 99 к. 8, 363831",True,False,2025-09-09 23:11:07
1668,474,phone,8 (285) 605-3970,False,False,2025-09-09 23:11:07
1669,475,phone,8 (986) 617-70-67,True,True,2023-09-17 18:40:39
1670,475,email,екатерина.гришина475@example.kz,True,True,2023-09-17 18:40:39
1671,475,address,"д. Домодедово, наб. Центральная, д. 9/3, 223552",True,False,2023-09-17 18:40:39
1672,476,phone,+7 650 587 14 69,True,True,2025-01-03 03:41:46
1673,476,email,святополк.егоров476@example.kz,True,True,2025-01-03 03:41:46
1674,476,address,"д. Ивдель, пер. Кленовый, д. 7, 908984",True,False,2025-01-03 03:41:46
1675,477,phone,+7 (699) 848-0220,True,True,2024-10-18 07:38:22
1676,477,email,харитон.мишин477@example.kz,True,True,2024-10-18 07:38:22
1677,477,address,"д. Кириши, ш. Седова, д. 9 стр. 3, 959881",True,False,2024-10-18 07:38:22
1678,478,phone,+7 457 887 07 15,True,True,2025-02-06 19:35:32
1679,478,email,станислав.кириллов478@example.kz,True,True,2025-02-06 19:35:32
1680,478,address,"д. Петушки, пр. Дружба, д. 38 к. 597, 191779",True,False,2025-02-06 19:35:32
1681,479,phone,8 (768) 299-6872,True,True,2025-08-11 03:01:45
1682,479,email,ия.комарова479@example.kz,True,True,2025-08-11 03:01:45
1683,479,address,"д. Чебаркуль, пр. Партизанский, д. 9, 623504",True,False,2025-08-11 03:01:45
1684,479,phone,+7 566 957 9001,False,False,2025-08-11 03:01:45
1685,480,phone,+7 (482) 554-42-86,True,True,2024-12-24 06:29:52
1686,480,email,евлампий.анисимов480@example.kz,True,True,2024-12-24 06:29:52
1687,480,address,"п. Дивногорск, ш. Пушкина, д. 33 к. 7, 389156",True,False,2024-12-24 06:29:52
1688,481,phone,+7 (415) 285-72-56,True,True,2024-12-09 00:58:16
1689,481,email,зосима.денисов481@example.kz,True,True,2024-12-09 00:58:16
1690,481,address,"с. Чикола, ш. Минское, д. 9, 138186",True,False,2024-12-09 00:58:16
1691,481,phone,8 507 846 8509,False,False,2024-12-09 00:58:16
1692,482,phone,8 744 303 4918,True,True,2023-11-25 07:15:41
1693,482,email,денис.антонов482@example.kz,True,True,2023-11-25 07:15:41
1694,482,address,"с. Шатой, алл. Коммунистическая, д. 68 к. 14, 536415",True,False,2023-11-25 07:15:41
1695,483,phone,+77155313259,True,True,2024-01-04 16:32:01
1696,483,email,агафья.рогова483@example.kz,True,True,2024-01-04 16:32:01
1697,483,address,"с. Туапсе, алл. Кузнецова, д. 6/1, 942141",True,False,2024-01-04 16:32:01
1698,484,phone,+7 527 698 1987,True,True,2023-09-05 11:49:57
1699,484,email,синклитикия.гусева484@example.kz,True,True,2023-09-05 11:49:57
1700,484,address,"ст. Сосногорск, наб. Ватутина, д. 93, 622586",True,False,2023-09-05 11:49:57
1701,484,phone,8 059 867 87 44,False,False,2023-09-05 11:49:57
1702,485,phone,+7 (275) 854-85-96,True,True,2025-04-28 15:54:24
1703,485,email,кир.соловьев485@example.kz,True,True,2025-04-28 15:54:24
1704,485,address,"ст. Эльбрус, алл. Р.Люксембург, д. 24 к. 165, 000245",True,False,2025-04-28 15:54:24
1705,486,phone,+7 (931) 321-5513,True,True,2024-11-08 00:27:54
1706,486,email,алла.жданова486@example.kz,True,True,2024-11-08 00:27:54
1707,486,address,"к. Ставрополь, пер. Одесский, д. 9/3, 444889",True,False,2024-11-08 00:27:54
1708,486,phone,8 699 727 36 77,False,False,2024-11-08 00:27:54
1709,487,phone,+76202582543,True,True,2023-11-04 01:49:28
1710,487,email,кузьма.игнатов487@example.kz,True,True,2023-11-04 01:49:28
1711,487,address,"ст. Иваново, пер. Веселый, д. 23 стр. 33, 491060",True,False,2023-11-04 01:49:28
1712,487,phone,+7 836 472 38 75,False,False,2023-11-04 01:49:28
1713,488,phone,+7 827 681 7225,True,True,2023-04-24 19:23:20
1714,488,email,владлен.кабанов488@example.kz,True,True,2023-04-24 19:23:20
1715,488,address,"к. Крымск, наб. Физкультурная, д. 3/7 стр. 19, 291876",True,False,2023-04-24 19:23:20
1716,488,phone,8 (316) 082-7172,False,False,2023-04-24 19:23:20
1717,489,phone,+7 733 739 92 05,True,True,2025-10-19 18:14:11
1718,489,email,селиверст.орлов489@example.kz,True,True,2025-10-19 18:14:11
1719,489,address,"п. Чебаркуль, пер. Прибрежный, д. 3/2 стр. 6/2, 388232",True,False,2025-10-19 18:14:11
1720,489,phone,8 539 835 8446,False,False,2025-10-19 18:14:11
1721,490,phone,+7 777 326 43 09,True,True,2024-12-13 21:16:34
1722,490,email,агафья.дроздова490@example.kz,True,True,2024-12-13 21:16:34
1723,490,address,"ст. Краснокамск, ш. ДОС, д. 827 стр. 329, 120539",True,False,2024-12-13 21:16:34
1724,491,phone,8 (871) 375-29-88,True,True,2023-07-19 09:17:55
1725,491,email,ия.воронова491@example.kz,True,True,2023-07-19 09:17:55
1726,491,address,"п. Армавир, ш. Гражданское, д. 75 стр. 383, 048797",True,False,2023-07-19 09:17:55
1727,491,phone,8 (889) 753-5852,False,False,2023-07-19 09:17:55
1728,492,phone,+7 (860) 030-4436,True,True,2025-09-04 15:30:58
1729,492,email,ольга.быкова492@example.kz,True,True,2025-09-04 15:30:58
1730,492,address,"г. Сковородино, наб. Тополиная, д. 29, 292950",True,False,2025-09-04 15:30:58
1731,492,phone,+7 437 483 09 30,False,False,2025-09-04 15:30:58
1732,493,phone,86713971912,True,True,2025-04-16 03:48:55
1733,493,email,лукия.герасимова493@example.kz,True,True,2025-04-16 03:48:55
1734,493,address,"клх Ейск, алл. Пограничная, д. 22 стр. 7/8, 019111",True,False,2025-04-16 03:48:55
1735,493,phone,8 612 201 90 72,False,False,2025-04-16 03:48:55
1736,494,phone,8 873 393 0493,True,True,2024-08-31 06:15:10
1737,494,email,алла.максимова494@example.kz,True,True,2024-08-31 06:15:10
1738,494,address,"к. Карпинск, ул. Республиканская, д. 5/9 стр. 324, 140868",True,False,2024-08-31 06:15:10
1739,494,phone,+7 (509) 522-94-62,False,False,2024-08-31 06:15:10
1740,495,phone,+7 935 561 0399,True,True,2023-07-29 13:52:10
1741,495,email,ольга.андреева495@example.kz,True,True,2023-07-29 13:52:10
1742,495,address,"ст. Черкесск, ш. Северное, д. 237 к. 44, 585856",True,False,2023-07-29 13:52:10
1743,495,phone,+72304120270,False,False,2023-07-29 13:52:10
1744,496,phone,8 159 273 87 40,True,True,2025-05-23 12:46:48
1745,496,email,ангелина.власова496@example.kz,True,True,2025-05-23 12:46:48
1746,496,address,"с. Верещагино (Перм.), пр. Рабочий, д. 4/3 к. 94, 554203",True,False,2025-05-23 12:46:48
1747,496,phone,+70301095679,False,False,2025-05-23 12:46:48
1748,497,phone,8 (564) 915-79-55,True,True,2025-09-05 18:30:33
1749,497,email,пелагея.богданова497@example.kz,True,True,2025-09-05 18:30:33
1750,497,address,"ст. Змеиногорск, наб. Ильича, д. 824, 010801",True,False,2025-09-05 18:30:33
1751,497,phone,8 (103) 068-3176,False,False,2025-09-05 18:30:33
1752,498,phone,+71726808081,True,True,2025-09-15 08:12:12
1753,498,email,ульяна.евдокимова498@example.kz,True,True,2025-09-15 08:12:12
1754,498,address,"г. Дубна, ул. Олимпийская, д. 1 стр. 2/4, 671307",True,False,2025-09-15 08:12:12
1755,499,phone,+7 (510) 458-4743,True,True,2025-12-23 12:09:46
1756,499,email,алла.алексеева499@example.kz,True,True,2025-12-23 12:09:46
1757,499,address,"г. Каменск-Шахтинский, ул. Демьяна Бедного, д. 95, 766947",True,False,2025-12-23 12:09:46
1758,500,phone,+7 318 053 3962,True,True,2025-04-27 06:34:48
1759,500,email,виктория.корнилова500@example.kz,True,True,2025-04-27 06:34:48
1760,500,address,"ст. Сальск, пр. Учительский, д. 259 к. 82, 004666",True,False,2025-04-27 06:34:48
1761,500,phone,+7 459 011 07 97,False,False,2025-04-27 06:34:48
1762,501,phone,8 (140) 049-38-81,True,True,2023-08-20 03:01:44
1763,501,email,татьяна.блохина501@example.kz,True,True,2023-08-20 03:01:44
1764,501,address,"к. Красная Поляна, бул. Песчаный, д. 3 стр. 949, 949769",True,False,2023-08-20 03:01:44
1765,501,phone,8 (731) 379-7166,False,False,2023-08-20 03:01:44
1766,502,phone,88416612374,True,True,2025-06-22 16:18:03
1767,502,email,клавдия.михайлова502@example.kz,True,True,2025-06-22 16:18:03
1768,502,address,"с. Холмогоры, алл. Лесозаводская, д. 75 к. 93, 991970",True,False,2025-06-22 16:18:03
1769,502,phone,+7 426 203 70 87,False,False,2025-06-22 16:18:03
1770,503,phone,8 (211) 602-0418,True,True,2025-08-07 14:43:03
1771,503,email,ипат.ковалев503@example.kz,True,True,2025-08-07 14:43:03
1772,503,address,"к. Эльтон, пер. Дарвина, д. 3/2 стр. 970, 801864",True,False,2025-08-07 14:43:03
1773,503,phone,+78221758839,False,False,2025-08-07 14:43:03
1774,504,phone,8 (857) 082-00-48,True,True,2025-12-20 18:17:24
1775,504,email,тамара.фадеева504@example.kz,True,True,2025-12-20 18:17:24
1776,504,address,"с. Моршанск, бул. Студенческий, д. 73 к. 749, 128794",True,False,2025-12-20 18:17:24
1777,505,phone,+7 (968) 827-69-70,True,True,2025-05-23 12:52:03
1778,505,email,панкратий.кошелев505@example.kz,True,True,2025-05-23 12:52:03
1779,505,address,"д. Новокузнецк, бул. Пригородный, д. 2, 156078",True,False,2025-05-23 12:52:03
1780,505,phone,+7 (274) 883-5651,False,False,2025-05-23 12:52:03
1781,506,phone,8 (962) 409-64-96,True,True,2025-07-06 17:16:06
1782,506,email,фёкла.вишнякова506@example.kz,True,True,2025-07-06 17:16:06
1783,506,address,"клх Кунгур, пр. Заводской, д. 8 стр. 3, 702851",True,False,2025-07-06 17:16:06
1784,506,phone,8 225 936 48 82,False,False,2025-07-06 17:16:06
1785,507,phone,+7 893 486 8839,True,True,2025-06-09 05:37:37
1786,507,email,юлия.цветкова507@example.kz,True,True,2025-06-09 05:37:37
1787,507,address,"п. Красноярск, пр. Короткий, д. 2/7 к. 291, 131935",True,False,2025-06-09 05:37:37
1788,507,phone,82361337605,False,False,2025-06-09 05:37:37
1789,508,phone,+7 (304) 588-16-50,True,True,2024-12-29 16:55:47
1790,508,email,станимир.щербаков508@example.kz,True,True,2024-12-29 16:55:47
1791,508,address,"к. Махачкала, алл. Васильковая, д. 791 к. 1, 440966",True,False,2024-12-29 16:55:47
1792,508,phone,+7 771 824 98 98,False,False,2024-12-29 16:55:47
1793,509,phone,+7 880 678 2141,True,True,2023-12-28 04:03:09
1794,509,email,нонна.бурова509@example.kz,True,True,2023-12-28 04:03:09
1795,509,address,"с. Томпа, ш. Космическое, д. 3, 648698",True,False,2023-12-28 04:03:09
1796,509,phone,83969874869,False,False,2023-12-28 04:03:09
1797,510,phone,+71559450119,True,True,2025-05-02 05:58:42
1798,510,email,нинель.петухова510@example.kz,True,True,2025-05-02 05:58:42
1799,510,address,"г. Сосногорск, алл. Революции, д. 251 к. 2/7, 398863",True,False,2025-05-02 05:58:42
1800,511,phone,8 536 218 94 55,True,True,2025-03-24 13:11:38
1801,511,email,феврония.котова511@example.kz,True,True,2025-03-24 13:11:38
1802,511,address,"с. Алагир, ул. Мичурина, д. 94, 204664",True,False,2025-03-24 13:11:38
1803,511,phone,8 (966) 760-5642,False,False,2025-03-24 13:11:38
1804,512,phone,+7 456 577 5809,True,True,2025-02-03 01:13:33
1805,512,email,лев.ермаков512@example.kz,True,True,2025-02-03 01:13:33
1806,512,address,"ст. Морозовск, алл. 1 Мая, д. 462, 466226",True,False,2025-02-03 01:13:33
1807,512,phone,8 401 659 9530,False,False,2025-02-03 01:13:33
1808,513,phone,+7 622 122 4276,True,True,2025-03-29 01:49:01
1809,513,email,юлия.семенова513@example.kz,True,True,2025-03-29 01:49:01
1810,513,address,"к. Петухово, ш. Куйбышева, д. 260, 241158",True,False,2025-03-29 01:49:01
1811,514,phone,+78860080179,True,True,2025-05-13 21:43:11
1812,514,email,эмилия.кондратьева514@example.kz,True,True,2025-05-13 21:43:11
1813,514,address,"клх Тавда, алл. Привольная, д. 629 стр. 1/5, 264261",True,False,2025-05-13 21:43:11
1814,515,phone,+7 (120) 384-37-53,True,True,2023-09-19 05:11:27
1815,515,email,валерьян.блохин515@example.kz,True,True,2023-09-19 05:11:27
1816,515,address,"клх Чехов, пр. Сосновый, д. 9/6 стр. 55, 421838",True,False,2023-09-19 05:11:27
1817,516,phone,8 454 006 4454,True,True,2025-07-15 02:40:05
1818,516,email,евфросиния.исаева516@example.kz,True,True,2025-07-15 02:40:05
1819,516,address,"клх Домбай, ш. Магистральное, д. 323, 489791",True,False,2025-07-15 02:40:05
1820,517,phone,8 (763) 342-72-03,True,True,2024-11-19 07:32:28
1821,517,email,еремей.белоусов517@example.kz,True,True,2024-11-19 07:32:28
1822,517,address,"ст. Брянск, наб. Первомайская, д. 719 к. 50, 306935",True,False,2024-11-19 07:32:28
1823,518,phone,8 (824) 935-3400,True,True,2025-09-04 22:02:58
1824,518,email,болеслав.яковлев518@example.kz,True,True,2025-09-04 22:02:58
1825,518,address,"клх Пенза, пр. З.Космодемьянской, д. 9 к. 365, 445446",True,False,2025-09-04 22:02:58
1826,519,phone,+7 838 517 9937,True,True,2023-12-10 23:53:49
1827,519,email,жанна.захарова519@example.kz,True,True,2023-12-10 23:53:49
1828,519,address,"клх Москва, бул. Волжский, д. 88, 869996",True,False,2023-12-10 23:53:49
1829,520,phone,88829045792,True,True,2023-07-12 21:49:17
1830,520,email,таисия.воробьева520@example.kz,True,True,2023-07-12 21:49:17
1831,520,address,"к. Североморск, алл. Прудная, д. 4/1 стр. 798, 242383",True,False,2023-07-12 21:49:17
1832,520,phone,87283391218,False,False,2023-07-12 21:49:17
1833,521,phone,8 (062) 932-88-09,True,True,2025-09-19 14:08:13
1834,521,email,глеб.смирнов521@example.kz,True,True,2025-09-19 14:08:13
1835,521,address,"п. Городовиковск, ш. Огородное, д. 323, 018676",True,False,2025-09-19 14:08:13
1836,522,phone,8 100 898 76 10,True,True,2025-08-01 10:05:46
1837,522,email,осип.савельев522@example.kz,True,True,2025-08-01 10:05:46
1838,522,address,"п. Объячево, ш. Студенческое, д. 1 к. 58, 319807",True,False,2025-08-01 10:05:46
1839,523,phone,+76823546951,True,True,2023-06-12 02:37:04
1840,523,email,фёкла.воронова523@example.kz,True,True,2023-06-12 02:37:04
1841,523,address,"п. Анадырь, ш. 50 лет ВЛКСМ, д. 60 к. 6, 715006",True,False,2023-06-12 02:37:04
1842,524,phone,8 664 110 65 41,True,True,2024-09-09 02:50:27
1843,524,email,кузьма.морозов524@example.kz,True,True,2024-09-09 02:50:27
1844,524,address,"к. Абинск, пер. Шевченко, д. 569 к. 1/9, 583668",True,False,2024-09-09 02:50:27
1845,525,phone,+7 (482) 689-9962,True,True,2025-08-11 12:03:42
1846,525,email,елизавета.дмитриева525@example.kz,True,True,2025-08-11 12:03:42
1847,525,address,"ст. Амдерма, алл. Седова, д. 878 стр. 650, 257197",True,False,2025-08-11 12:03:42
1848,526,phone,8 093 201 26 57,True,True,2024-10-24 11:02:54
1849,526,email,ия.филатова526@example.kz,True,True,2024-10-24 11:02:54
1850,526,address,"г. Махачкала, пер. Садовый, д. 3, 755851",True,False,2024-10-24 11:02:54
1851,527,phone,8 (774) 127-46-92,True,True,2024-06-20 18:35:10
1852,527,email,оксана.богданова527@example.kz,True,True,2024-06-20 18:35:10
1853,527,address,"д. Усть-Илимск, наб. Звездная, д. 3/7, 222975",True,False,2024-06-20 18:35:10
1854,528,phone,8 (917) 045-4218,True,True,2024-04-10 14:09:45
1855,528,email,игорь.стрелков528@example.kz,True,True,2024-04-10 14:09:45
1856,528,address,"к. Ступино, наб. Демьяна Бедного, д. 30, 570900",True,False,2024-04-10 14:09:45
1857,528,phone,+7 635 640 72 32,False,False,2024-04-10 14:09:45
1858,529,phone,+77282895400,True,True,2025-01-23 04:53:08
1859,529,email,капитон.устинов529@example.kz,True,True,2025-01-23 04:53:08
1860,529,address,"д. Томпа, алл. Васильковая, д. 4/2, 616850",True,False,2025-01-23 04:53:08
1861,530,phone,8 (105) 801-19-50,True,True,2023-09-28 08:20:16
1862,530,email,ярослав.сафонов530@example.kz,True,True,2023-09-28 08:20:16
1863,530,address,"ст. Вуктыл, ул. Островского, д. 26 стр. 853, 923007",True,False,2023-09-28 08:20:16
1864,530,phone,+7 695 007 41 89,False,False,2023-09-28 08:20:16
1865,531,phone,+78543298769,True,True,2023-09-11 04:16:32
1866,531,email,евпраксия.родионова531@example.kz,True,True,2023-09-11 04:16:32
1867,531,address,"к. Гусь-Хрустальный, наб. Медицинская, д. 2/7 стр. 398, 348131",True,False,2023-09-11 04:16:32
1868,532,phone,+7 450 258 9632,True,True,2024-11-25 11:15:09
1869,532,email,валерия.некрасова532@example.kz,True,True,2024-11-25 11:15:09
1870,532,address,"к. Катайск, наб. Бабушкина, д. 9 стр. 35, 806486",True,False,2024-11-25 11:15:09
1871,532,phone,+7 673 983 4488,False,False,2024-11-25 11:15:09
1872,533,phone,+7 (842) 536-4628,True,True,2025-12-21 18:37:28
1873,533,email,елена.юдина533@example.kz,True,True,2025-12-21 18:37:28
1874,533,address,"к. Белорецк, ш. Сурикова, д. 1 к. 6/8, 515623",True,False,2025-12-21 18:37:28
1875,534,phone,82090855107,True,True,2024-12-10 08:21:18
1876,534,email,виктория.бурова534@example.kz,True,True,2024-12-10 08:21:18
1877,534,address,"клх Шатура, алл. Сиреневая, д. 917, 190254",True,False,2024-12-10 08:21:18
1878,534,phone,8 (602) 206-95-35,False,False,2024-12-10 08:21:18
1879,535,phone,+71201227595,True,True,2023-05-19 02:29:40
1880,535,email,ираида.шарапова535@example.kz,True,True,2023-05-19 02:29:40
1881,535,address,"п. Пушкинские Горы, ул. Крестьянская, д. 2 стр. 4, 594795",True,False,2023-05-19 02:29:40
1882,536,phone,+7 740 717 3279,True,True,2023-11-10 12:21:20
1883,536,email,вероника.богданова536@example.kz,True,True,2023-11-10 12:21:20
1884,536,address,"клх Чита, наб. Береговая, д. 11 стр. 464, 039104",True,False,2023-11-10 12:21:20
1885,536,phone,8 203 608 9411,False,False,2023-11-10 12:21:20
1886,537,phone,8 (491) 359-9285,True,True,2024-05-13 23:19:18
1887,537,email,аристарх.сергеев537@example.kz,True,True,2024-05-13 23:19:18
1888,537,address,"к. Хасавюрт, алл. Трудовая, д. 7 к. 700, 990069",True,False,2024-05-13 23:19:18
1889,537,phone,8 801 867 74 03,False,False,2024-05-13 23:19:18
1890,538,phone,8 (842) 339-44-95,True,True,2024-12-30 04:02:25
1891,538,email,ксения.кириллова538@example.kz,True,True,2024-12-30 04:02:25
1892,538,address,"г. Палана, пр. Репина, д. 65 к. 632, 173654",True,False,2024-12-30 04:02:25
1893,538,phone,+7 (624) 178-42-90,False,False,2024-12-30 04:02:25
1894,539,phone,+7 (923) 345-11-00,True,True,2024-01-10 12:55:05
1895,539,email,татьяна.русакова539@example.kz,True,True,2024-01-10 12:55:05
1896,539,address,"ст. Баргузин, алл. Садовая, д. 9/5 к. 30, 166732",True,False,2024-01-10 12:55:05
1897,540,phone,80457598875,True,True,2025-06-08 13:03:12
1898,540,email,ия.быкова540@example.kz,True,True,2025-06-08 13:03:12
1899,540,address,"п. Чусовой, пер. Олега Кошевого, д. 3 стр. 1/4, 620275",True,False,2025-06-08 13:03:12
1900,540,phone,8 821 477 0920,False,False,2025-06-08 13:03:12
1901,541,phone,8 (115) 238-02-36,True,True,2023-07-06 06:29:52
1902,541,email,владилен.абрамов541@example.kz,True,True,2023-07-06 06:29:52
1903,541,address,"клх Шилка, бул. Ярославский, д. 258 стр. 1/6, 611863",True,False,2023-07-06 06:29:52
1904,542,phone,8 (558) 819-5977,True,True,2024-06-13 08:56:36
1905,542,email,лазарь.филатов542@example.kz,True,True,2024-06-13 08:56:36
1906,542,address,"с. Усть-Кулом, ул. Березовая, д. 4 стр. 9/4, 869289",True,False,2024-06-13 08:56:36
1907,543,phone,8 (284) 540-18-22,True,True,2023-11-26 06:23:58
1908,543,email,милица.фокина543@example.kz,True,True,2023-11-26 06:23:58
1909,543,address,"г. Белореченск, пер. Горняцкий, д. 9, 322041",True,False,2023-11-26 06:23:58
1910,543,phone,+74743281165,False,False,2023-11-26 06:23:58
1911,544,phone,89302020304,True,True,2025-10-13 15:25:47
1912,544,email,ким.овчинников544@example.kz,True,True,2025-10-13 15:25:47
1913,544,address,"ст. Гусь-Хрустальный, бул. Октября, д. 6/3, 353028",True,False,2025-10-13 15:25:47
1914,544,phone,+7 650 646 30 05,False,False,2025-10-13 15:25:47
1915,545,phone,83777569198,True,True,2024-01-08 04:28:43
1916,545,email,софия.горшкова545@example.kz,True,True,2024-01-08 04:28:43
1917,545,address,"ст. Бреды, ул. Алтайская, д. 861 стр. 7, 298310",True,False,2024-01-08 04:28:43
1918,545,phone,+73841966229,False,False,2024-01-08 04:28:43
1919,546,phone,+7 316 708 05 68,True,True,2025-03-21 05:35:41
1920,546,email,нинель.федорова546@example.kz,True,True,2025-03-21 05:35:41
1921,546,address,"ст. Палана, ш. Дорожное, д. 4/7 к. 91, 550494",True,False,2025-03-21 05:35:41
1922,547,phone,+74076634933,True,True,2023-06-13 04:11:03
1923,547,email,эммануил.волков547@example.kz,True,True,2023-06-13 04:11:03
1924,547,address,"г. Махачкала, пер. Достоевского, д. 47 стр. 72, 611424",True,False,2023-06-13 04:11:03
1925,547,phone,+7 (625) 854-2188,False,False,2023-06-13 04:11:03
1926,548,phone,+7 879 919 6234,True,True,2023-08-04 06:30:33
1927,548,email,нина.зиновьева548@example.kz,True,True,2023-08-04 06:30:33
1928,548,address,"к. Кетченеры, пер. Титова, д. 52, 250583",True,False,2023-08-04 06:30:33
1929,549,phone,+7 (343) 031-1587,True,True,2025-11-21 04:42:37
1930,549,email,лидия.елисеева549@example.kz,True,True,2025-11-21 04:42:37
1931,549,address,"к. Курганинск, ш. Павлика Морозова, д. 5/8 к. 8, 945353",True,False,2025-11-21 04:42:37
1932,550,phone,8 597 466 98 61,True,True,2024-11-07 22:22:55
1933,550,email,ипатий.козлов550@example.kz,True,True,2024-11-07 22:22:55
1934,550,address,"к. Грозный, алл. Кутузова, д. 6, 809594",True,False,2024-11-07 22:22:55
1935,550,phone,8 (152) 692-5596,False,False,2024-11-07 22:22:55
1936,551,phone,8 472 130 74 23,True,True,2024-01-30 07:04:32
1937,551,email,будимир.данилов551@example.kz,True,True,2024-01-30 07:04:32
1938,551,address,"к. Иркутск, ул. Февральская, д. 448 к. 72, 454307",True,False,2024-01-30 07:04:32
1939,552,phone,86373100817,True,True,2024-07-25 21:44:47
1940,552,email,фирс.сафонов552@example.kz,True,True,2024-07-25 21:44:47
1941,552,address,"п. Горно-Алтайск, наб. Волкова, д. 684, 354268",True,False,2024-07-25 21:44:47
1942,553,phone,8 (447) 017-32-08,True,True,2025-11-15 14:00:51
1943,553,email,акулина.фадеева553@example.kz,True,True,2025-11-15 14:00:51
1944,553,address,"клх Дубна, пр. Леонова, д. 3/7, 563370",True,False,2025-11-15 14:00:51
1945,554,phone,+7 400 527 81 05,True,True,2023-04-24 16:23:28
1946,554,email,карп.игнатьев554@example.kz,True,True,2023-04-24 16:23:28
1947,554,address,"г. Аргаяш, пр. Водопроводный, д. 51, 573160",True,False,2023-04-24 16:23:28
1948,555,phone,84391368172,True,True,2025-05-08 09:39:13
1949,555,email,алина.фадеева555@example.kz,True,True,2025-05-08 09:39:13
1950,555,address,"г. Камень-на-Оби, пер. Новоселов, д. 3 к. 3/1, 973525",True,False,2025-05-08 09:39:13
1951,556,phone,85332227393,True,True,2023-10-27 10:16:23
1952,556,email,демид.воронов556@example.kz,True,True,2023-10-27 10:16:23
1953,556,address,"к. Ногинск (Моск.), бул. Минский, д. 4 к. 73, 185076",True,False,2023-10-27 10:16:23
1954,556,phone,+7 087 082 69 71,False,False,2023-10-27 10:16:23
1955,557,phone,8 (236) 010-7126,True,True,2023-11-08 06:14:01
1956,557,email,регина.кулагина557@example.kz,True,True,2023-11-08 06:14:01
1957,557,address,"клх Усть-Калманка, пер. Казанский, д. 576, 673574",True,False,2023-11-08 06:14:01
1958,557,phone,+7 (233) 222-80-19,False,False,2023-11-08 06:14:01
1959,558,phone,+74258922256,True,True,2023-06-26 13:22:22
1960,558,email,нинель.фомичева558@example.kz,True,True,2023-06-26 13:22:22
1961,558,address,"п. Южно-Курильск, алл. Попова, д. 863 к. 21, 467413",True,False,2023-06-26 13:22:22
1962,559,phone,+7 753 841 8520,True,True,2023-06-27 23:22:23
1963,559,email,клавдий.королев559@example.kz,True,True,2023-06-27 23:22:23
1964,559,address,"ст. Орехово-Зуево, пр. Коммунальный, д. 7, 975615",True,False,2023-06-27 23:22:23
1965,559,phone,+77055491215,False,False,2023-06-27 23:22:23
1966,560,phone,+7 641 195 56 40,True,True,2024-12-02 13:11:49
1967,560,email,фаина.кудряшова560@example.kz,True,True,2024-12-02 13:11:49
1968,560,address,"д. Каспийск, наб. Курчатова, д. 6/3 стр. 370, 426201",True,False,2024-12-02 13:11:49
1969,561,phone,87121241393,True,True,2024-04-19 20:00:46
1970,561,email,пелагея.лыткина561@example.kz,True,True,2024-04-19 20:00:46
1971,561,address,"с. Тутончаны, бул. Просвещения, д. 1/9 стр. 4/2, 677319",True,False,2024-04-19 20:00:46
1972,562,phone,+7 (276) 075-98-89,True,True,2023-12-12 09:26:52
1973,562,email,анна.воронова562@example.kz,True,True,2023-12-12 09:26:52
1974,562,address,"к. Ковров, алл. Некрасова, д. 21 стр. 6/5, 089523",True,False,2023-12-12 09:26:52
1975,562,phone,+7 202 191 50 57,False,False,2023-12-12 09:26:52
1976,563,phone,8 449 747 00 02,True,True,2025-01-30 18:27:39
1977,563,email,милен.исаков563@example.kz,True,True,2025-01-30 18:27:39
1978,563,address,"с. Мелеуз, пер. Демьяна Бедного, д. 7/5 к. 8/5, 636560",True,False,2025-01-30 18:27:39
1979,563,phone,+75006355373,False,False,2025-01-30 18:27:39
1980,564,phone,+7 964 969 2771,True,True,2025-08-12 05:35:05
1981,564,email,мариан.марков564@example.kz,True,True,2025-08-12 05:35:05
1982,564,address,"п. Хатанга, пр. Главный, д. 4 стр. 859, 255128",True,False,2025-08-12 05:35:05
1983,564,phone,+7 (763) 643-15-94,False,False,2025-08-12 05:35:05
1984,565,phone,8 (989) 596-5466,True,True,2024-01-03 18:57:34
1985,565,email,василий.гордеев565@example.kz,True,True,2024-01-03 18:57:34
1986,565,address,"к. Кузнецк, бул. Черноморский, д. 5 к. 249, 999393",True,False,2024-01-03 18:57:34
1987,565,phone,+74974394640,False,False,2024-01-03 18:57:34
1988,566,phone,8 (822) 309-5862,True,True,2025-03-03 20:45:53
1989,566,email,галина.суханова566@example.kz,True,True,2025-03-03 20:45:53
1990,566,address,"д. Тымовское, ш. Просторное, д. 232 стр. 397, 217075",True,False,2025-03-03 20:45:53
1991,566,phone,+78534655792,False,False,2025-03-03 20:45:53
1992,567,phone,+7 (030) 044-96-46,True,True,2024-01-27 16:58:42
1993,567,email,надежда.шубина567@example.kz,True,True,2024-01-27 16:58:42
1994,567,address,"клх Щелково, пер. Трактовый, д. 225, 137565",True,False,2024-01-27 16:58:42
1995,567,phone,8 (963) 595-7086,False,False,2024-01-27 16:58:42
1996,568,phone,+7 993 145 84 34,True,True,2024-09-28 10:45:24
1997,568,email,полина.дмитриева568@example.kz,True,True,2024-09-28 10:45:24
1998,568,address,"с. Кижи, ул. Главная, д. 1, 423622",True,False,2024-09-28 10:45:24
1999,568,phone,+7 334 742 4631,False,False,2024-09-28 10:45:24
2000,569,phone,+7 437 968 6800,True,True,2024-02-29 22:26:47
2001,569,email,олег.авдеев569@example.kz,True,True,2024-02-29 22:26:47
2002,569,address,"д. Лазаревское, ш. Березовое, д. 81 к. 5/2, 430435",True,False,2024-02-29 22:26:47
2003,569,phone,+7 238 502 2894,False,False,2024-02-29 22:26:47
2004,570,phone,8 652 752 33 28,True,True,2023-10-12 08:57:50
2005,570,email,таисия.петрова570@example.kz,True,True,2023-10-12 08:57:50
2006,570,address,"г. Дербент, алл. Тургенева, д. 2/4, 030334",True,False,2023-10-12 08:57:50
2007,571,phone,8 771 167 50 76,True,True,2025-12-10 23:12:07
2008,571,email,оксана.беляева571@example.kz,True,True,2025-12-10 23:12:07
2009,571,address,"д. Шуя, ш. Островского, д. 30 к. 6, 012398",True,False,2025-12-10 23:12:07
2010,572,phone,+77230342028,True,True,2025-03-07 10:54:46
2011,572,email,лариса.максимова572@example.kz,True,True,2025-03-07 10:54:46
2012,572,address,"г. Черемхово, ш. Юбилейное, д. 372 стр. 14, 076487",True,False,2025-03-07 10:54:46
2013,572,phone,+7 775 461 99 24,False,False,2025-03-07 10:54:46
2014,573,phone,+7 658 387 2725,True,True,2024-09-29 12:29:24
2015,573,email,любомир.андреев573@example.kz,True,True,2024-09-29 12:29:24
2016,573,address,"п. Мокшан, ул. Кутузова, д. 7/9 стр. 5, 373379",True,False,2024-09-29 12:29:24
2017,574,phone,+7 212 110 18 78,True,True,2025-04-16 10:40:13
2018,574,email,милица.князева574@example.kz,True,True,2025-04-16 10:40:13
2019,574,address,"клх Нефтекамск, пер. Карбышева, д. 117 стр. 5/1, 925199",True,False,2025-04-16 10:40:13
2020,575,phone,84529517122,True,True,2023-06-01 20:32:16
2021,575,email,софон.шарапов575@example.kz,True,True,2023-06-01 20:32:16
2022,575,address,"с. Красноселькуп, алл. Смирнова, д. 12, 422162",True,False,2023-06-01 20:32:16
2023,575,phone,8 549 633 08 33,False,False,2023-06-01 20:32:16
2024,576,phone,+74470488789,True,True,2025-09-01 10:41:14
2025,576,email,агата.прохорова576@example.kz,True,True,2025-09-01 10:41:14
2026,576,address,"к. Слюдянка, ш. Ольховое, д. 759, 195377",True,False,2025-09-01 10:41:14
2027,576,phone,+79266329563,False,False,2025-09-01 10:41:14
2028,577,phone,+72777522592,True,True,2025-07-15 07:14:07
2029,577,email,тит.суворов577@example.kz,True,True,2025-07-15 07:14:07
2030,577,address,"г. Петрозаводск, пер. Народный, д. 39 к. 359, 941156",True,False,2025-07-15 07:14:07
2031,578,phone,+7 (029) 559-6363,True,True,2025-01-11 03:59:01
2032,578,email,остромир.зайцев578@example.kz,True,True,2025-01-11 03:59:01
2033,578,address,"клх Поронайск, ш. Чапаева, д. 70, 154980",True,False,2025-01-11 03:59:01
2034,578,phone,8 (513) 313-8004,False,False,2025-01-11 03:59:01
2035,579,phone,88321122121,True,True,2025-08-23 07:22:19
2036,579,email,евгений.михеев579@example.kz,True,True,2025-08-23 07:22:19
2037,579,address,"д. Гаврилов-Ям, наб. Сенная, д. 9/7 стр. 7/5, 191854",True,False,2025-08-23 07:22:19
2038,579,phone,8 (806) 442-0062,False,False,2025-08-23 07:22:19
2039,580,phone,88778735856,True,True,2023-07-19 23:39:56
2040,580,email,майя.ефремова580@example.kz,True,True,2023-07-19 23:39:56
2041,580,address,"ст. Петрозаводск, наб. Стадионная, д. 3/4 стр. 3, 926221",True,False,2023-07-19 23:39:56
2042,581,phone,+7 (204) 104-2948,True,True,2023-04-27 18:19:07
2043,581,email,сигизмунд.исаев581@example.kz,True,True,2023-04-27 18:19:07
2044,581,address,"к. Ступино, пер. Боровой, д. 879 стр. 56, 283180",True,False,2023-04-27 18:19:07
2045,582,phone,+7 366 602 0005,True,True,2024-12-04 12:48:01
2046,582,email,пров.мишин582@example.kz,True,True,2024-12-04 12:48:01
2047,582,address,"д. Нарым, пер. Димитрова, д. 11, 052438",True,False,2024-12-04 12:48:01
2048,583,phone,+7 (805) 826-9299,True,True,2025-03-25 03:56:24
2049,583,email,алла.ершова583@example.kz,True,True,2025-03-25 03:56:24
2050,583,address,"с. Пермь, бул. Космодемьянской, д. 77 стр. 33, 896337",True,False,2025-03-25 03:56:24
2051,583,phone,8 185 186 26 71,False,False,2025-03-25 03:56:24
2052,584,phone,+7 (684) 101-3282,True,True,2023-08-29 20:56:32
2053,584,email,ираида.хохлова584@example.kz,True,True,2023-08-29 20:56:32
2054,584,address,"клх Шумиха, ул. Тукая, д. 35, 918750",True,False,2023-08-29 20:56:32
2055,585,phone,8 776 106 59 20,True,True,2024-10-30 02:17:57
2056,585,email,василиса.гущина585@example.kz,True,True,2024-10-30 02:17:57
2057,585,address,"п. Бугуруслан, алл. Павлика Морозова, д. 7/2 стр. 9/2, 969838",True,False,2024-10-30 02:17:57
2058,586,phone,+75720266568,True,True,2025-01-15 09:23:07
2059,586,email,константин.быков586@example.kz,True,True,2025-01-15 09:23:07
2060,586,address,"д. Новгород Великий, ш. Мирное, д. 85 стр. 94, 553946",True,False,2025-01-15 09:23:07
2061,586,phone,+7 742 990 7472,False,False,2025-01-15 09:23:07
2062,587,phone,86694179967,True,True,2023-08-26 02:18:03
2063,587,email,пелагея.ильина587@example.kz,True,True,2023-08-26 02:18:03
2064,587,address,"д. Шали, наб. Машиностроителей, д. 9 к. 5, 418398",True,False,2023-08-26 02:18:03
2065,587,phone,+71673478536,False,False,2023-08-26 02:18:03
2066,588,phone,88816498044,True,True,2024-08-16 12:22:37
2067,588,email,алексей.туров588@example.kz,True,True,2024-08-16 12:22:37
2068,588,address,"ст. Шенкурск, бул. Льва Толстого, д. 252, 262706",True,False,2024-08-16 12:22:37
2069,588,phone,8 489 008 24 84,False,False,2024-08-16 12:22:37
2070,589,phone,8 813 088 9830,True,True,2025-09-29 07:10:47
2071,589,email,элеонора.лаврентьева589@example.kz,True,True,2025-09-29 07:10:47
2072,589,address,"к. Ульяновск, алл. Монтажников, д. 2 стр. 7, 027500",True,False,2025-09-29 07:10:47
2073,590,phone,+7 305 661 9953,True,True,2024-08-31 13:38:19
2074,590,email,жанна.рогова590@example.kz,True,True,2024-08-31 13:38:19
2075,590,address,"с. Лянтор, пер. Лесхозный, д. 97, 679087",True,False,2024-08-31 13:38:19
2076,590,phone,+7 187 260 0136,False,False,2024-08-31 13:38:19
2077,591,phone,8 103 444 4299,True,True,2024-08-23 02:34:41
2078,591,email,галина.никифорова591@example.kz,True,True,2024-08-23 02:34:41
2079,591,address,"с. Кызыл, наб. Челюскинцев, д. 6/3 стр. 1, 221559",True,False,2024-08-23 02:34:41
2080,591,phone,86725622219,False,False,2024-08-23 02:34:41
2081,592,phone,+7 533 470 4747,True,True,2025-08-19 02:38:10
2082,592,email,устин.попов592@example.kz,True,True,2025-08-19 02:38:10
2083,592,address,"д. Лысьва, ш. 40 лет Победы, д. 4 стр. 6/3, 383507",True,False,2025-08-19 02:38:10
2084,592,phone,+7 245 531 29 00,False,False,2025-08-19 02:38:10
2085,593,phone,+7 (622) 117-3277,True,True,2025-07-26 02:24:06
2086,593,email,устин.исаков593@example.kz,True,True,2025-07-26 02:24:06
2087,593,address,"ст. Курумкан, бул. Лазурный, д. 9 стр. 6, 229425",True,False,2025-07-26 02:24:06
2088,593,phone,+7 (516) 185-75-91,False,False,2025-07-26 02:24:06
2089,594,phone,8 (105) 080-54-91,True,True,2023-10-31 13:02:42
2090,594,email,анна.цветкова594@example.kz,True,True,2023-10-31 13:02:42
2091,594,address,"с. Меренга, пр. Угловой, д. 4 к. 3, 784171",True,False,2023-10-31 13:02:42
2092,594,phone,8 949 734 4930,False,False,2023-10-31 13:02:42
2093,595,phone,8 378 803 3183,True,True,2023-06-08 21:18:46
2094,595,email,валерия.суворова595@example.kz,True,True,2023-06-08 21:18:46
2095,595,address,"ст. Боровск, алл. Ставропольская, д. 16 стр. 9/9, 815278",True,False,2023-06-08 21:18:46
2096,596,phone,8 (304) 862-51-52,True,True,2024-09-10 21:37:17
2097,596,email,викторин.юдин596@example.kz,True,True,2024-09-10 21:37:17
2098,596,address,"клх Мелеуз, наб. Сахалинская, д. 4 к. 9/1, 891567",True,False,2024-09-10 21:37:17
2099,596,phone,+7 (446) 717-7629,False,False,2024-09-10 21:37:17
2100,597,phone,8 914 336 29 99,True,True,2024-04-21 09:27:37
2101,597,email,герасим.чернов597@example.kz,True,True,2024-04-21 09:27:37
2102,597,address,"клх Руза, наб. Интернациональная, д. 101 к. 8, 908352",True,False,2024-04-21 09:27:37
2103,598,phone,+7 189 684 42 46,True,True,2024-10-11 22:30:42
2104,598,email,кира.панфилова598@example.kz,True,True,2024-10-11 22:30:42
2105,598,address,"д. Эльтон, пр. Степана Разина, д. 3/9 стр. 8, 958281",True,False,2024-10-11 22:30:42
2106,599,phone,80221797891,True,True,2024-04-29 20:37:14
2107,599,email,ким.аксенов599@example.kz,True,True,2024-04-29 20:37:14
2108,599,address,"д. Ульяновск, бул. Микрорайон, д. 670, 451436",True,False,2024-04-29 20:37:14
2109,599,phone,8 (286) 811-23-03,False,False,2024-04-29 20:37:14
2110,600,phone,8 (856) 811-9397,True,True,2024-12-14 22:50:22
2111,600,email,ольга.воронова600@example.kz,True,True,2024-12-14 22:50:22
2112,600,address,"к. Чебаркуль, ш. Солнечное, д. 81, 905528",True,False,2024-12-14 22:50:22
2113,600,phone,8 693 351 58 80,False,False,2024-12-14 22:50:22
2114,601,phone,8 (053) 260-11-93,True,True,2024-05-25 15:40:21
2115,601,email,илья.панов601@example.kz,True,True,2024-05-25 15:40:21
2116,601,address,"п. Тымовское, ш. Монтажников, д. 3, 513609",True,False,2024-05-25 15:40:21
2117,601,phone,+7 858 181 0450,False,False,2024-05-25 15:40:21
2118,602,phone,+7 (437) 361-58-73,True,True,2025-12-25 10:46:59
2119,602,email,таисия.куликова602@example.kz,True,True,2025-12-25 10:46:59
2120,602,address,"п. Саранск, алл. Тимирязева, д. 4/4, 390058",True,False,2025-12-25 10:46:59
2121,603,phone,8 615 473 1566,True,True,2024-06-24 11:29:01
2122,603,email,мария.пономарева603@example.kz,True,True,2024-06-24 11:29:01
2123,603,address,"д. Кажим, наб. Пограничная, д. 464 к. 1/3, 772702",True,False,2024-06-24 11:29:01
2124,603,phone,8 (966) 605-3428,False,False,2024-06-24 11:29:01
2125,604,phone,+7 644 161 01 97,True,True,2025-10-06 17:12:27
2126,604,email,фёкла.панфилова604@example.kz,True,True,2025-10-06 17:12:27
2127,604,address,"к. Тюмень, наб. Специалистов, д. 1 стр. 2, 388027",True,False,2025-10-06 17:12:27
2128,605,phone,+7 (042) 763-6281,True,True,2024-12-08 04:05:53
2129,605,email,всемил.князев605@example.kz,True,True,2024-12-08 04:05:53
2130,605,address,"клх Курумкан, ул. Угловая, д. 4 к. 196, 764909",True,False,2024-12-08 04:05:53
2131,605,phone,+7 (288) 498-74-55,False,False,2024-12-08 04:05:53
2132,606,phone,+7 358 727 17 43,True,True,2024-02-19 02:19:12
2133,606,email,архип.егоров606@example.kz,True,True,2024-02-19 02:19:12
2134,606,address,"ст. Усть-Калманка, ул. Веселая, д. 5/1 стр. 44, 873877",True,False,2024-02-19 02:19:12
2135,607,phone,8 833 364 7704,True,True,2024-12-03 05:18:34
2136,607,email,павел.александров607@example.kz,True,True,2024-12-03 05:18:34
2137,607,address,"клх Алапаевск, ул. Урожайная, д. 4 стр. 1/3, 625420",True,False,2024-12-03 05:18:34
2138,608,phone,+71231905772,True,True,2023-12-01 04:03:10
2139,608,email,сильвестр.федотов608@example.kz,True,True,2023-12-01 04:03:10
2140,608,address,"ст. Лагань, ул. Весенняя, д. 5/2, 245381",True,False,2023-12-01 04:03:10
2141,608,phone,+7 979 412 2487,False,False,2023-12-01 04:03:10
2142,609,phone,+7 987 264 9632,True,True,2024-01-30 04:31:45
2143,609,email,авдей.бобров609@example.kz,True,True,2024-01-30 04:31:45
2144,609,address,"г. Таганрог, ш. Среднее, д. 14 к. 4, 611890",True,False,2024-01-30 04:31:45
2145,610,phone,+7 346 861 6307,True,True,2023-04-25 15:03:15
2146,610,email,клавдия.дьячкова610@example.kz,True,True,2023-04-25 15:03:15
2147,610,address,"д. Петрозаводск, бул. Краснодарский, д. 120 к. 4, 621953",True,False,2023-04-25 15:03:15
2148,611,phone,8 890 057 79 50,True,True,2023-10-16 20:53:51
2149,611,email,феврония.савина611@example.kz,True,True,2023-10-16 20:53:51
2150,611,address,"с. Корсаков, наб. Первомайская, д. 873, 307221",True,False,2023-10-16 20:53:51
2151,611,phone,+7 386 908 71 67,False,False,2023-10-16 20:53:51
2152,612,phone,+7 (210) 454-61-71,True,True,2023-11-16 15:38:42
2153,612,email,селиван.князев612@example.kz,True,True,2023-11-16 15:38:42
2154,612,address,"с. Азов (Рост.), наб. Фрунзе, д. 16 к. 53, 225216",True,False,2023-11-16 15:38:42
2155,612,phone,+7 252 394 1209,False,False,2023-11-16 15:38:42
2156,613,phone,+74772690326,True,True,2023-12-31 09:16:42
2157,613,email,виктория.третьякова613@example.kz,True,True,2023-12-31 09:16:42
2158,613,address,"г. Кимры, пр. Глинки, д. 579, 245598",True,False,2023-12-31 09:16:42
2159,614,phone,8 160 211 9158,True,True,2023-04-10 12:18:51
2160,614,email,тимофей.трофимов614@example.kz,True,True,2023-04-10 12:18:51
2161,614,address,"ст. Руза, пр. Февральский, д. 5/8 стр. 9/7, 376008",True,False,2023-04-10 12:18:51
2162,614,phone,8 (447) 408-3781,False,False,2023-04-10 12:18:51
2163,615,phone,81907499216,True,True,2024-04-16 00:09:53
2164,615,email,любовь.миронова615@example.kz,True,True,2024-04-16 00:09:53
2165,615,address,"г. Печора, бул. Проезжий, д. 3/4 стр. 4, 848647",True,False,2024-04-16 00:09:53
2166,616,phone,+7 821 398 6546,True,True,2024-06-12 06:05:13
2167,616,email,таисия.фадеева616@example.kz,True,True,2024-06-12 06:05:13
2168,616,address,"клх Алдан, ул. Ольховая, д. 37, 550330",True,False,2024-06-12 06:05:13
2169,617,phone,+7 008 863 4673,True,True,2025-09-28 00:47:14
2170,617,email,софия.мельникова617@example.kz,True,True,2025-09-28 00:47:14
2171,617,address,"г. Томари, пер. Революционный, д. 741 стр. 209, 923273",True,False,2025-09-28 00:47:14
2172,617,phone,8 (989) 790-60-85,False,False,2025-09-28 00:47:14
2173,618,phone,+78186746300,True,True,2025-10-06 08:47:54
2174,618,email,оксана.тетерина618@example.kz,True,True,2025-10-06 08:47:54
2175,618,address,"клх Кемерово, пр. Стадионный, д. 237, 815198",True,False,2025-10-06 08:47:54
2176,618,phone,8 458 294 2034,False,False,2025-10-06 08:47:54
2177,619,phone,+7 153 534 6607,True,True,2024-08-13 03:48:39
2178,619,email,лидия.беспалова619@example.kz,True,True,2024-08-13 03:48:39
2179,619,address,"д. Шереметьево, наб. Дальневосточная, д. 7 стр. 8/3, 108240",True,False,2024-08-13 03:48:39
2180,619,phone,+7 (818) 223-87-94,False,False,2024-08-13 03:48:39
2181,620,phone,+7 262 085 8174,True,True,2025-07-16 18:55:12
2182,620,email,евдокия.игнатова620@example.kz,True,True,2025-07-16 18:55:12
2183,620,address,"с. Кинешма, бул. Тупиковый, д. 5/3 к. 85, 041291",True,False,2025-07-16 18:55:12
2184,621,phone,8 (285) 181-6125,True,True,2024-05-25 02:50:40
2185,621,email,изяслав.дроздов621@example.kz,True,True,2024-05-25 02:50:40
2186,621,address,"к. Пермь, ул. Транспортная, д. 3/4, 466001",True,False,2024-05-25 02:50:40
2187,621,phone,+7 (838) 271-01-23,False,False,2024-05-25 02:50:40
2188,622,phone,+7 (961) 512-04-85,True,True,2025-02-20 13:13:38
2189,622,email,нестор.жуков622@example.kz,True,True,2025-02-20 13:13:38
2190,622,address,"клх Рубцовск, ш. Механизаторов, д. 54 к. 1/5, 276346",True,False,2025-02-20 13:13:38
2191,622,phone,+7 191 530 5734,False,False,2025-02-20 13:13:38
2192,623,phone,8 (243) 586-17-68,True,True,2024-02-22 01:43:42
2193,623,email,остап.соловьев623@example.kz,True,True,2024-02-22 01:43:42
2194,623,address,"к. Вологда, бул. Подлесный, д. 3/7 стр. 1/9, 665622",True,False,2024-02-22 01:43:42
2195,623,phone,+71976878494,False,False,2024-02-22 01:43:42
2196,624,phone,8 (712) 903-50-06,True,True,2024-01-26 01:28:45
2197,624,email,лариса.кононова624@example.kz,True,True,2024-01-26 01:28:45
2198,624,address,"д. Ханты-Мансийск, наб. Краснофлотская, д. 63 к. 4, 046682",True,False,2024-01-26 01:28:45
2199,625,phone,+7 215 649 52 54,True,True,2024-05-22 17:24:55
2200,625,email,олимпиада.крюкова625@example.kz,True,True,2024-05-22 17:24:55
2201,625,address,"с. Кяхта, бул. Целинный, д. 819 к. 98, 827306",True,False,2024-05-22 17:24:55
2202,626,phone,+7 (435) 948-8218,True,True,2024-09-07 16:30:37
2203,626,email,марина.блинова626@example.kz,True,True,2024-09-07 16:30:37
2204,626,address,"д. Апрелевка, пр. Большевистский, д. 251 к. 321, 434123",True,False,2024-09-07 16:30:37
2205,627,phone,+7 160 498 6037,True,True,2023-04-23 07:04:09
2206,627,email,георгий.горшков627@example.kz,True,True,2023-04-23 07:04:09
2207,627,address,"клх Териберка, ул. Майская, д. 12 к. 81, 114003",True,False,2023-04-23 07:04:09
2208,627,phone,+77131719786,False,False,2023-04-23 07:04:09
2209,628,phone,+7 162 590 8419,True,True,2023-11-06 02:32:08
2210,628,email,анатолий.гусев628@example.kz,True,True,2023-11-06 02:32:08
2211,628,address,"ст. Троицко-Печорск, ш. Радищева, д. 411 к. 6/4, 821072",True,False,2023-11-06 02:32:08
2212,628,phone,8 (878) 072-7903,False,False,2023-11-06 02:32:08
2213,629,phone,8 (161) 608-81-97,True,True,2025-12-11 23:45:40
2214,629,email,прасковья.меркушева629@example.kz,True,True,2025-12-11 23:45:40
2215,629,address,"п. Шамары, бул. Серова, д. 8 стр. 2/9, 753076",True,False,2025-12-11 23:45:40
2216,630,phone,8 (102) 480-8557,True,True,2025-06-28 20:58:26
2217,630,email,феврония.суханова630@example.kz,True,True,2025-06-28 20:58:26
2218,630,address,"п. Красноуфимск, ш. Кирова, д. 42 стр. 3/3, 690696",True,False,2025-06-28 20:58:26
2219,631,phone,8 (574) 670-6751,True,True,2023-08-29 11:58:32
2220,631,email,варлаам.уваров631@example.kz,True,True,2023-08-29 11:58:32
2221,631,address,"п. Чебоксары, бул. Морской, д. 250 к. 5/3, 107033",True,False,2023-08-29 11:58:32
2222,632,phone,8 084 243 1983,True,True,2023-05-12 08:12:22
2223,632,email,потап.комаров632@example.kz,True,True,2023-05-12 08:12:22
2224,632,address,"д. Лянтор, ул. Проточная, д. 204 стр. 2/1, 302151",True,False,2023-05-12 08:12:22
2225,632,phone,8 758 646 33 95,False,False,2023-05-12 08:12:22
2226,633,phone,+7 (481) 105-0147,True,True,2023-05-07 03:40:46
2227,633,email,светлана.сысоева633@example.kz,True,True,2023-05-07 03:40:46
2228,633,address,"ст. Ельня, пер. Новостройка, д. 457 к. 6, 281775",True,False,2023-05-07 03:40:46
2229,633,phone,+7 239 597 81 55,False,False,2023-05-07 03:40:46
2230,634,phone,+72609723602,True,True,2023-11-11 22:56:22
2231,634,email,оксана.попова634@example.kz,True,True,2023-11-11 22:56:22
2232,634,address,"с. Нязепетровск, пр. Леонова, д. 3/1 к. 2, 107308",True,False,2023-11-11 22:56:22
2233,635,phone,8 (156) 478-37-03,True,True,2024-11-12 03:36:02
2234,635,email,вероника.исакова635@example.kz,True,True,2024-11-12 03:36:02
2235,635,address,"к. Меренга, пер. Юбилейный, д. 57, 485726",True,False,2024-11-12 03:36:02
2236,636,phone,+7 292 546 8627,True,True,2025-09-27 10:55:53
2237,636,email,герман.воробьев636@example.kz,True,True,2025-09-27 10:55:53
2238,636,address,"г. Северодвинск, пр. Сплавный, д. 80 к. 4/3, 135386",True,False,2025-09-27 10:55:53
2239,636,phone,8 (625) 923-86-87,False,False,2025-09-27 10:55:53
2240,637,phone,80604886932,True,True,2024-08-28 08:12:07
2241,637,email,рюрик.шаров637@example.kz,True,True,2024-08-28 08:12:07
2242,637,address,"ст. Обнинск, наб. Лесная, д. 1, 739615",True,False,2024-08-28 08:12:07
2243,637,phone,87640535670,False,False,2024-08-28 08:12:07
2244,638,phone,8 (897) 755-42-61,True,True,2023-11-13 19:39:33
2245,638,email,иванна.ширяева638@example.kz,True,True,2023-11-13 19:39:33
2246,638,address,"ст. Тулпан, алл. Байкальская, д. 4/7 к. 47, 022271",True,False,2023-11-13 19:39:33
2247,639,phone,+7 175 769 17 16,True,True,2024-08-22 12:47:20
2248,639,email,юлия.шубина639@example.kz,True,True,2024-08-22 12:47:20
2249,639,address,"ст. Магас, пер. Попова, д. 944, 983052",True,False,2024-08-22 12:47:20
2250,639,phone,+7 690 392 20 26,False,False,2024-08-22 12:47:20
2251,640,phone,88014264710,True,True,2024-02-20 20:17:06
2252,640,email,марфа.кулагина640@example.kz,True,True,2024-02-20 20:17:06
2253,640,address,"ст. Бронницы, пр. Степной, д. 71 к. 17, 004933",True,False,2024-02-20 20:17:06
2254,640,phone,+7 (672) 446-93-17,False,False,2024-02-20 20:17:06
2255,641,phone,+7 (947) 638-08-39,True,True,2023-04-16 07:48:35
2256,641,email,болеслав.красильников641@example.kz,True,True,2023-04-16 07:48:35
2257,641,address,"ст. Мураши, ул. Депутатская, д. 9 к. 2, 932727",True,False,2023-04-16 07:48:35
2258,641,phone,+7 (812) 916-35-04,False,False,2023-04-16 07:48:35
2259,642,phone,86026676527,True,True,2024-12-12 18:53:17
2260,642,email,максим.красильников642@example.kz,True,True,2024-12-12 18:53:17
2261,642,address,"к. Карачаевск, пр. Кузнецкий, д. 1 стр. 1/9, 406756",True,False,2024-12-12 18:53:17
2262,642,phone,+7 208 019 2902,False,False,2024-12-12 18:53:17
2263,643,phone,+7 (154) 390-44-89,True,True,2025-02-04 19:13:41
2264,643,email,синклитикия.щербакова643@example.kz,True,True,2025-02-04 19:13:41
2265,643,address,"п. Енисейск, алл. Покровская, д. 12 к. 63, 025550",True,False,2025-02-04 19:13:41
2266,644,phone,+7 935 450 36 98,True,True,2024-11-25 05:47:45
2267,644,email,лариса.исаева644@example.kz,True,True,2024-11-25 05:47:45
2268,644,address,"д. Калязин, алл. Тополиная, д. 4, 296208",True,False,2024-11-25 05:47:45
2269,644,phone,+7 598 312 4412,False,False,2024-11-25 05:47:45
2270,645,phone,80759659992,True,True,2023-11-01 03:21:30
2271,645,email,севастьян.уваров645@example.kz,True,True,2023-11-01 03:21:30
2272,645,address,"п. Королев, пр. Ивановский, д. 577 к. 5, 106294",True,False,2023-11-01 03:21:30
2273,646,phone,+7 937 591 92 26,True,True,2023-07-17 01:15:05
2274,646,email,тит.петров646@example.kz,True,True,2023-07-17 01:15:05
2275,646,address,"клх Киржач, пр. Жуковского, д. 36, 475286",True,False,2023-07-17 01:15:05
2276,646,phone,+76120961730,False,False,2023-07-17 01:15:05
2277,647,phone,+7 992 845 2403,True,True,2023-08-21 00:13:43
2278,647,email,юлия.виноградова647@example.kz,True,True,2023-08-21 00:13:43
2279,647,address,"г. Новгород Великий, алл. Толстого, д. 1 стр. 2, 321914",True,False,2023-08-21 00:13:43
2280,648,phone,+7 (087) 797-2479,True,True,2024-04-18 07:04:01
2281,648,email,жанна.евдокимова648@example.kz,True,True,2024-04-18 07:04:01
2282,648,address,"клх Красногорск (Моск.), алл. Студенческая, д. 64, 920487",True,False,2024-04-18 07:04:01
2283,649,phone,8 (067) 693-33-29,True,True,2024-05-22 07:57:35
2284,649,email,ия.данилова649@example.kz,True,True,2024-05-22 07:57:35
2285,649,address,"г. Новороссийка, ул. Мелиоративная, д. 8 стр. 7, 085858",True,False,2024-05-22 07:57:35
2286,649,phone,8 (382) 567-2620,False,False,2024-05-22 07:57:35
2287,650,phone,8 (467) 292-5435,True,True,2023-04-09 16:42:32
2288,650,email,анна.кудряшова650@example.kz,True,True,2023-04-09 16:42:32
2289,650,address,"ст. Черняховск, алл. Аэродромная, д. 62 к. 318, 624728",True,False,2023-04-09 16:42:32
2290,650,phone,8 394 201 22 34,False,False,2023-04-09 16:42:32
2291,651,phone,+7 499 290 09 66,True,True,2024-04-08 06:12:09
2292,651,email,антонина.мишина651@example.kz,True,True,2024-04-08 06:12:09
2293,651,address,"г. Данков, пр. Советский, д. 6 к. 795, 217400",True,False,2024-04-08 06:12:09
2294,652,phone,+7 (910) 193-3538,True,True,2023-04-23 18:39:59
2295,652,email,варлаам.зуев652@example.kz,True,True,2023-04-23 18:39:59
2296,652,address,"п. Макушино, ул. Дальняя, д. 16 к. 960, 770564",True,False,2023-04-23 18:39:59
2297,652,phone,8 160 762 64 38,False,False,2023-04-23 18:39:59
2298,653,phone,8 009 537 2346,True,True,2024-07-03 12:34:52
2299,653,email,глафира.шубина653@example.kz,True,True,2024-07-03 12:34:52
2300,653,address,"ст. Рославль, алл. Главная, д. 733 стр. 509, 164231",True,False,2024-07-03 12:34:52
2301,654,phone,8 544 137 27 76,True,True,2025-04-23 16:31:19
2302,654,email,ладимир.лихачев654@example.kz,True,True,2025-04-23 16:31:19
2303,654,address,"с. Архыз, ш. Снежное, д. 5 к. 19, 617551",True,False,2025-04-23 16:31:19
2304,655,phone,8 (870) 179-9932,True,True,2023-09-30 15:32:37
2305,655,email,алевтина.соловьева655@example.kz,True,True,2023-09-30 15:32:37
2306,655,address,"г. Звенигород, пер. Новосельский, д. 5/5 к. 2, 234565",True,False,2023-09-30 15:32:37
2307,655,phone,+7 (869) 479-0254,False,False,2023-09-30 15:32:37
2308,656,phone,8 (536) 268-9047,True,True,2023-12-24 12:14:16
2309,656,email,любосмысл.евсеев656@example.kz,True,True,2023-12-24 12:14:16
2310,656,address,"д. Рязань, бул. Физкультурный, д. 600 стр. 68, 742164",True,False,2023-12-24 12:14:16
2311,656,phone,+7 (599) 009-3781,False,False,2023-12-24 12:14:16
2312,657,phone,+76047614378,True,True,2025-10-26 02:37:56
2313,657,email,аполлон.анисимов657@example.kz,True,True,2025-10-26 02:37:56
2314,657,address,"п. Серов, пр. Менделеева, д. 687, 467263",True,False,2025-10-26 02:37:56
2315,657,phone,8 815 418 58 99,False,False,2025-10-26 02:37:56
2316,658,phone,+7 027 729 1084,True,True,2025-08-05 06:16:23
2317,658,email,людмила.давыдова658@example.kz,True,True,2025-08-05 06:16:23
2318,658,address,"клх Сергиев Посад, ш. Добролюбова, д. 643 стр. 7/1, 033746",True,False,2025-08-05 06:16:23
2319,659,phone,88330677306,True,True,2023-12-15 20:38:55
2320,659,email,нина.куликова659@example.kz,True,True,2023-12-15 20:38:55
2321,659,address,"д. Двинской, бул. Казанский, д. 7/8, 190878",True,False,2023-12-15 20:38:55
2322,659,phone,8 (653) 859-0673,False,False,2023-12-15 20:38:55
2323,660,phone,86342898760,True,True,2025-06-08 16:37:19
2324,660,email,зинаида.лобанова660@example.kz,True,True,2025-06-08 16:37:19
2325,660,address,"ст. Апатиты, бул. Дружбы, д. 22 стр. 1/5, 186706",True,False,2025-06-08 16:37:19
2326,660,phone,8 320 162 90 73,False,False,2025-06-08 16:37:19
2327,661,phone,89289198271,True,True,2023-08-04 21:48:48
2328,661,email,надежда.воронцова661@example.kz,True,True,2023-08-04 21:48:48
2329,661,address,"клх Мостовской, ш. Лесозаводское, д. 2/8, 864942",True,False,2023-08-04 21:48:48
2330,661,phone,8 942 039 83 13,False,False,2023-08-04 21:48:48
2331,662,phone,8 490 145 9967,True,True,2023-05-18 06:03:10
2332,662,email,дмитрий.романов662@example.kz,True,True,2023-05-18 06:03:10
2333,662,address,"д. Инта, пер. 50 лет Октября, д. 4/1, 498243",True,False,2023-05-18 06:03:10
2334,662,phone,8 (843) 021-7816,False,False,2023-05-18 06:03:10
2335,663,phone,8 (806) 643-15-89,True,True,2023-05-09 20:17:25
2336,663,email,дарья.федорова663@example.kz,True,True,2023-05-09 20:17:25
2337,663,address,"с. Краснодар, бул. Морской, д. 450 стр. 1/2, 092640",True,False,2023-05-09 20:17:25
2338,663,phone,8 (030) 880-81-72,False,False,2023-05-09 20:17:25
2339,664,phone,8 282 968 24 48,True,True,2023-06-11 07:23:24
2340,664,email,эмилия.беспалова664@example.kz,True,True,2023-06-11 07:23:24
2341,664,address,"клх Ангарск, алл. 9 мая, д. 3 к. 5/2, 680691",True,False,2023-06-11 07:23:24
2342,664,phone,86127662080,False,False,2023-06-11 07:23:24
2343,665,phone,8 (203) 917-0263,True,True,2025-02-20 08:09:11
2344,665,email,марина.орехова665@example.kz,True,True,2025-02-20 08:09:11
2345,665,address,"к. Кежма, ш. Революции, д. 64 к. 1/2, 042425",True,False,2025-02-20 08:09:11
2346,665,phone,+7 (690) 912-3753,False,False,2025-02-20 08:09:11
2347,666,phone,+7 284 976 0396,True,True,2023-04-18 06:56:08
2348,666,email,жанна.чернова666@example.kz,True,True,2023-04-18 06:56:08
2349,666,address,"п. Магадан, пр. Карла Маркса, д. 14, 536481",True,False,2023-04-18 06:56:08
2350,667,phone,8 (754) 036-4882,True,True,2025-11-14 11:46:03
2351,667,email,фортунат.баранов667@example.kz,True,True,2025-11-14 11:46:03
2352,667,address,"ст. Химки, пр. Новгородский, д. 5 к. 7/3, 236066",True,False,2025-11-14 11:46:03
2353,668,phone,8 (998) 649-12-59,True,True,2023-07-11 10:16:24
2354,668,email,елизавета.суворова668@example.kz,True,True,2023-07-11 10:16:24
2355,668,address,"ст. Ивдель, бул. Березовый, д. 3, 226992",True,False,2023-07-11 10:16:24
2356,668,phone,+7 666 179 9623,False,False,2023-07-11 10:16:24
2357,669,phone,8 699 929 9833,True,True,2025-11-18 01:10:32
2358,669,email,зоя.рыбакова669@example.kz,True,True,2025-11-18 01:10:32
2359,669,address,"ст. Петропавловск-Камчатский, пер. Металлистов, д. 8/3 стр. 7, 413482",True,False,2025-11-18 01:10:32
2360,670,phone,+7 849 315 3983,True,True,2025-09-10 20:34:08
2361,670,email,зоя.харитонова670@example.kz,True,True,2025-09-10 20:34:08
2362,670,address,"п. Печенга, ул. Новая, д. 144, 629143",True,False,2025-09-10 20:34:08
2363,670,phone,+7 491 341 0389,False,False,2025-09-10 20:34:08
2364,671,phone,8 (528) 720-99-86,True,True,2023-12-05 19:31:22
2365,671,email,агафья.мясникова671@example.kz,True,True,2023-12-05 19:31:22
2366,671,address,"к. Ессентуки, ш. Театральное, д. 1 стр. 3, 823530",True,False,2023-12-05 19:31:22
2367,671,phone,87669194896,False,False,2023-12-05 19:31:22
2368,672,phone,+7 (980) 568-20-17,True,True,2025-07-27 14:27:56
2369,672,email,октябрина.мясникова672@example.kz,True,True,2025-07-27 14:27:56
2370,672,address,"клх Агата, пер. Глинки, д. 2/9 к. 6/8, 404347",True,False,2025-07-27 14:27:56
2371,672,phone,+71253137956,False,False,2025-07-27 14:27:56
2372,673,phone,+7 007 773 21 75,True,True,2024-04-06 00:49:14
2373,673,email,константин.ларионов673@example.kz,True,True,2024-04-06 00:49:14
2374,673,address,"с. Верхнее Пенжино, ш. Республиканское, д. 225 стр. 88, 370342",True,False,2024-04-06 00:49:14
2375,674,phone,+74474890476,True,True,2023-05-16 05:18:36
2376,674,email,софия.яковлева674@example.kz,True,True,2023-05-16 05:18:36
2377,674,address,"клх Тырныауз, ш. Раздольное, д. 25 к. 676, 917085",True,False,2023-05-16 05:18:36
2378,675,phone,+7 732 895 14 56,True,True,2023-04-19 11:43:04
2379,675,email,афанасий.зуев675@example.kz,True,True,2023-04-19 11:43:04
2380,675,address,"г. Шенкурск, пер. 40 лет Октября, д. 955, 157449",True,False,2023-04-19 11:43:04
2381,675,phone,8 539 160 77 00,False,False,2023-04-19 11:43:04
2382,676,phone,+70930454184,True,True,2024-10-02 11:30:37
2383,676,email,любовь.сафонова676@example.kz,True,True,2024-10-02 11:30:37
2384,676,address,"д. Усмань, алл. Широкая, д. 739, 203858",True,False,2024-10-02 11:30:37
2385,676,phone,8 (640) 788-0265,False,False,2024-10-02 11:30:37
2386,677,phone,+7 (951) 646-93-33,True,True,2025-08-08 08:53:26
2387,677,email,клавдия.кабанова677@example.kz,True,True,2025-08-08 08:53:26
2388,677,address,"п. Камышлов, алл. Семашко, д. 5, 880670",True,False,2025-08-08 08:53:26
2389,677,phone,8 (987) 092-0199,False,False,2025-08-08 08:53:26
2390,678,phone,+7 843 113 26 61,True,True,2025-03-26 00:16:24
2391,678,email,парамон.пахомов678@example.kz,True,True,2025-03-26 00:16:24
2392,678,address,"д. Кыштым, наб. Коммунистическая, д. 3 стр. 4/3, 196047",True,False,2025-03-26 00:16:24
2393,679,phone,+7 (205) 397-07-74,True,True,2025-12-09 23:01:05
2394,679,email,ипатий.панов679@example.kz,True,True,2025-12-09 23:01:05
2395,679,address,"к. Сочи, бул. Коммунальный, д. 23 стр. 2/5, 199539",True,False,2025-12-09 23:01:05
2396,680,phone,+76766262359,True,True,2025-02-23 20:08:25
2397,680,email,клавдия.лазарева680@example.kz,True,True,2025-02-23 20:08:25
2398,680,address,"к. Кирово-Чепецк, алл. Серова, д. 184, 578703",True,False,2025-02-23 20:08:25
2399,681,phone,8 860 506 30 66,True,True,2025-08-14 11:29:36
2400,681,email,нестор.красильников681@example.kz,True,True,2025-08-14 11:29:36
2401,681,address,"ст. Алапаевск, ул. Карьерная, д. 164 к. 103, 203025",True,False,2025-08-14 11:29:36
2402,681,phone,+7 (094) 523-75-97,False,False,2025-08-14 11:29:36
2403,682,phone,85319260098,True,True,2024-03-31 14:16:35
2404,682,email,святополк.киселев682@example.kz,True,True,2024-03-31 14:16:35
2405,682,address,"п. Сладково, ш. 8-е Марта, д. 6 к. 5, 054894",True,False,2024-03-31 14:16:35
2406,682,phone,+75381180818,False,False,2024-03-31 14:16:35
2407,683,phone,86558344566,True,True,2025-06-17 07:42:27
2408,683,email,жанна.щербакова683@example.kz,True,True,2025-06-17 07:42:27
2409,683,address,"д. Обнинск, ул. Журавлева, д. 1/6, 603616",True,False,2025-06-17 07:42:27
2410,683,phone,+7 (486) 070-47-26,False,False,2025-06-17 07:42:27
2411,684,phone,8 023 515 85 01,True,True,2023-07-22 04:59:13
2412,684,email,филимон.ефимов684@example.kz,True,True,2023-07-22 04:59:13
2413,684,address,"клх Адлер, пр. Угловой, д. 267, 605879",True,False,2023-07-22 04:59:13
2414,684,phone,+7 522 441 3395,False,False,2023-07-22 04:59:13
2415,685,phone,+77940645315,True,True,2024-08-17 14:42:55
2416,685,email,фирс.анисимов685@example.kz,True,True,2024-08-17 14:42:55
2417,685,address,"к. Сковородино, пер. Российский, д. 7/5, 936561",True,False,2024-08-17 14:42:55
2418,685,phone,8 (335) 974-8768,False,False,2024-08-17 14:42:55
2419,686,phone,+7 570 237 7184,True,True,2023-07-30 21:59:14
2420,686,email,лавр.лебедев686@example.kz,True,True,2023-07-30 21:59:14
2421,686,address,"ст. Волгодонск, алл. Ростовская, д. 795 стр. 4/4, 297323",True,False,2023-07-30 21:59:14
2422,687,phone,86440282532,True,True,2023-12-26 21:59:33
2423,687,email,николай.егоров687@example.kz,True,True,2023-12-26 21:59:33
2424,687,address,"с. Южно-Курильск, бул. Технический, д. 3 стр. 8/4, 385202",True,False,2023-12-26 21:59:33
2425,687,phone,+7 (209) 140-1693,False,False,2023-12-26 21:59:33
2426,688,phone,+7 (284) 423-4719,True,True,2025-10-10 18:47:44
2427,688,email,авксентий.воронцов688@example.kz,True,True,2025-10-10 18:47:44
2428,688,address,"ст. Старый Оскол, ш. Ломоносова, д. 654 к. 16, 569991",True,False,2025-10-10 18:47:44
2429,689,phone,+7 (831) 006-4332,True,True,2024-10-20 15:07:38
2430,689,email,антип.сысоев689@example.kz,True,True,2024-10-20 15:07:38
2431,689,address,"клх Ейск, пр. Химиков, д. 8/4, 168066",True,False,2024-10-20 15:07:38
2432,690,phone,+77070385036,True,True,2025-02-07 05:10:02
2433,690,email,эрнст.кононов690@example.kz,True,True,2025-02-07 05:10:02
2434,690,address,"д. Мичуринск, пер. Толбухина, д. 3, 107402",True,False,2025-02-07 05:10:02
2435,690,phone,8 (406) 758-26-76,False,False,2025-02-07 05:10:02
2436,691,phone,+7 (590) 620-03-63,True,True,2024-01-23 12:33:31
2437,691,email,сергей.щукин691@example.kz,True,True,2024-01-23 12:33:31
2438,691,address,"ст. Кузнецк, бул. Кирпичный, д. 8 к. 6, 931839",True,False,2024-01-23 12:33:31
2439,691,phone,87984914986,False,False,2024-01-23 12:33:31
2440,692,phone,+7 995 504 9326,True,True,2024-12-21 23:32:10
2441,692,email,ия.носова692@example.kz,True,True,2024-12-21 23:32:10
2442,692,address,"п. Губаха, бул. Минский, д. 7, 212898",True,False,2024-12-21 23:32:10
2443,692,phone,+7 159 485 34 00,False,False,2024-12-21 23:32:10
2444,693,phone,+7 276 223 98 47,True,True,2024-10-13 10:05:50
2445,693,email,елизавета.кошелева693@example.kz,True,True,2024-10-13 10:05:50
2446,693,address,"ст. Жиганск, пр. Кочубея, д. 2/9 к. 42, 887058",True,False,2024-10-13 10:05:50
2447,693,phone,+71680613495,False,False,2024-10-13 10:05:50
2448,694,phone,8 479 984 60 58,True,True,2024-04-13 20:21:52
2449,694,email,людмила.полякова694@example.kz,True,True,2024-04-13 20:21:52
2450,694,address,"д. Курск, ш. Красина, д. 48 стр. 397, 610809",True,False,2024-04-13 20:21:52
2451,695,phone,+7 (616) 620-16-55,True,True,2024-05-18 13:15:48
2452,695,email,евдокия.орехова695@example.kz,True,True,2024-05-18 13:15:48
2453,695,address,"клх Терней, наб. Тургенева, д. 9/7 к. 6, 751247",True,False,2024-05-18 13:15:48
2454,696,phone,8 400 068 75 86,True,True,2025-10-08 07:28:31
2455,696,email,зоя.ларионова696@example.kz,True,True,2025-10-08 07:28:31
2456,696,address,"клх Березники, ул. Зои Космодемьянской, д. 6/5 к. 2, 244418",True,False,2025-10-08 07:28:31
2457,697,phone,89740233868,True,True,2024-06-03 19:09:43
2458,697,email,вера.исаева697@example.kz,True,True,2024-06-03 19:09:43
2459,697,address,"д. Кировск (Мурм.), ш. Чайкиной, д. 117 к. 46, 944238",True,False,2024-06-03 19:09:43
2460,697,phone,8 020 508 98 30,False,False,2024-06-03 19:09:43
2461,698,phone,84134909619,True,True,2024-01-13 23:40:44
2462,698,email,антонина.лихачева698@example.kz,True,True,2024-01-13 23:40:44
2463,698,address,"ст. Чайковский, алл. Абрикосовая, д. 3 к. 2, 569480",True,False,2024-01-13 23:40:44
2464,699,phone,+75073567480,True,True,2024-01-07 04:30:42
2465,699,email,андрон.никифоров699@example.kz,True,True,2024-01-07 04:30:42
2466,699,address,"клх Кизилюрт, наб. Степная, д. 9 стр. 126, 944203",True,False,2024-01-07 04:30:42
2467,699,phone,+7 589 258 49 07,False,False,2024-01-07 04:30:42
2468,700,phone,+7 (420) 319-7774,True,True,2024-03-11 14:39:24
2469,700,email,потап.морозов700@example.kz,True,True,2024-03-11 14:39:24
2470,700,address,"к. Шуя, ул. Некрасова, д. 586 к. 13, 958684",True,False,2024-03-11 14:39:24
2471,700,phone,+7 962 332 60 58,False,False,2024-03-11 14:39:24
2472,701,phone,8 942 767 48 31,True,True,2023-11-23 21:28:35
2473,701,email,фаина.громова701@example.kz,True,True,2023-11-23 21:28:35
2474,701,address,"клх Агата, пр. Саратовский, д. 61 к. 881, 426559",True,False,2023-11-23 21:28:35
2475,701,phone,+76989062327,False,False,2023-11-23 21:28:35
2476,702,phone,+7 (371) 798-90-22,True,True,2024-08-27 22:57:46
2477,702,email,влас.тарасов702@example.kz,True,True,2024-08-27 22:57:46
2478,702,address,"клх Хоста, ул. Панфилова, д. 5, 084779",True,False,2024-08-27 22:57:46
2479,703,phone,8 417 675 5398,True,True,2025-05-31 16:22:29
2480,703,email,лавр.большаков703@example.kz,True,True,2025-05-31 16:22:29
2481,703,address,"ст. Семлячики, алл. Леонова, д. 259 стр. 8, 894589",True,False,2025-05-31 16:22:29
2482,703,phone,8 268 384 88 76,False,False,2025-05-31 16:22:29
2483,704,phone,+7 (802) 076-1239,True,True,2025-01-22 17:39:03
2484,704,email,наина.захарова704@example.kz,True,True,2025-01-22 17:39:03
2485,704,address,"п. Галич, ш. Береговое, д. 2 стр. 929, 182070",True,False,2025-01-22 17:39:03
2486,704,phone,8 690 107 92 37,False,False,2025-01-22 17:39:03
2487,705,phone,+7 (982) 689-33-48,True,True,2023-08-31 01:16:47
2488,705,email,евпраксия.титова705@example.kz,True,True,2023-08-31 01:16:47
2489,705,address,"д. Сергиев Посад, алл. Куйбышева, д. 667, 896833",True,False,2023-08-31 01:16:47
2490,705,phone,8 570 773 1231,False,False,2023-08-31 01:16:47
2491,706,phone,8 550 570 5218,True,True,2024-09-18 11:21:12
2492,706,email,софия.шашкова706@example.kz,True,True,2024-09-18 11:21:12
2493,706,address,"д. Кызыл, ш. Заливное, д. 1 стр. 6, 114147",True,False,2024-09-18 11:21:12
2494,707,phone,+7 123 503 6871,True,True,2025-09-22 22:36:47
2495,707,email,михей.лобанов707@example.kz,True,True,2025-09-22 22:36:47
2496,707,address,"ст. Тында, ул. Почтовая, д. 8/8 стр. 523, 568446",True,False,2025-09-22 22:36:47
2497,708,phone,8 (940) 366-40-16,True,True,2023-07-13 08:49:00
2498,708,email,сидор.сысоев708@example.kz,True,True,2023-07-13 08:49:00
2499,708,address,"д. Морозовск, алл. ДОС, д. 61 к. 6/8, 927318",True,False,2023-07-13 08:49:00
2500,708,phone,8 830 291 58 54,False,False,2023-07-13 08:49:00
2501,709,phone,+7 (332) 416-51-85,True,True,2024-11-03 18:59:24
2502,709,email,ираида.никонова709@example.kz,True,True,2024-11-03 18:59:24
2503,709,address,"д. Ряжск, ул. Ульянова, д. 54 к. 8/5, 215958",True,False,2024-11-03 18:59:24
2504,710,phone,+71749161705,True,True,2023-10-12 16:14:06
2505,710,email,глафира.сидорова710@example.kz,True,True,2023-10-12 16:14:06
2506,710,address,"п. Бузулук, бул. Мирный, д. 9/2 стр. 2, 447609",True,False,2023-10-12 16:14:06
2507,711,phone,+78377402928,True,True,2025-01-09 14:50:08
2508,711,email,ольга.меркушева711@example.kz,True,True,2025-01-09 14:50:08
2509,711,address,"клх Кондопога, ш. Кооперативное, д. 66, 996218",True,False,2025-01-09 14:50:08
2510,712,phone,+7 (667) 719-6666,True,True,2024-04-26 13:25:20
2511,712,email,лавр.дементьев712@example.kz,True,True,2024-04-26 13:25:20
2512,712,address,"п. Мичуринск, пр. Слободской, д. 3 стр. 322, 499801",True,False,2024-04-26 13:25:20
2513,713,phone,+7 (768) 367-5901,True,True,2023-12-04 16:16:15
2514,713,email,мартьян.брагин713@example.kz,True,True,2023-12-04 16:16:15
2515,713,address,"д. Бронницы, алл. Свободы, д. 7 к. 144, 335174",True,False,2023-12-04 16:16:15
2516,714,phone,8 564 260 18 63,True,True,2023-08-29 01:02:12
2517,714,email,викентий.абрамов714@example.kz,True,True,2023-08-29 01:02:12
2518,714,address,"с. Кежма, пер. 70 лет Октября, д. 6/6, 277641",True,False,2023-08-29 01:02:12
2519,715,phone,+79003850255,True,True,2025-08-29 17:48:08
2520,715,email,анжела.баранова715@example.kz,True,True,2025-08-29 17:48:08
2521,715,address,"ст. Курумкан, бул. Ореховый, д. 8/3 к. 98, 904733",True,False,2025-08-29 17:48:08
2522,716,phone,+7 454 615 74 93,True,True,2024-02-04 08:57:29
2523,716,email,зиновий.самойлов716@example.kz,True,True,2024-02-04 08:57:29
2524,716,address,"г. Галич, бул. Л.Толстого, д. 6/4 к. 520, 954377",True,False,2024-02-04 08:57:29
2525,717,phone,8 618 308 58 00,True,True,2024-08-31 15:25:55
2526,717,email,никон.меркушев717@example.kz,True,True,2024-08-31 15:25:55
2527,717,address,"п. Верещагино (Перм.), алл. Промышленная, д. 2 к. 743, 862107",True,False,2024-08-31 15:25:55
2528,718,phone,8 (187) 109-6856,True,True,2024-05-02 02:10:59
2529,718,email,федосий.громов718@example.kz,True,True,2024-05-02 02:10:59
2530,718,address,"к. Сергиев Посад, пр. Центральный, д. 46, 154230",True,False,2024-05-02 02:10:59
2531,719,phone,8 002 302 86 55,True,True,2024-04-24 13:32:53
2532,719,email,анна.вишнякова719@example.kz,True,True,2024-04-24 13:32:53
2533,719,address,"ст. Джубга, наб. Кубанская, д. 142, 670151",True,False,2024-04-24 13:32:53
2534,720,phone,+75992016633,True,True,2025-09-18 18:51:52
2535,720,email,николай.попов720@example.kz,True,True,2025-09-18 18:51:52
2536,720,address,"п. Дербент, ул. Речная, д. 4 к. 32, 562019",True,False,2025-09-18 18:51:52
2537,721,phone,+7 113 484 3391,True,True,2025-10-25 21:43:04
2538,721,email,капитон.беляков721@example.kz,True,True,2025-10-25 21:43:04
2539,721,address,"клх Ивдель, алл. Циолковского, д. 432 к. 6, 452342",True,False,2025-10-25 21:43:04
2540,722,phone,8 (644) 976-0249,True,True,2024-05-13 10:52:25
2541,722,email,владилен.панов722@example.kz,True,True,2024-05-13 10:52:25
2542,722,address,"п. Курильск, бул. Трактовый, д. 4, 773498",True,False,2024-05-13 10:52:25
2543,723,phone,8 297 356 1526,True,True,2024-02-20 08:29:30
2544,723,email,модест.муравьев723@example.kz,True,True,2024-02-20 08:29:30
2545,723,address,"ст. Назрань, ш. Песчаное, д. 8 стр. 3/6, 809664",True,False,2024-02-20 08:29:30
2546,724,phone,+7 475 336 95 24,True,True,2023-08-24 03:36:46
2547,724,email,иванна.логинова724@example.kz,True,True,2023-08-24 03:36:46
2548,724,address,"ст. Партизанск, бул. Карла Маркса, д. 45 к. 3/9, 324367",True,False,2023-08-24 03:36:46
2549,725,phone,82415712763,True,True,2025-04-27 04:26:42
2550,725,email,наум.бирюков725@example.kz,True,True,2025-04-27 04:26:42
2551,725,address,"к. Катав-Ивановск, наб. Халтурина, д. 9 стр. 4/1, 168249",True,False,2025-04-27 04:26:42
2552,726,phone,8 (939) 981-61-53,True,True,2023-06-03 14:05:30
2553,726,email,маргарита.киселева726@example.kz,True,True,2023-06-03 14:05:30
2554,726,address,"с. Тольятти, алл. Кочубея, д. 103 стр. 4/8, 607201",True,False,2023-06-03 14:05:30
2555,727,phone,+78967808264,True,True,2025-04-17 03:42:01
2556,727,email,игорь.воронов727@example.kz,True,True,2025-04-17 03:42:01
2557,727,address,"п. Горячий Ключ, пр. Курортный, д. 8 к. 3/6, 292645",True,False,2025-04-17 03:42:01
2558,728,phone,8 339 172 99 40,True,True,2023-11-05 04:03:10
2559,728,email,аким.орехов728@example.kz,True,True,2023-11-05 04:03:10
2560,728,address,"ст. Хоста, пер. Российский, д. 726 к. 8, 967068",True,False,2023-11-05 04:03:10
2561,729,phone,+7 (353) 910-1612,True,True,2025-06-26 03:08:29
2562,729,email,тамара.большакова729@example.kz,True,True,2025-06-26 03:08:29
2563,729,address,"г. Петухово, алл. Городская, д. 413 стр. 54, 767348",True,False,2025-06-26 03:08:29
2564,730,phone,+7 409 841 01 67,True,True,2023-05-18 06:22:08
2565,730,email,эмилия.полякова730@example.kz,True,True,2023-05-18 06:22:08
2566,730,address,"г. Красногорск (Моск.), ул. Крайняя, д. 1/5 стр. 500, 028866",True,False,2023-05-18 06:22:08
2567,731,phone,+7 680 199 03 42,True,True,2024-06-17 06:42:52
2568,731,email,арсений.калашников731@example.kz,True,True,2024-06-17 06:42:52
2569,731,address,"к. Таштагол, наб. Дружбы, д. 3 стр. 435, 607917",True,False,2024-06-17 06:42:52
2570,732,phone,81386015711,True,True,2023-08-23 16:50:59
2571,732,email,октябрина.бурова732@example.kz,True,True,2023-08-23 16:50:59
2572,732,address,"п. Двинской, ул. Некрасова, д. 824 стр. 928, 411287",True,False,2023-08-23 16:50:59
2573,733,phone,+75271936785,True,True,2025-04-27 09:20:50
2574,733,email,ладислав.кулагин733@example.kz,True,True,2025-04-27 09:20:50
2575,733,address,"к. Ростов-на-Дону, пер. Мостовой, д. 28, 749161",True,False,2025-04-27 09:20:50
2576,734,phone,84232154013,True,True,2025-12-07 06:11:43
2577,734,email,надежда.андреева734@example.kz,True,True,2025-12-07 06:11:43
2578,734,address,"п. Надым, пр. Седова, д. 26, 845525",True,False,2025-12-07 06:11:43
2579,735,phone,+7 (741) 025-47-17,True,True,2025-02-12 12:34:43
2580,735,email,вышеслав.соловьев735@example.kz,True,True,2025-02-12 12:34:43
2581,735,address,"с. Охотск, наб. 1 Мая, д. 10 стр. 2, 675635",True,False,2025-02-12 12:34:43
2582,736,phone,8 842 271 7266,True,True,2023-12-20 09:01:33
2583,736,email,александра.антонова736@example.kz,True,True,2023-12-20 09:01:33
2584,736,address,"с. Ноябрьск, наб. Кошевого, д. 170, 441306",True,False,2023-12-20 09:01:33
2585,737,phone,8 (624) 087-1006,True,True,2024-01-06 18:54:21
2586,737,email,семен.андреев737@example.kz,True,True,2024-01-06 18:54:21
2587,737,address,"клх Курчатов, пр. Театральный, д. 80, 238115",True,False,2024-01-06 18:54:21
2588,738,phone,+7 (232) 822-28-24,True,True,2025-03-10 06:29:33
2589,738,email,валерий.фролов738@example.kz,True,True,2025-03-10 06:29:33
2590,738,address,"с. Муром, пер. Тупиковый, д. 5, 041084",True,False,2025-03-10 06:29:33
2591,739,phone,8 (913) 511-35-05,True,True,2025-01-31 18:10:43
2592,739,email,тимофей.кузьмин739@example.kz,True,True,2025-01-31 18:10:43
2593,739,address,"ст. Саров (Морд.), алл. Украинская, д. 264, 780978",True,False,2025-01-31 18:10:43
2594,740,phone,+7 (028) 010-4194,True,True,2025-07-18 03:21:12
2595,740,email,никанор.панов740@example.kz,True,True,2025-07-18 03:21:12
2596,740,address,"к. Буйнакск, наб. Подлесная, д. 844 стр. 8/5, 802188",True,False,2025-07-18 03:21:12
2597,741,phone,83063578037,True,True,2023-11-22 15:26:01
2598,741,email,маргарита.агафонова741@example.kz,True,True,2023-11-22 15:26:01
2599,741,address,"г. Кизел, пер. 9 Января, д. 4 стр. 1/6, 855759",True,False,2023-11-22 15:26:01
2600,742,phone,84084290696,True,True,2024-10-11 03:11:51
2601,742,email,тимур.гаврилов742@example.kz,True,True,2024-10-11 03:11:51
2602,742,address,"к. Елабуга, пер. Карла Либкнехта, д. 161 стр. 6/7, 337457",True,False,2024-10-11 03:11:51
2603,743,phone,+7 165 276 1368,True,True,2025-04-23 19:02:20
2604,743,email,фрол.кононов743@example.kz,True,True,2025-04-23 19:02:20
2605,743,address,"д. Усть-Ишим, алл. Фурманова, д. 90, 376992",True,False,2025-04-23 19:02:20
2606,744,phone,86444772508,True,True,2023-05-31 07:50:00
2607,744,email,виктория.доронина744@example.kz,True,True,2023-05-31 07:50:00
2608,744,address,"п. Диксон, алл. Сахалинская, д. 9 к. 204, 241553",True,False,2023-05-31 07:50:00
2609,745,phone,8 915 855 74 90,True,True,2023-07-10 09:11:29
2610,745,email,павел.лапин745@example.kz,True,True,2023-07-10 09:11:29
2611,745,address,"ст. Тамбей, ш. Циолковского, д. 324 стр. 8, 333295",True,False,2023-07-10 09:11:29
2612,746,phone,84523158286,True,True,2025-09-26 04:35:43
2613,746,email,валерьян.щукин746@example.kz,True,True,2025-09-26 04:35:43
2614,746,address,"к. Андреаполь, пер. Демьяна Бедного, д. 3/2, 217429",True,False,2025-09-26 04:35:43
2615,747,phone,+7 (204) 167-82-15,True,True,2023-10-17 21:45:31
2616,747,email,пелагея.горбачева747@example.kz,True,True,2023-10-17 21:45:31
2617,747,address,"с. Онега, алл. Шишкина, д. 363 стр. 1, 139280",True,False,2023-10-17 21:45:31
2618,748,phone,+78502206190,True,True,2024-02-16 02:06:15
2619,748,email,орест.субботин748@example.kz,True,True,2024-02-16 02:06:15
2620,748,address,"клх Корсаков, наб. Космическая, д. 8/2, 000295",True,False,2024-02-16 02:06:15
2621,749,phone,8 162 256 47 18,True,True,2024-06-10 16:05:10
2622,749,email,климент.морозов749@example.kz,True,True,2024-06-10 16:05:10
2623,749,address,"д. Миллерово, бул. Химиков, д. 13, 532316",True,False,2024-06-10 16:05:10
2624,750,phone,8 (781) 456-47-43,True,True,2024-11-10 10:50:34
2625,750,email,маргарита.рябова750@example.kz,True,True,2024-11-10 10:50:34
2626,750,address,"ст. Глазов, наб. К.Маркса, д. 29 стр. 777, 650527",True,False,2024-11-10 10:50:34
2627,751,phone,8 120 928 15 78,True,True,2024-05-02 11:05:55
2628,751,email,нинель.зуева751@example.kz,True,True,2024-05-02 11:05:55
2629,751,address,"клх Бугульма, пер. Таежный, д. 42 стр. 816, 067635",True,False,2024-05-02 11:05:55
2630,752,phone,+7 (223) 718-5921,True,True,2024-02-17 05:54:58
2631,752,email,жанна.красильникова752@example.kz,True,True,2024-02-17 05:54:58
2632,752,address,"ст. Томпа, наб. Нахимова, д. 4/8 стр. 314, 300037",True,False,2024-02-17 05:54:58
2633,753,phone,8 398 923 1324,True,True,2023-09-01 04:41:52
2634,753,email,митофан.комаров753@example.kz,True,True,2023-09-01 04:41:52
2635,753,address,"д. Ялуторовск, ш. Максима Горького, д. 4/3 стр. 9/5, 783765",True,False,2023-09-01 04:41:52
2636,754,phone,81538201140,True,True,2024-10-28 16:09:06
2637,754,email,маргарита.некрасова754@example.kz,True,True,2024-10-28 16:09:06
2638,754,address,"п. Ростов-на-Дону, наб. Воронежская, д. 8/4 к. 2, 724553",True,False,2024-10-28 16:09:06
2639,755,phone,+7 (756) 569-7648,True,True,2024-10-11 10:52:01
2640,755,email,людмила.семенова755@example.kz,True,True,2024-10-11 10:52:01
2641,755,address,"д. Россошь, алл. Медицинская, д. 6, 046250",True,False,2024-10-11 10:52:01
2642,756,phone,8 929 656 85 12,True,True,2023-10-20 01:04:40
2643,756,email,марфа.егорова756@example.kz,True,True,2023-10-20 01:04:40
2644,756,address,"ст. Грозный, пр. 8-е Марта, д. 49 к. 1, 934421",True,False,2023-10-20 01:04:40
2645,757,phone,+7 (914) 650-22-34,True,True,2025-04-29 07:21:29
2646,757,email,евграф.меркушев757@example.kz,True,True,2025-04-29 07:21:29
2647,757,address,"д. Азов (Рост.), наб. 8-е Марта, д. 3/6 к. 184, 033982",True,False,2025-04-29 07:21:29
2648,758,phone,+7 478 233 72 09,True,True,2024-07-05 11:03:27
2649,758,email,варвара.блохина758@example.kz,True,True,2024-07-05 11:03:27
2650,758,address,"г. Певек, пр. 9 Января, д. 763 к. 92, 301122",True,False,2024-07-05 11:03:27
2651,759,phone,+7 084 842 6483,True,True,2024-09-01 10:00:31
2652,759,email,радован.тарасов759@example.kz,True,True,2024-09-01 10:00:31
2653,759,address,"с. Сеймчан, пер. Революции, д. 982 стр. 8/2, 605494",True,False,2024-09-01 10:00:31
2654,760,phone,8 920 856 49 01,True,True,2023-05-01 09:44:35
2655,760,email,еремей.носков760@example.kz,True,True,2023-05-01 09:44:35
2656,760,address,"к. Юрьев-Польский, ш. Студенческое, д. 15 к. 611, 617580",True,False,2023-05-01 09:44:35
2657,761,phone,8 (038) 890-4410,True,True,2023-10-24 20:05:45
2658,761,email,фёкла.лыткина761@example.kz,True,True,2023-10-24 20:05:45
2659,761,address,"к. Кондопога, наб. Кольцова, д. 9/6, 353814",True,False,2023-10-24 20:05:45
2660,762,phone,8 (374) 755-8030,True,True,2024-10-31 18:02:33
2661,762,email,акулина.васильева762@example.kz,True,True,2024-10-31 18:02:33
2662,762,address,"с. Томари, пр. Детский, д. 2/8 к. 9/5, 190271",True,False,2024-10-31 18:02:33
2663,763,phone,8 988 371 61 15,True,True,2023-04-17 18:52:12
2664,763,email,лора.николаева763@example.kz,True,True,2023-04-17 18:52:12
2665,763,address,"ст. Томпа, ул. Кольцевая, д. 7/8 к. 9, 326170",True,False,2023-04-17 18:52:12
2666,764,phone,8 058 353 4581,True,True,2025-10-27 18:50:39
2667,764,email,владлен.устинов764@example.kz,True,True,2025-10-27 18:50:39
2668,764,address,"к. Саранск, алл. Павлова, д. 45 стр. 99, 426621",True,False,2025-10-27 18:50:39
2669,765,phone,8 (758) 015-84-66,True,True,2023-10-30 05:12:16
2670,765,email,татьяна.ершова765@example.kz,True,True,2023-10-30 05:12:16
2671,765,address,"г. Канск, алл. Пугачева, д. 82, 766983",True,False,2023-10-30 05:12:16
2672,766,phone,+75150252854,True,True,2024-03-06 13:33:13
2673,766,email,ангелина.никонова766@example.kz,True,True,2024-03-06 13:33:13
2674,766,address,"п. Адлер, пр. Орловский, д. 889 стр. 80, 827777",True,False,2024-03-06 13:33:13
2675,767,phone,+7 184 252 78 63,True,True,2025-04-23 14:25:08
2676,767,email,таисия.никитина767@example.kz,True,True,2025-04-23 14:25:08
2677,767,address,"г. Саров (Морд.), алл. Станционная, д. 324, 447305",True,False,2025-04-23 14:25:08
2678,768,phone,8 (771) 961-99-71,True,True,2024-11-09 23:58:42
2679,768,email,феврония.рябова768@example.kz,True,True,2024-11-09 23:58:42
2680,768,address,"клх Шуя, наб. Маркса, д. 8/7 к. 1, 833440",True,False,2024-11-09 23:58:42
2681,769,phone,+7 952 242 6537,True,True,2025-03-22 14:06:12
2682,769,email,игорь.суханов769@example.kz,True,True,2025-03-22 14:06:12
2683,769,address,"п. Верхний Тагил, ул. Отрадная, д. 19 стр. 1/6, 736015",True,False,2025-03-22 14:06:12
2684,770,phone,8 (911) 501-01-62,True,True,2025-03-30 00:56:52
2685,770,email,вероника.устинова770@example.kz,True,True,2025-03-30 00:56:52
2686,770,address,"г. Темрюк, алл. Юности, д. 9, 475978",True,False,2025-03-30 00:56:52
2687,771,phone,+7 (354) 883-5719,True,True,2024-03-25 23:29:47
2688,771,email,эдуард.смирнов771@example.kz,True,True,2024-03-25 23:29:47
2689,771,address,"к. Холмогоры, пр. Социалистический, д. 7 к. 78, 432031",True,False,2024-03-25 23:29:47
2690,772,phone,8 (266) 528-24-68,True,True,2024-04-12 02:35:48
2691,772,email,кирилл.гордеев772@example.kz,True,True,2024-04-12 02:35:48
2692,772,address,"ст. Чулым, бул. ДОС, д. 14, 020860",True,False,2024-04-12 02:35:48
2693,773,phone,+7 460 519 08 54,True,True,2024-01-23 19:23:49
2694,773,email,вероника.титова773@example.kz,True,True,2024-01-23 19:23:49
2695,773,address,"с. Галич, бул. Краснознаменный, д. 633 к. 4/7, 010009",True,False,2024-01-23 19:23:49
2696,774,phone,+7 899 318 7810,True,True,2023-09-03 01:59:34
2697,774,email,тимур.максимов774@example.kz,True,True,2023-09-03 01:59:34
2698,774,address,"п. Тулпан, алл. Щорса, д. 2 стр. 9, 909304",True,False,2023-09-03 01:59:34
2699,775,phone,+7 (766) 136-6280,True,True,2023-07-24 02:05:18
2700,775,email,демид.макаров775@example.kz,True,True,2023-07-24 02:05:18
2701,775,address,"п. Рубцовск, ул. Тимирязева, д. 8 стр. 8, 531105",True,False,2023-07-24 02:05:18
2702,776,phone,8 (330) 967-3979,True,True,2023-11-04 23:29:10
2703,776,email,алевтина.титова776@example.kz,True,True,2023-11-04 23:29:10
2704,776,address,"г. Усть-Ордынский, ул. Свердлова, д. 46 стр. 7/6, 167671",True,False,2023-11-04 23:29:10
2705,777,phone,8 (776) 288-3636,True,True,2024-12-02 16:24:28
2706,777,email,агафья.ефимова777@example.kz,True,True,2024-12-02 16:24:28
2707,777,address,"г. Переславль-Залесский, алл. Высоцкого, д. 3/3 стр. 76, 788093",True,False,2024-12-02 16:24:28
2708,778,phone,8 (616) 522-89-89,True,True,2024-03-28 08:27:00
2709,778,email,изот.сафонов778@example.kz,True,True,2024-03-28 08:27:00
2710,778,address,"к. Челябинск, алл. Карла Маркса, д. 625 стр. 8/8, 659764",True,False,2024-03-28 08:27:00
2711,779,phone,+7 838 580 5014,True,True,2025-09-23 11:29:21
2712,779,email,лидия.соколова779@example.kz,True,True,2025-09-23 11:29:21
2713,779,address,"г. Оса, пр. Енисейский, д. 629 к. 6/2, 114860",True,False,2025-09-23 11:29:21
2714,780,phone,+7 500 924 4928,True,True,2024-11-03 06:12:56
2715,780,email,дарья.белоусова780@example.kz,True,True,2024-11-03 06:12:56
2716,780,address,"к. Сладково, бул. Лесозаводский, д. 429, 112501",True,False,2024-11-03 06:12:56
2717,781,phone,8 (607) 429-0695,True,True,2024-04-13 20:54:09
2718,781,email,антонин.гусев781@example.kz,True,True,2024-04-13 20:54:09
2719,781,address,"п. Кинешма, пр. Союзный, д. 780, 007302",True,False,2024-04-13 20:54:09
2720,782,phone,+72662497537,True,True,2023-05-28 05:43:00
2721,782,email,пантелеймон.назаров782@example.kz,True,True,2023-05-28 05:43:00
2722,782,address,"клх Муром, ш. Звездное, д. 5 к. 6/7, 406873",True,False,2023-05-28 05:43:00
2723,783,phone,8 445 345 1466,True,True,2025-03-03 09:56:18
2724,783,email,викентий.кононов783@example.kz,True,True,2025-03-03 09:56:18
2725,783,address,"ст. Токсово, бул. Флотский, д. 94, 586267",True,False,2025-03-03 09:56:18
2726,784,phone,+7 (664) 853-2077,True,True,2025-11-25 06:48:17
2727,784,email,ангелина.мухина784@example.kz,True,True,2025-11-25 06:48:17
2728,784,address,"г. Тикси, наб. Петровская, д. 96 стр. 54, 695805",True,False,2025-11-25 06:48:17
2729,785,phone,+7 450 509 2846,True,True,2023-09-04 04:25:18
2730,785,email,прохор.гуляев785@example.kz,True,True,2023-09-04 04:25:18
2731,785,address,"клх Алапаевск, пр. Курортный, д. 3, 907737",True,False,2023-09-04 04:25:18
2732,786,phone,+7 (954) 503-80-16,True,True,2023-10-07 01:51:03
2733,786,email,митофан.копылов786@example.kz,True,True,2023-10-07 01:51:03
2734,786,address,"д. Нижний Новгород, наб. Партизанская, д. 50, 028143",True,False,2023-10-07 01:51:03
2735,787,phone,8 312 794 3379,True,True,2025-04-27 06:24:55
2736,787,email,христофор.киселев787@example.kz,True,True,2025-04-27 06:24:55
2737,787,address,"г. Волгодонск, алл. Волочаевская, д. 1, 265274",True,False,2025-04-27 06:24:55
2738,788,phone,+7 (866) 251-08-57,True,True,2023-12-23 03:25:55
2739,788,email,нонна.овчинникова788@example.kz,True,True,2023-12-23 03:25:55
2740,788,address,"д. Нижнеудинск, наб. Володарского, д. 146 к. 693, 174555",True,False,2023-12-23 03:25:55
2741,789,phone,+7 (706) 272-8167,True,True,2025-10-07 01:47:30
2742,789,email,ефрем.блохин789@example.kz,True,True,2025-10-07 01:47:30
2743,789,address,"с. Красновишерск, ул. Казачья, д. 657 к. 3/7, 126084",True,False,2025-10-07 01:47:30
2744,790,phone,8 (187) 620-9906,True,True,2025-10-04 06:07:51
2745,790,email,юрий.соловьев790@example.kz,True,True,2025-10-04 06:07:51
2746,790,address,"д. Рыбинск, ул. Белорусская, д. 2, 704505",True,False,2025-10-04 06:07:51
2747,791,phone,89822673123,True,True,2025-12-28 02:43:04
2748,791,email,спиридон.антонов791@example.kz,True,True,2025-12-28 02:43:04
2749,791,address,"ст. Тутаев, пер. Партизанский, д. 9 стр. 2, 202593",True,False,2025-12-28 02:43:04
2750,792,phone,8 450 282 31 34,True,True,2023-09-11 18:09:24
2751,792,email,оксана.носкова792@example.kz,True,True,2023-09-11 18:09:24
2752,792,address,"к. Обнинск, пр. Ульянова, д. 29 к. 154, 431834",True,False,2023-09-11 18:09:24
2753,793,phone,+7 (695) 310-2977,True,True,2025-03-31 22:00:53
2754,793,email,амвросий.семенов793@example.kz,True,True,2025-03-31 22:00:53
2755,793,address,"к. Амурск, алл. Донская, д. 3/7 к. 2, 328162",True,False,2025-03-31 22:00:53
2756,794,phone,81087392219,True,True,2024-07-07 03:55:35
2757,794,email,самуил.сазонов794@example.kz,True,True,2024-07-07 03:55:35
2758,794,address,"д. Буденновск, пр. Красноярский, д. 7/8 к. 305, 707459",True,False,2024-07-07 03:55:35
2759,795,phone,81530445002,True,True,2023-12-22 00:05:27
2760,795,email,милица.котова795@example.kz,True,True,2023-12-22 00:05:27
2761,795,address,"ст. Октябрьское (Хант.), ш. Петровское, д. 9/1 стр. 64, 295867",True,False,2023-12-22 00:05:27
2762,796,phone,8 030 409 34 67,True,True,2025-01-16 06:16:49
2763,796,email,валентина.емельянова796@example.kz,True,True,2025-01-16 06:16:49
2764,796,address,"клх Боровск, бул. Краснофлотский, д. 96 стр. 401, 721051",True,False,2025-01-16 06:16:49
2765,797,phone,+7 (346) 018-4220,True,True,2024-06-09 01:27:27
2766,797,email,прокл.богданов797@example.kz,True,True,2024-06-09 01:27:27
2767,797,address,"д. Усолье Сибирское, наб. Заовражная, д. 90, 168163",True,False,2024-06-09 01:27:27
2768,798,phone,8 038 917 36 90,True,True,2025-06-15 07:43:23
2769,798,email,анжелика.маркова798@example.kz,True,True,2025-06-15 07:43:23
2770,798,address,"клх Ступино, пр. Воронежский, д. 600 к. 51, 070716",True,False,2025-06-15 07:43:23
2771,799,phone,+7 (485) 089-5123,True,True,2024-08-13 17:51:35
2772,799,email,ювеналий.куликов799@example.kz,True,True,2024-08-13 17:51:35
2773,799,address,"д. Обоянь, ш. Рябиновое, д. 594, 456972",True,False,2024-08-13 17:51:35
2774,800,phone,86556192767,True,True,2025-12-20 18:46:08
2775,800,email,артемий.гусев800@example.kz,True,True,2025-12-20 18:46:08
2776,800,address,"с. Светлогорск (Калин.), бул. Огородный, д. 3/7 стр. 69, 126678",True,False,2025-12-20 18:46:08
2777,801,phone,+7 (055) 737-1388,True,True,2023-04-22 00:01:34
2778,801,email,кир.ефремов801@example.kz,True,True,2023-04-22 00:01:34
2779,801,address,"ст. Баргузин, бул. Казачий, д. 74, 446627",True,False,2023-04-22 00:01:34
2780,802,phone,8 330 411 76 14,True,True,2025-05-08 11:26:30
2781,802,email,фотий.хохлов802@example.kz,True,True,2025-05-08 11:26:30
2782,802,address,"к. Кажим, пер. Моховой, д. 996 к. 4/7, 704656",True,False,2025-05-08 11:26:30
2783,803,phone,8 (969) 870-3688,True,True,2024-01-18 00:05:14
2784,803,email,любосмысл.щербаков803@example.kz,True,True,2024-01-18 00:05:14
2785,803,address,"г. Лабинск, алл. Станиславского, д. 46 стр. 359, 912706",True,False,2024-01-18 00:05:14
2786,804,phone,8 934 104 0629,True,True,2024-10-20 23:57:48
2787,804,email,эдуард.лобанов804@example.kz,True,True,2024-10-20 23:57:48
2788,804,address,"д. Сеймчан, алл. Депутатская, д. 8, 830181",True,False,2024-10-20 23:57:48
2789,805,phone,8 (960) 757-89-84,True,True,2023-06-25 13:37:57
2790,805,email,кира.панова805@example.kz,True,True,2023-06-25 13:37:57
2791,805,address,"д. Эльтон, пер. Коммунальный, д. 3 к. 81, 148656",True,False,2023-06-25 13:37:57
2792,806,phone,8 818 981 0617,True,True,2023-10-10 07:31:11
2793,806,email,силантий.елисеев806@example.kz,True,True,2023-10-10 07:31:11
2794,806,address,"с. Корсаков, пр. Крымский, д. 829, 572616",True,False,2023-10-10 07:31:11
2795,807,phone,84963788119,True,True,2024-04-19 22:27:37
2796,807,email,петр.комаров807@example.kz,True,True,2024-04-19 22:27:37
2797,807,address,"с. Тутаев, бул. Коммунистический, д. 830, 675321",True,False,2024-04-19 22:27:37
2798,808,phone,8 336 131 79 85,True,True,2023-07-24 02:41:07
2799,808,email,валерия.красильникова808@example.kz,True,True,2023-07-24 02:41:07
2800,808,address,"ст. Балтийск, бул. Весенний, д. 37 к. 5, 858356",True,False,2023-07-24 02:41:07
2801,809,phone,+7 (998) 127-4392,True,True,2025-03-04 23:10:28
2802,809,email,устин.молчанов809@example.kz,True,True,2025-03-04 23:10:28
2803,809,address,"ст. Неплюевка, пр. Городской, д. 692, 476212",True,False,2025-03-04 23:10:28
2804,810,phone,+7 (601) 863-9945,True,True,2024-04-02 01:58:25
2805,810,email,екатерина.горбунова810@example.kz,True,True,2024-04-02 01:58:25
2806,810,address,"ст. Каргополь, ш. Ударное, д. 4 стр. 456, 930796",True,False,2024-04-02 01:58:25
2807,811,phone,8 (590) 964-5987,True,True,2024-03-05 16:02:27
2808,811,email,нонна.белозерова811@example.kz,True,True,2024-03-05 16:02:27
2809,811,address,"клх Архыз, бул. Смоленский, д. 477 стр. 2, 681133",True,False,2024-03-05 16:02:27
2810,812,phone,87367072173,True,True,2024-11-10 05:11:38
2811,812,email,зосима.тихонов812@example.kz,True,True,2024-11-10 05:11:38
2812,812,address,"клх Ирбит, алл. Ярославская, д. 24 к. 70, 236540",True,False,2024-11-10 05:11:38
2813,813,phone,+7 814 442 48 42,True,True,2024-05-24 13:00:12
2814,813,email,лукия.шарапова813@example.kz,True,True,2024-05-24 13:00:12
2815,813,address,"клх Лагань, ш. Нахимова, д. 894, 511861",True,False,2024-05-24 13:00:12
2816,814,phone,8 640 994 1475,True,True,2024-02-16 07:32:22
2817,814,email,радован.власов814@example.kz,True,True,2024-02-16 07:32:22
2818,814,address,"п. Снежинск, наб. Чехова, д. 64, 908261",True,False,2024-02-16 07:32:22
2819,815,phone,+7 035 659 42 99,True,True,2024-04-13 03:42:55
2820,815,email,павел.артемьев815@example.kz,True,True,2024-04-13 03:42:55
2821,815,address,"клх Ивдель, пр. Кошевого, д. 7/7, 295338",True,False,2024-04-13 03:42:55
2822,816,phone,8 194 118 39 09,True,True,2025-12-13 08:31:32
2823,816,email,антонина.веселова816@example.kz,True,True,2025-12-13 08:31:32
2824,816,address,"п. Лазаревское, бул. Учительский, д. 1 стр. 7/3, 463348",True,False,2025-12-13 08:31:32
2825,817,phone,8 (933) 437-5186,True,True,2023-11-04 15:58:35
2826,817,email,парфен.веселов817@example.kz,True,True,2023-11-04 15:58:35
2827,817,address,"клх Ачинск, пр. Коммунаров, д. 3 стр. 4, 692855",True,False,2023-11-04 15:58:35
2828,818,phone,+7 743 509 5288,True,True,2025-12-20 17:05:03
2829,818,email,зоя.давыдова818@example.kz,True,True,2025-12-20 17:05:03
2830,818,address,"с. Яхрома, алл. Войкова, д. 5/6, 591765",True,False,2025-12-20 17:05:03
2831,819,phone,+7 471 883 0099,True,True,2025-10-15 02:25:42
2832,819,email,виктория.зимина819@example.kz,True,True,2025-10-15 02:25:42
2833,819,address,"п. Усть-Джегута, пр. Сахалинский, д. 5 стр. 7/9, 679899",True,False,2025-10-15 02:25:42
2834,820,phone,+77061706901,True,True,2023-09-01 20:34:30
2835,820,email,олимпиада.виноградова820@example.kz,True,True,2023-09-01 20:34:30
2836,820,address,"г. Валдай, ш. Рыбацкое, д. 8, 567566",True,False,2023-09-01 20:34:30
2837,821,phone,8 051 886 0167,True,True,2025-04-07 07:00:34
2838,821,email,будимир.никонов821@example.kz,True,True,2025-04-07 07:00:34
2839,821,address,"д. Иркутск, наб. Портовая, д. 7, 045056",True,False,2025-04-07 07:00:34
2840,822,phone,8 937 540 24 28,True,True,2025-12-01 13:45:24
2841,822,email,анжелика.тарасова822@example.kz,True,True,2025-12-01 13:45:24
2842,822,address,"с. Уварово, алл. Толстого, д. 2/5 стр. 125, 857626",True,False,2025-12-01 13:45:24
2843,823,phone,+78163849368,True,True,2023-08-03 23:36:12
2844,823,email,пимен.белов823@example.kz,True,True,2023-08-03 23:36:12
2845,823,address,"п. Мостовской, наб. Черноморская, д. 210 стр. 97, 951930",True,False,2023-08-03 23:36:12
2846,824,phone,+78527758670,True,True,2024-11-11 05:50:14
2847,824,email,маргарита.корнилова824@example.kz,True,True,2024-11-11 05:50:14
2848,824,address,"к. Псков, ул. Каштановая, д. 4/5, 439468",True,False,2024-11-11 05:50:14
2849,825,phone,86331812335,True,True,2023-10-20 06:04:59
2850,825,email,василиса.наумова825@example.kz,True,True,2023-10-20 06:04:59
2851,825,address,"г. Сосновый Бор, ш. Коммунистическое, д. 4/2 стр. 5/5, 776262",True,False,2023-10-20 06:04:59
2852,826,phone,8 367 850 89 89,True,True,2023-07-11 04:38:06
2853,826,email,анастасия.сафонова826@example.kz,True,True,2023-07-11 04:38:06
2854,826,address,"к. Таганрог, пер. Абрикосовый, д. 4 к. 9, 295377",True,False,2023-07-11 04:38:06
2855,827,phone,+70376768740,True,True,2024-11-26 08:47:26
2856,827,email,тамара.шилова827@example.kz,True,True,2024-11-26 08:47:26
2857,827,address,"г. Сочи, пр. Крылова, д. 849 к. 4, 115733",True,False,2024-11-26 08:47:26
2858,828,phone,+7 990 009 4065,True,True,2024-07-31 08:14:06
2859,828,email,лора.агафонова828@example.kz,True,True,2024-07-31 08:14:06
2860,828,address,"клх Терней, алл. Ленина, д. 6, 856535",True,False,2024-07-31 08:14:06
2861,829,phone,+7 (326) 600-04-70,True,True,2024-02-20 12:11:36
2862,829,email,виталий.тихонов829@example.kz,True,True,2024-02-20 12:11:36
2863,829,address,"г. Кострома, пер. Коммунаров, д. 2/2 к. 6/2, 815837",True,False,2024-02-20 12:11:36
2864,830,phone,+76614477618,True,True,2025-08-09 12:07:08
2865,830,email,мина.уваров830@example.kz,True,True,2025-08-09 12:07:08
2866,830,address,"клх Абакан, бул. Кочубея, д. 7/7 к. 19, 256599",True,False,2025-08-09 12:07:08
2867,831,phone,8 089 142 3302,True,True,2025-10-10 02:16:02
2868,831,email,наталья.беспалова831@example.kz,True,True,2025-10-10 02:16:02
2869,831,address,"с. Лотошино, наб. Литейная, д. 4/9, 221405",True,False,2025-10-10 02:16:02
2870,832,phone,+7 318 660 47 47,True,True,2025-09-17 16:04:28
2871,832,email,алла.меркушева832@example.kz,True,True,2025-09-17 16:04:28
2872,832,address,"д. Чита, наб. Просвещения, д. 3, 744203",True,False,2025-09-17 16:04:28
2873,833,phone,8 944 102 3873,True,True,2024-03-27 04:52:04
2874,833,email,ия.моисеева833@example.kz,True,True,2024-03-27 04:52:04
2875,833,address,"д. Плесецк, наб. Минина, д. 5/2 к. 41, 183025",True,False,2024-03-27 04:52:04
2876,834,phone,8 (534) 658-1539,True,True,2025-02-19 21:39:42
2877,834,email,ксения.казакова834@example.kz,True,True,2025-02-19 21:39:42
2878,834,address,"клх Глазов, пер. Чернышевского, д. 1 к. 2, 865581",True,False,2025-02-19 21:39:42
2879,835,phone,8 759 238 31 93,True,True,2023-04-23 04:42:06
2880,835,email,василий.игнатьев835@example.kz,True,True,2023-04-23 04:42:06
2881,835,address,"д. Байкальск, ул. Привольная, д. 446 стр. 3, 421959",True,False,2023-04-23 04:42:06
2882,836,phone,8 (309) 121-85-27,True,True,2023-11-16 08:59:43
2883,836,email,сильвестр.соболев836@example.kz,True,True,2023-11-16 08:59:43
2884,836,address,"г. Верхний Баскунчак, бул. Короленко, д. 233 к. 6, 301530",True,False,2023-11-16 08:59:43
2885,837,phone,+7 (044) 077-8110,True,True,2024-06-27 09:42:41
2886,837,email,виктория.прохорова837@example.kz,True,True,2024-06-27 09:42:41
2887,837,address,"д. Усть-Баргузин, бул. Комарова, д. 8 к. 7/4, 541829",True,False,2024-06-27 09:42:41
2888,838,phone,81269945206,True,True,2023-04-25 04:01:53
2889,838,email,ольга.цветкова838@example.kz,True,True,2023-04-25 04:01:53
2890,838,address,"д. Волхов, пр. Гвардейский, д. 7/2, 082242",True,False,2023-04-25 04:01:53
2891,839,phone,+7 682 682 21 75,True,True,2023-10-04 13:04:40
2892,839,email,велимир.шестаков839@example.kz,True,True,2023-10-04 13:04:40
2893,839,address,"клх Омск, пер. Революции, д. 90 стр. 84, 005932",True,False,2023-10-04 13:04:40
2894,840,phone,8 722 870 3220,True,True,2025-08-05 08:05:16
2895,840,email,тамара.фомина840@example.kz,True,True,2025-08-05 08:05:16
2896,840,address,"ст. Курганинск, наб. Журавлева, д. 44 стр. 2/3, 145205",True,False,2025-08-05 08:05:16
2897,841,phone,8 (028) 606-0480,True,True,2023-09-28 18:14:26
2898,841,email,викентий.фадеев841@example.kz,True,True,2023-09-28 18:14:26
2899,841,address,"к. Александровск-Сахалинский, ш. Гайдара, д. 8 к. 8, 950904",True,False,2023-09-28 18:14:26
2900,842,phone,+7 898 566 43 01,True,True,2025-07-20 17:14:25
2901,842,email,ирина.дроздова842@example.kz,True,True,2025-07-20 17:14:25
2902,842,address,"клх Новгород Великий, ш. Элеваторное, д. 98 к. 9/9, 656993",True,False,2025-07-20 17:14:25
2903,843,phone,+7 360 622 90 11,True,True,2024-12-07 19:04:24
2904,843,email,зиновий.константинов843@example.kz,True,True,2024-12-07 19:04:24
2905,843,address,"г. Лагань, ш. Энергетическое, д. 2/1 к. 18, 514895",True,False,2024-12-07 19:04:24
2906,844,phone,+7 (829) 441-9147,True,True,2025-10-27 09:16:47
2907,844,email,пахом.сазонов844@example.kz,True,True,2025-10-27 09:16:47
2908,844,address,"п. Миасс, алл. Ставропольская, д. 2 к. 8/4, 953267",True,False,2025-10-27 09:16:47
2909,845,phone,+7 848 868 6562,True,True,2023-12-11 10:08:40
2910,845,email,феликс.туров845@example.kz,True,True,2023-12-11 10:08:40
2911,845,address,"ст. Тырныауз, алл. Аэродромная, д. 18 стр. 383, 530688",True,False,2023-12-11 10:08:40
2912,846,phone,8 684 676 7809,True,True,2025-08-27 08:13:19
2913,846,email,юлия.горбачева846@example.kz,True,True,2025-08-27 08:13:19
2914,846,address,"к. Усть-Илимск, пр. Угольный, д. 6, 521353",True,False,2025-08-27 08:13:19
2915,847,phone,+7 755 592 89 74,True,True,2025-12-28 18:23:49
2916,847,email,тамара.козлова847@example.kz,True,True,2025-12-28 18:23:49
2917,847,address,"г. Богучар, бул. Мира, д. 3/7 стр. 6/2, 997645",True,False,2025-12-28 18:23:49
2918,848,phone,+7 (496) 551-5641,True,True,2023-09-21 02:11:54
2919,848,email,ювеналий.гущин848@example.kz,True,True,2023-09-21 02:11:54
2920,848,address,"д. Шатой, алл. Октябрьская, д. 693 к. 20, 301597",True,False,2023-09-21 02:11:54
2921,849,phone,+7 (242) 284-83-49,True,True,2025-01-07 02:46:16
2922,849,email,ираида.новикова849@example.kz,True,True,2025-01-07 02:46:16
2923,849,address,"с. Приморско-Ахтарск, ул. Краснопартизанская, д. 1/2 стр. 440, 480153",True,False,2025-01-07 02:46:16
2924,850,phone,8 (358) 667-15-54,True,True,2024-03-10 21:07:24
2925,850,email,евгения.дорофеева850@example.kz,True,True,2024-03-10 21:07:24
2926,850,address,"г. Нефтегорск (Самар.), пер. Сенной, д. 1/7, 462720",True,False,2024-03-10 21:07:24
2927,851,phone,8 364 991 1928,True,True,2024-02-20 23:54:41
2928,851,email,ксения.русакова851@example.kz,True,True,2024-02-20 23:54:41
2929,851,address,"с. Ялуторовск, алл. О.Кошевого, д. 1 стр. 61, 383077",True,False,2024-02-20 23:54:41
2930,852,phone,8 582 126 2643,True,True,2023-12-12 19:52:47
2931,852,email,мартьян.шестаков852@example.kz,True,True,2023-12-12 19:52:47
2932,852,address,"с. Тобольск, наб. Геологов, д. 178 к. 6/2, 981775",True,False,2023-12-12 19:52:47
2933,853,phone,8 129 441 4925,True,True,2024-09-29 19:13:39
2934,853,email,аверьян.королев853@example.kz,True,True,2024-09-29 19:13:39
2935,853,address,"с. Кыштым, пер. Водопроводный, д. 68 стр. 5/8, 656590",True,False,2024-09-29 19:13:39
2936,854,phone,8 (055) 494-34-36,True,True,2023-10-27 07:53:51
2937,854,email,вероника.воронцова854@example.kz,True,True,2023-10-27 07:53:51
2938,854,address,"г. Нарым, ш. Локомотивное, д. 50 к. 476, 153597",True,False,2023-10-27 07:53:51
2939,855,phone,8 (100) 115-47-73,True,True,2023-08-23 05:47:16
2940,855,email,олег.виноградов855@example.kz,True,True,2023-08-23 05:47:16
2941,855,address,"п. Бронницы, наб. Леваневского, д. 62 стр. 8, 641354",True,False,2023-08-23 05:47:16
2942,856,phone,8 (416) 855-73-95,True,True,2025-05-10 09:52:51
2943,856,email,вячеслав.гришин856@example.kz,True,True,2025-05-10 09:52:51
2944,856,address,"ст. Долинск, наб. Жуковского, д. 9 стр. 895, 758166",True,False,2025-05-10 09:52:51
2945,857,phone,+7 284 136 2334,True,True,2024-12-25 04:49:30
2946,857,email,амвросий.тарасов857@example.kz,True,True,2024-12-25 04:49:30
2947,857,address,"к. Анапа, ул. Ударная, д. 8/2 к. 8, 341855",True,False,2024-12-25 04:49:30
2948,858,phone,85083745601,True,True,2025-04-07 18:07:04
2949,858,email,светлана.рябова858@example.kz,True,True,2025-04-07 18:07:04
2950,858,address,"п. Шумиха, ул. Степная, д. 175 к. 117, 794907",True,False,2025-04-07 18:07:04
2951,859,phone,8 (692) 855-1621,True,True,2024-12-16 09:22:17
2952,859,email,назар.гаврилов859@example.kz,True,True,2024-12-16 09:22:17
2953,859,address,"клх Усть-Баргузин, пр. 9 Января, д. 4/6 стр. 86, 558960",True,False,2024-12-16 09:22:17
2954,860,phone,8 (072) 288-34-13,True,True,2025-06-01 23:08:02
2955,860,email,радован.александров860@example.kz,True,True,2025-06-01 23:08:02
2956,860,address,"ст. Воткинск, пер. Набережный, д. 143, 427493",True,False,2025-06-01 23:08:02
2957,861,phone,8 635 796 71 48,True,True,2023-07-25 00:53:39
2958,861,email,глеб.фомин861@example.kz,True,True,2023-07-25 00:53:39
2959,861,address,"клх Александров Гай, ул. Иванова, д. 75 стр. 9, 608252",True,False,2023-07-25 00:53:39
2960,862,phone,8 379 412 88 66,True,True,2025-07-04 20:14:48
2961,862,email,ксения.молчанова862@example.kz,True,True,2025-07-04 20:14:48
2962,862,address,"ст. Грозный, алл. Привольная, д. 51 стр. 35, 119789",True,False,2025-07-04 20:14:48
2963,863,phone,+7 (594) 657-44-65,True,True,2023-05-31 15:06:33
2964,863,email,лидия.носова863@example.kz,True,True,2023-05-31 15:06:33
2965,863,address,"к. Мокшан, наб. Магистральная, д. 981 к. 2, 673805",True,False,2023-05-31 15:06:33
2966,864,phone,+7 (038) 819-37-68,True,True,2023-11-18 21:09:53
2967,864,email,ферапонт.кириллов864@example.kz,True,True,2023-11-18 21:09:53
2968,864,address,"д. Лагань, ул. Троицкая, д. 3/3 к. 914, 335401",True,False,2023-11-18 21:09:53
2969,865,phone,+7 272 836 03 08,True,True,2024-02-16 01:55:40
2970,865,email,борислав.доронин865@example.kz,True,True,2024-02-16 01:55:40
2971,865,address,"к. Снежногорск (Мурм.), ул. Комсомольская, д. 8/7 к. 883, 295076",True,False,2024-02-16 01:55:40
2972,866,phone,8 (162) 172-04-88,True,True,2024-05-05 09:16:53
2973,866,email,алла.степанова866@example.kz,True,True,2024-05-05 09:16:53
2974,866,address,"клх Малая Вишера, пер. Разина, д. 40, 645649",True,False,2024-05-05 09:16:53
2975,867,phone,8 741 991 60 53,True,True,2025-05-29 00:15:28
2976,867,email,глеб.симонов867@example.kz,True,True,2025-05-29 00:15:28
2977,867,address,"ст. Красновишерск, ул. Станиславского, д. 334 стр. 2, 018158",True,False,2025-05-29 00:15:28
2978,868,phone,81368296707,True,True,2024-07-21 09:07:03
2979,868,email,ян.васильев868@example.kz,True,True,2024-07-21 09:07:03
2980,868,address,"г. Назрань, ул. Новгородская, д. 3/6, 602216",True,False,2024-07-21 09:07:03
2981,869,phone,80887548029,True,True,2023-06-22 19:02:53
2982,869,email,анжелика.дорофеева869@example.kz,True,True,2023-06-22 19:02:53
2983,869,address,"ст. Нурлат, алл. Толбухина, д. 4 стр. 606, 351745",True,False,2023-06-22 19:02:53
2984,870,phone,+76935102140,True,True,2023-11-15 20:31:04
2985,870,email,пров.нестеров870@example.kz,True,True,2023-11-15 20:31:04
2986,870,address,"д. Костомукша, ул. Тургенева, д. 9, 990359",True,False,2023-11-15 20:31:04
2987,871,phone,8 (177) 170-30-56,True,True,2023-09-04 18:06:48
2988,871,email,парамон.мартынов871@example.kz,True,True,2023-09-04 18:06:48
2989,871,address,"д. Медногорск, алл. Прудная, д. 1/6, 648389",True,False,2023-09-04 18:06:48
2990,872,phone,8 337 684 1876,True,True,2024-05-17 02:00:06
2991,872,email,элеонора.зуева872@example.kz,True,True,2024-05-17 02:00:06
2992,872,address,"ст. Салехард, ул. Коминтерна, д. 4, 597317",True,False,2024-05-17 02:00:06
2993,873,phone,+7 (033) 249-6757,True,True,2025-01-23 00:35:38
2994,873,email,павел.дорофеев873@example.kz,True,True,2025-01-23 00:35:38
2995,873,address,"г. Абакан, пер. Бригадный, д. 894 к. 91, 560542",True,False,2025-01-23 00:35:38
2996,874,phone,8 (079) 959-47-61,True,True,2023-05-17 04:32:59
2997,874,email,екатерина.симонова874@example.kz,True,True,2023-05-17 04:32:59
2998,874,address,"г. Стерлитамак, пр. Ветеранов, д. 8 стр. 5, 657289",True,False,2023-05-17 04:32:59
2999,875,phone,8 (226) 934-85-40,True,True,2025-04-02 06:34:26
3000,875,email,соломон.андреев875@example.kz,True,True,2025-04-02 06:34:26
3001,875,address,"д. Терскол, бул. Максима Горького, д. 7 к. 366, 138268",True,False,2025-04-02 06:34:26
3002,876,phone,8 (097) 777-95-70,True,True,2024-05-09 00:44:38
3003,876,email,мечислав.горбунов876@example.kz,True,True,2024-05-09 00:44:38
3004,876,address,"п. Октябрьский (Башк.), пр. Семашко, д. 27, 073512",True,False,2024-05-09 00:44:38
3005,877,phone,8 (962) 206-8243,True,True,2024-11-15 13:10:07
3006,877,email,венедикт.бобров877@example.kz,True,True,2024-11-15 13:10:07
3007,877,address,"п. Кондопога, ш. Волгоградское, д. 49, 460606",True,False,2024-11-15 13:10:07
3008,878,phone,84306952357,True,True,2023-08-18 21:29:12
3009,878,email,феврония.мартынова878@example.kz,True,True,2023-08-18 21:29:12
3010,878,address,"ст. Дивногорск, наб. Революционная, д. 68 стр. 17, 644885",True,False,2023-08-18 21:29:12
3011,879,phone,+78753119804,True,True,2025-03-27 21:31:43
3012,879,email,степан.харитонов879@example.kz,True,True,2025-03-27 21:31:43
3013,879,address,"к. Минусинск, пер. Лесный, д. 4, 642550",True,False,2025-03-27 21:31:43
3014,880,phone,8 (868) 878-60-20,True,True,2025-02-14 07:35:24
3015,880,email,ксения.соловьева880@example.kz,True,True,2025-02-14 07:35:24
3016,880,address,"п. Горячий Ключ, ул. Мусы Джалиля, д. 619, 639928",True,False,2025-02-14 07:35:24
3017,881,phone,8 (987) 287-31-42,True,True,2025-01-05 20:55:30
3018,881,email,ефим.афанасьев881@example.kz,True,True,2025-01-05 20:55:30
3019,881,address,"ст. Поронайск, пер. Урожайный, д. 7/5, 160332",True,False,2025-01-05 20:55:30
3020,882,phone,8 (880) 700-5102,True,True,2024-12-07 08:59:57
3021,882,email,эммануил.павлов882@example.kz,True,True,2024-12-07 08:59:57
3022,882,address,"к. Валаам, ул. Братская, д. 20, 545416",True,False,2024-12-07 08:59:57
3023,883,phone,+78792104662,True,True,2025-11-09 13:09:33
3024,883,email,агата.ершова883@example.kz,True,True,2025-11-09 13:09:33
3025,883,address,"клх Анапа, наб. Ярославская, д. 8/5, 203607",True,False,2025-11-09 13:09:33
3026,884,phone,8 (548) 330-9587,True,True,2024-10-21 19:44:06
3027,884,email,ладислав.блохин884@example.kz,True,True,2024-10-21 19:44:06
3028,884,address,"клх Усть-Катав, пр. Комсомольский, д. 1/2, 579232",True,False,2024-10-21 19:44:06
3029,885,phone,8 714 858 19 70,True,True,2025-07-19 18:52:49
3030,885,email,екатерина.комиссарова885@example.kz,True,True,2025-07-19 18:52:49
3031,885,address,"г. Воткинск, пр. Минина, д. 3/1 стр. 25, 018285",True,False,2025-07-19 18:52:49
3032,886,phone,+7 (332) 970-49-37,True,True,2024-12-14 07:07:44
3033,886,email,всеслав.фадеев886@example.kz,True,True,2024-12-14 07:07:44
3034,886,address,"д. Волхов, пер. Попова, д. 2 к. 863, 492075",True,False,2024-12-14 07:07:44
3035,887,phone,8 (414) 248-73-96,True,True,2024-10-02 23:00:09
3036,887,email,зоя.калинина887@example.kz,True,True,2024-10-02 23:00:09
3037,887,address,"п. Нефтекамск, ул. Ручейная, д. 824 стр. 4/7, 724434",True,False,2024-10-02 23:00:09
3038,888,phone,+7 (549) 787-2965,True,True,2023-07-27 06:56:31
3039,888,email,лидия.ковалева888@example.kz,True,True,2023-07-27 06:56:31
3040,888,address,"к. Плес, ш. Дзержинского, д. 18 стр. 19, 480424",True,False,2023-07-27 06:56:31
3041,889,phone,8 (960) 009-40-91,True,True,2025-04-14 14:18:37
3042,889,email,агата.чернова889@example.kz,True,True,2025-04-14 14:18:37
3043,889,address,"с. Киренск, пр. Полярный, д. 3 к. 7/3, 549203",True,False,2025-04-14 14:18:37
3044,890,phone,8 930 914 01 52,True,True,2023-06-22 11:11:47
3045,890,email,нина.захарова890@example.kz,True,True,2023-06-22 11:11:47
3046,890,address,"г. Гагарин, алл. Саратовская, д. 5/2 к. 8, 690018",True,False,2023-06-22 11:11:47
3047,891,phone,+72933598474,True,True,2023-04-20 16:07:58
3048,891,email,василиса.щербакова891@example.kz,True,True,2023-04-20 16:07:58
3049,891,address,"д. Углич, алл. Энергетиков, д. 7/8 стр. 2/6, 902262",True,False,2023-04-20 16:07:58
3050,892,phone,+77365003299,True,True,2024-07-21 21:14:05
3051,892,email,твердислав.крюков892@example.kz,True,True,2024-07-21 21:14:05
3052,892,address,"клх Белоярский, наб. Просвещения, д. 2/5 к. 3, 873554",True,False,2024-07-21 21:14:05
3053,893,phone,+7 423 169 7920,True,True,2024-08-31 04:20:47
3054,893,email,иван.овчинников893@example.kz,True,True,2024-08-31 04:20:47
3055,893,address,"к. Курильск, алл. Курортная, д. 4 стр. 1/5, 392528",True,False,2024-08-31 04:20:47
3056,894,phone,8 (835) 733-81-33,True,True,2023-09-29 04:23:23
3057,894,email,тамара.щукина894@example.kz,True,True,2023-09-29 04:23:23
3058,894,address,"п. Кяхта, алл. Снежная, д. 723 к. 2, 247409",True,False,2023-09-29 04:23:23
3059,895,phone,8 (537) 203-3505,True,True,2025-05-06 22:08:55
3060,895,email,людмила.богданова895@example.kz,True,True,2025-05-06 22:08:55
3061,895,address,"г. Гремячинск (Перм.), ш. Шахтерское, д. 2, 715558",True,False,2025-05-06 22:08:55
3062,896,phone,8 (094) 042-24-56,True,True,2024-03-09 02:24:29
3063,896,email,никон.самойлов896@example.kz,True,True,2024-03-09 02:24:29
3064,896,address,"г. Чусовой, алл. Попова, д. 2 стр. 45, 781913",True,False,2024-03-09 02:24:29
3065,897,phone,8 053 494 1971,True,True,2023-07-04 23:58:56
3066,897,email,андроник.кудряшов897@example.kz,True,True,2023-07-04 23:58:56
3067,897,address,"ст. Можайск, пр. Индустриальный, д. 7/4 к. 38, 630616",True,False,2023-07-04 23:58:56
3068,898,phone,+7 (185) 635-20-07,True,True,2024-12-03 21:41:57
3069,898,email,акулина.рыбакова898@example.kz,True,True,2024-12-03 21:41:57
3070,898,address,"к. Байкальск, алл. Горная, д. 9 к. 9/6, 977143",True,False,2024-12-03 21:41:57
3071,899,phone,+7 (608) 090-1014,True,True,2023-07-27 05:39:07
3072,899,email,анжела.самойлова899@example.kz,True,True,2023-07-27 05:39:07
3073,899,address,"ст. Белогорск (Амур.), алл. Учительская, д. 9/9 стр. 489, 461638",True,False,2023-07-27 05:39:07
3074,900,phone,8 (168) 785-1856,True,True,2023-06-20 01:57:33
3075,900,email,лонгин.игнатьев900@example.kz,True,True,2023-06-20 01:57:33
3076,900,address,"клх Астрахань, пер. Революции, д. 7 стр. 86, 800727",True,False,2023-06-20 01:57:33
3077,901,phone,+7 (081) 472-37-35,True,True,2025-09-19 11:20:08
3078,901,email,наталья.дроздова901@example.kz,True,True,2025-09-19 11:20:08
3079,901,address,"г. Смоленск, алл. Кооперативная, д. 70 стр. 9/6, 454983",True,False,2025-09-19 11:20:08
3080,902,phone,8 714 674 90 66,True,True,2024-11-28 04:30:10
3081,902,email,онуфрий.рогов902@example.kz,True,True,2024-11-28 04:30:10
3082,902,address,"к. Боровск, наб. Победа, д. 516 стр. 7, 595634",True,False,2024-11-28 04:30:10
3083,903,phone,+7 (180) 739-2002,True,True,2023-08-19 21:23:31
3084,903,email,наина.калинина903@example.kz,True,True,2023-08-19 21:23:31
3085,903,address,"с. Надым, алл. Шаумяна, д. 8/4, 316787",True,False,2023-08-19 21:23:31
3086,904,phone,+7 926 154 87 20,True,True,2023-11-12 05:36:01
3087,904,email,викентий.маслов904@example.kz,True,True,2023-11-12 05:36:01
3088,904,address,"к. Березники, наб. Ленина, д. 6, 054908",True,False,2023-11-12 05:36:01
3089,905,phone,+7 998 397 6738,True,True,2025-03-18 21:21:15
3090,905,email,адриан.меркушев905@example.kz,True,True,2025-03-18 21:21:15
3091,905,address,"к. Октябрьское (Хант.), пр. Прибрежный, д. 434, 000914",True,False,2025-03-18 21:21:15
3092,906,phone,+7 (529) 493-0741,True,True,2024-02-02 14:36:29
3093,906,email,лидия.романова906@example.kz,True,True,2024-02-02 14:36:29
3094,906,address,"к. Курумкан, ш. Красина, д. 88 к. 25, 225275",True,False,2024-02-02 14:36:29
3095,907,phone,8 002 230 23 40,True,True,2024-11-06 15:56:31
3096,907,email,юлия.рыбакова907@example.kz,True,True,2024-11-06 15:56:31
3097,907,address,"клх Снежногорск (Мурм.), ш. Кузнечное, д. 25 к. 9, 418280",True,False,2024-11-06 15:56:31
3098,908,phone,8 166 608 1239,True,True,2024-01-25 15:14:32
3099,908,email,митофан.беляев908@example.kz,True,True,2024-01-25 15:14:32
3100,908,address,"д. Усть-Калманка, ш. Томское, д. 1/9 к. 4/7, 527695",True,False,2024-01-25 15:14:32
3101,909,phone,8 (444) 202-2482,True,True,2024-04-14 18:05:31
3102,909,email,поликарп.сазонов909@example.kz,True,True,2024-04-14 18:05:31
3103,909,address,"п. Бреды, ш. Кочубея, д. 27, 503118",True,False,2024-04-14 18:05:31
3104,910,phone,+7 266 914 1939,True,True,2025-10-19 10:22:40
3105,910,email,валентина.николаева910@example.kz,True,True,2025-10-19 10:22:40
3106,910,address,"с. Верещагино (Перм.), наб. Смирнова, д. 289, 992569",True,False,2025-10-19 10:22:40
3107,911,phone,+7 (476) 883-41-03,True,True,2024-11-02 05:24:24
3108,911,email,нина.сафонова911@example.kz,True,True,2024-11-02 05:24:24
3109,911,address,"к. Вилюйск, ш. Ленинское, д. 218, 051325",True,False,2024-11-02 05:24:24
3110,912,phone,+7 790 447 08 56,True,True,2025-05-26 00:10:56
3111,912,email,олег.назаров912@example.kz,True,True,2025-05-26 00:10:56
3112,912,address,"ст. Барнаул, пр. Сиреневый, д. 9 к. 9/4, 031456",True,False,2025-05-26 00:10:56
3113,913,phone,+75722757940,True,True,2025-01-19 19:33:27
3114,913,email,богдан.афанасьев913@example.kz,True,True,2025-01-19 19:33:27
3115,913,address,"г. Кизел, ш. Химиков, д. 5, 093391",True,False,2025-01-19 19:33:27
3116,914,phone,+7 (694) 126-4106,True,True,2024-12-04 03:05:41
3117,914,email,леонид.кононов914@example.kz,True,True,2024-12-04 03:05:41
3118,914,address,"п. Россошь, наб. Астраханская, д. 680 к. 7/4, 010896",True,False,2024-12-04 03:05:41
3119,915,phone,8 461 253 6064,True,True,2024-05-01 22:25:01
3120,915,email,мартьян.поляков915@example.kz,True,True,2024-05-01 22:25:01
3121,915,address,"к. Сарапул, пер. Ушакова, д. 5/9 к. 9/5, 817036",True,False,2024-05-01 22:25:01
3122,916,phone,+7 007 701 77 37,True,True,2025-08-07 13:08:42
3123,916,email,мариан.гуляев916@example.kz,True,True,2025-08-07 13:08:42
3124,916,address,"д. Камень-на-Оби, ш. Подгорное, д. 9/2, 171960",True,False,2025-08-07 13:08:42
3125,917,phone,+7 490 214 4415,True,True,2025-06-27 09:02:40
3126,917,email,давыд.воробьев917@example.kz,True,True,2025-06-27 09:02:40
3127,917,address,"с. Лагань, алл. Лесозаводская, д. 7, 523917",True,False,2025-06-27 09:02:40
3128,918,phone,+7 335 300 4999,True,True,2024-10-06 03:03:21
3129,918,email,раиса.калашникова918@example.kz,True,True,2024-10-06 03:03:21
3130,918,address,"клх Печора, алл. 50 лет Победы, д. 897 к. 81, 946248",True,False,2024-10-06 03:03:21
3131,919,phone,8 (238) 586-53-92,True,True,2025-11-11 23:34:42
3132,919,email,викентий.лобанов919@example.kz,True,True,2025-11-11 23:34:42
3133,919,address,"д. Серафимович, ул. Лесхозная, д. 434 стр. 779, 060558",True,False,2025-11-11 23:34:42
3134,920,phone,+7 735 792 11 62,True,True,2025-10-18 06:40:20
3135,920,email,сократ.григорьев920@example.kz,True,True,2025-10-18 06:40:20
3136,920,address,"с. Черусти, пер. Енисейский, д. 5 стр. 5/7, 989701",True,False,2025-10-18 06:40:20
3137,921,phone,+75570393427,True,True,2025-11-26 22:33:29
3138,921,email,милен.шестаков921@example.kz,True,True,2025-11-26 22:33:29
3139,921,address,"с. Черкесск, наб. Космонавтов, д. 19, 092600",True,False,2025-11-26 22:33:29
3140,922,phone,+7 110 156 1619,True,True,2023-12-28 17:17:48
3141,922,email,гедеон.фролов922@example.kz,True,True,2023-12-28 17:17:48
3142,922,address,"д. Красноярск, ш. Широкое, д. 41 к. 908, 384699",True,False,2023-12-28 17:17:48
3143,923,phone,+7 867 233 1044,True,True,2024-08-12 17:35:40
3144,923,email,варфоломей.куликов923@example.kz,True,True,2024-08-12 17:35:40
3145,923,address,"клх Смоленск, алл. Коммуны, д. 6 стр. 2/3, 188220",True,False,2024-08-12 17:35:40
3146,924,phone,8 318 641 76 13,True,True,2023-12-07 22:23:58
3147,924,email,исай.лазарев924@example.kz,True,True,2023-12-07 22:23:58
3148,924,address,"п. Псебай, ш. Огородное, д. 4/7 к. 25, 764032",True,False,2023-12-07 22:23:58
3149,925,phone,+7 (919) 325-2826,True,True,2023-10-09 19:20:01
3150,925,email,дементий.елисеев925@example.kz,True,True,2023-10-09 19:20:01
3151,925,address,"п. Оленек, алл. Кочубея, д. 6 стр. 62, 964448",True,False,2023-10-09 19:20:01
3152,926,phone,+73686811143,True,True,2025-02-14 18:34:58
3153,926,email,виктория.мишина926@example.kz,True,True,2025-02-14 18:34:58
3154,926,address,"с. Красноуфимск, пер. Восточный, д. 9, 715559",True,False,2025-02-14 18:34:58
3155,927,phone,+7 627 879 0259,True,True,2025-09-28 12:06:50
3156,927,email,афиноген.борисов927@example.kz,True,True,2025-09-28 12:06:50
3157,927,address,"г. Курган, алл. Семашко, д. 71 к. 76, 323584",True,False,2025-09-28 12:06:50
3158,928,phone,+7 802 955 99 97,True,True,2024-01-28 12:23:54
3159,928,email,семен.суворов928@example.kz,True,True,2024-01-28 12:23:54
3160,928,address,"клх Серебряные Пруды, алл. Гайдара, д. 6/6 стр. 592, 411173",True,False,2024-01-28 12:23:54
3161,929,phone,8 703 862 56 76,True,True,2023-11-23 13:01:45
3162,929,email,феоктист.мишин929@example.kz,True,True,2023-11-23 13:01:45
3163,929,address,"п. Ноглики, наб. Приморская, д. 13 стр. 680, 308292",True,False,2023-11-23 13:01:45
3164,930,phone,+78287321078,True,True,2024-07-22 19:49:14
3165,930,email,фока.третьяков930@example.kz,True,True,2024-07-22 19:49:14
3166,930,address,"п. Сарапул, бул. Войкова, д. 5, 220720",True,False,2024-07-22 19:49:14
3167,931,phone,+7 970 842 87 41,True,True,2023-12-13 19:00:13
3168,931,email,феофан.носков931@example.kz,True,True,2023-12-13 19:00:13
3169,931,address,"с. Элиста, пр. Санаторный, д. 6/2 стр. 69, 510051",True,False,2023-12-13 19:00:13
3170,932,phone,+7 819 484 2262,True,True,2025-05-20 19:51:15
3171,932,email,ярополк.марков932@example.kz,True,True,2025-05-20 19:51:15
3172,932,address,"г. Карталы, ул. Микрорайон, д. 42 к. 1, 830342",True,False,2025-05-20 19:51:15
3173,933,phone,+73753916928,True,True,2025-01-12 01:09:22
3174,933,email,лука.алексеев933@example.kz,True,True,2025-01-12 01:09:22
3175,933,address,"ст. Пушкин, пр. Черноморский, д. 766 стр. 5/1, 304544",True,False,2025-01-12 01:09:22
3176,934,phone,+7 061 664 97 00,True,True,2023-08-02 18:22:13
3177,934,email,потап.виноградов934@example.kz,True,True,2023-08-02 18:22:13
3178,934,address,"ст. Надым, ул. Сиреневая, д. 2 стр. 7/5, 962809",True,False,2023-08-02 18:22:13
3179,935,phone,+7 (411) 505-09-69,True,True,2024-12-20 11:24:04
3180,935,email,рюрик.зуев935@example.kz,True,True,2024-12-20 11:24:04
3181,935,address,"клх Каменномостский, наб. Тополиная, д. 6, 322805",True,False,2024-12-20 11:24:04
3182,936,phone,8 (837) 743-5404,True,True,2023-10-25 15:40:19
3183,936,email,клавдия.евсеева936@example.kz,True,True,2023-10-25 15:40:19
3184,936,address,"п. Невинномысск, ш. Выгонное, д. 1 стр. 611, 558627",True,False,2023-10-25 15:40:19
3185,937,phone,8 (888) 260-31-74,True,True,2024-10-12 20:54:42
3186,937,email,кир.капустин937@example.kz,True,True,2024-10-12 20:54:42
3187,937,address,"г. Красноселькуп, ш. 9 мая, д. 297 к. 2/5, 293554",True,False,2024-10-12 20:54:42
3188,938,phone,8 920 559 6757,True,True,2023-12-04 04:00:34
3189,938,email,аполлон.казаков938@example.kz,True,True,2023-12-04 04:00:34
3190,938,address,"г. Калач, пер. Главный, д. 845 к. 3/8, 511608",True,False,2023-12-04 04:00:34
3191,939,phone,85897015221,True,True,2024-12-22 06:44:46
3192,939,email,сильвестр.богданов939@example.kz,True,True,2024-12-22 06:44:46
3193,939,address,"с. Троицк (Челяб.), ш. Менделеева, д. 408 стр. 8, 128989",True,False,2024-12-22 06:44:46
3194,940,phone,83074611399,True,True,2023-06-06 01:23:17
3195,940,email,ксения.суворова940@example.kz,True,True,2023-06-06 01:23:17
3196,940,address,"с. Воронеж, наб. Льва Толстого, д. 933 стр. 9/9, 285898",True,False,2023-06-06 01:23:17
3197,941,phone,8 818 439 76 30,True,True,2024-11-23 11:00:14
3198,941,email,нонна.петрова941@example.kz,True,True,2024-11-23 11:00:14
3199,941,address,"с. Ковров, пер. Балтийский, д. 5 к. 8, 441076",True,False,2024-11-23 11:00:14
3200,942,phone,82626543475,True,True,2023-11-13 11:21:51
3201,942,email,арефий.фомин942@example.kz,True,True,2023-11-13 11:21:51
3202,942,address,"г. Кропоткин (Краснод.), наб. Санаторная, д. 1, 996585",True,False,2023-11-13 11:21:51
3203,943,phone,8 (837) 568-16-78,True,True,2023-05-20 14:56:18
3204,943,email,конон.воробьев943@example.kz,True,True,2023-05-20 14:56:18
3205,943,address,"к. Ачхой Мартан, ш. Союзное, д. 871 к. 7/2, 500788",True,False,2023-05-20 14:56:18
3206,944,phone,+7 (692) 233-8540,True,True,2025-05-13 20:01:17
3207,944,email,анна.горбачева944@example.kz,True,True,2025-05-13 20:01:17
3208,944,address,"с. Черемхово, пер. 50 лет Октября, д. 68 стр. 223, 653273",True,False,2025-05-13 20:01:17
3209,945,phone,8 514 972 4903,True,True,2023-09-17 02:42:13
3210,945,email,фёкла.селезнева945@example.kz,True,True,2023-09-17 02:42:13
3211,945,address,"п. Курильск, пр. Линейный, д. 7 к. 1, 555570",True,False,2023-09-17 02:42:13
3212,946,phone,+7 (006) 174-13-64,True,True,2023-07-18 00:07:51
3213,946,email,мария.суворова946@example.kz,True,True,2023-07-18 00:07:51
3214,946,address,"д. Кызыл, ш. Ветеранов, д. 921 к. 29, 706507",True,False,2023-07-18 00:07:51
3215,947,phone,8 122 283 05 64,True,True,2025-12-05 12:39:19
3216,947,email,фома.жданов947@example.kz,True,True,2025-12-05 12:39:19
3217,947,address,"д. Новая Игирма, бул. Новый, д. 6, 559502",True,False,2025-12-05 12:39:19
3218,948,phone,8 356 077 78 94,True,True,2023-11-04 17:11:35
3219,948,email,андроник.савельев948@example.kz,True,True,2023-11-04 17:11:35
3220,948,address,"клх Джейрах, пр. Хуторской, д. 146 к. 482, 962690",True,False,2023-11-04 17:11:35
3221,949,phone,+7 (220) 975-50-61,True,True,2023-10-20 16:37:52
3222,949,email,ульяна.кулагина949@example.kz,True,True,2023-10-20 16:37:52
3223,949,address,"с. Славянск-на-Кубани, бул. Ленинградский, д. 2, 003934",True,False,2023-10-20 16:37:52
3224,950,phone,+79076972162,True,True,2025-03-11 12:05:30
3225,950,email,евгений.марков950@example.kz,True,True,2025-03-11 12:05:30
3226,950,address,"клх Когалым, ш. Камское, д. 792 стр. 11, 307122",True,False,2025-03-11 12:05:30
3227,951,phone,8 008 228 37 74,True,True,2024-04-18 08:09:53
3228,951,email,элеонора.мухина951@example.kz,True,True,2024-04-18 08:09:53
3229,951,address,"ст. Белореченск, наб. Шевченко, д. 9/9 к. 3/9, 063228",True,False,2024-04-18 08:09:53
3230,952,phone,+7 126 980 4466,True,True,2023-04-19 08:17:10
3231,952,email,сидор.алексеев952@example.kz,True,True,2023-04-19 08:17:10
3232,952,address,"п. Курумкан, пр. Полевой, д. 1/7 к. 8, 452573",True,False,2023-04-19 08:17:10
3233,953,phone,8 (874) 778-84-07,True,True,2024-03-21 20:11:22
3234,953,email,аркадий.савельев953@example.kz,True,True,2024-03-21 20:11:22
3235,953,address,"с. Мончегорск, пр. Гафури, д. 361 к. 3/9, 268092",True,False,2024-03-21 20:11:22
3236,954,phone,8 (261) 641-7005,True,True,2025-05-28 12:18:57
3237,954,email,валентина.корнилова954@example.kz,True,True,2025-05-28 12:18:57
3238,954,address,"г. Томари, ул. Герцена, д. 7/9 к. 731, 479512",True,False,2025-05-28 12:18:57
3239,955,phone,8 (983) 124-28-53,True,True,2025-05-10 06:40:11
3240,955,email,лукия.кулакова955@example.kz,True,True,2025-05-10 06:40:11
3241,955,address,"г. Петрозаводск, ул. Кольцевая, д. 9, 870170",True,False,2025-05-10 06:40:11
3242,956,phone,8 (671) 520-7710,True,True,2023-10-13 08:57:37
3243,956,email,анжелика.селезнева956@example.kz,True,True,2023-10-13 08:57:37
3244,956,address,"г. Лодейное Поле, алл. Новостройка, д. 8, 724610",True,False,2023-10-13 08:57:37
3245,957,phone,8 110 900 7017,True,True,2024-05-19 00:35:23
3246,957,email,дементий.волков957@example.kz,True,True,2024-05-19 00:35:23
3247,957,address,"клх Игнашино, наб. Сосновая, д. 55, 239201",True,False,2024-05-19 00:35:23
3248,958,phone,+7 297 599 7475,True,True,2025-08-13 00:17:55
3249,958,email,иосиф.рогов958@example.kz,True,True,2025-08-13 00:17:55
3250,958,address,"к. Шали, пр. Некрасова, д. 3 стр. 3, 942041",True,False,2025-08-13 00:17:55
3251,959,phone,8 415 374 05 13,True,True,2023-06-30 08:45:55
3252,959,email,нинель.быкова959@example.kz,True,True,2023-06-30 08:45:55
3253,959,address,"ст. Элиста, ш. Сурикова, д. 7/8, 816085",True,False,2023-06-30 08:45:55
3254,960,phone,8 717 490 5849,True,True,2025-06-06 20:21:55
3255,960,email,светлана.галкина960@example.kz,True,True,2025-06-06 20:21:55
3256,960,address,"к. Кущевская, пер. Строительный, д. 935 стр. 3/5, 574450",True,False,2025-06-06 20:21:55
3257,961,phone,89986324535,True,True,2025-03-27 14:23:20
3258,961,email,эмилия.яковлева961@example.kz,True,True,2025-03-27 14:23:20
3259,961,address,"клх Чокурдах, ул. Огородная, д. 608, 846689",True,False,2025-03-27 14:23:20
3260,962,phone,8 (593) 213-5961,True,True,2024-10-27 17:35:04
3261,962,email,михаил.давыдов962@example.kz,True,True,2024-10-27 17:35:04
3262,962,address,"ст. Серафимович, бул. Выгонный, д. 9 стр. 302, 425972",True,False,2024-10-27 17:35:04
3263,963,phone,+7 554 829 8781,True,True,2025-10-11 20:03:20
3264,963,email,ия.колесникова963@example.kz,True,True,2025-10-11 20:03:20
3265,963,address,"ст. Лесной (Сверд.), бул. Ореховый, д. 8 к. 7, 429371",True,False,2025-10-11 20:03:20
3266,964,phone,8 (847) 214-61-72,True,True,2025-05-04 21:05:40
3267,964,email,надежда.носова964@example.kz,True,True,2025-05-04 21:05:40
3268,964,address,"д. Барнаул, наб. Средняя, д. 86 к. 9/9, 988775",True,False,2025-05-04 21:05:40
3269,965,phone,+74584741340,True,True,2023-10-18 21:09:03
3270,965,email,лукия.ларионова965@example.kz,True,True,2023-10-18 21:09:03
3271,965,address,"клх Черемхово, алл. Карбышева, д. 759 стр. 67, 934638",True,False,2023-10-18 21:09:03
3272,966,phone,80124844793,True,True,2025-08-03 16:56:23
3273,966,email,эммануил.зайцев966@example.kz,True,True,2025-08-03 16:56:23
3274,966,address,"с. Глазов, наб. Специалистов, д. 3/3, 070659",True,False,2025-08-03 16:56:23
3275,967,phone,+78053160227,True,True,2025-08-20 22:15:49
3276,967,email,лора.голубева967@example.kz,True,True,2025-08-20 22:15:49
3277,967,address,"п. Белорецк, ш. Щетинкина, д. 27, 244756",True,False,2025-08-20 22:15:49
3278,968,phone,+7 (112) 138-0782,True,True,2025-03-21 05:32:06
3279,968,email,лора.белова968@example.kz,True,True,2025-03-21 05:32:06
3280,968,address,"с. Пушкино (Моск.), наб. Победы, д. 9, 866356",True,False,2025-03-21 05:32:06
3281,969,phone,8 418 028 8252,True,True,2025-06-19 13:22:39
3282,969,email,тамара.ларионова969@example.kz,True,True,2025-06-19 13:22:39
3283,969,address,"клх Троицк (Моск.), пер. Революции, д. 1/6 стр. 7, 288284",True,False,2025-06-19 13:22:39
3284,970,phone,8 (052) 031-32-98,True,True,2025-10-17 16:00:26
3285,970,email,никандр.бобров970@example.kz,True,True,2025-10-17 16:00:26
3286,970,address,"ст. Зарайск, бул. Большой, д. 736, 427786",True,False,2025-10-17 16:00:26
3287,971,phone,+7 (685) 272-87-60,True,True,2025-02-25 16:17:32
3288,971,email,ипполит.владимиров971@example.kz,True,True,2025-02-25 16:17:32
3289,971,address,"г. Териберка, пр. Космический, д. 8 к. 306, 345573",True,False,2025-02-25 16:17:32
3290,972,phone,8 623 277 0045,True,True,2025-07-27 03:54:19
3291,972,email,эраст.уваров972@example.kz,True,True,2025-07-27 03:54:19
3292,972,address,"д. Новомосковск, пер. Чайкиной, д. 30 стр. 4/3, 857042",True,False,2025-07-27 03:54:19
3293,973,phone,+70255546893,True,True,2024-10-24 11:38:49
3294,973,email,виктория.миронова973@example.kz,True,True,2024-10-24 11:38:49
3295,973,address,"клх Ачхой Мартан, ул. Крайняя, д. 8/9 к. 759, 673865",True,False,2024-10-24 11:38:49
3296,974,phone,8 904 484 67 33,True,True,2025-12-08 16:47:44
3297,974,email,болеслав.логинов974@example.kz,True,True,2025-12-08 16:47:44
3298,974,address,"д. Бреды, алл. Дальневосточная, д. 6 стр. 8/1, 623945",True,False,2025-12-08 16:47:44
3299,975,phone,89426407608,True,True,2025-03-21 03:36:47
3300,975,email,вячеслав.фомичев975@example.kz,True,True,2025-03-21 03:36:47
3301,975,address,"г. Верещагино (Перм.), бул. Коммунистический, д. 93, 138716",True,False,2025-03-21 03:36:47
3302,976,phone,+7 (833) 568-90-58,True,True,2023-05-06 05:08:13
3303,976,email,милий.никифоров976@example.kz,True,True,2023-05-06 05:08:13
3304,976,address,"д. Анадырь, наб. Красноярская, д. 57, 567027",True,False,2023-05-06 05:08:13
3305,977,phone,8 (287) 156-59-69,True,True,2023-09-01 08:18:20
3306,977,email,никифор.титов977@example.kz,True,True,2023-09-01 08:18:20
3307,977,address,"клх Черемхово, наб. К.Маркса, д. 6/6 стр. 6, 553629",True,False,2023-09-01 08:18:20
3308,978,phone,+7 714 854 18 39,True,True,2025-01-17 07:04:01
3309,978,email,чеслав.рогов978@example.kz,True,True,2025-01-17 07:04:01
3310,978,address,"клх Мичуринск, бул. Осипенко, д. 80, 165119",True,False,2025-01-17 07:04:01
3311,979,phone,+7 (145) 744-52-03,True,True,2024-05-22 21:09:49
3312,979,email,анжелика.никифорова979@example.kz,True,True,2024-05-22 21:09:49
3313,979,address,"с. Ясный (Оренб.), ш. Васильковое, д. 4/1 к. 14, 532124",True,False,2024-05-22 21:09:49
3314,980,phone,+70293634094,True,True,2024-01-20 22:08:20
3315,980,email,тамара.мельникова980@example.kz,True,True,2024-01-20 22:08:20
3316,980,address,"ст. Верхний Тагил, ул. Коммунаров, д. 85 стр. 1, 479412",True,False,2024-01-20 22:08:20
3317,981,phone,+7 (254) 601-8911,True,True,2025-04-19 16:24:31
3318,981,email,лора.авдеева981@example.kz,True,True,2025-04-19 16:24:31
3319,981,address,"клх Кировск (Мурм.), ш. Р.Люксембург, д. 8 к. 733, 768612",True,False,2025-04-19 16:24:31
3320,982,phone,8 (342) 112-02-91,True,True,2023-04-06 14:41:41
3321,982,email,владимир.агафонов982@example.kz,True,True,2023-04-06 14:41:41
3322,982,address,"п. Аша, наб. Маяковского, д. 929, 888196",True,False,2023-04-06 14:41:41
3323,983,phone,8 452 319 19 90,True,True,2025-10-18 04:10:05
3324,983,email,светлана.тарасова983@example.kz,True,True,2025-10-18 04:10:05
3325,983,address,"клх Кедровый, наб. Ветеранов, д. 81, 366704",True,False,2025-10-18 04:10:05
3326,984,phone,+7 710 389 19 18,True,True,2023-10-09 18:49:02
3327,984,email,наталья.панфилова984@example.kz,True,True,2023-10-09 18:49:02
3328,984,address,"г. Москва, ул. Волочаевская, д. 12, 449560",True,False,2023-10-09 18:49:02
3329,985,phone,8 (148) 765-07-75,True,True,2025-05-21 22:50:23
3330,985,email,майя.соколова985@example.kz,True,True,2025-05-21 22:50:23
3331,985,address,"клх Сибай, алл. Фабричная, д. 4/2, 037811",True,False,2025-05-21 22:50:23
3332,986,phone,+7 570 399 6306,True,True,2024-02-20 15:20:28
3333,986,email,майя.никифорова986@example.kz,True,True,2024-02-20 15:20:28
3334,986,address,"г. Александровск-Сахалинский, пер. Бригадный, д. 7/7 к. 42, 700715",True,False,2024-02-20 15:20:28
3335,987,phone,8 (009) 714-0863,True,True,2023-08-13 19:53:07
3336,987,email,дмитрий.селиверстов987@example.kz,True,True,2023-08-13 19:53:07
3337,987,address,"п. Макушино, ш. Совхозное, д. 6/9, 448883",True,False,2023-08-13 19:53:07
3338,988,phone,82375909722,True,True,2025-04-06 06:25:57
3339,988,email,екатерина.александрова988@example.kz,True,True,2025-04-06 06:25:57
3340,988,address,"клх Одинцово, наб. Бульварная, д. 6 стр. 239, 034823",True,False,2025-04-06 06:25:57
3341,989,phone,8 788 387 36 93,True,True,2024-03-17 11:41:05
3342,989,email,пелагея.григорьева989@example.kz,True,True,2024-03-17 11:41:05
3343,989,address,"д. Анадырь, наб. Заовражная, д. 5/8, 846648",True,False,2024-03-17 11:41:05
3344,990,phone,8 741 637 12 06,True,True,2025-11-14 14:49:21
3345,990,email,зиновий.кудрявцев990@example.kz,True,True,2025-11-14 14:49:21
3346,990,address,"с. Назрань, алл. Щербакова, д. 7/1 к. 945, 081144",True,False,2025-11-14 14:49:21
3347,991,phone,+7 572 814 36 11,True,True,2024-05-20 01:26:54
3348,991,email,виктория.воробьева991@example.kz,True,True,2024-05-20 01:26:54
3349,991,address,"г. Волоколамск, пр. Совхозный, д. 26 к. 389, 055546",True,False,2024-05-20 01:26:54
3350,992,phone,8 426 836 8437,True,True,2025-06-15 06:34:48
3351,992,email,кира.сазонова992@example.kz,True,True,2025-06-15 06:34:48
3352,992,address,"к. Арзамас, наб. Абрикосовая, д. 5, 956600",True,False,2025-06-15 06:34:48
3353,993,phone,+7 (011) 962-2723,True,True,2025-10-30 09:34:26
3354,993,email,варлаам.селезнев993@example.kz,True,True,2025-10-30 09:34:26
3355,993,address,"к. Гремячинск (Перм.), ул. 9 Января, д. 96 стр. 68, 957093",True,False,2025-10-30 09:34:26
3356,994,phone,+70991650811,True,True,2024-07-31 13:19:53
3357,994,email,тимур.щукин994@example.kz,True,True,2024-07-31 13:19:53
3358,994,address,"ст. Кропоткин (Краснод.), алл. Прохладная, д. 9, 377006",True,False,2024-07-31 13:19:53
3359,995,phone,+7 (795) 951-42-95,True,True,2023-06-23 16:14:22
3360,995,email,степан.петров995@example.kz,True,True,2023-06-23 16:14:22
3361,995,address,"д. Оса, пер. Ворошилова, д. 3 к. 775, 752800",True,False,2023-06-23 16:14:22
3362,996,phone,+7 617 344 79 45,True,True,2024-03-04 22:32:12
3363,996,email,мартын.шашков996@example.kz,True,True,2024-03-04 22:32:12
3364,996,address,"к. Геленджик, бул. Сахалинский, д. 72 к. 9, 100170",True,False,2024-03-04 22:32:12
3365,997,phone,8 (812) 945-76-13,True,True,2025-01-04 05:33:23
3366,997,email,ян.титов997@example.kz,True,True,2025-01-04 05:33:23
3367,997,address,"ст. Ханты-Мансийск, пер. Детский, д. 442 к. 6, 833728",True,False,2025-01-04 05:33:23
3368,998,phone,8 (567) 981-30-26,True,True,2024-05-21 20:51:40
3369,998,email,фёкла.мельникова998@example.kz,True,True,2024-05-21 20:51:40
3370,998,address,"к. Середниково, пр. Гаражный, д. 958 стр. 91, 089410",True,False,2024-05-21 20:51:40
3371,999,phone,8 (911) 611-46-44,True,True,2025-03-31 03:29:51
3372,999,email,виктория.сорокина999@example.kz,True,True,2025-03-31 03:29:51
3373,999,address,"г. Череповец, алл. Таежная, д. 6/5 стр. 84, 885237",True,False,2025-03-31 03:29:51
3374,1000,phone,8 (487) 700-78-81,True,True,2024-11-10 15:55:28
3375,1000,email,евгения.никонова1000@example.kz,True,True,2024-11-10 15:55:28
3376,1000,address,"п. Змеиногорск, ул. Депутатская, д. 980 к. 72, 990966",True,False,2024-11-10 15:55:28
